question_id,question,evidence_char_pos,evidence_word_pos,correct_option_index,type,option_0,option_1,option_2,option_3,option_4
1,"against aiders and abettors of § 22(a) violations. To be sure, § 13(a) was amended in 1983 to remove language that limited its applicability to administrative proceedings, but we do not believe this alteration justifies construing the statute in such a way as to eviscerate the exclusivity proviso in § 22(a)(2). Rather, the better interpretation of this amendment is that it granted additional power to the CFTC to bring judicial, as well as administrative, proceedings against those who aid and abet violations of § 22(a). Plaintiffs argue that aiding and abetting liability under § 13(a) should be inferred into the statute in the same manner as responde-at superior liability has been imputed to principals through § 2(a)(1) of the CEA. See Bosco v. Serhant, 836 F.2d 271, 280 (7th Cir.1987) (<HOLDING>), cert. denied, 486 U.S. 1056, 108 S.Ct. 2824,",0,1,0,case_hold_mc,recognizing respondeat superior liability,holding that the liability reform act preempted in part the common law doctrine of respondeat superior,holding that a municipality cannot be liable on a respondeat superior theory,holding that employees defamatory statements made at work about matters relating to work were within the scope of their employment for purposes of respondeat superior and recognizing that californias respondeat superior doctrine imposes a broad rule of liability on employers,holding that county liability under  1983 cannot rest on a theory of respondeat superior
2,"excluded from participation in, be. denied the benefits of, or otherwise be subjected to discrimination under any program or activity for which the applicanVrecipient receives Federal financial assistance. The specific requirements of the United States Department of Transportation standard Civil Rights assurances with regard to the States’ highway safety program (required by 49 CFR 21.7 and on file with the U.S. DOT) are incorporated into this grant agreement. (See Pis.’ Opp’n, Ex. 27 at 2, ¶ 11; see also Pis.’ Tr. Ex. 27 at 4, ¶ 4.) Consequently, as intended third-party beneficiaries to contractual provisions like the one cited above, Plaintiffs have standing to enforce the Department’s promise to comply with Title VI and applicable regulatory requirements. See Lemon, 370 F.2d at 851 (<HOLDING>); see. also United States v. Frazer, 297",860,141,0,case_hold_mc,holding in class action educational desegregation case that when defendants received and accepted federal funds  they became bound bysection 601  2000d  consequently plaintiffs are entitled to bring this class action suit either under section 601 of the civil rights act of 1964  2000d or under the contractual assurances by which defendants are estopped to deny them the  rights to attend desegregated schools,holding that anesthesiologist whose staff privileges were terminated was not a hospital employee and thus could not bring suit under either the age discrimination in employment act or title vii of the civil rights act of 1964,holding that surgeon with surgical privileges was not an employee of hospital and thus could not bring suit under either the age discrimination in employment act or title vii of the civil rights act of 1964,holding that the right of all putative members of a proposed class in an action filed pursuant to kansass class action rule of civil procedure to file a separate action is preserved pending the determination of whether the initial case shall be maintained as a class action,recognizing that title vi of the civil rights act of 1964 and title ix of the educational amendments of 1972 created individual federal rights because those statutes were phrased with an unmistakable focus on the benefitted class
3,"as evidence of guilt, ""is at least a reliable method to eliminate a person as the unidentified speaker."" Id. at 383, 522 A.2d 405; see also id. at 383 n. 5, 522 A.2d 405 (""Similarly, in State v. Prudden, 212 N.J.Super. 608, 617, 515 A.2d 1260 (App.Div.1986), the court, while rejecting the use of footprint techniques to identify a defendant, recognized that the techniques were nevertheless sufficiently reliable to exclude a person as the guilty party.""). See generally Davis, supra, 96 N.J. at 621, 477 A.2d 308 (""We have recognized that standards of proof may vary depending upon the litigational context."") (citing Romano, supra, 96 N.J. 66, 474 A.2d 1; In re Polk License Revocation, 90 N.J. 550, 449 A.2d 7 (1982)); State v. Millett, 272 N.J.Super. 68, 98-99, 639 A.2d 352 (App.Div.1994) (<HOLDING>) (citing State v. Sturdivant, 31 N.J. 165, 179,",1714,273,2,case_hold_mc,holding that evidence is sufficient to support a conviction if viewing the evidence in the light most favorable to the prosecution any rational trier of fact could have found the essential elements  beyond a reasonable doubt,holding that a reviewing court must determine whether viewing the evidence in the light most favorable to the prosecution any rational trier of fact could have found proof beyond a reasonable doubt of each of the essential elements of the crime charged,recognizing that a criminal defendant may present evidence if the proof offered has a rational tendency to engender a reasonable doubt with respect to an essential feature of the states case,holding that a verdict must be sustained against a sufficiency of the evidence challenge if any rational trier of fact could have found the essential elements of the charged crime beyond a reasonable doubt,holding that proof of a criminal charge beyond a reasonable doubt is required by the constitution
4,"is a right to ‘draw[] from [a] sti-eam of income that ... begins to flow’ on retirement, as that stream is then defined,” and the “stream’s volume at retirement may depend on vai-ious events or conditions after separation and even after dissolution.” Lehman, 74 Cal.Rptr .2d 825, 955 P.2d at 454-55, quoting In re Marriage of Cornejo, 13 Cal.4th 381, 53 Cal.Rptr.2d 81, 916 P.2d 476, 478 (Cal.1996). California courts recognize the first years of employment during a marriage must be given just as much weight as the years after separation, and a post-sepai-ation increase in a pension’s value from continued employment is not entirely separate property, because the pension’s value ordinarily is dependent upon the total number of years of employment. Lehman, 74 Cal.Rptr.2d 825, 955 P.2d at 456 (<HOLDING>); In re Marriage of Judd, 68 Cal.App.3d 515,",2574,416,2,case_hold_mc,holding that a spouses military retirement benefits were community property even though the employee spouse enlisted in the united states air force six years prior to the marriage,holding railroad retirement benefits are not community property by congressional action,holding a nonemployee spouse who holds a community pioperty interest in an employee spouses retirement benefits owns a community property interest in the latters iethement benefits as enhanced by eaily xetirement incentives,holding that employee spouses accrued but unvested retirement benefits are a contingent property interest and a community asset,holding that a nonemployee spouse holds a community marital property interest in pension plan early retirement enhancements because practically by definition the right to retirement benefits that accrues at least in part during marriage before separation underlies any right to an enhancement
5,"leaving us with no basis for an appellate review. See Anthony v. Marion County General Hospital, 617 F.2d 1164 (5th Cir.1980). Similarly, the court determined the amount of the award without any reference to the guidelines established in Johnson v. Georgia Highway Express, Inc., 488 F.2d 714 (5th Cir.1974). The court’s reasons for its award are essential if we are to review the reasonableness of the award. Brown v. Bullard Independent School District, supra. Normally, we would remand to the district court for specific findings on whether White’s suit was without merit. A remand is not necessary, however, if the record would not support a finding that White’s suit was frivolous. See Stenseth v. Greater Fort Worth & Tarrant County Community Action Agency, 673 F.2d 842 (5th Cir.1982) (<HOLDING>); Crawford v. Western Electric Co., 614 F.2d",3433,556,2,case_hold_mc,holding that va must follow its own regulations,holding that the eleventh amendment protects a state from suit by its own citizens,holding suit not frivolous where agency did not follow its own manual,holding that an employers mere failure to follow its own rules and regulations does not give rise to a protected property interest,holding state immune from suit brought by its own citizens
6,"this threshold requirement. 1. Refusal and Inconsistency The parties vigorously contest whether D.J.’s trial testimony was inconsistent with her statements in the video. The government contends that D.J. refused to testify and that her refusal was inconsistent with the statements in her CAC interview. Appellant contends that because D.J. did not give any trial testimony related to the first time she was abused, there was no testimony for her prior statement to be inconsistent with. If anything, he argues, DJ.’s testimony was consistent with her C lding that refusal to testify about an event has the same evasive effect as a claim of memory loss and thus is inconsistent with a witness’s prior statements describing that event. E.g., United States v. Truman, 688 F.3d 129, 142 (2d Cir.2012) (<HOLDING>); United States v. Iglesias, 535 F.3d 150, 159",4287,693,3,case_hold_mc,holding that government could not impeach witness with prior statement because he refused to answer any questions and thus gave no testimony in court with which the prior statement could be judged to be inconsistent,holding that when a witness who testifies frankly under oath subject to crossexamination only two days later states that he now cant answer the question and is otherwise evasive and vague a district court may find that these statements are inconsistent,recognizing that trial court has duty to determine whether witness silence is properly grounded in fifth amendment and to require witness to answer where refusal to testify is not warranted,holding that where a witness who testifies under oath and is subject to crossexamination in a prior state court proceeding explicitly refuses to answer the same questions at trial the refusal to answer is inconsistent with his prior testimony,holding failure to object to conditioning instructions waived error arising from the jurys failure to answer question when answer could not be implied and that lack of objection waived right to new trial to have jury answer questions
7,"violation of the Decedent’s constitutional rights. Wrongful death recovery under § 1983 has “generated considerable confusion and disagreement.” Rhyne v. Henderson County, 973 F.2d 386, 390 (5th Cir.1992) (quoting Crumpton v. Gates, 947 F.2d 1418, 1420 (9th Cir.1991)). The Supreme Court has not yet addressed this issue, and, while the circuits are divided over whether such recovery is appropriate, we have consistently allowed it. See Rhyne, 973 F.2d at 390-91 (summarizing the line of cases permitting such recovery); Brazier, 293 F.2d at 406-07. Wrongful death statutes create new causes of action on behalf of the statutorily-designated persons in order to compensate them for the death of the decedent. See, e.g., Thames v. Mississippi ex rel. Shoemaker, 117 F.2d 949, 951 (5th Cir.1941) (<HOLDING>). Unlike a survival action, a wrongful death",5148,831,3,case_hold_mc,holding that a cause of action for wrongful death is an asset of an estate,recognizing cause of action for wrongful discharge,recognizing cause of action for wrongful death,holding that mississippis wrongful death statute creates an independent cause of action,holding that plaintiffs failure to prove decedents death was caused by the wrongful acts of the defendant precludes any recovery of wrongful death damages under mississippis wrongful death statute
8,"based on clearly erroneous facts”). For substantive reasonableness, the linchpin is “a plausible sentencing rationale and a defensible result.” United States v. Pol-Flores, 644 F.3d 1, 4-5 (1st Cir.2011) (internal quotation marks omitted). An established roadmap exists to guide sentencing courts when discerning a reasonable sentence, which begins with assessing the GSR. See Gall, 552 U.S. at 49-50, 128 S.Ct. 586; United States v. Madera-Ortiz, 637 F.3d 26, 29-30 (1st Cir.2011); United States v. Martin, 520 F.3d 87, 91-92 (1st Cir.2008). The sentencing court must also consider a number of relevant factors, see 18 U.S.C. § 3553(a), but “the weighting of those factors is largely within the court’s informed discretion.” Clogston, 662 F.3d at 593; see Gall, 552 U.S. at 49-50, 128 S.Ct. 586 (<HOLDING>). Indeed, “[t]here is no single reasonable",6005,962,2,case_hold_mc,holding that district court must conduct individualized assessment based on particular facts of each case,recognizing that the district court must place on the record an individualized assessment based on the particular facts of the case before it and that the individualized assessment  must provide a rationale tailored to the particular ease at hand and be adequate to permit meaningful appellate review,holding that while the gsr is a valuable starting point the sentencing judge must make an individualized assessment based on the facts presented,recognizing that sentencing facts are based on the evidence and testimony presented at sentencing under a preponderance of the evidence standard,recognizing that the district court must place on the record an individualized assessment based on the particular facts of the case before it and that the individualized assessment  must provide a rationale tailored to the particular case at hand and be adequate to permit meaningful appellate review
9,"in the order suggests that the district court independently evaluated the validity of the settlement agreement or passed upon the propriety of the City’s development decision. Cf. State ex rel. Martinez v. Kerr-McGee Corp., 120 N.M. 118, 122, 898 P.2d 1256, 1260 (Ct. App.1995) (observing that it would be “unfair to presume prior determination of an issue from the mere fact of settlement when the contrary may more likely be true”). We regard this seemingly technical distinction as something of substantive import. {13} As an approval of no more than a stipulation to dismiss because of a settlement agreement, the district court order does not represent an adjudication of rights that is entitled to preclusive effect. Cf. Sanchez v. Saylor, 2000-NMCA-099, ¶¶ 24-25,129 N.M. 742, 13 P.3d 960 (<HOLDING>). In other words, the nature of Wal-Mart’s suit",6861,1094,0,case_hold_mc,holding that a bankruptcy courts approval of sale did not bar a subsequent action for conversion because the matter under consideration was not actually litigated in the bankruptcy proceedings the action for conversion did not constitute an impermissible collateral attack on a federal judgment,holding complaint was not based on a conversion claim but was a declaratory judgment action thus not governed by conversion statute of limitations,holding that facts as they existed on the date of the original bankruptcy petition not on the date of conversion from chapter 13 to chapter 7 bankruptcy applied,holding that the 1994 amendment to  348 of the bankruptcy code should control in preamendment ongoing cases and that the debtors tort causes of action that accrued while the case was proceeding under chapter 13 did not become property of the estate or subject to the bankruptcy proceedings upon conversion of the case to chapter 7 proceedings,recognizing bankruptcy courts jurisdiction over such a collateral attack
10,"J. Justin Lamar Jones seeks a writ of habeas corpus, alleging one claim of ineffective assistance of appellate counsel. Specifically, he argues the attempted manslaughter jury instruction given in his case constituted fundamental error, and counsel’s failure to raise the issue on direct appeal constituted ineffective assistance. . We grant the petition. See Pierce v. State, 121 So.3d 1091, 1093-94 (Fla. 5th DCA 2013) (<HOLDING>). Jones was charged with attempted first-degree",7722,1232,1,case_hold_mc,recognizing that ineffective assistance of appellate counsel claims not premised on procedurally barred claims can be raised for the first time on appeal by new appellate counsel and are not limited to habeas review,holding failure of appellate counsel to argue on direct appeal that instructions for attempted manslaughter by act were fundamentally flawed constituted ineffective assistance of appellate counsel,holding no ineffective assistance of appellate counsel claim for failure to raise as basis for appeal of conviction ineffective assistance of trial counsel where basis for the latter claim was inadequate,recognizing that strickland applies to ineffective assistance of appellate counsel claims,holding that res judicata does not bar a defendant from raising a claim of ineffective assistance of trial counsel for the first time in a postcollateral proceeding if the defendant was represented by the same counsel at trial and on direct appeal or if an actual conflict of interest enjoined appellate counsel from raising a claim of ineffective assistance of trial counsel on direct appeal
11,"158 LE2d 225) (2004) (memorandum of Scalia, J.) (“But while friendship is a ground for recusal of a Justice where the personal fortune or the personal freedom of the friend is at issue, it has traditionally not been a ground for recusal where official action is at issue.. . .”). (c) Finally, Gude’s motion to recuse alleged that “District Attorney Paul Howard gave financial and/or other support to the campaign to elect Judge Adams.” Although a trial judge should recuse himself or herself from presiding over a case involving a party who has previously made an exceptionally-large campaign contribution, we hold that recusal is not required simply because the judge previously received any campaign contribution from a party. See Patterson v. Butler, 187 Ga. App. 740 (371 SE2d 268) (1988) (<HOLDING>). Compare Caperton v. A. T Massey Coal Co., 556",8208,1304,1,case_hold_mc,holding that trial court did not err,holding that the trial judge did not err by denying a motion to recuse that alleged in part that a defendant had previously worked on the judges election campaigns,holding that where appellant moved to recuse trial judge from deciding the motion for new trial the judge of the administrative district was required to designate a judge to hear the recusal motion,holding that action of judge assigned to hear a motion to recuse in signing an order denying the motion was not a proceeding required to be carried out from in the county seat,holding that trial judge did not err in refusing to transfer to another judge defendants motion for substitution of judge for cause where defendants motion was not made in good faith
12,"appeal as having been improvidently granted, as the facts of the instant case would not allow this Court to reach the issue upon which we granted review. 5 . As a general matter, under prevailing Pennsylvania law, if the evidence supports more than one potential, cognizable offense as the object of the conspiracy, the trial court would be required to impose a sentence only for the lowest of them. See Commonwealth v. Riley, 811 A.2d 610, 619-20 (Pa.Super.2002). 6 . Compare the offense of third-degree murder with the offense of voluntary manslaughter, which “involves the specific intent to kill but, by reason of passion and provocation, contains no legal malice.” Pitts, 486 Pa. at 219, 404 A.2d at 1308. 7 . But see Commonwealth v. Wanamaker, 298 Pa.Super. 283, 444 A.2d 1176, 1178 (1982) (<HOLDING>); 42 Pa.C.S.A. § 9714(g) (""the term 'crime of",9066,1445,3,case_hold_mc,holding that the sentencing court erred in failing to make a factual determination as to the amount of drugs attributable to the defendant after his participation in the charged conspiracy,holding that res judicata barred conspiracy claim against defendant even though defendant had not been a party to the prior action because the civil conspiracy claim should have been adjudicated in a prior action and defendant as an alleged participant in the conspiracy would have been indispensable party to that adjudication,holding that once a defendant becomes associated with a conspiracy he is responsible for all of the acts of the conspiracy even those which occurred before or after his association with the conspiracy,holding that the defendants conduct in directing his brother to bring him a loaded rifle and in thereafter firing the rifle in the direction of the complainant revealed a conscious disregard of a great risk that defendant might have inflicted death or serious bodily harm upon complainant and as such amounted to a conspiracy between the defendant and his brother to engage in activity that manifested such malice as to constitute a criminal conspiracy to commit thirddegree murder,holding criminal conspiracy is sustained where the commonwealth establishes the defendant entered into an agreement to commit or aid in an unlawful act with another person with a shared criminal intent and an overt act was done in furtherance of the conspiracy a coconspirator may commit the overt act and conspirators are liable for acts of the coconspirators committed in furtherance of the conspiracy
13,"the United States may be held liable for the actions of CAMcare and its employees, the Court must determine the liability of—and immunities and defenses available to—a similarly-placed private healthcare employer in like circumstances under New Jersey law. Plaintiff argues that there is no reason why immunity under the New Jersey Charitable Immunity Act, which is meant to protect nonprofit organizations and hospitals like CAMcare, should still apply in this case now that the United States has been substituted in for CAMcare. (See PI. Br. at 17-20.) On this question, however, the law is long-settled: the United States is entitled to assert “any defenses available to a similarly-placed private employer answering for the alleged torts of its employee.” Lomando v. United 3 (D.N.J. 1996) (<HOLDING>). B. The New Jersey Charitable Immunity Act The",9925,1589,0,case_hold_mc,holding that united states in ftca action may rely on immunities available to a private automobile owner covered by new jerseys nofault insurance law even though it was not literally the owner of an automobile under the new jersey statute,holding that a writ of execution under new jersey law is not an action against the consumer,recognizing that pennsylvania had no interest in denying its residents the greater damages available under new jersey consumer fraud statutes for claims against a new jersey seller,holding that assignment of insureds rights to coverage for property damage under automobile insurance policy to automobile repairer was invalid because of antiassignment provision,recognizing new jerseys interest in deterrence of tortious misconduct as a relevant factor in choice of law decisions applicable where two of defendants were new jersey residents from whom damages were sought for their negligent acts in new jersey
14,"filed a sexual harassment complaint. The jury answered “no.” Because Chesloff was no longer working in the hostile environment, we hold that these post-termination acts are not within her hostile environment claim. See, e.g., Laster v. City of Kalamazoo, 746 F.3d 714, 731 (6th Cir.2014) (“Unlike a Title VII anti-discrimination claim, - ‘the anti-retaliation provision does not confine the actions and harms it forbids to those that are related to employment or occur at the workplace,’ ”) (quoting Burlington N. & Santa Fe Ry. v. White, 548 U.S. 53, 57, 126 S.Ct. 2405, 2409, 165 L.Ed.2d 345 (2006)). Filing a lawsuit against a former employee is a discrete act that is not inherently harassing conduct of the type prohibited by sexual harassment law. See, e.g., Bartosh, 259 S.W.3d at 325-26 (<HOLDING>). Accordingly, we hold that the June 2009 and",10784,1723,0,case_hold_mc,holding that employee failed to preserve hostile work environment claim when only timely allegation of discrimination was based on termination because termination is not itself harassing conduct,recognizing hostile work environment discrimination in ada context,holding that a hostile work environment is a form of discrimination that is actionable under the statute,recognizing a hostile work environment claim under section 1983,holding that a viable hostile work environment claim requires an environment that a reasonable person would find hostile or abusive
15,"in fact come out both ways. See, e.g., Crack Team USA Inc. v. Am. Arbitration Ass’n, 128 S.W.3d 580, 583 (Mo.Ct.App.2004) (dismissing appeal). Although the Court cites a Massachusetts case that appears to allow an appeal from an order that denies confirmation and directs a rehearing, the case never discusses the nature of the interlocutory order, or the authority on which it grants the appeal. See Fazio v. Employers’ Liab. Assurance Corp., 347 Mass. 254, 197 N.E.2d 598, 600 (1964). More recent Massachusetts decisions have directly addressed the issue of orders to vacate with a rehearing (without denying confirmation), and have denied the right of appeal — without even citing Fazio. See Suffolk County Sheriffs Dep’t v. AFSCME Council 93, 50 Mass.App.Ct. 473, 737 N.E.2d 1276, 1277 (2000) (<HOLDING>); School Comm. of Quincy v. Quincy Educ. Ass’n,",11642,1863,3,case_hold_mc,holding that a rehearing order is interlocutory and not appealable,holding sanction included in final judgment appealable,holding that a rehearing order was not final or appealable,holding that the ordering of a rehearing caused the judgment to not be final and appealable,holding that a district court judgment is not a final judgment appealable by the defendant unless it includes the final adjudication and the final sentence
16,"extraction of a product in a manner that retains the character and function of the product as found in nature does not result in the creation of a human invention. That principle was captured by the Supreme Court’s statement in Chakrabarty that the invention in that case was not to “a hitherto unknown natural phenomenon, but to a nonnaturally occurring manufacture or composition of matter ‘having a distinctive name, character [and] use.’ ” 447 U.S. at 309-10, 100 S.Ct. 2204. Cases involving the “purification” of a natural substance employ similar analysis. Our predecessor court recognized that merely purifying a naturally occurring substance does not render the substance patentable unless it results in a marked change in functionality. In re Merz, 25 CCPA 1314, 97 F.2d 599, 601 (1938) (<HOLDING>); see also In re King, 27 CCPA 754, 107 F.2d",12504,2001,0,case_hold_mc,holding that there was no right to a patent on a purer version of ultramarine but recognizing that if a claimed article is of such purity that it differs not only in degree but in kind it may be patentable,holding that it may not,holding in a patent infringement case that plaintiff lacked standing where it held a conditional right to license a patent and enforce license agreements but did not have the right to transfer the patent,holding that in context of patent claim at issue if means only if,holding that it is not
17,"544 U.S. at 101, 125 S.Ct. 1465 (finding that because questioning of the defendant did not prolong the stop, no independent Fourth Amendment justification was needed for the questioning based upon the legitimacy of the initial stop). “[T]he permissibility of a particular law enforcement practice is judged by balancing its intrusion on the individual’s Fourth Amendment interests against its promotion of legitimate governmental interests.” Prouse, 440 U.S. at 654, 99 S.Ct. 1391. Mimms and its progeny permit the intrusion if the officer merely removes a defendant from his vehicle absent undue delay. The question, however, of where a de min-imis intrusion ends and an undue delay begins is necessarily a fact-specific inquiry. See United States v. Everett, 601 F.3d 484, 493-94 (6th Cir.2010) (<HOLDING>). It is impossible to select “an arbitrary",13362,2141,4,case_hold_mc,holding that new york common law must be applied to determine whether the parties formed an oral settlement agreement and state statutory law must be applied to determine whether the agreement if any is enforceable,holding that strip search incident to arrest was not per se unreasonable but holding that search was performed in an unreasonable manner when conducted in view of the public,holding search unreasonable when conducted on the highway in broad day light,recognizing that the inquiry into whether the facts adequately supported a terry stop is informed by the nature and quality of the intrusion,recognizing that a factbound contextdependent inquiry must be conducted in each case to determine whether the duration of the stop was unreasonable
18,"has abandoned its reasoning in Billman or adopted the restrictive reading of these forfeiture provisions favored in other jurisdictions. To the contrary, the Fourth Circuit recently invoked a similarly broad interpretation of § 853 in United States v. McHan. See 345 F.3d 262 (applying 853(c)'s relation-back principle to § 853(p) substitute property in order ""to effectuate its remedial purpose (3d Cir.2000) (collecting cases); In re John Doe, Inc., 13 F.3d 633, 636 (2d Cir.1994) (""[W]here an in camera submission is the only way to resolve an issue without compromising a legitimate need to preserve the secrecy of the grand jury, it is an appropriate procedure.”) (citing In re John Doe Corp., 675 F.2d 482, 490 (2d Cir.1982)). But see In re Taylor, 567 F.2d 1183, 1188 (2d Cir.1977) (<HOLDING>). 35 . The Fourth Circuit held in United States",14219,2273,1,case_hold_mc,recognizing the importance of grand jury secrecy,holding that governments weak interest in preserving grand jury secrecy did not warrant in camera submission where party seeking access to submission would learn of submission contents as soon as he was called as a grand jury witness,holding that right was available in grand jury proceedings,holding the presence of counsel for a witness did not violate grand jury secrecy,holding that where government does not intend to disclose grand jury materials in camera proceedings are appropriate to protect govern ments interest in secrecy
19,"28 U.S.C. § 1291, we agree with counsel that Defendant’s appeal is “wholly frivolous.” Anders, 386 U.S. at 744, 87 S.Ct. 1396. We consequently grant counsel’s motion to withdraw and dismiss this appeal. See id. (explaining that once we determine an appeal is “wholly frivolous” we may “grant counsel’s request to withdraw and dismiss the appeal”). I. Police discovered Defendant’s shotgun after responding to a 911 call initiated by Defendant’s ex-girlfriend, Joanna Underwood. According to the evidence presented at Defendant’s sentencing hearing, which included the testimony of two police officers who responded to Defendant’s home and a signed statement Underwood gave police, the essential facts of this case are as follows. See United States v. Scott, 529 F.3d 1290, 1298 (10th Cir.2008) (<HOLDING>); see also Fed.R.Evid. 1101(d)(3). Dispatch",15073,2412,1,case_hold_mc,holding that confrontation clause protections do not extend to sentencing hearings,recognizing that the federal rules of evidence do not apply to sentencing hearings,holding that because the rules of evidence including the rule against hearsay do not apply to sentencing hearings the district court did not err in relying on hearsay in ordering restitution,holding that disputes as to evidence admitted at a restitution hearing are meritless because the rules of evidence do not apply during sentencing proceedings,holding that because restitution hearings are a part of sentencing and have nothing to do with a defendants guilt or innocence the rules of evidence do not apply
20,"35-38). These intervening events greatly undermine the inference of retaliation. See, e.g., Johnson v. Auburn Univ., 403 F.Supp.2d 1101, 1114 (M.D.Ala,2005), aff'd, 193 Fed.Appx. 955 (11th Cir.2006). Considering the totality of the circumstances, including the nine month period between Winston’s EEO complaint and his suspension, as well as his intervening promotion, positive review, and various discretionary awards, Winston has failed to present sufficient evidence for a reasonable jury to find a causal link between his protected act and the adverse employment action. Likewise, as discussed supra, no reasonable jury could find that Smithsonian’s proffered reasons for the seven-day suspension were pretextual. See Laurent v. Bureau of Rehab., Inc., 544 F.Supp.2d 17, 23 n. 5 (D.D.C.2008) (<HOLDING>). Accordingly, Count II must be dismissed. D.",15928,2541,3,case_hold_mc,holding that to establish a causal connection plaintiff must show that the individual who took adverse action against him knew of the employees protected activity,holding that the plaintiff demonstrated pretext in part by establishing a causal connection,holding that five weeks between protected activity and adverse employment action insufficient to establish a causal connection,holding that plaintiff cannot establish pretext because she is unable to show any causal connection her complaints and the adverse action,holding that the plaintiff failed to raise an issue of fact regarding her retaliation claim because she failed to offer any evidence of a causal relationship between her involvement in protected activity and the adverse employment action
21,"Florida’s sales and use tax to the majority of services marketed in the state, courts cannot realistically require the legislature to dictate every conceivable application of the law down to the most minute detail. As we noted in Microtel, Inc. v. Florida Public Service Commi lacking in guidelines that neither the agency nor the courts can determine whether the agency is carrying out the intent of the legislature.” Id. at 918-19. As in AT & T, there is “no indication that the legislative policy-making function has been usurped by or improperly transferred to the PSC,” or any indication that' its disputed order is “aimed at anything more than fostering [the legislative policy] to the fullest extent now possible.” 515 So.2d at 743; see also S.E. Volusia Hosp. Dist., 438 So.2d at 820 (<HOLDING>). We accordingly find no separation of powers",16787,2665,0,case_hold_mc,recognizing that when an interpretation upholding the constitutionality of a statute is available to this court it must adopt that construction,holding that this court may independently review the administrative construction of a statute,holding an administrative interpretation cannot change the meaning of a statute or control the courts interpretation of it,holding that courts adopt statutes interpretation that is supported by statutes plain language if statute is unambiguous unless such interpretation would lead to absurd results,recognizing that the standard of review for issues of statutory interpretation and construction is de novo
22,"30 (9th Cir.1983): [T]he wording of the statute does not disclose a congressional intent to provide a damage remedy. The statute does confer on district courts the power to give all “appropriate relief,” 20 U.S.C. § 1415(e)(2), but absent legislative history suggesting the contrary, such a phrase is usually construed as a mere grant of jurisdiction to enforce and supplement the administrative procedures for identification, evaluation, and placement of the child, and not of authority to award retrospective damages. See also Taylor v. Honig, 910 F.2d 627, 628 (9th Cir.1990) (stating that “injunctive or other prospective relief is ordinarily the remedy under the [predecessor to the IDEA] and damages are usually inappropriate”); Charlie F. v. Board of Educ., 98 F.3d 989, 991 (7th Cir.1996) (<HOLDING>). Because Plaintiff seeks only monetary",17642,2806,1,case_hold_mc,holding that by its terms the idea does not require exhaustion where the relief sought is unavailable in an administrative proceeding under the idea monetary damages are not available so exhaustion is not required,holding that damages are not relief that is available under the idea,holding that exhaustion is not required for plaintiffs seeking money damages because damages are unavailable through the administrative process and because all other relief available to the plaintiffs under the idea had already been provided through a settlement agreement,holding reimbursement for private tutoring available under the idea,holding that exhaustion is required under the plra even if the plaintiff seeks only money damages and money damages are not available as relief
23,"are protected under the FLSA. See Hagan v. Echostar Satellite, L.L.C., 529 F.3d 617, 626 (5th Cir.2008); Lambert v. Ackerley, 180 F.3d 997, 1004 (9th Cir.1999) (en banc); Valerio v. Putnam Assocs. Inc., 173 F.3d 35, 41 (1st Cir.1999); E.E.O.C. v. Romeo Cmty. Sch., 976 F.2d 985, 989 (6th Cir.1992); E. E.O.C. v. White & Son Enters., 881 F.2d 1006, 1011 (11th Cir.1989); Love v. RE/MAX of Am., Inc., 738 F.2d 383, 387 (10th Cir. 1984); Brennan v. Maxey’s Yamaha, Inc., 513 F.2d 179, 181 (8th Cir. 1975). The Second and Fourth Circuits have held to the contrary. See Ball, 228 F.3d at 364; Lambert v. Genesee Hosp., 10 F.3d 46, 55 (2d Cir.1993). Finally, the Seventh Circuit has taken a middle approach. See Kasten v. Saint-Gobain Performance Plastics Corp., 570 F.3d 834, 838, 840 (7th Cir.2009) (<HOLDING>), cert. granted, - U.S. -, 130 S.Ct. 1890, 176",18496,2937,4,case_hold_mc,holding without discussion of the verbalwritten distinction that plaintiffs oral complaints were protected activity,holding without discussion of the verbalwritten distinction that plaintiffs apparently oral complaints to supervisors were protected activity,holding that when the courts oral statements in the plea colloquy conflict with the written agreement the courts oral statements control,holding that oral declarations of mistrial which discharge the jury are unlike other oral decisions by the trial court which are not binding and are subject to change until a final written order or judgment is entered,holding that written but not oral internal complaints are protected based on the inclusion of the verb filed
24,"between the claimant’s injury and the subject of his complaint such that the injury is “fairly traceable to the challenged action of the defendant.” Id. (alterations and citation omitted). Third, it must be “likely” that the injury will be “redressed by a favorable decision.” Id. at 561, 112 S.Ct. 2130 (citation omitted). “The party invoking federal jurisdiction bears the burden of establishing these elements.” Id. The Supreme Court explained in FEC v. Akins that a plaintiff “suffers an ‘injury in fact’ when the plaintiff fails to obtain information which must be publicly disclosed pursuant to a statute.” FEC v. Akins, 524 U.S. 11, 21, 118 S.Ct. 1777, 141 L.Ed.2d 10 (1998); see also Pub. Citizen v. U.S. Dep’t of Justice, 491 U.S. 440, 449, 109 S.Ct. 2558, 105 L.Ed.2d 377 (1989) (<HOLDING>). Following Akins, this circuit has recognized",19355,3085,3,case_hold_mc,holding that beneficiaries of an estate lacked standing under rico to sue for an injury derivative of the estates injury,holding that employers have standing to sue,holding that refusal to disclose records under faca constituted sufficient injury to bestow standing similar to when an agency denies requests for information under the freedom of information act,holding that failure to obtain information subject to disclosure under federal advisory committee act constitutes a sufficiently distinct injury to provide standing to sue,holding that plaintiffs lacked standing to sue
25,"(8th Cir.2001). And the Ninth Circuit has concluded that an individual who was released from prison into civil detention under California’s Sexually Violent Predators Act was not a “prisoner.” See Page v. Torrey, 201 F.3d 1136, 1139-40 (9th Cir.2000). The Page court held that the PLRA applied only to individuals who “are detained as a result of being accused of, convicted of, or sentenced for criminal offenses.” Id. at 1140. The court reasoned that the detainee in that case “ceased being a ‘prisoner’ when he was released from the custody of the Department of Corrections” and that “[h]is current detention [was] not part of the punishment for his criminal conviction but rather a civil commitment for non-punitive purposes.” Id.; accord Troville v. Venz, 303 F.3d 1256, 1260 (11th Cir.2002) (<HOLDING>). To the extent that Jackson’s confinement must",20208,3224,0,case_hold_mc,holding that individual civilly detained as a sexually violent predator is not a  1915h prisoner because the plra applies only to persons incarcerated as punishment for a criminal conviction,holding that an offender who violates section 7940115 must have a prior enumerated conviction to qualify as a sexual predator,holding that when a criminal court still has jurisdiction over a defendant whose criminal record mandates the court to classify him as a sexual predator the criminal court may designate the defendant as a sexual predator even though the designation was overlooked at sentencing many years earlier,holding that a conviction and sentence for a predicate offense that is entered after the commission of the current offense does not qualify as a prior felony within the meaning of the sexual predator statute,recognizing criminal forfeiture as an aspect of punishment
26,"F.3d 827, 833 (8th Cir.2006) (quoting State ex rel. Wall Cincinnati Ins. Co., No. 1:06-cv-111, 2008 WL 2401190, at *2 (E.D.Tenn. June 11, 2008) (“For a lawyer to be a .necessary witness, his testimony must be relevant, , material, and unobtainable elsewhere.”); Harter v. University of Indianapolis, 5 F.Supp.2d 657, 663 (S.D.Ind.1998) (“A necessary witness is not the same thing as the ‘best’ witness. If the evidence that would be offered by having an opposing attorney testify can be elicited through other means, then the attorney is not a necessary witness. In addition, of course, if the testimony is not relevant or is only marginally relevant, it certainly is not necessary.”); World Youth Day, Inc. v. Famous Artists Merchandising Exchange, Inc., 866 F.Supp. 1297, 1302 (D.Colo.1994) (<HOLDING>); see also Mettler v. Mettler, 50 Conn.Supp.",21070,3362,2,case_hold_mc,holding that a lawyer is a necessary witness where the lawyers testimony is relevant to disputed material questions of fact and where there is no other evidence available to prove those facts,holding that a lawyer may advertise his or her certification as a trial specialist,holding that a lawyer is a  necessary witness if his or her testimony is relevant material and unobtainable elsewhere,holding that a request for a lawyer requires the police to cease questioning until the accused consults with his or her lawyer unless the defendant initiates further conversation,holding that a party is not bound by the testimony of a witness it calls
27,"new department were substantially similar to those in the old division, the state could not terminate employees from civil service and fill the jobs with new employees without violating the constitution. See id. at 647. Bardsley presents different concerns than are present in this case precisely because it involved the termination of employees. Because no classified employees were terminated, the reorganization did not violate the constitution, even though the new Lab School positions are substantially similar to the teaching positions before the reorganization. C. Metro teachers are themselves state employees, albeit not protected by civil service. Contrary to the complainants' arguments, this is not a case implicating the concerns of privatization. Cf. Highways, 809 P.2d at 992-97 (<HOLDING>). In striking down an effort to privatize",21925,3497,0,case_hold_mc,holding that shifting job duties from classified state employees to private vendors violates the state constitution and the statute governing personal services contracts,recognizing exception under state constitution,holding that under the first amendment speech can be pursuant to a public employees official job duties even though it is not required by or included in the employees job description or in response to a request by the employer,holding that the plaintiffs challenge to a state law affecting the performance of her job duties was mooted when she left state employment,holding that garcetti barred claims involving speech not necessarily required by the plaintiffs job duties but nevertheless  related to his job duties
28,"480). 8 . Scifres v. Kraft, Ky.App., 916 S.W.2d 779, 781 (1996). 9 . Ky., 457 S.W.2d 485, 488-90 (1970). 10 . Id. (quoting Wood v. Foster & Creighton Co., 191 Tenn. 478, 235 S.W.2d 1 (1950)). 11 . See also Combs v. Codell Construction Co., 244 Ky. 772, 773, 52 S.W.2d 719, 720 (1932)(stating that ‘‘[t]he defendant denied negligence and claimed immunity from liability because it was but executing its contract with the highway commission and building the roadway according to plans and specifications provided by it. The immunity does not absolve the contractor from negligence in performing his contract”). 12 . Ky., 288 S.W.2d 43, 46 (1956). 13 . Ky., 497 S.W.2d 218, 224 (1973)(quoting Restatement (Second) of Torts, § 385 (1965)). 14 . See also Adams v. Combs, Ky., 465 S.W.2d 288, 290",22778,3623,3,case_hold_mc,holding that a landowner owed no duty of care to a contractors employee in the situation posed by the parties,holding that the basis of liability is negligence and not injury,holding that the independent contractor exception in the ftca would not insulate the government from the contractors negligence if the duty was nondelegable under florida law,holding that the citys acceptance or nonacceptance of the contractors work would have no bearing on the issue of the contractors liability since it was his primary and active negligence that created the dangerous situation and the citys negligence in failing to remedy the situation would be only secondaiy and passive,holding that citys negligence in determining the legal status of plaintiffs property wasnt negligence in the operation of the storm drain that city installed on that property because citys negligence was unrelated to actual operation of storm drain
29,"commercial carrier furthered or advanced or carried out in some way the scheme or plan to defraud or to obtain money or property by means of fraudulent representations,” and also that ""an interstate commercial carrier is a carrier . .. engaged in transporting persons or property across state lines.” J.A. 556-57. 3 . We pause briefly to address Appellants' suggestion that Congress intended the mail fraud statute, like the wire fraud statute, to be a regulation of the ""use of channels of interstate commerce” under the first Lopez category and, therefore, that we should look to the wire fraud statute, which requires proof that a wiring actually crossed state lines, for guidance in interpreting the mail fraud statute. See e.g., United. States v. Darby, 37 F.3d 1059, 1067 (4th Cir.1994) (<HOLDING>). In contrast to the mail fraud statute, the",23575,3760,1,case_hold_mc,holding that the government need not prove actual notice to the prisoner,holding that while the government was required to prove that the defendants phone call crossed a state line  the government did not need to prove that the defendant knew of the interstate nexus,holding in the context of the criminal false claims act that to prove falsity the government only had to prove that the statement was known to be untrue at the time the defendant made it,holding that the government must prove the defendant knew of the features of the firearm that brought it within the scope of the act,holding that the government did not have to prove that the defendant knew that his acts violated the clean water act but merely that he was aware of the conduct that resulted in the permits violation
30,"does not apply to actions to recover for necessities contracted for after the accrual of the benefits. Mich. Comp. Laws Ann. § 600.6023(2) limits the exemptions under Mich. Comp. Laws Ann. § 600.6023. It states: “The exemptions provided in this section shall not extend to any lien thereon excluded from exemption by law.” Under Michigan common law, a debtor may not exempt property against a valid consensual lien. The voluntary granting of a security interest in exempt property has been construed as a waiver of the right to claim an exemption in the property, as against the security interest. Under longstanding Michigan law, a debt- or can freely waive his right to an exemp tion, and grant a security interest in exempt property. See In re National Grocer Co., 181 F. 33, 35 (6th Cir.1910) (<HOLDING>); Church v. First Nat. Bank, 255 Mich. 595, 238",24430,3900,4,case_hold_mc,recognizing that exempt property ceases to be property of the estate,holding that the debtor could retain exempt property because it was not property of the estate,holding that bankruptcy court is without jurisdiction to control disposition of chapter 13 debtors property that is not property of the bankruptcy estate unless the property is related to the bankruptcy proceedings of the code,holding that property seized by a creditor prior to debtors bankruptcy was property of the estate even though creditor  the irs  held a secured interest  a tax lien  in the property,holding that the mortgaging or conveying of exempt property to a creditor is not against the public policy of the state of michigan and that that the bankrupt had the power to convey to a creditor his existing exemptions resulting in the exempt property not being property of the debtor or the debtors bankruptcy estate
31,"notice of the Department’s interpretation. Mr. Richter founded Executive in response to changes he observed in Colorado’s universal waste regulations, and while Mr. Richter and Mr. Olson worked at Executive, the company participated in a generator assistance program through which the Department provided information to assist Executive with understanding and complying with those universal waste regulations. The Department provided electronic waste recyclers like the defendants with clear and unambiguous notice that it interpreted Part 273.2(f)(3)’s definition of waste to include the original intended purpose provision when it published the Guidance Document in 2004, well before this enforcement action. Compare United States v. Norris, 39 Fed.Appx. 361, 364 (7th Cir.2002) (unpublished) (<HOLDING>), with Carter v. Welles-Bowen Realty, Inc., 736",25292,4046,2,case_hold_mc,holding that pma process is not specific regulation because the requirements are not contained in formal regulation,holding that an infringement on the defendants fundamental due process right in the form of a comment on the defendants silence by the prosecution did not rise to level of plain error,holding that an agency form that defined the level of disclosure required under a regulation was enforceable against a criminal defendant where it plainly and consistently notified defendants of the laws specific requirements,holding that a secretarys interpretation of a departments regulation is controlling unless plainly erroneous or inconsistent with the regulation,holding that the disclosure is a public disclosure within the meaning of the fca if the the prior public disclosure  contained enough information to enable the government to pursue an investigation against the defendant
32,"by bolstering the opinion testimony of Dr. Proctor with substantive content from the 2014 Report, Plaintiff improperly enhanced the expert’s credibility with the jury. This court has held that such improper bolstering ean .be so prejudicial as to rise to the level of fundamental error and require a new trial. Cordoba, 939 So.2d at 323. The Reports did not constitute original research performed by the Office of the Surgeon General; rather, they summarized and compiled' a mix of information, opinion and advocacy from outside sources. As such, the Reports “represent ] a' classic example of hearsay,” being “nothing more than ... written statements of the de-clarantes]” who drafted the various contributions. Sikes v. Seaboard Coast Line R.R. Co., 429 So.2d 1216, 1220 (Fla. 1st DCA 1983) (<HOLDING>). Admitting the Reports at trial effectively",26152,4165,3,case_hold_mc,holding that when an accident occurs outside florida workers compensation benefits are payable only if the contract of employment was made in florida or if the employees employment is principally located in florida,holding new york could lawfully modify a florida custody decree because florida court had right under florida law to change the decree,holding that defendants bank account and open line of credit in florida utilized to transfer money in international commerce was insufficient to confer jurisdiction under section 481932 florida statutes where defendant operated its business in honduras had no employees or agents in florida and did not advertise or solicit business in florida,holding that the stateissued florida handbook for drivers was inadmissible hearsay,holding that florida courts would apply florida law to contracts insuring real property located within the state
33,"intended to punish him for exercising a legal right. Although a defendant may, in rare instances, rely upon a presumption of vindictiveness, see Beede, 974 F.2d at 951, Kriens does not benefit from such a presumption in this case simply because the federal government prosecuted him after he refused to plead guilty in state court, see id. at 952. Accordingly, Kriens’ claim that the prosecution violated the Fifth Amendment fails. U.S. V. KRIENS Cite as 270 F.3d 597 (8th Cir. 2001) Similarly, Kriens has failed to demonstrate that the prosecution violated the Sixth Amendment. It would be improper to prosecute a defendant on the basis of facts wholly or partially acquired by the prosecutor from the accused’s private attorney. Cf. Gajewski v. United States, 321 F.2d 261, 267 (8th Cir.1963) (<HOLDING>). The burden, however, is on the defendant to",27007,4299,2,case_hold_mc,holding under section 1420 district attorney lacks authority to appoint deputy attorney general as an assistant prosecutor in a drug possession case,holding that assistant united states attorney may file information requesting sentence enhancement based on prior conviction even though statute says that information must be filed by the united states attorney,holding that it would be improper for a united states district attorney to prosecute a defendant using information the prosecutor had obtained while acting as the accuseds private attorney,holding that attorney generals authority to deport creates no private right of action for a criminal alien because attorney general must act in best interest of united states not the criminal alien,holding in the context of an attorney malpractice suit an insurance company is not vicariously liable for the acts of the attorney it selects to defend the insured while the insurer selected the attorney to defend the insureds and controlled the ultimate decision to settle or defend under the policy there is nothing in the record to indicate the insurer had any control over the details of the litigation as it was being conducted by the the attorney
34,"women not to have an abortion.” J.A. 366. Of course, this mission gives the Center no license at all to lie to women, and, indeed, there is ho such suggestion here. But it does provide'some latitude in how to broach a sensitive topic. The Center currently explains its opposition to abortion in its “Commitment of Care” pamphlets. But it does so on its own terms. None of that changes the fact that the ordinance forces the Center to utter in its own waiting room words at odds with its foundational beliefs and with the principles of those who have given their working lives to it. The classic First Amendment violation has always been thought to involve an outright prohibition by the state of certain speech, See, e.g., Cohen v. California, 403 U.S. 15, 91 S.Ct. 1780, 29 L.Ed.2d 284 (1971) (<HOLDING>); Near v. Minnesota, 283 U.S. 697, 51 S.Ct.",27865,4439,3,case_hold_mc,holding failure to take action may have some bearing on good faith,holding that a party may prosecute a claim which arose prior to the appointment of the receiver but may not then execute upon the judgment,holding that to prevail on a  1983 claim a plaintiff must allege that the defendant acted under color of state law in other words that there was state action,holding that a state may not prosecute someone for wearing a jacket bearing the words fuck the draft,holding that it may not
35,"to achieve the total punishment calculated by the Guidelines. In Kentz, we relied on United States v. White, 238 F.3d 537 (4th Cir.), cert. denied, 532 U.S. 1074, 121 S.Ct. 2235, 150 L.Ed.2d 225 (2001). White makes it clear that the keys to understanding this process are two. First, in calculating sentences in drug cases, two separate findings of drug quantity must be made, one under the relevant statute, and then another under the Guidelines. Apprendi dictates that drug quantity under the statute must be found by the jury (in a jury case), but Apprendi does not alter the authority of the judge to sentence within the statutory range provided by Congress. See United States v. Lewis, 235 F.3d 215, 218-19 (4th Cir.2000), cert. denied, — U.S. -, 122 S.Ct. 39, 151 L.Ed.2d 12 (2001) (<HOLDING>). To determine where to fix the actual sentence",28720,4589,1,case_hold_mc,holding that the government must prove the facts used in sentencing by a preponderance of the evidence,holding the constitutional rule announced in apprendi does not prohibit a district court from finding by a preponderance of the evidence facts relevant to the application of the guidelines,holding that apprendi announced a rule of criminal procedure forecloses  argument that ring announced a substantive rule,holding in the context of a constitutional challenge to 21 usc  841 that apprendi announced a procedural rule,recognizing district court application of the same rule
36,"claims. The question for the Court is, therefore, whether the Plaintiffs’ claims against The Brigham have a “reasonable basis in law and fact.” Badon, 236 F.3d at 286. a. Claim Against The Brigham for Breach of Warranty In Massachusetts, there is no strict liability cause of action for a defective product. Commonwealth v. Johnson Insulation, 425 Mass. 650, 682 N.E.2d 1323, 1326 (1997). Such a claim must be brought as a claim for breach of the implied warranties of merchantability and/or fitness for a particular purpose under Mass. Gen. Laws ch. 106, §§ 2-314 and 2-315, or of an express warranty under § 2-313. Id. Such claims must arise out of “transactions in goods” and not the provision of services. Mass. Gen. Laws ch. 106, § 2-102. The br L 1225358, at *3 (N.D.Ill. Apr. 19, 2007) (<HOLDING>); Pleasant v. Dow Coming Corp., No.",29573,4734,4,case_hold_mc,holding that despite a jury verdict against the insured hospital for medical malpractice liability was not beyond dispute,holding that the hospital was fraudulently joined because it did not meet the definition of seller as defined by mississippis product liability statute or under the uniform commercial code,holding that a hospital had not been fraudulently joined because there was no definitive ruling from any oregon appellate court foreclosing a strict liability claim against a hospital,holding that because the trial court did not abuse its discretion in finding the expert report adequate as to the vicarious liability claim against the hospital based on the actions of the doctors plaintiffs suit against the hospital including her claim that the hospital was vicariously hable for the actions of its nurses could proceed,holding that the hospital was fraudulently joined because hospitals are not sellers of medical devices and therefore there was no basis in illinois law to support the plaintiffs claims for strict liability and breach of implied warranty against the hospital
37,"former OCGA § 24-9-67.1, cases decided under the former statute offer useful guidance when analyzing the current version of the statute.” Dempsey v. Gwinnett Hosp. Sys., 330 Ga. App. 469, 471 (1) (a) n.3 (765 SE2d 525) (2014) (punctuation omitted). 22 HNTB Ga., Inc. v. Hamilton-King, 287 Ga. 641, 646 (2) (697 SE2d 770) (2010) (punctuation omitted). 23 Id. at 642 (1) (punctuation omitted); accord Moore v. Cottrell, Inc., 334 Ga. App. 791, 793 (1) (780 SE2d 442) (2015); see also Kumho Tire Co., Ltd. v. Carmichael, 526 U. S. 137, 152 (II) (119 SCt 1167, 143 LE2d 238) (1999). 24 HNTB Ga., Inc., 287 Ga. at 642 (1) (punctuation, omitted); accord Moore, 334 Ga. App. at 793 (1). See generally Daubert v. Merrell Dow Pharmaceuticals, 509 U. S. 579, 597 (IV) (113 SCt 2786, 125 LE2d 469) (1993) (<HOLDING>). 25 HNTB Ga., Inc., 287 Ga. at 642 (1)",30419,4879,0,case_hold_mc,holding that the trial judge is assigned the task of ensuring that an experts testimony both rests on reliable foundation and is relevant to the task at hand,holding depends on the policy language at hand,holding that while a foundation for an inference of negligence under the doctrine of res ipsa loquitur may be based on the testimony of an expert witness the experts testimony must establish that the occurrence indicates the probability of negligence,holding the experts opinion testimony lacked a proper foundation when there was no physical evidence of sexual abuse and the experts admitted that their conclusions were based solely on the childrens statements that they had been abused,holding that psychologists testimony on the reliability of eyewitness testimony was both relevant and reliable and thus should have been admitted
38,"would have no difficulty recognizing the attempt as within the Governor’s authority as the State’s chief executive officer. If, on the other hand, his actions in fact conflict with or infringe upon what is the essence of legislative authority — the making of law — then the Governor has exceeded his authority. APPLICATION OF THE DOCTRINE OF SEPARATION OF POWERS TO THE COMPACT WITH POJOAQUE PUEBLO The Governor may not exercise power that as a matter of state constitutional law infringes on the power properly belonging to the legislature. We have no doubt that the compact with Pojoaque Pueblo does not execute existing New Mexico statutory or ease law, but that it is instead an attempt to create new law. Cf. Texas v. New Mexico, 462 U.S. 554, 564, 103 S.Ct. 2558, 2565, 77 L.Ed.2d 1 (1983) (<HOLDING>); West Virginia ex rel. Dyer v. Sims, 341 U.S.",31270,5029,0,case_hold_mc,holding that upon approval by congress a compact between states becomes federal law that binds the states,holding that congress may condition states receipt of federal funds if it does so unambiguously enabling states to exercise their choice knowingly,holding that a states law is materially different from california law if application of the other states law leads to a different result,recognizing federal constitutional claim against the united states,holding that congress did not authorize the states to enforce federal law where it gave states regulatory control through enforcement of their own laws
39,"successive application. See 28 U.S.C. § 2244(b)(3)(A) (“Before a second or successive application permitted by this section is filed in the district court, the applicant shall move in the appropriate court of appeals for an order authorizing the district court to consider the application.”). To the extent the petition raised claims concerning the execution of Mr. Sherratt’s sentence under 28 U.S.C. § 2241, the district court dismissed them as well, reasoning they also were second or successive and, alternatively, that he had not shown a federal constitutional violation. Mr. Sherratt has appealed. He seeks a certificate of appealability (COA). See 28 U.S.C. § 2253(c) (requiring a COA to appeal the dismissal of a claim under § 2254); Montez v. McKinna, 208 F.3d 862, 869 (10th Cir.2000) (<HOLDING>). To obtain a COA, he must show both “that",32130,5177,3,case_hold_mc,holding only claims properly presented to the bia and considered on their merits can be reviewed by this court in an immigration appeal,holding  2253clas coa requirement applies to state prisoners proceeding under  2241 when the petition relates to any of the incidents and circumstances of any detention pursuant to state court process,holding that state prisoners must obtain a coa to appeal denials of 28 usc  2241 petitions,holding state prisoners proceeding under  2241 must be granted a coa before their claims can be considered on the merits,holding that only claims properly presented to the bia and considered on their merits can be reviewed by this court
40,"the elements of the crime was that the defendant had been required to appear at the time in question, and holding that it was proper to infer the defendant’s willfulness from the fact that he had notice of the hearing date); Abdul-Musawwir v. State, 483 N.E.2d 464, 466 (Ind.Ct.App.1985) (affirming conviction where the defendant failed to appear for trial date and stating that an element of the crime is that the defendant be required to appear at a specific time and place)). {18} One court held that, although it might seem appropriate to utilize a bail jumping statute for failure to pay fines, a defendant is not generally required to appear to pay a fine or penalty. See Ellmore, supra, § 25[b], at 1132 (citing People v. Sanchez, 119 Misc.2d 525, 464 N.Y.S.2d 674, 676 (N.Y.Crim.Ct.1983) (<HOLDING>)). Another court reversed a bail jumping",32985,5314,2,case_hold_mc,recognizing willful failure to appear as an essential element of the bailjumping offense,holding that one essential element of the crime of failing to notify the appropriate sheriff of a sex offenders change of address is that the defendant is a person required  to register ,holding that the defendant could not be charged with bail jumping for failing to pay a fine and emphasizing that an essential element of the crime of failure to appear was that the defendants personal appearance was actually required in a criminal proceeding,holding that the defendants oral promise to appear was insufficient to amount to a required appearance within the meaning of the failure to appear statute,holding that failure to instruct on an essential element was harmless error because the element was so clearly established
41,"class members harmed in similar ways with similar results Modest individual claims-small economic losses Class representatives’ claims typical. No conflict with other class members. Economic damages objective and quantifiable No structural protections to protect unique individual interests ADR provides structural protections, allocation standards and cost-free individual representation 1 . The observations contained in this paragraph are a synthesis of voluminous submissions to the Court. Because the case was settled before trial, Prudential did not avail itself of the opportunity to submit contrary evidence and does not concede the verity of these observations. Accordingly, these remarks shall have no res judicata effect. 2 . See Georgine v. Amchem Prods., Inc., 83 F.3d 610 (3d Cir.) (<HOLDING>), cert, granted sub nom., Amchem Prods. Inc. v.",33839,5458,2,case_hold_mc,holding that district court abused its discretion in certifying class action when claims were too individualized to satisfy rule 23as commonality and rule 23b3s predominance requirements,holding that a class could not be certified because the definition made class members impossible to identify prior to individualized factfinding and litigation and thereby failed to satisfy one of the basic requirements for a class action under rule 23,holding that proposed settlement class in asbestos personal injury action did not satisfy federal rule of civil procedure 23 adequacy of representation typicality or predominance requirements where exposureonly futures claimants were not adequately represented and where multiple defendants and widely divergent claims would pose an obstacle to trial,holding plaintiff seeking lead plaintiff status need only make preliminary showing that it will satisfy the typicality and adequacy requirements of rule 23,holding that even if a defendant in a proposed class action does not seriously contest whether the rule 23 requirements have been met a court nevertheless has the responsibility of conducting its own inquiry as to whether the requirements of rule 23 have been satisfied in a particular case
42,"case could be deemed stolen only from Ms. Della Sala’s accusation. But this is to say that an inference that an officer might logically draw from the nature of a stolen object is entitled to greater weight than the testimony of the victim of the crime — a premise that itself is contrary to established precedent. Where, as here, a citizen informant is the victim of the crime in question, her report is entitled to great weight in the probable cause determination. See, e.g., Adams v. Williams, 407 U.S. 143, 147, 92 S.Ct. 1921, 32 L.Ed.2d 612 (1972). Indeed, as this court has recently pointed out, a crime victim’s accusation standing alone can establish probable cause. Ahlers v. Schebil, 188 F.3d 365, 370 (6th Cir.1999); see also United States v. Maryland, 479 F.2d 566, 569 (5th Cir.1973) (<HOLDING>). From these shaky ramparts, the majority",34700,5582,2,case_hold_mc,holding that probable cause existed to arrest for trespassing under state law,holding that probable cause existed to arrest for a seatbelt violation under state law,holding that information given to law enforcement authorities by the victim of the crime immediately after its occurrence was clearly sufficient to supply probable cause for appellants arrest,holding that the government was to be treated as a private person and a genuine issue of material fact existed as to whether the agents exceeded their ability to arrest because while a law enforcement officer may arrest a person without a warrant  given probable cause  a private person may only arrest someone for a crime  committed  in his presence,holding that under fourth amendment standards for determining probable cause for arrest and probable cause for search and seizure are same
43,"case, however, it is clear from Principal Grice's testimony that, following his conferences with Plaintiff and Ms. Lorenz, he thought the matter resolved. 7 . The record is silent as to what role, if any, Mr. Garner played in the investigation of Plaintiff's complaint by Investigator Fernandez or in the final determination made by Director Urrutia. Even more interesting to the Court, however, is the fact that, in his deposition taken July 28, 1998, Plaintiff states that an otherwise unidentified person by the name of ""Goo r.1982) (recognizing that “an employer violates Title VII simply by creating or condoning an environment at the workplace which significantly and adversely affects an employee.”) (emphasis added). See also Fred v. Wackenhut Corp., 860 F.Supp. 1401, 1408 (D.Neb.1994) (<HOLDING>), aff'd, 53 F.3d 335 (8th Cir.), cert. denied,",35555,5727,1,case_hold_mc,holding that a work environment did not contain pervasive harassment when the plaintiff made general allegations of frequent sexual slurs and the only specific incident cited involved a coworker grabbing the plaintiff,holding that sexrelated statements by a coworker made to the plaintiff while she was at home and on suspension from work did not amount to improper conduct at the workplace and therefore did not constitute actionable sexual harassment,holding that a plaintiff may not assert claims based on statements she did not view,holding that defendants alleged defamatory statements that plaintiff made loans in exchange for sexual favors did not constitute outrageous conduct,holding that sexual harassment need not take the form of sexual advances or other explicitly sexual conduct in order to be actionable under title vii
44,"negotiations, and that the parties never actually entered into a contract (or, if they did enter a contract, it is unclear what that contract really included). However, there is much evidence that, except for slight alterations in the dollar amounts, the proposal was Gallagher’s offer and the Diocese agreed to it; there is really no material proof to the contrary. To win a reversal on this point, Gallagher must demonstrate a jury question on the following: that sometime after Gallagher presented the plan to the Diocese and before the Diocese agreed to it (with a few changes in dollar amounts), Gallagher withdrew its hen there is no meeting of the minds regarding the modification, such as when the parties did not discuss or agree to the change. See Williams Eng’g, 480 So.2d at 776 (<HOLDING>). The issue, then, becomes whether the Diocese",36414,5861,0,case_hold_mc,holding that because there was no discussion or agreement regarding change in engineers method of providing cost estimates to company that hired him there was no meeting of the minds and thus no modification as to how the engineer should provide cost estimates,holding that there was no question that the full and fair opportunity element was met where there was no indication that such an opportunity was unavailable,holding that there was no meeting of the minds as to expenses in the parties contingency fee contract and therefore the attorneys claim for reimbursement of litigation expenses was rejected,holding where there is no duty to defend there is no duty to indemnify,holding that there was no abuse of discretion for denying the motion to change venue because although there had been some publicity surrounding the murder an independent review of the record demonstrates that there was no difficulty in seating the jury
45,"purposes of the ACCA. United States v. Hemingway, 784 F.3d 323, 331 (4th Cir.2013). In ’ considering whether the district court properly designated Taste an armed career criminal, we review the sentencing court’s legal conclusions de novo and its factual findings for clear error. United States v. McDowell, 745 F.3d 115, 120 (4th Cir.2014), cert. denied, - U.S. -, 135 S.Ct. 942, 190 L.Ed.2d 828 (2015). A defendant is an armed career criminal when he violates 18 U.S.C. § 922(g)(1) and has three prior convictions for violent felonies or serious drug offenses. 18 U.S.C. § 924(e)(1). Because a Massachusetts conviction for larceny from the person constitutes a violent felony for purposes of the ACCA, we reject this argument. See United States v. Rodriguez, 659 F.3d 117, 118-20 (1st Cir.2011) (<HOLDING>); United States v. DeJesus, 984 F.2d 21, 25",37269,6004,4,case_hold_mc,holding that escape is categorically a violent felony under the acca,holding residual clause of acca void for vagueness,holding that a massachusetts conviction of larceny from the person qualifies as a violent felony because the potential for confrontation and physical injury invariably exists,holding that a conviction for a violating fla stat  84301 constitutes a violent felony under the acca,holding massachusetts conviction for larceny from the person constitutes violent felony under the residual clause of the acca
46,"reporting and prohibits the reporting of transactions on paper forms. Thus, according to Stretch-A-Buck, the city ordinance “prohibits what the statute permits,” McNeil, supra at 697, and is therefore preempted by state law. We disagree. The city of Saginaw’s electronic reporting requirements are additional to the requirements of the secondhand and junk dealers act and do “ ‘not constitute a conflict therewith.’ ” Walsh, supra at 636 (citation omitted). While the city ordinance contains more specific regulations than the state law regulating the same area, the laws are not contradictory in the sense that they cannot “ ‘coexist and be effective.’ ” Rental Prop Owners Ass’n of Kent Co, supra at 262 (citation omitted). Cf. Detroit v Qualls, 434 Mich 340, 345, 363-364; 454 NW2d 374 (1990) (<HOLDING>). The same rationale applies to the provisions",38127,6143,1,case_hold_mc,holding a state has a substantial interest in regulating the practice of law within the state,holding that a city ordinance prohibiting the storage of more than 100 pounds of certain fireworks in a place of retail sales did not conflict with state law regulating the storage of fireworks but containing no limit on the amount of fireworks a retailer could store,holding city ordinance preempted by state law because ordinance prohibited act specifically allowed under state law,holding that a city could not apply its rent control ordinance in conflict with tribal ordinance to nonindians on reservation trust land,holding that a local ordinance prohibiting rental housing for illegal aliens was not field preempted and did not conflict with the federal removal process and where the ordinance specified it did not prohibit conduct expressly permitted by federal law did not conflict with federal antiharboring law
47,"type of criminal activity involved, the time elapsing between the occurrence of the events set out in the affidavit and the time the search warrant was issued.” McKissick v. State, 209 S.W.3d 205, 214 (Tex.App.-Houston [1st Dist.] 2006, pet. ref'd). However, “[w]hen the affidavit recites facts indicating activity of a protracted and continuous nature — ie., a course of conduct— the passage of time becomes less significant.” Id. (citing Lockett v. State, 879 S.W.2d 184, 189 (Tex.App.-Houston [14th Dist.] 1994, pet. ref'd)). An affiant may use hearsay to show probable cause so long as there is a substantial basis for crediting it. Wilkerson v. State, 726 S.W.2d 542, 545 (Tex.Crim. App.1986) (quoting Hennessy v. State, 660 S.W.2d 87, 91 (Tex.Crim.App.1983)); Jones, 338 S.W.3d at 734-35 (<HOLDING>); McKissick, 209 S.W.3d at 212 (holding task of",38987,6279,1,case_hold_mc,holding that there is a rebuttable presumption that information imparted by a citizen informant is generally reliable,holding that information from confidential informant was reliable and credible where affidavit referred to previous instances in which informant provided correct information to police affiants own investigation and controlled buy of contraband confirmed information and second informant supplied same information to police,recognizing affiants averments that informant had assisted police in apprehension of another drug felon in determining reliability of informant,holding that information of criminal activity given by a known reliable informant is enough to sustain a terry stop,holding affidavit insufficient when it failed to state when affiant received information from informant when informant obtained information or when described incident took place
48,"has not identified any independent due process right to have the jury correctly instructed on all lesser-included offenses. The Ninth Circuit has long rejected this type of habeas claim in non- capital cases, because the United States Supreme Court has expressly left this issue undecided. See Solis v. Garcia, 219 F.3d 922, 928 (9th Cir. 2000). Even assuming such a claim existed, the California Court of Appeal found no error in the disputed instructions. People v. Luis, B240741, 2013 WL 4223695, at *11 (Cal. Ct. App. Aug. 13, 2013). Moreover, the California Court of Appeal determined that any error was harmless beyond a reasonable doubt. Id. Luis has not demonstrated that these conclusions were unreasonable. See Davis v. Ayala, — U.S. —, 135 S.Ct. 2187, 2198-99, 192 L.Ed.2d 323 (2015) (<HOLDING>). AFFIRMED. ** This disposition is not",39846,6414,4,case_hold_mc,holding that beyond reasonable doubt standard not required in termination cases,holding that one of our prior panel precedents about when criminal filing deadlines are jurisdictional was abrogated by bowles v russell 551 us 205 127 sct 2360 168 led2d 96 2007 even though bowles dealt with civil filing deadlines,holding that harmless beyond a reasonable doubt analysis not applicable in habeas cases,holding that in order to conclude that federal constitutional error is harmless court must find that error harmless beyond a reasonable doubt,holding that where a state court applies the harmless beyond a reasonable doubt standard a federal court may not award habeas relief under  2254 unless the harmlessness determination itself was unreasonable emphasis in original quoting fry v pliler 551 us 112 119 127 sct 2321 168 led2d 16 2007
49,"statute’s “Omnibus Clause,” which functions as a catchall provision, and “is far more general in scope than the earlier clauses of the statute” covering grand jurors and court officers. United States v. Aguilar, 515 U.S. 593, 598, 115 S.Ct. 2357, 2362, 132 L.Ed.2d 520 (1995). At trial, Sussman did not object to the Court’s obstruction of justice instructions, so we review the charge for plain error. See Lee, 612 F.3d at 191. “A ‘plain error’ is one that affects substantial xdghts,” and “[a]n error affects ‘substantial rights’ if it was px-ejudicial in that it affected the outcome of the District Court proceedings.” United States v. Ozcelik, 527 F.3d 88, 96 (3d Cir.2008) (internal quotation marks and citations omitted); see also United States v. Dalfonso, 707 F.2d 757, 760 (3d Cir.1983) (<HOLDING>). The defendant bears the burden of",40697,6552,3,case_hold_mc,holding that issues raised for the first time on appeal will not be considered absent exceptional circumstances of plain error or fundamental miscarriage of justice,holding that error in classifying defendant as a violent offender caused a miscarriage of justice,holding that courts may only review claims for fundamental miscarriage of justice,holding that the error must be egregious or othexnvise constitute a manifest miscarriage of justice citation omitted,holding that failure to consider an improper jury instruction would constitute a miscarriage of justice
50,"use. The Court defined “appropriated” as “nothing more nor less than setting apart the thing for some particular use.” Id. at 512, 13 Pet. 498. According to the Court: [Whensoever a tract of land shall have once been legally appropriated to any purpose, from that moment the land thus appropriated becomes severed from the mass of public lands; and ... no subsequent law, or proclamation, or sale, would be construed to embrace it, or to operate upon it; although no other reservation were made of it. Id. at 513, 13 Pet. 498. The patent holder therefore “acquired no title whatsoever to the land in question.” Id. at 515, 13 Pet. 498. Numerous cases have acknowledged and followed the appropriation doctrine. E.g., United States v. O’Donnell, 303 U.S. 501, 510, 58 S.Ct. 708, 82 L.Ed. 980 (1938) (<HOLDING>), citing Wilcox, 38 U.S. at 513, 13 Pet. 498;",41547,6690,0,case_hold_mc,holding that subsequent patent did not convey lands that had previously been appropriated it is a familiar principle of public land law that statutes providing generally for disposal of the public domain are inapplicable to lands which are not unqualifiedly subject to sale and disposition because they have been appropriated to some other purpose the general words of the granting act are to be read as subject to such exception,recognizing validity of water rights appropriated on public domain for use on school trust land even though appropriator did not own or intend to patent place of use,holding that the waters of the state are a public asset and noting that this court has previously determined that public land public revenue a municipallyowned utility and wild salmon are all public assets that cannot be appropriated by initiative footnotes omitted,recognizing validity of water right appropriated to irrigate land appropriator only occupied on public domain,holding that land that is permanently appropriated to an inconsistent use is abandoned
51,"U.S. 424, 121 S.Ct. 1678, 149 L.Ed.2d 674 (2001). In light of these developments, the Alaskan Village rule may be anachronistic. If and when the point is properly preserved and raised, this court may consider adopting the narrower complicity rule. 10 . See Stephenson v. United States, 711 F.2d 1105, 1107 (7th Cir.1985) (relying on Wisconsin law to say that ""it is the employee's conduct at the time of the accident that determines whether he is acting within the scope of his employment""). 11 . Doe v. Samaritan Counseling Ctr., 791 P.2d 344, 346 (Alaska 1990). 12 . Id. at 347; accord Williams v. Alyeska Pipeline Serv. Co., 650 P.2d 343, 349 (Alaska 1982); Luth v. Rogers & Babler Constr. Co., 507 P.2d 761, 764 & n. 14 (Alaska 1973) (rejecting proposition so Norcon, Inc., 971 P.2d at 170 (<HOLDING>). 23 . At trial Laidlaw did not object to Dr.",42407,6837,1,case_hold_mc,holding that the admission of expert testimony was prejudicial where the testimony was pervasive,holding that employer waived issue on appeal of whether employees testimony was unduly prejudicial by failing to object when testimony was offered at trial,holding that the defendant waived the issue on appeal when he failed to contemporaneously object to the admission of such evidence at trial,holding that a defendant waived a sentencing issue by failing to object in district court,holding plaintiffs waived their right to appellate review of the admission of an experts testimony by failing to object to it at trial
52,"factor for single conspiracy is “whether the conspirators share a common goal, such as the possession and distribution of narcotics for profit”); United States v. Lee, 743 F.2d 1240, 1250 (8th Cir.1984) (“The essence of a drug conspiracy is agreement by two or more persons to violate narcotics law.”). Fourth, appellant argues that, in response to a jury query as to the standard of proof for one count, the district court erred by merely affirming that the standard was reasonable doubt, rather than re-instructing the jury that all elements of all counts must be found beyond a reasonable doubt. Because the court’s initial jury instructions and its response to the query were entirely accurate, we see no abuse of discretion. See United States v. Laing, 889 F.2d 281, 290 (D.C.Cir.1989) (<HOLDING>). Fifth, appellant argues that the district",43264,6988,2,case_hold_mc,holding that if jury instructions viewed as a whole fairly state the applicable law to the jury the failure to give particular instructions will not be error,holding that a jury is presumed to follow the trial courts instructions,holding that courts accurate response to jury query limited to answering the query was not an abuse of discretion even though the court did not repeat its earlier accurate jury instructions,holding that the ninth circuit erred because the state appellate courts conclusion that one incorrect statement in jury instructions did not render the instructions likely to mislead the jury was not unreasonable,holding that district court did not abuse its discretion in giving jury instructions that taken together fairly and adequately conveyed the issues to the jury
53,"affirm. 1 . Rizzo is incorrect that the linguistic difference between § 507(a)(8)(E) and subsection (a)(8)(C) — which excludes taxes ""required to be collected or withheld and for which the debtor is liable in whatever capacity "" — matters. Id. (emphasis added). This portion of subsection (a)(8)(C) simply codifies what the Supreme Court had already held in United States v. Sotelo, 436 U.S. 268, 98 S.Ct. 1795, 56 L.Ed.2d 275 (1978): that, even in the absence of such statutory language, a debtor’s derivative liability for corporate taxes is non-dischargeable in bankruptcy. Id. at 274-75, 278-81, 98 S.Ct. 1795. 2 . This principle is not at all alien to the federal system, as federal tax obligations have been interpreted in an identical manner. See Gallet-ti, 541 U.S. at 123, 124 S.Ct. 1548 (<HOLDING>); United States v. Holmes, 727 F.3d 1230, 1235",44116,7126,2,case_hold_mc,holding that the assessment is given the force of a judgment and if the amount assessed is not paid when due administrative officials may seize the debtors property to satisfy the debt,holding a corporate officer individually liable without piercing the corporate veil because he specifically directed sanctioned and actively participate in the maintenance of the nuisance,holding that a derivatively liable corporate officer need not be separately assessed because the consequences of the assessment  attach to the tax debt without reference to the special circumstances of the secondarily liable parties,holding that a corporate officer signing a contract in his corporate capacity is generally not liable for damages under the contract,holding that cause of action for malpractice did not arise until the tax deficiency was assessed because prior to assessment the plaintiff had not been injured
54,"Corp., 1991 WL 222071 (E.D.Pa. Oct. 23, 1991), the court noted [d]efenses which the defendants could raise against the named plaintiff individually, such as reliance or damages, but not against the class will not defeat typicality. [Eisenberg, 766 F.2d at 786]. Where the named plaintiffs right to recover may ultimately be affected by a unique defense but it will not affect his ability to present the case on the liability of the defendants to the plaintiff class, his claim is not atypical____ Basically, this issue or [sic] reliance or lack thereof is a question of fact which is not appropriately resolved at this stage. It is a defense and can be raised when it is proper to raise a defense. Id. at *4; see also Zeffiro v. First Pa. Banking and Trust Co., 96 F.R.D. 567, 570 (E.D.Pa.1983) (<HOLDING>). After Eisenberg, however, which was decided",44977,7267,0,case_hold_mc,recognizing that where representative plaintiff and other members of class share an interest in prevailing on similar legal claims particular differences in amount of damages claimed or of availability of certain defenses against class representative may not render his or her claims atypical,recognizing that authorized representative may be general or only for a certain claim,holding that the claims of the class representative and class members must be based on the same legal or remedial theory,holding that a a representative plaintiff acts as fiduciary for the others requiring the representative to act in the best interest of class,holding that in class action the claim or defense of the representative party must be typical of the claim or defense of each member of the class
55,"fees in arbitration. For instance, in Green Tree Fin. Corp.Alabama v. Randolph, the Court recognized that “[i]t may well be that. the existence of large arbitration costs could preclude a litigant such as Randolph from effectively vindicating her federal statutory rights in the arbitral forum.” 531 U.S. 79, 90, 121 S.Ct. 513, 148 L.Ed.2d 373 (2000). Ultimately, however, the Court sidestepped the issue because Randolph “failed to support” her assertion that “arbitration costs are high” with probative evidence. Id. at 90 n. 6, 121 S.Ct. 513. In Rent-A-Center, the Court once again recognized that a sufficiently robust challenge to arbitration fee-splitting could invalidate an arbitration clause, and specifi cally a delegation clause. See Rentr-A-Center, 561 U.S. at 74, 130 S.Ct. 2772 (<HOLDING>). And in American Express Co. v. Italian Colors",45835,7413,1,case_hold_mc,holding dispute under collective bargaining agreement not arbitrable as delegation of nondelegable authority without reference to whether provision was consented to by parties,holding that litigant could have challenged substantive unconscionability of delegation clause by showing that he was subject to an unfair   feesplitting arrangement but noting that the plaintiff did not make any arguments specific to the delegation provision,holding claim of unconscionability requires showing of both procedural and substantive elements,holding that courts should address a procedural unconscionability defense to the enforcement of an arbitration provision,holding that the plaintiff had failed to establish procedural unconscionability since he had a reasonable opportunity to consider the agreement and the arbitration clause was clearly set forth in the contract
56,"was not material. The failure to disclose this information undermines confidence in the verdict, and we, therefore, reverse the district court’s denial of habeas relief on this claim. There are three components of a Brady claim: (1) the evidence at issue must be favorable to the accused, either because it is exculpatory or because it is impeaching; (2) the evidence must have been suppressed by the State, either willfully or inadvertently; and (3) prejudice must have ensued. Strickler, 527 U.S. at 281-82, 119 S.Ct. 1936. The prosecution’s suppression of evidence favorable to an accused violates due process where the evidence is material, irrespective of the good faith or bad faith of the prosecution. Brady, 373 U.S. at 87, 83 S.Ct. 1194; see Kyles, 514 U.S. at 437, 115 S.Ct. 1555 (<HOLDING>). Evidence is material if “there is a",46692,7544,4,case_hold_mc,holding that duty to disclose not neutralized because evidence was in the hands of the police rather than the prosecutor,holding that the brady rule encompasses evidence known only to police investigators but not the prosecutor,holding state has affirmative duty to disclose favorable and material evidence to defense,holding that police officers have no affirmative duty to search out favorable evidence for the defendant,holding that an individual prosecutor has a duty to learn of any favorable evidence known to the others acting on the governments behalf in the case including the police
57,"[his] debarment is stayed or enjoined, [his] insurance business may be severely damaged” because “[l]ong-standing clients ... [may be] unwilling, or unable, to do business with a debarred individual” and it will be difficult for him to attract new customers. Id. ¶ 12. While these statements by Feiner-man hardly present an overwhelming case for a finding of irreparable injury, they do suggest that he is likely to suffer at least some degree of irreparable injury absent preliminary injunctive relief, which may be sufficient to warrant injunctive relief depending on the degree to which the other factors considered in assessing a plaintiffs motion for a preliminary injunction favor the plaintiff. See CityFed Fin. Corp. v. Office of Thrift Supervision, 58 F.3d 738, 747 (D.C.Cir.1995) (<HOLDING>). The defendant argues that “monetary loss is",47537,7683,4,case_hold_mc,holding that a motion for a preliminary injunction and a hearing on that motion were insufficient to prevent the plaintiff from dismissing by notice,holding that injunction seeker must demonstrate no adequate remedy at law,holding that plaintiffs were not entitled to a preliminary injunction,holding misrepresentation must at least be partial cause of plaintiffs injury,holding that a party seeking a preliminary injunction must demonstrate at least some injury to succeed on his motion quoting sampson 415 us at 88 94 sct 937
58,"decree that Sanderson had chosen not to include in her motion for contempt. 3 . The use of a judge’s stamped signature is permissible and valid. See In re Barber, 982 S.W.2d 364, 367 (Tex.1998) (orig. proceeding) (""[A] judge may sign a document by directing another person who is under the judge’s immediate authority to affix the judge’s signature using a rubber stamp.”). 4 . Sanderson complains that there is no docket entry indicating the existence of a final order prior to the trial court's dismissal order. However, the mere absence of a docket entry regarding the approval of the Report for Contempt does not operate to invalidate the trial court's approval of the Report for Contempt as an order of the court. See Guyot v. Guyot, 3 S.W.3d 243, 246-48 (Tex.App.-Fort Worth 1999, no pet.) (<HOLDING>). 5 . Sanderson also contends that the report",48390,7815,2,case_hold_mc,holding that evidence not submitted to the district court cannot be part of the record on appeal,holding that testimony concerning the content of certified docket entries admitted into evidence only through an fbi agent who read the docket entries into the record in lieu of admission of the redacted docket was pursuant to the public records exception to the hearsay rule under the federal rules of evidence admissible to show the existence of prior misdemeanor convictions for certain purposes,recognizing that docket entries form no part of the record that may be considered on appeal because they are inherently unreliable,holding appeal of termination is limited to information that is part of the record,holding that opinions of nonexamining sources may be considered where they are supported by evidence in the record
59,"use herein, which allows for the fact that, just because something is quantifiable in principle, the quantity need not be ascertainable in precise terms in a given case to maintain its character as pecuniary. 21 . See United States v. Blagojevich, 794 F.3d 729, 734-39 (7th Cir. 2015) (discussing, in the context of a Hobbs Act bribery prosecution of the then-Governor of Illinois, the distinction between accepting something of value for an official act and ""logrolling,” the solicitation of political favors in exchange for same; observing that, for example, under an expansive interpretation, it would be criminal for a sitting governor to solicit federal funds for public works projects in exchange for appointing a particular individual to a vacant Senate seat); cf. Moran, 104 A.3d at 1147 (<HOLDING>). 22 . For reasons set forth at greater length",49249,7961,4,case_hold_mc,holding that defense of fraud was waived where no special issue was submitted and there was disputed evidence,holding that a tortfeasor is required to pay the expenses of over treatment or unnecessary medical treatment unless such treatment was incurred by the victim in bad faith ,holding that imposition occurs at time of oral pronouncement,holding that imposition occurs at time of entry of judgment,holding that bribery only occurs where there is some offer of special treatment in exchange for something of value
60,"need for a meaningful nexus between the restriction imposed and the legitimate government purpose). We further noted that “the differential treatment” of the parties specified in the Act was “neither suggestive of punitive purpose nor particularly suspicious.” Id. at 690; see also BellSouth I, 144 F.3d at 67 (finding other portions of the Telecommunications Act to serve rational and nonpunitive purposes and that the selectivity of the Act was “quite understandable without resort to inferences of punitive purpose”). By contrast, other cases make clear that where there exists a significant imbalance between the magnitude of the burden imposed and a purported nonpunitive purpose, the statute cannot reasonably be said to further nonpunitive purposes. See Consol. Edison Co., 292 F.3d at 354 (<HOLDING>). Because such an imbalance belies any",50109,8099,3,case_hold_mc,holding that in order for there to be state debt in the constitutional sense one legislature in effect must obligate a future legislature to appropriate funds to discharge the debt created by the first legislature,holding that when the legislature enacts a statute it is presumed that the legislature is aware of existing statutes,holding that error was plain when the district courts ruling was obviously contrary to the text of a federal statute,holding a statute to be a bill of attainder where the legislature piled on a burden that was obviously disproportionate to the harm caused,holding that the burden is on the plaintiff
61,"superintendent for review, regardless of whether the inmate makes a formal appeal of that favorable action. 7 N.Y.C.R.R. § 701.7(a)(4)(vi). There is no similar procedure available for automatic advancement of a favorable ruling from the superintendent to the CORC. While the superintendent has a duty “to obtain verification of compliance with grievance decisions favorable to the inmate,” 7 N.Y.C.R.R. § 701.7(b)(7), DOCS regulations fail to provide inmates with further procedural recourse where the superintendent breaches that duty. Indeed, there is no mechanism in DOCS regulations that allows inmates to appeal a favorable decision where prison officials fail to implement that decision. See Kaplan v. New York State Dep’t of Corr. Servs., 2000 WL 959728, at *2-3 (S.D.N.Y. July 10, 2000) (<HOLDING>); see generally 7 N.Y.C.R.R. §§ 707.7(b)(7),",50962,8228,3,case_hold_mc,holding that the prisoner has the burden of demonstrating he has exhausted his administrative remedies in his complaint,recognizing that officials failure timely to respond to grievance could be basis for prisoner to show he exhausted available administrative remedies,holding that a texas prisoner who had not exhausted his clearly available administrative remedies was properly denied habeas relief in the district court,holding prisoner who successfully appealed grievance had exhausted available administrative remedies even though he did not appeal the nonimplementation of the recommendation to the corc,holding that a prisoner exhausted his administrative remedies even though his grievance was untimely
62,"115 (Tex.1998); Comm'n for Lawyer Discipline v. Benton, 980 S.W.2d 425, 441 (Tex.1998). HIGGINSON, Circuit Judge, specially concurring: I write separately to make two further observations. First, the plaintiffs contend that the Ordinance is preempted by Congress’s exclusive occupancy of the fields of removal, harboring, and registration. In my view, the Supreme Court’s unanimous decision authored by Justice Brennan in DeCanas v. Bica, 424 U.S. 351, 96 S.Ct. 933, 47 L.Ed.2d 43 (1976), forecloses this argument. The Ordinance regulates the ability of non-citizens to obtain rental housing, and Congress has not determined that the housing of non-citizens falls within its exclusive authority. See Chamber of Commerce of U.S. v. Whiting, — U.S. -, 131 S.Ct. 1968, 1985, 179 L.Ed.2d 1031 (2011) (<HOLDING>) (quoting Gade v. Nat’l Solid Wastes Mgmt.",51819,8356,1,case_hold_mc,holding that the preemption provision of the act does not apply to a fraud prosecution because there is no conflict with state insurance regulation,holding that ijmplied preemption analysis does not justify a freewheeling judicial inquiry into whether a state statute is in tension with federal objectives ,holding removal and preemption are distinct concepts erisa preemption does not allow removal unless complete preemption exists,holding that judicial analysis of the preemption under  1144 cannot help a federal court determine whether it has subjectmatter jurisdiction,holding that tension in supreme court cases can be resolved by reading complete preemption as a term of art  a description of the specific situation in which a federal law not only preempts a state law to some degree but also substitutes a federal cause of action for the state cause of action thereby manifesting congresss intent to permit removal
63,"are merely jurisdictional statutes, and do not create “a substantive right enforceable against the Government by a claim for money damages.” United States v. White Mountain Apache Tribe, 537 U.S. 465, 472, 123 S.Ct. 1126, 155 L.Ed.2d 40 (2003). Instead, the substantive right must arise from another source of law, United States v. Mitchell, 463 U.S. 206, 216, 103 S.Ct. 2961, 77 L.Ed.2d 580 (1983), that, in general, “ ‘can fairly be interpreted as man dating compensation by the Federal Government for the damages sustained,’” United States v. Testan, 424 U.S. 392, 400, 96 S.Ct. 948, 47 L.Ed.2d 114 (1976) (quoting Eastport S.S. Corp. v. United States, 178 Ct.Cl. 599, 372 F.2d 1002, 1009 (1967)); see also Loveladies Harbor, Inc. v. United States, 27 F.3d 1545, 1554 (Fed.Cir.1994) (en banc) (<HOLDING>). To make such a showing, a plaintiff must only",52675,8486,4,case_hold_mc,holding that im proper means may be wrongful by reason of a statute or other regulation or a recognized rule of common law or perhaps an established standard of a trade or profession,recognizing federal constitutional claim against the united states,holding that plaintiffs express contract with the surety company precludes an implied contract with defendant,holding that where a city enters contract in excess of its statutory power the mere fact that the municipality has received the benefits of the contract which has been performed by the other party does not make the municipality liable either on the theory of ratification estoppel or implied contract in order to do justice to the other party by paying the reasonable value of the property or services,holding that the other source of law might be a moneymandating constitutional provision statute or regulation that has been violated or an express or implied contract with the united states
64,"agency’s interpretation.” Hennepin County Med. Ctr. v. Shalala, 81 F.3d 743, 748 (8th Cir.1996). The RRA does not define “personally assisted.” In the absence of an express definition for a term used in a statute, we interpret words as having their ordinary, common mean ing. United States v. Fountain, 83 F.3d 946, 952 (8th Cir.1996). We have previously held that conduct similar to that admitted by Hansl constitutes personal assistance in persecution. Friedrich, 402 F.3d at 846 (“By guarding the perimeters of ... [three] concentration camps to ensure that prisoners did not escape from these unspeakable conditions, Friedrich personally assisted in the persecution that occurred in those camps, within the meaning of the RRA.”); see also Ne-gele v. Ashcroft, 368 F.3d 981, 983 (8th Cir.2004) (<HOLDING>); United States v. Kumpf, 438 F.3d 785, 2006 WL",53536,8627,0,case_hold_mc,holding that serving as an armed ghetto and concentration camp guard for the ss deaths head battalion constitutes assisting in nazi persecution for purposes of the holtzman amendment 8 usc  1182a3ei,holding that persecution based on being a current member of the military national police force or us embassy guard does not qualify as persecution on a protected ground,holding that the illinois crime of failure to report for imprisonment is not a violent felony for purposes of the armed career criminal act,holding that a conviction for florida armed robbery is a crime of violence under the armed career criminal act,holding that to show an objectively reasonable fear of future persecution an applicant must establish that he would be singled out for persecution or that there was a pattern or practice of persecution of similarlysituated individuals
65,"EPA the authority to promulgate regulations and grant air permits for activities on the OCS. The EPA exercised that authority through a formal process that included multiple rounds of public notice and comment, various petitions for administrative review, and two reasoned EAB decisions upholding the air permits at issue. We join our sister circuits in concluding that the EAB proceeding is a formal adjudication that warrants Chevron deference. See In re Lyon Cnty. Landfill, 406 F.3d 981, 984 (8th Cir.2005) (“EAB decisions ... are formal adjudications consistent with the Administrative Procedure Act ..., and due Chevron deference.”) (citing United States v. Mead Corp., 533 U.S. 218, 228, 121 S.Ct. 2164, 150 L.Ed.2d 292 (2001)); Sultan Chemists, Inc. v. EPA, 281 F.3d 73, 79 (3d Cir.2002) (<HOLDING>); Piney Run Pres. Ass’n v. Cnty. Com’rs of",54398,8763,3,case_hold_mc,recognizing that where the statutory language is not ambiguous  the plain and ordinary meaning of the statute must be given effect,holding that indiana courts will only engage in statutory interpretation if the language of the statute is ambiguous,holding that rules of contract construction are to be applied where the language used is ambiguous,holding that an eab proceeding is a formal adjudication to which courts should defer under mead if the statutory language is ambiguous,holding that an adjudication on summary judgment is an adjudication on the merits
66,"of care. He also reminds the Court that he is banned from the only Texas property he owned, and would thus have no place to reside in Texas. Although on its face, the rule of law regarding the citizenship of a prisoner for diversity purposes appears to support Leblanc’s claim to be a citizen of Louisiana based solely on his assertion that he intends to relocate to Louisiana, Leblanc has not cited nor, after an extensive search, has this Court located caselaw favoring the application he seeks. In the relevant cases, the courts have determined that the prisoner’s citizenship lies either in the state of his citizenship prior to incarceration or in the state where he is currently incarcerated, depending upon his expressed intent. See Stifel v. Hopkins, 477 F.2d 1116, 1124 (6th Cir.1973) (<HOLDING>); Bontkowski 305 F.3d at 763 (citing the",55254,8898,2,case_hold_mc,holding that the district court did not err in continuing the trial without defendant when the trial had commenced in defendants presence he vigorously expressed his desire to be absent he was given ample opportunity to change his mind despite the disturbance he had created he had competent counsel and he knew of his right to be present,holding that a state has subject matter jurisdiction to grant a divorce if one of the spouses is domiciled in the state,holding that a prisoner may show he has developed the intention to be domiciled in the state in which he is incarcerated when his citizenship prior to incarceration was elsewhere,holding that the prisoner has the burden of demonstrating he has exhausted his administrative remedies in his complaint,holding that a suspect must be warned prior to any questioning that he has the right to remain silent that anything he says can be used against him in a court of law that he has the right to the presence of an attorney and that if he cannot afford an attorney one will be appointed for him prior to any questioning if he so desires
67,"maritime contract and since the charter party contains an arbitration clause providing for arbitration in New York, with awards to be confirmable by a court with maritime jurisdiction in New York; therefore, defendant has made the showing required under 9 U.S.C. § 9 for an application for an order confirming the arbitration award, and plaintiffs would have to meet the standards laid down in 9 U.S.C. § 10 in order to vacate the award. Defendant contends that pursuant to 9 U.S.C. § 202 ,the award is governed by the Convention rather than the Act, since the underlying relationship between the parties is commercial and since one of the parties is a foreign corporation. See Anteo Shipping Co. v. Siderman S.p.A., 417 F.Supp. 207 (S.D.N.Y.1976), aff’d in open court, 553 F.2d 94 (2d Cir. 1977) (<HOLDING>). The Second Circuit has more recently noted,",56106,9041,1,case_hold_mc,holding that a financial guaranty payable in new york is a contract to perform services in new york subjecting foreign guarantor to jurisdiction under  302a1,holding convention applicable in prearbitration dispute between two foreign corporations where the arbitration was to take place in new york,holding that a divorce granted at a foreign consulate in new york was not valid for immigration purposes because it did not comply with new york law,holding that new york convention governed award rendered in the united states that arose out of dispute involving two nondomestic parties and one united states corporation,holding that contract signed in new york by promisor from florida and partially performed in florida was governed by new york law because it was executed in new york
68,"ORDER ON CONSIDERATION WHEREOF, IT IS HEREBY ORDERED, ADJUDGED, AND DECREED that the judgment of said District Court be and it hereby is AFFIRMED. Dionisio Hernandez appeals from ent violation. In fact, the charge given here tracked closely the New York statute defining intent. See N.Y. Penal L. § 15.05(1). And the trial court did not err by instructing the jury that it need not find that Hernandez had the requisite intent for any particular period of time before he fired his gun as long as he possessed the intent at the time of shooting. See People v. Payne, 3 N.Y.3d 266, 786 N.Y.S.2d 116, 118, 819 N.E.2d 634 (2004) (<HOLDING>). Because there was no error in the charge, the",56966,9184,1,case_hold_mc,holding that first and seconddegree intentional murder verdicts are consistent with a felony murder verdict because lack of intent is not an element of seconddegree felony murder,holding that intentional murder does not require planning or contrivance,holding that conspiracy to commit murder is not lesserincluded offense of firstdegree murder,holding that indictment for murder in the first degree charges murder by whatever means it may have been committed regardless of the theory of murder presented to the grand jury,holding that where both firstdegree and felony murder were possible bases for a murder conviction a jury instruction that suggested the jury could rely on felony murder as the predicate offense for a conviction for conspiracy to commit murder was improper because under arizona law a conviction for conspiracy to commit firstdegree murder requires a specific intent to kill
69,"reasons, I would affirm the judgment below. 2 . There also was evidence suggesting that Fi-corilli may have known of Noble's concerns about race discrimination months earlier. Al- . though Ficorilli and Lawrence claim that they never discussed Noble on the one occasion when the two managers met, it was for the . jury to determine the veracity of this claim, particularly because both Ficorilli’s and Lawrence's credibility was undermined at trial. Based on the totality of the evidence, it would haye been reasonable to infer that Lawrence, who harbored racial animus toward Noble, informed Ficorilli of Noble's prior complaints of race discrimination in order to negatively impact Noble’s employment under Ficorilli. Cf. Dey v. Colt Const. & Dev. Co., 28 F.3d 1446, 1458-59 (7th Cir.1994)",57656,9305,4,case_hold_mc,holding that summary judgment was justified in a case where the plaintiffs sole proof of the harassers homosexuality was the victims subjective belief that the harasser was gay and where numerous coworkers denied this claim,holding that the plaintiff failed to establish a prima facie case of retaliation because there was no evidence that the decisionmaker knew of the plaintiffs protected conduct,holding that plaintiff could not establish a prima facie case of retaliation without evidence that the decisionmaker knew about plaintiffs protected activity when he made the decision that resulted in the adverse action,holding that liability attaches if the decisionmaker merely rubber stamps the recommendation of the retaliating supervisor or if the retaliating supervisor dupes the decisionmaker into taking action or otherwise controls the decisionmaker,holding that the court must assume on summary judgment that the nondecisionmakerharasser relayed the plaintiffs complaints about sexual harassment to the decisionmaker even though both the harasser and the decisionmaker denied this fact the harasser was present at the meeting in which it was decided that plaintiff would be terminated he had an incentive to pass on this information and his credibility was in question as to other matters
70,"T.M. claims that he was unaware of the original proceedings on September 6, 1989, and the order entered September 12, in which the children were adjudicated to be juveniles within the provisions of § 43-247(3)(a). R.B. appeared at the adjudication hearing, waived her right to counsel, and admitted the allegations in the petition. This court notes that T.M. is the biological father of the four children, that a divorce proceeding was pending in Colorado on the date of the hearing in Nebraska and on the date the children were adjudicated, and that T.M. possessed all of the constitutionally protected rights of a parent at that time. Yet, pursuant to the record before this court, he was denied notice of the hearing. See In re Interest of L. V., 240 Neb. 404, 482 N.W.2d 250 (1992) (<HOLDING>). The juvenile code requires that notice of an",58454,9432,2,case_hold_mc,holding care custody and control of children is a fundamental right,holding that although parents have a fundamental right to the care and custody of their children they have no fundamental right to allocate support to their children as they see fit,recognizing that noncustodial parents have a fundamental liberty interest in the care custody and management of their children,recognizing in dictum parents right to care custody management and companionship of their children,recognizing fundamental right of parents to care for their children
71,"recorded in the journal of the governing body’s proceedings; (2) a copy of the record of the proceedings must be signed by the mayor; (3) a copy of the record of the proceedings must be attested by the municipality’s clerk or secretary under the corporate seal; and (4) a copy of the record of the proceedings must be filed and recorded in the office of the county clerk of the county in which the municipality is located. The governing body of a type B general-law municipality consists of five aldermen. Tex. Loc.Gov’t Code Ann. § 23.021 (Vernon 1988). To meet the two-thirds requirement, four of the five aldermen must vote to make the change at a regular meeting. Etheridge, 32 S.W.2d at 830 (co 8 (Tex.Civ.App.—Fort Worth 1956, no writ); City of West Lake Hills, 466 S.W.2d at 728 (Tex.1971) (<HOLDING>). Here, there were only three aldermen present",59304,9577,2,case_hold_mc,holding that although samesex partner may have been able to prove her status as a de facto parent such status was not sufficient to establish parental rights to custody and visitation over the objection of the biological mother,holding that de facto type a status was achieved where the only violation of the statute was the failure to file the ordinance with the county clerk,holding that 16 years justifies de facto status,holding that a de facto parents rights do not infringe on the fundamental liberty interests of the other legal parent in a family unit because de facto status can be achieved only through the active encouragement of the biological or adoptive parent by affirmatively establishing a family unit with the de facto parent and child or children that accompany the family,holding de facto custodian status does not remove the presumption in favor of natural parents obtaining or retaining custody of their children
72,"Absent jurisdiction conferred by statute, district courts lack power to consider claims. This limitation is doubly significant for suits against the federal government, which, absent express waiver, are barred by the doctrine of sovereign immunity. Kansas v. United States, 204 U.S. 331, 341, 27 S.Ct. 388, 390-91, 51 L.Ed. 510 (1907). The relevant statutory provisions governing marine casualty reporting and investigations at issue here do not provide directly for f the agency’s inquiry and challenge the final agency decision. Standard Oil, 449 U.S. at 244-45, 101 S.Ct. at 495-96. An attack on the authority of an agency to conduct an investigation does not obviate the final agency action requirement. See Aluminum Co. of Am. v. United States, 790 F.2d 938, 942 (D.C.Cir.1986) (Scalia, J.) (<HOLDING>); Ticor Title Ins. Co. v. FTC, 814 F.2d 731,",60165,9726,3,case_hold_mc,holding that chevron deference is due only when the agency acts pursuant to delegated authority and the agency action has the force of law,holding that any fact that increases a sentence beyond the prescribed statutory maximum must be proven beyond a reasonable doubt to a jury,holding that administrative implementation of a particular statutory provision qualifies for chevron deference when it appears that congress delegated authority to the agency generally to make rules carrying the force of law and that the agency interpretation claiming deference was promulgated in the exercise of that authority,holding claim that agency action is beyond statutory authority does not make any difference for finality analysis,holding that any fact that increases the penalty for a crime beyond the prescribed statutory maximum must be submitted to a jury and proved beyond a reasonable doubt
73,"the courts. Although, before now, we have not addressed directly this precise question, we have indicated in dicta that “the provision of counsel can be a means of accessing the courts” that satisfies a state’s constitutional obligation to provide pretrial detainees with access to the courts. Benjamin v. Fraser, 264 F.3d 175, 186 (2d Cir.2001) (considering whether prison restrictions on detainees’ contact with their attorneys violated the detainees’ constitutional rights to counsel and of access to the courts). Moreover, several of our sister circuits already have interpreted appointment of counsel as a valid means of providing pretrial detainees and other prisoners with constitutionally mandated access to the courts. See, e.g., United States v. Smith, 907 F.2d 42, 45 (6th Cir. 1990) (<HOLDING>); Peterkin v. Jeffes, 855 F.2d 1021, 1042 (3d",61023,9861,1,case_hold_mc,recognizing that a criminal defendants right to counsel is the right to the effective assistance of counsel,holding that the state does not have to provide access to a law library to defendants in criminal trials who wish to represent themselves and waive their right to counsel,holding that the total denial of all access to the law library for seven months violated the plaintiffs constitutional right of access to the courts,holding that prisoner did not have right to access law library because he had courtappointed counsel,holding that defendants have a right to counsel in criminal proceedings
74,"for and to receive cable services. Alternatively, plaintiff maintains that even if defendant’s decision to charge for the cable guide was a contract modification, the modification was invalid because it was not supported by consideration. Defendant contends that the trial court properly granted summary judgment on this issue because defendant’s actions constituted a valid contract modification that plaintiff ratified by paying for and receiving defendant’s services. A contract without a specified duration is terminable at will by either party. Alderman Drugs, Inc. v. Metropolitan Life Insurance Co., 161 Ill. App. 3d 783, 515 N.E.2d 689 (1987). A terminable-at-will contract may be unilaterally modified. Garber v. Harris Trust & Savings Bank, 104 Ill. App. 3d 675, 432 N.E.2d 1309 (1982) (<HOLDING>); see also Langendorf v. Irving Trust Co., 244",61881,9992,2,case_hold_mc,holding arbitration clause in credit card agreement unconscionable,recognizing statutory credit,holding that a credit issuing bank did not breach a credit agreement when it unilaterally modified the terms,holding that  1823e does not apply to a claim relating to a letter of credit a letter of credit is a liability not an asset,holding in the context of a fcra violation that a jury could find that a consumers credit score was negatively influenced by the failure to list a debt as disputed because evidence was presented that when a credit reporting agency received notice of a dispute it records the dispute in the credit report and does not include the derogatory information in assessing the credit score
75,"claim is one way a complaint can establish the necessary indicia of reliability that a false claim was actually submitted. See, e.g., Hopper, 588 F.3d at 1326; Atkins, 470 F.3d at 1358. However, there is no per se rule that an FCA complaint must provide exact billing data or attach a representative sample claim. See Clausen, 290 F.3d at 1312 & n. 21 (listing some of the types of information that might help a plaintiff plead the submission of a claim with particularity but cautioning that Rule 9(b) “does not mandate all of this information for any of the alleged claims”); see also Durham v. Bus. Mgmt. Assocs., 847 F.2d 1505, 1512 (11th Cir.1 hand knowledge of the defendants’ billing practices is unlikely to have a sufficient basis for such an allegation. See Atkins, 470 F.3d at 1359 (<HOLDING>). Additionally, a corporate outsider likely",62741,10121,2,case_hold_mc,holding that rule 9b applies to fca,holding that rule 9b was satisfied where the relator was a nurse practitioner in the defendants employ whose conversations about the defendants billing practices  with the defendants office manager formed the basis for the relators belief that claims were actually submitted to the government,holding that rule 9b was not satisfied where the relator was a doctor who did not allege firsthand knowledge of the hospitals submission of false claims,holding that apparel cleaners submission of false statements of their receipts a percentage of which were to be paid to the united states did not constitute false claims within the meaning of the federal false claims act,holding that relators failure to meet the particularity requirements of rule 9b did not bar his claim where the relator was a former employee of the defendants and lacked access to records and documents in the possession of the defendants that contained information necessary to plead with particularity
76,"the effect of the Sworn Statement in Proof of Loss. The purpose of a proof of loss is to advise the insurer of facts surrounding the loss for which a claim is being made, and to afford the insurer an adequate opportunity to investigate, to prevent fraud, and to form an intelligent estimate of its rights and liabilities. Great Central Ins. Co. v. Cook, 422 S.W.2d 801, 806 (Tex.Civ.App.-Dallas 1967, no writ); 13 Couch on InsuRance § 186:22 (3d ed. 2003). Statements made in proofs of loss are not conclusive as to the claimant, provided they were made in good faith and without an intent or attempt to defraud the insurer. Cook, 422 S.W.2d at 806; 13 Couch on Insurance § 197:14 (3d ed. 2003); see Supreme Lodge, K of P. v. Beck, 181 U.S. 49, 55, 21 S.Ct. 532, 534, 45 L.Ed. 741 (1901) (<HOLDING>); Stevens v. State Farm Fire and Cas. Co., 929",63595,10266,0,case_hold_mc,holding that statements in proof of loss are not conclusive claimant could explain statements,holding that only deliberate clear and unequivocal statements can constitute conclusive judicial admissions,holding rule 16 does not apply to oral statements other than statements of the defendant,holding that defendant could not be liable for distributing defamatory statements unless it knew or had reason to know of statements,holding that the burden of proof is on the claimant
77,"John Donovan, Justice Following mediation of the underlying dispute in this case, a Rule 11 settlement agreement (“the Agreement”), containing a provision to arbitrate “any disagreement re 644, 647-48 (Tex. App.-San Antonio 2002, pet. denied) (<HOLDING>)). We therefore reject Cellex’s argument that",64447,10422,0,case_hold_mc,holding that notice of appeal from default judgment that was the final order in the case also allowed appellant to raise appellate issues challenging prior interlocutory order dismissing part of case for want of prosecution,holding that the appeal was properly before the court where the appellant appealed from an order amending a prior order without appealing from the prior order,holding that appellant could challenge interlocutory partial summary judgment even though notice of appeal stated that appeal was from order sustaining subsequent plea to the jurisdiction,holding that issues resolved in favor of the prosecution cannot be considered on the prosecutions interlocutory appeal from an order granting the defendants suppression motion,holding that an order was interlocutory in nature despite the trial courts certification of the order as a final appealable judgment
78,"to the trial court in conducting voir dire in the area of pretrial publicity and in other areas of inquiry that might tend to show juror bias.” Mu’Min, 500 U.S. at 427, 111 S.Ct. 1899. Even though Davis’ counsel was not allowed to ask more specific questions regarding the publicity, every seated juror stated his or her willingness and ability to set aside the effect of publicity and to approach the case with an open mind. Further probing as to the specific contents of the juror’s media exposure obviously could have been beneficial to Davis for purposes of exercising his peremptory challenges, but Mu’Min explicitly has rejected this benefit as a basis for bringing a constitutional challenge to the adequacy of the state court voir dire proceedings. See id. at 424-25, 111 S.Ct. 1899 (<HOLDING>). The court finds that the fact that the state",64753,10465,4,case_hold_mc,holding that a defendants exercise of peremptory challenges  is not denied or impaired when the defendant chooses to use a peremptory challenge to remove a juror who should have been excused for cause,holding that genderbased peremptory challenges also violate the fourteenth amendment,holding that peremptory challenges may not be exercised in a discriminatory manner,holding that constitutional claims are extraneous resentencing issues that a court cannot address during a  3582c2 proceeding and that a defendant is entitled to raise constitutional challenges to a sentence by making a collateral attack under 28 usc  2255,holding that because peremptory challenges are not constitutionally mandated this benefit cannot be a basis for making content questions about pretrial publicity a constitutional requirement
79,"ample provision for the education of all children residing within the State’s borders, the constitution has created a “duty” that is supreme, preeminent or dominant. Flowing from this constitutionally imposed “duty” is its jural correlative, a correspondent “right” permitting control of another’s conduct. Id. at 511-12 (footnotes omitted). ¶30 The unique stature of the positive right under article IX should cause us to look carefully before repeating general precepts of constitutional interpretation from other contexts. In the typical case in which legislation is challenged on constitutional grounds, the question is whether the legislature has overstepped the bounds of its authority or impermissibly encroached on a recognized individual liberty. See, e.g., Island County, 135 Wn.2d 141 (<HOLDING>). In contrast, protection of a positive or",65608,10610,1,case_hold_mc,holding pennsylvania replevin statute unconstitutional,holding statute authorizing creation of community councils in certain counties was unconstitutional special law,holding that in certain circumstances fraud can be prosecuted under the statute,holding the illinois statute unconstitutional as violating a special legislation proscription,holding that the minorinpossessionofafirearm statute because it was limited to juveniles in maricopa and pima counties was a special or local law that violated ariz const art 4 pt 2  197
80,"to meet his burden of showing that any portion of the deposition was not related to an issue which was present in the case at the time the deposition was taken. Accordingly, the Court finds that as an initial matter Defendant is entitled to costs incurred with respect to Plaintiffs deposition, but now must determine whether all costs associated with the deposition are recoverable under case law. Under the statute, recoverable costs include deposition transcript costs and attendance fees of the court reporter or per diem. Ferguson v. Bombardier Serv. Corp., 2007 WL 601921, * 4 (M.D.Fla. Feb.21, 2007). Although some courts in this circuit allow for the recovery of delivery fees associated with transcripts, see, e.g., Smith v. Quintiles Int’l, 2007 WL 2412844, *4 (M.D.Fla. Aug.21, 2007) (<HOLDING>) and Ferguson v. Bombardier Serv. Corp., 2007",66464,10734,1,case_hold_mc,holding that a newly assigned counsel may be entitled to a continuance based on the criminal defendants sixth amendment right to effective assistance of counsel,holding postage and handing charged by court reporters to send copies of transcripts to counsel may be taxable,holding that reversal required where trial court did not attach portions of the transcripts to refute claim of ineffective assistance of trial counsel for failing to object to improper closing argument,holding that juveniles may waive right to counsel only upon advice of counsel,holding that notice to counsel may be waived
81,"L.Ed.2d 720 (1985); Hudson v. Palmer, 468 U.S. 517, 104 S.Ct. 3194, 82 L.Ed.2d 393 (1984). The cases in this latter category reflect the permissible exceptions to the Fourth Amendment requirements that the Supreme Court has recognized, those being “special” interests or needs searches, undertaken to further some important and legitimate societal interest, other than the general interest in law enforcement. Reflective of such interests are random prison searches designed to ensure the security of penal institutions, see Hudson, at 529, 104 S.Ct. at 3202, 82 L.Ed.2d at 404-405, random drug and alcohol testing in occupations directly impacting the public safety, ensuring public safety by regulating certain occupations, Von Raab, 489 U.S. at 679, 109 S.Ct. at 1398, 103 L.Ed.2d at 710-711 (<HOLDING>); Skinner, 489 U.S. at 634, 109 S.Ct. at 1422,",67322,10871,4,case_hold_mc,recognizing the compelling interest in highway safety,holding that bargaining unit employees have some nontrivial privacy interest in nondisclosure of their home addresses under the freedom of information act and concluding that that interest substantially outweighed the virtually nonexistent public interest in disclosure under foia and the privacy act not the nlra,holding that captain has reasonable expectation of privacy in all areas of his ship,recognizing limits on an individuals right to privacy and requiring the government to move a compelling interest only if there will be disclosure of protected information,holding reasonable a us customs regulation requiring urine testing of all employees who applied for a promotion that required the carrying of a gun and involvement with drug interdiction given that the governments compelling interest in safeguarding borders and public safety outweighed diminished privacy expectation
82,"correspondence with petitioner. See In re Graham, 63 N.C. App. 146, 151, 303 S.E.2d 624, 627 (1983) (“[t]he fact that the respondent was incarcerated for a good portion of this period does not provide any justification for his all but total failure to communicate with or even inquire about his children”) (citing In re Burney, 57 N.C. App. 203, 291 S.E.2d 177 (1982)). Even though the trial court found that respondent claimed to have drawn pictures of Disney characters on some of those letters for the purpose of entertaining the minor child, respondent admitted having sent his last letter to petitioner sometime in 1998. The trial court also noted only one telephone call by respondent to petitioner, in September 1999, during which he claims to have asked about the minor child. See id. (<HOLDING>) (citation omitted). Furthermore, even though",68181,11004,3,case_hold_mc,holding that the special relationship exception does not apply to the relationship between a student and a school,holding that a twoyear delay weighed heavily against the government when the arresting officer knew where the defendant lived and worked and made only weak efforts to contact the defendant,holding no abuse of discretion where judge had personal relationship with government witnesses but had not had contact with them for over ten years,holding that one communication in a twoyear period does not evidence the personal contact love and affection that inheres in the parental relationship ,holding that normal attorneyclient relationship does not bar rule 60b relief when the evidence is clear that the attorney and his client were not acting as one
83,"Neal, 36 F.3d 1190, 1210 (1st Cir. 1994), cert. denied, 519 U.S. 1012 (1996). While, theoretically, we are not bound by the decisions of the First Circuit, we elect to follow the First Circuit on this subject. See State v. Miller, 155 N.H. 246, 256 (2007); see also Sprague, 146 N.H. at 336 (“[T]he IAD is a federal law subject to federal construction.”). Although the defendant’s first motion to dismiss under the IAD could have served to toll the 180-day period, at the time he filed the motion, the 180-day period was already tolled by the continuance of trial from March 10 to September 25, 2006. More significantly, the defendant’s filing of his motion to dismiss did not “occasion” the period of delay from September 25 to November 13, 2006. See Vining v. State, 637 So. 2d 921, 925 (Fla.) (<HOLDING>), cert. denied, 513 U.S. 1022 (1994); Cf. State",69037,11144,1,case_hold_mc,holding that the state did not meet its burden under the iad of establishing that the defendants motions and requests for discovery delayed the trial because 1 the record disclosed no reason why those motions could not have been disposed of within a short time after they were filed 2 there was no evidence the process of discovery did in fact delay the trial and 3 the record failed to suggest how those pleadings could have resulted in delay,holding that although the defendant filed a number of motions because the original trial date never changed as a result of those motions no delay could be attributed to the motions,holding in part that the presumption of public access attaches to pretrialnondiscovery motions whether preliminary or dispositive and the materials briefs and documents filed with the court in support of or in opposition to such motions but not to pretrial discovery motions,holding sanctions were appropriate where party filed motions merely for purposes of delay,holding that motions to dismiss should have been converted into motions for summary judgment where the district court relied upon contract documents submitted by the defendant
84,"damages, whether past, present, or future, and any and all other claims of consequential damages and expenses, including attorney’s fees which have arisen, arise, or which may hereafter arise out of the matters which were alleged in, or could have been alleged in [the case].... In short, we agree with the trial court that it is simply unclear from reading both the proposal language and the language of the attached general release, whether Pool and Spa’s $15,000.00 is meant to include Landlord’s attorney’s fee claim associated with its eviction, or whether the Landlord’s fee claim is excepted from Pool and Spa’s offer. This lack of clarity creates an ambiguity rendering the proposal unenforceable. Nationwide Mut. Fire Ins. Co. v. Pollinger, 42 So.3d 890, 892 (Fla. 4th DCA 2010) (<HOLDING>). We note that, while a stricter compliance",69898,11294,1,case_hold_mc,holding that because the alleged settlement was never approved by the court under rule 9019 the settlement agreement was unenforceable,holding that an ambiguity in the proposal for settlement affected the offerees decisionmaking therefore rendering the proposal unenforceable,holding that a settlement agreement in which the parties failed to agree upon the terms of a release was unenforceable,holding that a settlement agreement is not a court order and therefore a violation of the settlement agreement would not subject a party to contempt,recognizing that terms and conditions of a proposal for settlement should be devoid of ambiguity patent or latent
85,"| ^possibility that there may be a complete failure of payment — that the subcontractor is to bear the risk of the owner’s nonpayment. Nor, contrary to RCI’s suggestion, does the Subcontract contain “unless and until” language. If the Subcontract did contain “unless and until,” “condition precedent,” or similar conditional language, RCI’s argument might be persuasive. In sum, the Subcontract contains no language that would qualify it as a “pay-if- paid” clause; it is a classic “pay-when-paid” provision. Indeed, as Tymeless points out, the language in the Subcontract is indistinguishable from the language in the J.A. Jones subcontract in Southern States. We thus find the trial court erred in construing the language in the Subcontract as a “pay-if-paid” clause. Southern States, supra, (<HOLDING>). Accordingly, we reverse the trial court’s",70747,11431,3,case_hold_mc,holding that instructions are sufficient which substantially follow the language of the statute or use equivalent language,holding when ordinance language is clear courts must give language its plain meaning,holding that essentially equivalent is unconstitutionally vague,holding equivalent language is a paywhenpaid clause,holding that language authorizing an agent to act in my name place and stead in any way which i myself could do is not functional equivalent of language in neill
86,"to “[a]pply commonsense understanding to carry out detailed but uninvolved written or oral instructions. Deal with problems involving a few concrete variables in or from standardized situations.” The DOT job of “assembler, production line” also requires Level 2 reasoning development, but it requires an SVP of 3, defined as “[o]ver 1 month up to and including 3 months.” Plaintiffs job as a production line assembler is considered semiskilled in the DOT, but the record is ambiguous as to whether plaintiffs job as actually performed was semiskilled. That distinction matters here, because defendant is arguing that an inconsistency exists between plaintiffs actual performance of past work and his IQ. Moreover, the production line assembly job, like all of plaintiffs prior jobs, is class 000) (<HOLDING>); Brown, 948 F.2d at 270 (holding that the",71602,11561,0,case_hold_mc,holding that the alj erred in rejecting the iq of a claimant whose work history was limited primarily to working for his father,holding that the claimants intermittent work history as a tree trimmer supported his iq,holding that the alj is not obliged to accept an iq if there is a substantial basis in the record for believing that the claimant was feigning the results,holding that the alj erred in determining that the claimant was disabled when a retrospective diagnosis along with all other medical evidence supported a finding of disability,holding that where there are deficiencies in the record the alj is under an affirmative obligation to develop the relevant medical history even when the claimant is represented by counsel
87,"(5th Cir.2000). 5 . Little v. Liquid Air Corp., 37 F.3d 1069, 1075 (5th Cir.1994) (en banc) (citing Celotex Corp. v. Catrett, 477 U.S. 317, 325, 106 S.Ct. 2548, 91 L.Ed.2d 265 (1986)). 6 . See id. 7 . Matsushita Elec. Indus. Co. v. Zenith Radio Corp., 475 U.S. 574, 586, 106 S.Ct. 1348, 89 L.Ed.2d 538 (1986). 8 . Lujan v. Nat’l Wildlife Fed'n, 497 U.S. 871, 888, 110 S.Ct. 3177, 111 L.Ed.2d 695 (1990). 9 . Little, 37 F.3d at 1075 (quoting Davis v. Chevron U.S.A., Inc., 14 F.3d 1082, 1086 (5th Cir.1994)). 10 . McDonnell Douglas v. Green, 411 U.S. 792, 802-04, 93 S.Ct. 1817, 36 L.Ed.2d 668 (1973). 11 . McCoy v. City of Shreveport, 492 F.3d 551, 556 (5th Cir.2007) (per curiam). 12 . Id. at 557. 13 . Id. 14 . Id. 15 . Tex. Dep’t of Cmty. Affairs v. Burdine, 450 U.S. 248, 253, 101 S.C 992) (<HOLDING>). 23 . Alvarado, 492 F.3d at 614. 24 . Id. 25 .",72459,11694,4,case_hold_mc,holding that reconsideration of the correctness of property division was barred on appeal from the judgment enforcing that division,holding that the attorney generals decision not to provide representation to an employee is reviewable by the appellate division not by the law division where the actions against the employee are pending,holding that there is no constitutional or statutory requirement that a defendants trial take place in a specific courtroom or division within a federal district and that the jury pool need not include anyone from the division in which the crime occurred,holding res judicata applied to improper property division before holding parties were bound by their division agreement,holding that a transfer was a demotion where there was testimony that few people transferred voluntarily from jobs in the plaintiffs prior division to jobs in the plaintiffs new division  everybody viewed a transfer from the plaintiffs new division to the prior division as a promotion and the two departments had different seniority systems
88,"litigation, or in 1995, 1996, 1998, or 1999. These arguments were based upon evidence and events that were not identified in the Brokers' motion for partial summary judgment. 20 . The Brokers’ reply was filed twelve days before the submission date. 21 . We do not give conclusive effect to the use or non-use of commonly-employed decretal words. Constance v. Constance, 544 S.W.2d 659, 660 (Tex.1977). We note, however, that the trial court’s statement that it considered the motion and the response is not ""decretal.” See State v. Reagan County Purchasing Co., 186 S.W.2d 128, 134 (Tex.Civ.App.-El Paso 1944, writ ref'd w.o.m.) (explaining that ""de-cretal"" means the granting or denying of the remedy sought). 22 . Neimes v. Ta, 985 S.W.2d 132, 138-39 (Tex.App.-San Antonio 1998, pet. dism’d) (<HOLDING>). 23 . Cf. Robinson v. State, 240 S.W.3d 919,",73318,11862,2,case_hold_mc,holding that filing of an answer up to the time of signing of judgment renders the judgment an absolute nullity,holding that the filing of notice without motion is insufficient,holding that if the record does not contain an affirmative indication that the trial court permitted a late filing then the filing is a nullity,holding filing of motion for reconsideration does not toll the 30day deadline for filing petition for review,holding that filing of an administrative complaint did not meet the requirement that the employee seek counseling prior to filing
89,"Johnson’s petition for certiorari, vacated this court’s judgment, and remanded his case for further proceedings in light of United States v. Booker, 543 U.S. 220, 125 S.Ct. 738, 160 L.Ed.2d 621 (2005). Johnson’s sentence was imposed prior to the decisions in Booker and its predecessor, Blakely v. Washington, 542 U.S. 296, 124 S.Ct. 2531, 159 L.Ed.2d 403 (2004), and he did not raise objections to his sentence based on the mandatory nature of the sentencing guidelines or the district court’s application of sentencing enhancements based on facts not admitted by him or found by the jury beyond a reasonable doubt. Therefore, we review his sentence for plain error. United States v. Hughes, 401 F.3d 540, 546-60 (4th Cir.2005). In a supplemental brief filed S.Ct. 1254, 161 L.Ed.2d 205 (2005) (<HOLDING>). Johnson did not dispute that he satisfied the",74175,12001,1,case_hold_mc,holding that courts applying taylor may only look to the terms of the charging document the terms of a plea agreement or transcript of colloquy between judge and defendant in which the factual ba  sis for the plea was confirmed by the defen dant or to some comparable judicial record of this information,holding that a courts inquiry as to disputed facts in connection with a prior conviction is limited to the terms of the charging document a plea agreement a transcript of the plea colloquy or a comparable judicial record,holding that court could look only to the statutory definition of a crime the charging document written plea agreement transcript of plea colloquy and any explicit factual finding by the trial judge to which the defendant assented in determining if prior conviction qualified as a generic burglary for purposes of enhanced sentencing under armed career criminal act,holding that a complaints reference to a guilty plea does not make the transcript of the plea proffer integral to the complaint,holding that in determining whether the defendant has a prior conviction for burglary under the armed career criminal act the federal court may look only to the terms of the charging document the terms of a plea agreement or transcript of colloquy between judge and defendant in which the factual basis for the plea was confirmed by the defendant or to some comparable judicial record of this information
90,"of the bankruptcy estate. He maintains that this claim was not part of his bankruptcy estate because it arose in October 2009, after he filed his bankruptcy petition and after BAC acquired the Countrywide entities. The October 2009 request to modify his mortgage loan was part of Mr. Clement-son’s ongoing campaign to keep his home from foreclosure and to arrange a suitable mortgage loan. We determine that this cause of action “is sufficiently rooted in the pre-bankruptcy past and so little entangled with the bankrupt[’s] ability to make an unencumbered fresh start” that it was properly considered part of the bankruptcy estate. Segal v. Rochelle, 382 U.S. 375, 380, 86 S.Ct. 511, 15 L.Ed.2d 428 (1966); see also Parks v. Dittmar (In re Dittmar), 618 F.3d 1199, 1209-10 (10th Cir.2010) (<HOLDING>). Accordingly, we conclude that the district",75035,12140,1,case_hold_mc,holding that pay on death accounts were not part of the bankruptcy estate under  541 because under kansas law debtor had no property interest in the accounts until the death of the owner,holding contingent prepetition property rights were sufficiently rooted in the prebankruptcy past to be part of the bankruptcy estate under 11 usc  541,holding that causes of action for age and sex discrimination that arose prepetition were property of the bankruptcy estate,holding postpetition payments under a prebankruptcy noncompete agreement the debtor entered in connection with the sale of a business in which the debtor was a part owner were sufficiently rooted in the debtors prebankruptcy past that they belonged to the estate where the noncompete agreement was an integral part of the sale,holding the losscarryback refund claims were sufficiently rooted in the prebankruptcy past and so little entangled with the bankrupts ability to make an unencumbered fresh start that they should be regarded as property under  70a5 of the bankruptcy act
91,"the parties, made a decision beyond the adversarial issues presented, made an error in failing to consider controlling decisions or data, or [indicates that] a controlling or significant change in the law has occurred.” Singh, 383 F.Supp.2d at 101. Defendant fails to explain, for example, how the Court erred by requiring NIH to search a facility it owns, for records it requires to be maintained and to which it has access, relating to the care of animals that it owns. Although the Court acknowledges that NIH’s contractor CRL may possess the documents on a day-to-day basis, the D.C. Circuit has made clear that records need not be generated by an agency, or in the actual possession of an agency, for the records to be considered “owned or obtained” by an agency. See Burka, 87 F.3d at 515 (<HOLDING>). Accordingly, Defendant offers no basis for",75888,12278,0,case_hold_mc,holding that various data tapes were owned or obtained by the agency even though they were neither created by agency employees nor  currently located on agency property because the firm that created the tapes acted on behalf of the agency in creating the tapes,holding that the power of any administrative agency to reconsider its final decision exists only where the statutory provisions creating the agency indicate a legislative intent to permit the agency to carry into effect such power,holding that tapes made by fbi informant were admissible under  25112ed,holding an agency decision is not final during the time the agency considers a petition for review,holding deference is owed to the decisionmaker authorized to speak on behalf of the agency not to each individual agency employee
92,"plan, will take place — namely, the debtor’s use of the collateral to generate an income stream. In ordinary circumstances the present value of the income stream would be equal to the collate valuing car to be retained by chapter 13 debtor at retail, rather than wholesale, value); In re Savannah Gardens-Oaktree, 146 B.R. 306, 310 (Bankr.S.D.Ga.1992) (using fair market value to value apartment complex in chapter 11 adequate protection context); In re Usry, 106 B.R. 759, 762 (Bankr.M.D.Ga.1989) (concluding that in light of fact that chapter 11 and chapter 12 debtors planned to retain collateral to produce income, secured claim equaled amount of stipulated fair market value without deduction for hypothetical liquidation costs). 2 See, e.g., In re McClurkin, 31 F.3d 401, 405 (6th Cir.1994) (<HOLDING>); Matter of Rash, 31 F.3d 325, 329-31 (5th",76745,12423,4,case_hold_mc,holding that second sentence of  506a precludes deduction of hypothetical costs of sale in valuing chapter 13 debt ors real property to be retained by debtor,holding that chapter 13 debtors were unable to avoid a creditors unperfected secured claim because they lacked standing,holding that second sentence of  506a precludes deduction of hypothetical costs of sale in valuing chapter 13 debtors real property to be retained by debt or,holding that the secured creditor was only entitled to the amount of its claim as provided in the debtors chapter 13 plan when the destruction of the vehicle yielded insurance proceeds greater than the secured creditors claim,holding that  506a does not require or permit a reduction in the creditors secured claim to account for purely hypothetical costs of sale of chapter 13 debtors residence
93,"to incur financial ruin for public service. Thus, we hold that Section 6322(a) applies to a grand juror who voluntarily applied for grand jury service and was subsequently “summoned” to serve by a court. Although Ms. Hall may not have acted responsibly, she served as a grand juror pursuant to a valid court summons, which under the statute entitles her to court leave. Therefore, we reverse the Claims Court’s grant of summary judgment. III. For the reasons stated above, we reverse the Claims Court’s summary judgment determination with regard to Ms. Hall’s pre-removal claims and remand the issue for a decision in accordance with our opinion. We affirm the Claims Court’s dismissal of Ms. Hall’s post-removal claims. The issue has already been decided by this court. Hall I, 617 F.3d at 1317 (<HOLDING>). REVERSED AND REMANDED IN PART, AND AFFIRMED",77602,12559,0,case_hold_mc,holding that the claims court lacked jurisdiction over ms halls postremoval claims,holding that the united states court of federal claims lacked jurisdiction over claims arising from the violation of a criminal statute,holding that the claims court has no jurisdiction under the tucker act over claims to social security benefits,holding that the court lacked jurisdiction over statelaw tort claims on an interlocutory appeal from a denial of qualified immunity,holding that the court of federal claims lacked jurisdiction over claims arising from the violation of a criminal statute
94,"the charges against him.""). 6 . Leonard v. State, 658 P.2d 798, 799 (Alaska App.1983). 7 . See Smiloff v. State, 579 P.2d 28, 36 (Alaska 1978) (""[The duty to determine competency is not one that can be once determined and then ignored.""); AS 12.47.100(b). 8 . See Dusky, 362 U.S. at 402, 80 S.Ct. 788. 9 . Schade v. State, 512 P.2d 907, 914 (Alaska 1973) (footnote omitted). 10 . Id. (citations omitted). 11 . Id. 12 . See Adams v. State, 829 P.2d 1201, 1207-08 (Alaska App.1992) (Bryner, C.J., concurring) (determination of competency is ultimately a legal matter, not a medical matter and superior court's deference to psychologist's opinion amounted to a failure to exercise judicial discretion and constituted an independent ground for reversal). 13 . See, eg., McKinney, 566 P.2d at 660 (<HOLDING>); see also ABA Criminal Justice Mental Health",78461,12700,4,case_hold_mc,holding that an appellate court must give deference to the trial judges determination of juror competency,holding that the state does not have to prove a defendants competency to stand trial,holding competency standard for pleading guilty or waiving right to counsel is same as competency standard for standing trial and disapproving contrary holding of masthers,holding that competency standard for stand ing trial is same as standard for determining competency to waive right to counsel,recognizing that a defense attorneys opinion on the clients competency or incompetency is an important but not dispositive factor for trial court to consider in its competency determination
95,"826, 618 N.Y.S.2d 50, 50 51 (1994) (denying underinsurance benefits to daughter of corporation's owner because corporate policy provided coverage for 'owned autos only' ""); Kitts v. Utica National Ins. Group, 106 Ohio App.3d 692, 667 N.E.2d 30, 31 (1995), appeal denied, 74 Ohio St.3d 1513, 659 N.E.2d 1289 (1996) (""There, as here, the policy language clearly differentiated between corporate entities and individuals”); Grain Dealers Mut. Ins. Co. v. McKee, 943 S.W.2d 455, 459 (Tex.1997) (rejecting argument that references to family members in policy issued to corporation provided coverage for sole shareholder’s daughter). Recently, an intermediate appellate court in Illinois reached a similar conclusion. Rohe v. CNA Ins. Co., 312 Ill.App.3d 123, 244 Ill.Dec. 442, 726 N.E.2d 38, 43 (2000) (<HOLDING>). 6 . Neither the children nor the amicus",79316,12844,3,case_hold_mc,holding that a hit and run or unknown driver is deemed to be uninsured for purposes of the uninsured motorist statute,holding that language requiring insurer to pay all sums which the insured  shall be legally entitled to recover as damages from the owner or operator of an uninsured automobile includes recovery of exemplary damages under uninsured motorist provision of policy,holding term third party did not include an uninsured motorist carrier,holding business automobile policy issued to a corporation did not provide uninsured motorist coverage for owners son,holding that parent corporation could not waive uninsured motoristunder insured motorist coverage without written consent of subsidiary
96,"discussed by the supreme court in both Heggs and Maddox. As a result of appellant’s failure to utilize the procedural mechanisms available to him for preserving his single subject challenge for appellate review, this court, in keeping with the limitations on the impact of the decision in Maddox, will not consider the merits of the single subject challenge raised by appellant for the first time in his amended initial brief. See Capre v. State, 773 So.2d 92 (Fla. 5th DCA 2000) (declining to reach merits of alleged sentencing error where defendant’s trial had taken place after most recent amendments to rule 3.800(b) and defendant had failed to raise the issue in the trial court or in postsenteneing proceedings pursuant to rule 3.800(b)); Reese v. State, 763 So.2d 537 (Fla. 4th DCA 2000)(<HOLDING>). DAVIS and BROWNING, JJ., concur. 1 . See",80172,12974,0,case_hold_mc,holding that a sentencing error which had been held to be fundamental for defendants falling within the window period identified in maddox could not be raised for the first time on appeal by a defendant who had filed his initial appellate brief outside the window period identified in maddox without having previously raised his sentencing issue in the trial court either by objection or by postsentencing 3800b motion filed before or after the filing of his notice of appeal,holding issue cannot be raised for the first time on appeal but must have been raised to and ruled upon by the trial judge to be preserved for appellate review,holding that an issue not raised in the trial court cannot be raised for the first time on appeal,holding that for defendants whose initial briefs were filed after the effective date of rule 3800b2 the failure to preserve a fundamental sentencing error by motion under rule 3800b or by objection during the sentencing hearing forecloses them from raising the error on direct appeal,holding that failure to preserve a fundamental sentencing error by motion under rule 3800b or by objection during the sentencing hearing forecloses a defendant from raising the error on direct appeal
97,"standard of review on affirmative defense of statute of limitations in KPMG Peat Marwick v. HCH, 988 S.W.2d 746, 748 (Tex.1999)). 8 . Tex. Educ.Code Ann. § 22.051 (Vernon 1996). 9 . Tex. Educ.Code Ann. § 8.006 (Vernon Supp. 2000). 10 . See City of Lancaster v. Chambers, 883 S.W.2d 650, 653 (Tex.1994). 11 . See Tex. Educ.Code Ann. § 22.051(a) (Vernon 1996) (Emphasis added). 12 . Downing v. Brown, 935 S.W.2d 112, 114 (Tex.1996). 13 . Id. 14 . Id. 15 . City of Wichita Falls v. Norman, 963 S.W.2d 211, 215 (Tex.App.—Fort Worth 1998, pet. dism’d w.o.j.). 16 . Kassen v. Hatley, 887 S.W.2d 4, 11 (Tex.1994). 17 . 935 S.W.2d 112 (Tex.1996). 18 . Id. at 114. 19 . Id. 20 . Id. 21 . Id. 22 . Id. 23 . See Nuchia v. Woodruff, 956 S.W.2d 612, 619-20 (Tex.App.—Houston [14th Dist.] 1997, pet. denied) (<HOLDING>); Cortez v. Weatherford Indep. Sch. Dist., 925",81026,13115,4,case_hold_mc,holding that appeal from a decision of the attorney general denying legal representation was before the appellate division as of right to review the final decision of a state officer,holding chief of police an executive officer because a member of the executive branch and an officer,holding that statements made only to supervisor and chief by police officer were matters of public concern,holding the chief of police was an atwill employee because the parties agreed that the chief of police was an appointed officer and the citys charter stated that officers shall be appointed and may be removed by the mayor with consent of the council,holding that chief of police was entitled to immunity for demoting police officer pending appeal of hearing officers decision to contrary because although statute made hearing officers decision final and binding statute nowhere addressed enforceability of decision pending appeal thus chief of polices action was discretionary
98,"the language of § 109(g)(2) is mandatory — i.e., a court must dismiss a bankruptcy petition if the debtor was a debtor in another bankruptcy case within the preceding 180 days and the debtor requested and obtained a voluntary dismissal of the case following the filing of a request for relief from the automatic stay provided by § 362. E.g., In re Bigalk, 813 F.2d 189, 190 (8th Cir.1987); In re Tooke, 133 B.R. 661, 663 (Bankr.M.D.Fla.1991); In re Denson, 56 B.R. 543, 546 (Bankr.N.D.Ala.1986); In re Keziah, 46 B.R. 551, 554 (Bankr.W.D.N.C.1985). A second line of cases appears to suggest that, although § 109(g)(2) is mandatory, § 109(g)(2) applies only if the motion for relief from stay was pending at the time of the voluntary dismissal. E.g., In re Milton, 82 B.R. 637 (Bankr.S.D.Ga.1988) (<HOLDING>); In re Jones, 99 B.R. 412 (Bankr.E.D.Ark.1989)",81884,13272,0,case_hold_mc,holding that  109g2 does not apply when there was no unresolved motion pending at the time when the debtor sought dismissal,holding that  109g2 is discretionary and does not apply if mechanical application would lead to unwarranted results,holding that 42 usc  1997e does not apply to claims pending at the time of passage of the plra,holding that section 101 of the act does not apply retroactively to eases not pending on appeal at the time the act became effective,recognizing that aedpa would not apply to a habeas petition that was pending at the time of its enactment
99,"the U.S. Court of Appeals for the First Circuit. See Rennie v. Klein, 462 F.Supp. 1131, 1144-45 (D.N.J.1978), 476 F.Supp. 1294, 1307 (D.N.J.1979), modified and remanded on other grounds, 653 F.2d 836, 844, 847 (3d Cir.1981) (en banc) (quoting with approval In re K.K.B.), vacated and remanded for further consideration, 458 U.S. 1119, 102 S.Ct. 3506, 73 L.Ed.2d 1381 (1982), reaffirmed on remand, 720 F.2d 266, 269 (3d Cir.1983) (en banc); Rogers v. Okin, 478 F.Supp. 1342, 1369 (D.Mass.1979), aff'd in part and rev’d in part on other grounds, 634 F.2d 650, 653 (1st Cir.1980) (citing with approval In re K.K.B.), vacated and remanded on other grounds sub nom. Mills v. Rogers, 457 U.S. 291, 102 S.Ct. 2442, 73 L.Ed.2d 16 (1982); see also Davis v. Hubbard, 506 F.Supp. 915, 929 (N.D. Ohio 1980) (<HOLDING>). Noting the exception for emergency situations",82745,13416,0,case_hold_mc,recognizing right to refuse psychotropic medication in the absence of emergency as aspect of liberty guaranteed by due process clause,holding that inmate has a liberty interest under the due process clause to refuse the involuntary administration of psychotropic drugs,holding that a state defendant has a sixth amendment right guaranteed by the fourteenth amendments due process clause to compulsory process for obtaining witnesses in his favor,holding the right to marry is a central part of the liberty protected by the due process clause,recognizing that the due process guaranteed under the alabama constitution is coextensive with the due process guaranteed under the united states constitution
100,"Rule of Evidence 408 and Beyond, 12 Rev.Litig. 665, 681-82 (1993). 19 . The Oklahoma Dispute Resolution Act is discussed in Kerwin, supra note 18, at 681. 20 . Of course, the fact that a state recognizes a privilege does not lead inexorably to the conclusion that federal law would adopt the same privilege. As the Fifth Circuit has stated, ""[t]hat the courts of a particular state would recognize a given privilege will not often of itself justify a federal court in applying that privilege.” American Civil Liberties Union, 638 F.2d at 1343. Federal courts in fact have declined to recognize certain state privileges. See, e.g., Hancock, 967 F.2d at 467 (declining to recognize psychiatrist-patient privilege provided by Georgia law); United States v. One Parcel of Prop., 930 F.2d at 141 (<HOLDING>); Coastal Fuels of P.R., Inc. v. Caribbean",83605,13558,1,case_hold_mc,holding that the inadvertent disclosure of a privileged document does not waive the attorneyclient privilege if attorney took all reasonable steps to avoid disclosure and asserted the privilege as soon as the disclosure became known,holding that state law protecting disclosure of erased arrest records would not be recognized as federal privilege,holding that 5 usc  301 does not grant authority to assert an evidentiary privilege not recognized by the federal rules of civil procedure or the law of evidence,recognizing the statelaw privilege because there was no federal claim to which the records sought would be relevant,holding that ferpa and state law did not create an educational records privilege
101,"to opine on Executive Life’s financial condition or to predict Executive Life’s eventual demise. See id. at 135 (citations omitted) (“[W]e hasten to add that ERISA does not impose a ‘duty of clairvoyance’ on fiduciaries.”). Turning our attention to the record, we find a number of triable issues. Clearly there is evidence of several communications made by Unisys to plan participants on an individual, group or systematic basis regarding the nature of and risks associated with investments in the Fixed Income and Insurance Contract Funds and Executive Life’s downturn. Whether the communications constituted misrepresentations and whether they were material under the principles we have articulated are questions of fact that are properly left for trial. Id. at 135. See Curdo, 33 F.3d at 236 (<HOLDING>). At this point, we observe that what was",84456,13698,2,case_hold_mc,holding that breach of fiduciary duty claim was preempted by fehba,holding that economic loss rule barred claim for breach of fiduciary duty where precontract misrepresentations were directly related to alleged breach of contract,holding that misleading summary plan description coupled with misrepresentations in an audiotape and a pamphlet supported a claim for breach of fiduciary duty,holding that a plaintiff seeking individual relief under erisa  502a3 under a breach of fiduciary duty theory did not have a cause of action when the alleged breach of fiduciary duty was a failure to distribute benefits in accordance with the plan,holding that erisa preempts claims for breach of contract breach of duty of good faith and fair dealing and negligent misrepresentations
102,"oil wells), was engaged in part of Sun Oil’s business. Likewise, the court held that Houston, in “fishing out” tools stuck in the same well, was engaged in activities “so closely related to the actual drilling of the well as to become a component part of it.” 40 So.2d at 765. The court further noted that the work “is so closely related to its [Sun Oil’s] business that it can be said to be a part of its operation in the production of oil.” Id. This court also affirmed, reasoning that “[t]he drilling of wells, the reworking if necessary, and the ‘fishing out’ of well tools and implements which become stuck in the course of drilling the well are all interrelated and component parts, though different phases, of oil production. In other words, b 3d Cir.), cert. denied, 372 So.2d 569 (1979) (<HOLDING>). I ¡{Trend toward Narrow Construction of",85310,13832,3,case_hold_mc,holdingextra expense coverage for the construction of a new building when the insured previously rented the building contravened the parties intent,holding that care of the grounds was part of the business of the hospital,holding that the measure of damages for breaching a building construction contract is ordinarily such sum as is required to make the building conform to the contract,holding construction of new building was part of a grocers business,holding that rental value was properly included as part of damages on action for breach of building contract where contractor failed to complete building within contracted time
103,"procedures under § 2000e-5 for ADA claims). The evidence Bonnett offered in resisting summary judgment did not create a triable issue on the timeliness of his charge, see Moody v. St. Charles County, 23 F.3d 1410, 1412 (8th Cir.1994) (requiring party seeking to defeat summary judgment motion to substantiate allegations with suffi- dent probative evidence, not just with speculation or conjecture), or on the timeliness of his complaint, see Kerr v. Charles F. Vatterott & Co., 184 F.3d 938, 947 (8th Cir.1999) (explaining that there is general rebuttable presumption that properly mailed document is received); and we find no basis for the application of equitable tolling, see Baldwin County Welcome Ctr. v. Brown, 466 U.S. 147, 151, 104 S.Ct. 1723, 80 L.Ed.2d 196 (1984) (per curiam) (<HOLDING>). Accordingly, we affirm. See 8th Cir. R. 47B.",86165,13982,2,case_hold_mc,holding that lack of justiciable interest resulted in lack of standing to pursue claim and that lack of standing deprived the trial court of jurisdiction to act,holding that a party who fails to provide sufficient evidence at trial cannot object to the resulting determination on the basis of inadequate evidence,holding that plaintiff who fails to act diligently cannot invoke equitable principles to excuse that lack of diligence,holding that plaintiff who fails to demonstrate employers awareness of any particular threat posed by circumstance at issue cannot prove negligence,holding that a complaint that fails to meet the pleading requirements does not invoke the statutory waiver of sovereign immunity
104,"and because CME clarified during the hearing that it meant to move for a stay, I treat this as an original motion to stay. In essence, as I have stated previously in this Order, CME argues that I should defer to the STB as an expert agency and allow it to decide the dispute because it concerns the nature and legal extent of federal agency authorizations. CME contends that the doctrine of exclusive primary jurisdiction is applicable because this action “requires the resolution of issues which, under a regulatory scheme, have been placed within the special competence of an administrative body.” Funbus Systems, Inc. v. California Public Utilities Com., 801 F.2d 1120, 1129 (9th Cir.1986), citing United States v. Western Pac R. Co., 352 U.S. 59, 64, 77, 77 S.Ct. 161, 1 L.Ed.2d 126 (1956) (<HOLDING>). [The] doctrine [of primary jurisdiction]",87017,14118,1,case_hold_mc,holding that it is well established that whether an employees actions were within the scope of employment is a question of fact and even if some of the actions were unauthorized the question of whether the actions were within the scope of employment is for the jury,holding that the stb has primary jurisdiction to determine whether operations conducted by an stbcertified carrier are within the scope of its certificate,holding that primary jurisdiction did not apply where the court had to determine whether defendants all natural claims were misleading,holding that the court has an affirmative obligation to ensure that it is acting within the scope of its jurisdictional authority,holding that although doctrine of primary jurisdiction required trial court to abate claims over which agency had primary jurisdiction trial court did not abuse its discretion by imposing temporary injunction to maintain the status quo
105,"the willful and intentional assault of either a fellow employee or a third person does not prevent the injury from being accidental within the meaning of the Act. Continental Life Ins. Co. v. Gough, 161 Va. 755, 759, 172 S.E. 264, 266 (1934). The Defendants cite Haddon v. Metropolitan Life Ins. Co., 239 Va. 397, 389 S.E.2d 712 (1990), for the general proposition that the intentional tort of an employer or fellow employee falls within the scope of the Act. The Defendants fail to note, however, that the assault must be “personal to the employee and not directed against him as an employee or because of his employment.” Richmond Newspapers v. Hazelwood, 249 Va. 369, 373, 457 S.E.2d 56, 58 (1995) (citations omitted); see also City of Richmond v. Braxton, 230 Va. 161, 335 S.E.2d 259 (1985) (<HOLDING>). In the cases at hand, Williams and Miller",87871,14260,4,case_hold_mc,holding that language in employee handbook stating that it was not to be considered as creating terms and conditions of an employment contract and that the employment relationship was employment atwill  was sufficiently explicit to preclude the creation of implied contractual obligations as a matter of law,holding that assault by employee against customer arising out of dispute concerning services that employee was performing not outside scope of employment as a matter of law,holding that allegations of sexual assault by an employee of the church fell within coverage for sexual misconduct,holding that an assault that occurred immediately after the employee was discharged was in the course of the employment,holding that a sexual assault on a female employee was of a personal nature and not directed against the employee as part of the employment relationship
106,"Carolina seems untenable and inconsistent with the stated policy that the statute is remedial and should be interpreted to provide the victim of a financially irresponsible motorist with the fullest possible protection. In Grimsley, our Supreme Court held that where a trial court lacked personal jurisdiction over an uninsured motorist, claims against the uninsured motorist insurance carrier, whose liability is only derivative, failed. Grimsley, 342 N.C. at 547-48, 467 S.E.2d at 95-96 (citing, inter alia, Brown v. Lumbermens Mut. Cas. Co., 285 N.C. 313, 319, 204 S.E.2d 829, 834 (1974) (“[p]lain-tiff’s right to recover against his intestate’s insurer under the uninsured motorist endorsement is derivative and conditional^”); Spivey v. Lowery, 116 N.C. App. 124, 126, 446 S.E.2d 835, 837 (<HOLDING>), disc. review denied, 338 N.C. 312, 452 S.E.2d",88727,14407,3,case_hold_mc,holding that prospective buyer of used car could not recover under dealers uim endorsement because uim insurance is not for protection of vehicles but of persons,holding plaintiffs uim claims did not accrue until his lawsuit against the underinsured driver was resolved where insurance policy provided for uim coverage only after liability policies had been exhausted,holding that um carriers are subrogated to any substantive defense that the tortfeasor may have been able to assert against the insured,holding that because plaintiff released the tortfeasor plaintiff may not assert a claim against the uim carrier because of the derivative nature of the uim carriers liability,holding that neb rev stat  446413le reissue 2004 barring actions for um or uim coverage when insureds underlying claim against tortfeasor expires is inapplicable when insured timely files action against tortfeasor in that circumstance applicable statute of limitations on claim against insurer for um or uim benefits is statute governing actions on written contracts
107,"Holloway also makes two other specific complaints. First, he alleges that he was not informed of the maximum punishment he could receive as a result of the enhancement of his conviction for aggravated robbery. But aggravated robbery in Texas is a first-degree felony, Tex. Penal Code Ann. § 29.03(b); enhanced or unen-hanced, it is punishable by at most life or ninety-nine years in prison, id. §§ 12.32(a), 12.42(c). Thus, because Holloway knew of the maximum punishment for the unen-hanced offense he also knew of the maximum punishment for the enhanced offense. Second, Holloway alleges he was not informed that a “true” plea would waive his right to challenge the validity of the prior convictions in a subsequent collateral proceeding. See Zales v. Henderson, 433 F.2d 20, 24 (5th Cir.1970) (<HOLDING>). But there is no precedent for the proposition",89586,14536,2,case_hold_mc,holding that application of career offender enhancement falls within exception for prior convictions where facts are undisputed making it unnecessary for district court to engage in further fact finding about prior convictions,holding that when a defendant stipulates to prior convictions in prosecutions for aggravated offenses under ndcc  390801 submission of prior convictions to a jury constitutes reversible error,holding that when a defendant admits prior convictions at a habitual offender hearing he waives any complaints about the validity of the prior convictions,holding our habitual offender act does not limit enhancement to prior felony convictions within a certain time,holding that a defendant may challenge the validity of prior convictions during a sentencing hearing and that the burden to establish invalidity is on the challenging party
108,"United States v. Whiting Pools, Inc., 462 U.S. 198, 204, 103 S.Ct. 2309, 76 L.Ed.2d 515 (1983) (determining that “Congress intended a broad range of property to be included in the estate”). “Courts have uniformly held that the broad scope of § 541 encompasses causes of action existing at the time” the bankruptcy action commences. Cain v. Hyatt, 101 B.R. 440, 441-42 (E.D.Pa.1989) (citations omitted); see also In re Ozark Restaurant Equipment Co., 816 F.2d 1222, 1225 (8th Cir.1987), cert. denied, 484 U.S. 848, 108 S.Ct. 147, 98 L.Ed.2d 102 (1987) (stating that “it is clear that causes of action belonging to the debtor at the commencement of the case are included within the definition of property of the estate”) (emphasis in original); Tignor v. Parkinson, 729 F.2d 977, 980 (4th Cir.1984) (<HOLDING>); Lambert v. Fuller Co., Inc., 122 B.R. 243,",90447,14675,3,case_hold_mc,holding that a preliminary injunction was a reasonable means of preserving the status quo and was of the same character as the ultimate relief sought when a few but not all of the causes of action in the complaint were of an equitable nature including causes of action for unjust enrichment and imposition of constructive trust,recognizing broad scope of the reorganization estate,holding that there is no question  that the estate includes causes of action such as the truth in lending claims,holding that the scope of section 541 is broad and includes all kinds of property including causes of action,holding that a debtors interest in a tenancy by the entirety is property of the bankruptcy estate under section 541 because of debtors undivided present interests in the use possession income and right of survivorship of the property
109,"appeals correctly examined the entire record for indications that Appellant was, or was not, aware of the consequences of his plea and whether he was misled or harmed by the trial court’s failure to admonish him. The court did not merely assume that Appellant was an immigrant, but relied on several circumstances found in the record, which it held would support such an inference. The State argues that the court of appeals erred in relying on information in a motion in limine because a motion in limine is not “evidence.” However, it is not a requirement that support for an inference regarding citizenship be direct evidence. Statements made by the attorneys are not “evidence” either, but they are references found in the record that can support an inference. See Burnett, 88 S.W.3d at 641 (<HOLDING>). Further, the court of appeals found",91306,14817,2,case_hold_mc,holding that consideration of a state jail felony to enhance punishment was not harmless even though the sentence actually assessed fell within the lawful range,recognizing the range of discretion of the trial judge,holding that the trial judges failure to admonish the appellant regarding the range of punishment was harmless because the record was replete with statements by the parties concerning the punishment range and because there was nothing in the record to indicate that the appellant was unaware of the range of punishment,holding the trial court did not abuse its discretion although the defendant had been admonished incorrectly on the punishment range,holding that trial courts failure sua sponte to give reasonabledoubt in struction during punishment phase about pen packets offered during punishment was harmless error because sentence imposed was well within punishment range and prosecutor had asked for greater sentence
110,"the circumstances surrounding her termination. In Wilder, the Wyoming Supreme Court stated that ‘“[t]o the extent an employee has an employment contract requiring specific reasons for dismissal, then the employer must conduct an adequate investigation or be liable for breach of that contract.’ ” Wilder, 868 P.2d at 222 (quoting Lambert v. Morehouse, 68 Wash.App. 500, 843 P.2d 1116, 1119, review denied, 121 Wash.2d 1022, 854 P.2d 1084 (1993)). But again, as the aforementioned language illustrates, an employee’s claim against her employer for negligent supervision is predicated on the existence of an employment contract that allows dismissal only for cause. Because plaintiff was an at-will employee, she has no claim against defendants for negligent supervision under Wyoming law. See id. (<HOLDING>). As a result, all three of these claims must",92156,14959,2,case_hold_mc,holding that an action for specific performance lies in equity,holding that an action for the negligence of an architect in the performance of professional services is an action for breach of contract,holding that an employees action against her employer for negligent supervision lies not in tort but with an action for breach of contract,holding that an action for consequential damages to property whether the action is brought in contract or in tort is an action for injury to property within the threeyear statute of limitations,holding in an employees action to recover for injury sustained during work against the employer and other defendants did not state an intentional tort claim against contractor
111,"undisputed facts de novo. See Binns v. State, 979 So.2d 439, 441 (Fla. 4th DCA 2008). There is no statement of intent to authorize multiple punishments for the same crime in sections 847.0135(2), (4), Florida Statutes (2011), or section 934.215, Florida Statutes (2011). See Shelley v. State, 134 So.3d 1138, 1140 (Fla. 2d DCA 2014). In Shel ley, this court considered the text of section 847.0135(3) and held that although “there is an explicit statement of the legislature’s intent to authorize multiple- pun ishments for each violation of section 847.0135(3)(b) ... there is no explicit statement of intent to authorize multiple punishments for conduct that violates both section 847.0135(3)(b) and section 847.0135(4)(b).” Id. But see Griffis v. State, 133 So.3d 653, 654 (Fla. 1st DCA 2014) (<HOLDING>); State v. Murphy, 124 So.3d 323, 330 (Fla. 1st",93015,15090,1,case_hold_mc,holding that double jeopardy does not prohibit dual convictions for possession and sale of the same quantum cocaine,holding that dual convictions for solicitation of a minor and traveling to meet the minor do not violate double jeopardy because sections 84701353 and 4 reflect a clear legislative intent to punish the offenses separately,holding that convictions for the crimes of conspiracy and continuing criminal enterprise violate double jeopardy,holding that defendants affirmative acts of driving minor to robbery helping minor enter the building and serving as a lookout for the minor warranted sentencing enhancement,holding that reasonable attorneys fees for the benefit of a minor in defending the minor against a criminal charge were necessaries
112,"courts have characterized the Second Circuit’s position as absolute, see, e.g., Rodwell, 324 F.3d at 69 (stating that ”[t]he Second Circuit has ruled categorically” that no Rule 60(b) motions are SSHPs); Dunlap v. Litscher, 301 F.3d 873, 876 (7th Cir.2002) (""The Second Circuit[ ] ... in Rodriguez ■ .. did not limit its ruling to [true Rule 60(b) motions].""), I do not wish to mischarac-terize its holding. Even after Rodriguez, I am unable to say for certain that a litigant in the Second Circuit could maintain a purported Rule 60(b) motion whose true aim is to challenge the underlying conviction on constitutional grounds. 19 . The Third and Fifth Circuits may also fall within this category, but their precedent is unclear. See United States v. Edwards, 309 F.3d 110, 113 (3d Cir.2002) (<HOLDING>); Hess, 281 F.3d at 214-15 (noting ""the",93876,15227,1,case_hold_mc,holding without extended discussion that the peti tioners rule 60b motion was an sshp under aedpa,holding without extended discussion that even if the district court should have construed the petitioners motion under 18 usc  3582c2 as a rule 60b motion the court would nonetheless have had to recharacterize the rule 60b motion as an sshp,holding that motion for reconsideration would be construed not as a rule 60b motion but rather as an unauthorized successive motion under  2255 which the district court may have been without jurisdiction to consider,holding that the district court erred in failing to recharacterize a rule 60b motion as an sshp and reversing with the instruction to dismiss for lack of jurisdiction,holding that motion filed under fedrcivp 60b properly construed as successive  2255 motion
113,"part of our family tree and that some of our witnesses might have religions of the Muslim faith, just to probe to find out if there’s anybody that had a strong sentiment for or against any of our clients for just that reason.” (Tr. Day 1, 65:15-66:21). Courts have held that a defendant’s heritage does not in and of itself establish a constitutional right to question prospective jurors regarding prejudice. See, e.g., United States v. Ramos, 238 Fed.Appx. 329, 330 (9th Cir.2007) (“Because Ramos’s Mexican heritage, in and of itself, did not trigger a right to question prospective jurors concerning prejudice against Mexican-Americans ... the district court did not abuse its discretion when it disallowed the proposed voir dire.”); United States v. Borders, 270 F.3d 1180, 1183 (8th Cir.2001) (<HOLDING>). Significantly, the crimes at issue in this",94725,15368,2,case_hold_mc,holding that trial court abused its discretion in failing to make a proper inquiry of jurors andor failing to strike jurors for cause after jurors explicitly expressed bias,holding that a white office was not similarly situated to a black officer who was charged with more offenses than the white officer,holding there was no constitutional presumption of juror bias where counsel asked the district court to make an inquiry into potential prejudice because the defendant was black and the prospective jurors were white,holding that the white defendants association with a black defendant was not sufficient to give them standing to join in the black defendants batson challenge,holding that where the defense peremptorily challenged a prospective juror and the prosecutor merely stated that she would challenge that strike the states objection was sufficient to allow inquiry into whether the juror was being challenged for nonracial reasons where the trial court clearly understood that the objection was that the challenge had been exercised because of the prospective jurors race
114,"a district court may rule on the merits of a class claim before reaching the issue of class certification). 8 . See O'Shea v. Littleton, 414 U.S. 488, 494, 94 S.Ct. 669, 38 L.Ed.2d 674 (1974) (""[I]f none of the named plaintiffs purporting to represent a class establishes the requisite of a case or controversy with the defendants, none may seek relief on behalf of himself or any other member of the class.”); Pederson, 213 F.3d at 872 n. 14. 9 . See Steel Co. v. Citizens for a Better Env't, 523 U.S. 83, 94, 118 S.Ct. 1003, 140 L.Ed.2d 210 (1998) (""On every writ of error or appeal, the first and fundamental question is that of jurisdiction, first, of this court, and then of the court from which the record comes.”); Acoustic Sys., Inc. v. Wenger Corp., 207 F.3d 287, 290 n. 2 (5th Cir.2000)",95584,15506,1,case_hold_mc,holding sanctions order pursuant to district courts inherent powers not immediately appealable,holding that this court lacked preliminary authority to review the district courts jurisdiction because there was no immediately appealable order before the court,holding district court lacked subject matter jurisdiction because the document before the district court in this instance is not a vehicle for any recognized legal remedy under the rules,holding that a district courts order of dismissal with prejudice was a nullity because the court lacked jurisdiction,holding that this court lacked jurisdiction under  46110 for lack of finality and that the district court also lacked jurisdiction because the orders were not final and thus not ripe for review
115,"Ramirez’s presence at the sentencing proceeding— explicitly spells out the sentence, count by count, that was imposed. On this record, there is no basis for concluding that Ramirez’s substantial rights have been violated in a manner that entitles him to the issuance of an extraordinary writ. See United States v. Marcus, 560 U.S. 258, 130 S.Ct. 2159, 2164, 176 L.Ed.2d 1012 (2010). We have considered all of Ramirez’s remaining arguments and find them to be without merit. For the foregoing reasons the judgment of the district court is AFFIRMED. 1 . Ramirez has abandoned his pursuit of the writ of audita querela, recognizing that such a writ is unavailable in his situation. See United States v. Richter, 510 F.3d 103, 104 (2d Cir.2007). 2 . See, e.g., Denedo, 556 U.S. at 911, 129 S.Ct. 2213 (<HOLDING>); Porcelli, 404 F.3d at 158 (noting that coram",96387,15653,2,case_hold_mc,holding same for writ of error coram nobis,recognizing common law rule that the proceedings upon an application for a writ of error coram nobis were like proceedings in habeas corpus regarded as civil in character,holding that coram nobis may not issue when alternative remedies such as habeas corpus are available,holding that federal court may not issue writ of coram nobis for state prisoner,holding that in the absence of a valid excuse for delay a coram nobis petition is subject to denial
116,"v. State, 827 P.2d 1117 (Wyo.1992) (noting that law enforcement officials must comply with parental notification statute for juveniles’ statements to be admissible); MAC. v. Harrison County Family Court, supra, 566 No.2d 472 (finding that police’s blatant violation of juvenile’s statutory right to have parent present during interrogation required exclusion of any statements made). Cf. A Minor Boy v. State, 91 Nev. 456, 537 P.2d 477 (1975) (finding that mandates of notification statute were satisfied where “all reasonable efforts” were made by police to contact defendant’s mother and not more than one hour could have elapsed before she was contacted and there was “no evidence of any intentional delay in contacting” defendant’s mother); In re Williams, 265 S.C. 295, 217 S.E.2d 719 (1975) (<HOLDING>). The courts in those states presumably would",97248,15798,4,case_hold_mc,holding inconsistent out of court statements otherwise admissible not admissible against government in criminal prosecution,recognizing that in the absence of a statutory definition statutory terms are construed in accordance with their ordinary or natural meaning,holding that where a defendant expressly manifested his belief in the truth of the statements contained in the motion to dismiss thereby adopting those statements as his own such statements are admissible against the defendant in the states case in chief,holding a restriction on crossexamination of prosecuting witness in rape case not error in absence of offer of proof in accordance with as 1245045,holding that statements are admissible in absence of showing that parents were not notified in accordance with statute
117,"did not participate in this appeal. 2 . After filing the fifth amended complaint, Ms. Zander filed a ''Motion 'for Judgment on the Pleadings or Summary Judgment.” This motion was denied on December 18, 2014. . 3 . Though not argued by Ms. Zander on ap- , peal, we note that it was improper for the trial court to enter the final summary judgment where there was no motion pending for such relief. See Muncey v. Star Brite Distribs., 378 So.2d 1326, 1327 (Fla. 3d DCA 1980) (""The trial court' erred iñ, sua sponte, entering a summary final judgment against the plaintiff, where there was no motion pending therefor and the plaintiff had no notice or opportunity to present opposing affidavits.”); see also Land. Dev. Servs., Inc. v. Gulf View Townhomes, LLC, 75 So.3d 865, 871 (Fla. 2d DCA 2011)",98108,15930,0,case_hold_mc,holding that where the final judgment provided relief that was not requested  its entry constituted reversible error,holding that partys consent to the trial courts entry of judgment waives any error except for jurisdiction error contained in the judgment  ,holding that a motion to reconsider filed after the entry of final judgment must be considered a motion to correct error,holding that the judges entry into the jury room constituted reversible error,holding attorney may not wait more than thirty days from the entry of final judgment give notice of nonrepresentation and then seek to enforce a hen not noticed before the entry of the final judgment
118,"allege.” (Docket No. 113 at 3.) The Thorndikes have moved to exclude the second sled test and to preclude any testimony by Dr. Guenther with respect to the second sled test. They contend that the test is not a fair reproduction of the accident event and, therefore, is neither “relevant nor scientifically reliable.” (Docket No. 114 at 21.) In order for the second sled test to be of assistance to the fact finder, it should be designed in a manner that takes into account the known facts about the actual collision event. See, e.g., Bogosian v. Mercedes-Benz of N. Am., 104 F.3d 472, 479 (1st Cir.1997) (excluding plaintiff expert’s theory where it depended on factual assumptions belied by the plaintiffs own testimony); Habecker v. Clark Equipment Co., 36 F.3d 278, 290 (3d Cir.1994) (<HOLDING>), cert. denied, 514 U.S. 1003, 115 S.Ct. 1313,",98909,16071,1,case_hold_mc,holding that probable cause was clearly present justifying the taking of a blood sample without the defendants consent when it was established that the defendant was involved in an automobile accident and the police noticed liquor on his breath at the scene of the accident and at the hospital,holding that a simulation of an accident did not meet the fit requirement because the conditions of the simulation were far different from those existing at the time of the accident,holding that where the dispositive issue in an administrative proceeding was whether an accident occurred as the plaintiff alleged it did collateral estoppel did not bar litigation of whether the accident was workrelated because that issue had not yet been litigated,holding that an insureds personal belief that he was not liable for an accident provided no basis for submitting the question of the reasonableness of his delay in notification to a jury when the insured knew the day after the accident that it had been claimed that the cable he had installed had caused the accident,holding that the plaintiffs location on the supply barge at the time of the accident did not alter his status
119,"and Officers Jones and Smith may have been in a position to hear the announcements, it is likely they were paying attention to other matters. Specifically, Melvin Chappell and Jones were talking with each other on the porch. ROA 73, Jones dep. pp. 18-20. And Smith was occupied talking with Dorothy Chappell in the rear driveway. ROA 63-5, Smith dep. pp. 11-12. So, the fact that all three witnesses did not notice the detectives announcing themselves does not necessarily impugn the veracity of the detectives’ account. Second, even if a genuine fact dispute were deemed presented, it is not material, because the events before the shooting are not a factor in determining whether the detectives had probable cause to use deadly force once they entered the bedroom. Livermore, 476 F.3d at 406-07 (<HOLDING>); Claybrook v. Birchwell, 274 F.3d 1098,",99760,16214,4,case_hold_mc,holding officers did not have a realistic opportunity to intervene because they were not present at the time of the shooting,holding that the assaultbattery exclusion applied to claims for negligence resulting in a shooting death,holding that an officer did not employ excessive force in shooting a suspect who turned out to be unarmed because at the time of the shooting the officer had a reasonable belief that the suspect posed a threat and was armed,holding the time frame is crucial and evaluating reasonableness of officers use of deadly force at the time of the seizure irrespective of their prior unreasonable conduct in creating the circumstances,holding that evidence of recklessness by one officer in events leading up to shooting was immaterial in evaluating objective reasonableness of shooting officers decision to use deadly force in the situation he faced at time of shooting
120,"affirm. The district court properly dismissed the action because the United States — the only proper party — met the requirements of the discretionary function exception. See 28 U.S.C. § 2679(d)(1) (providing that, upon certification that employees were acting within scope of their U.S. government employment, the action shall be deemed an action against the United States which shall be substituted as the defendant); Terbush, 516 F.3d at 1129 (recognizing discretionary function exception applies if (a) the government’s conduct was discretionary, with no federal statute, regulation, or policy prescribing a specific course of action, and (b) the action or decision involves considerations of public policy); In re Consol. U.S. Atmospheric Testing Litig., 820 F.2d 982, 993-999 (9th Cir.1987) (<HOLDING>). The plaintiffs’ remaining contentions,",100615,16354,4,case_hold_mc,holding that prosecution of defendant in the united states for hostage taking based on acts committed outside the united states did not violate due process,recognizing similar problem if fca is applied to claims presented to any federal grantee even if claims are not represented to united states,recognizing federal constitutional claim against the united states,holding that the united states court of federal claims lacked jurisdiction over claims arising from the violation of a criminal statute,holding discretionary function exception applied to claims against united states for radiation exposure from nuclear weapons testing
121,"the district court’s order de novo, Molina v. Astrue, 674 F.3d 1104, 1110 (9th Cir. 2012), and we affirm. The A adverse credibility determination: the objective medical evidence was inconsistent with Willens’s subjective allegations of limitation. For example, although Wil-lens testified that he experienced regularly-recurring chest pains, Dr. Sibley stated in a July 2012 report that Willens had been asymptomatic since April 2012. Second, although Willens testified that his neck pain was disabling, Dr. Sibley reported on February 20, 2012 that Willens had undergone cervical fusion and had improvement in his neck pain. Moreover, in the medical evidence before the ALJ, no physician made an assessment that Willens was disabled. See Burch v. Barnhart, 400 F.3d 676, 681 (9th Cir. 2005) (<HOLDING>). The ALJ did not err in giving little weight",101470,16478,0,case_hold_mc,holding that an alj may consider a lack of supporting medical evidence but the factor cannot form the only basis for discounting subjective symptom testimony,holding that the alj properly relied on medical evidence undermining claimants subjective assessment of limitations,holding that a failure to corroborate ones testimony with supporting evidence cannot form the sole basis for an adverse credibility determination,holding that lack of medical evidence cannot form the sole basis for discounting pain testimony but is a factor that an alj may consider,holding that the alj did not err in discounting a claimants reports of pain where they were not supported by the medical record
122,"later, at the store, that they “needed to go” to the Justice Center; (5) instructed them that they “needed to follow” a police officer to the station; and (6) advised the Garde-nhires that they would be booked on criminal charges and released on bond. Based on these facts, a jury could find that a reasonable person in the Garde-nhires’ position would have felt that they were not free to leave. A police officer’s statement that “you need to go” somewhere carries substantial authoritative weight. We think very few people could hear such a directive from a police officer and still think they were free to act otherwise. Once the police removed the Garde-nhires from their home to the police station, the encounter took on an arrest-like nature. See Hayes, 470 U.S. at 816, 105 S.Ct. 1643 (<HOLDING>). The custodial nature of the police station",102325,16610,2,case_hold_mc,holding that once the defendant has submitted to the control of the officer and the process of taking him or her to the police station  has commenced his or her arrest is complete and he or she is in custody for the purposes of the escape statute,holding that police executed an illegal arrest when they took a teenage suspect from his home and brought him in handcuffs to the police station for questioning,holding that the line separating a terry stop and an arrest is crossed when police forcibly remove a person from his home or other place in which he is entitled to be and transport him to the police station where he is detained although briefly for investigative purposes,holding that a de facto arrest had occurred where petitioner was not questioned briefly where he was found  but rather was taken  to a police car transported to a police station and placed in an interrogation room,holding that an initially lawful terry stop can be converted into a fullfledged arrest for which probable cause is required but noting that there is no bright line rule for determining when an investigatory stop crosses the line and becomes an arrest
123,"of the watercolors are attached as exhibits. See Appendix. 2 . In 1983 and 1984, Price published German and English language editions of a catalog of Hitler's paintings and sketches. The catalog depicts the paintings that are the subject of this case. See Billy F. Price, Adolf Hitler: The Unknown Artist (English ed. 1984). 3 . ""Price” refers also to the heirs of Hoffman, who joined the suit as plaintiffs. The district court dismissed their claims as moot in the light of its decision. 4 . The fact that Germany was occupied, or indeed whether the German law was applicable, has no bearing on the effect of § 2680(b). The Supreme Court has defined the term “country” as ""a region or tract of land."" See Smith v. United States, 507 U.S. 197, -, 113 S.Ct. 1178, 1181-83, 122 L.Ed.2d 548 (1993) (<HOLDING>). 5 . The central collecting point in Munich",103179,16755,4,case_hold_mc,holding that designation is neither a sentence nor a punishment,holding that there can be no plain error where neither we nor the supreme court has addressed an issue,holding that subject matter jurisdiction relates to whether a plaintiffs claim falls within a class of claims which a court is empowered to hear,holding if a plaintiffs claim is concerned with rights created within the contractual relationship it falls within the tucker act,holding that a claim arising in antarctica which has neither an organized government nor a regime of laws falls within  2680k
124,"mental state is not involved in establishing whether they abused the younger child, G.D., or failed to prevent abuse in such a way that would require termination of their parental rights as to G.D. There are no allegations that either parent has a mental disability or condition that would cause them to either shake the baby or prevent such conduct. However, the parents’ mental state may be at issue in establishing whether to terminate the parental righ parent has a mental or emotional condition that will continue, such as mental illness, drug addiction, or pedophilia, and which will make it highly probable that in the future the parent will abuse or neglect another child.” C.M., 844 So.2d at 766; see also Gaines v. Dep’t of Children & Families, 711 So.2d 190, 193 (Fla. 5th DCA 1998) (<HOLDING>). Thus, when the Department seeks to terminate",104036,16906,3,case_hold_mc,holding that plaintiffs must present evidence that the state actor knows or suspects that the  foster parents with whom a child is placed are likely to abuse the child to show deliberate indifference,recognizing that at common law a parents liability to support his child terminated at the parents death the terms of the support order could not be enforced against his estate unless provisions allowing for such enforcement were included in the order,holding that foster parents have standing to intervene to seek termination of parental rights,holding that in order to support a termination of parental rights based on prospective abuse it is necessary to show that the behavior of the parent was beyond the parents control likely to continue and placed the child at risk and citing as an example the parents mental illness,recognizing that the department is required to present clear and convincing evidence to support termination of a parents parental rights
125,"was common in sugar refining operations, but even if it were not, the motive of the importer in fashioning his or her merchandise is simply not a relevant inquiry. In fact, to the extent motive is relevant, an importer who intends to fashion merchandise solely for the purpose of obtaining the lowest rate of duty is within his or her legal right. Customs’ disregard or misinterpretation, it matters not which, of the Merritt line of precedent was arbitrary, capricious, an 1079, 1082 (1994) (noting the well settled principle of law that merchandise is classified in its condition as imported thereby precluding classification as unmixed products because the fact that the substances had to be mixed prior to use was not relevant); accord Cook v. United States, 49 Cust. Ct. 11, 13 (1962) (<HOLDING>); Pasadena Firearms, 56 Cust. Ct. at 334",104894,17051,2,case_hold_mc,holding that absent a use provision the article had to be classified on its condition as imported,holding that flax straw was specifically enumerated without qualification as to use and despite stipulation that it was to be used for paper making it had to be classified in its condition as imported,holding that wheat unfit for human consumption at the time of importation though later used in an article fit for human consumption must be classified in its condition as imported,holding that despite alleged uses articles must be classified in their condition as imported,holding that the dutiable classification of gunstocks must be made on their condition as imported
126,"having an impairment does not make one disabled for purposes of the ADA. Claimants also need to demonstrate that the impairment limits a major life activity.” Toyota Motor Mfg. Ky., Inc. v. Williams, 534 U.S. 184, -, 122 S.Ct. 681, 690, 151 L.Ed.2d 615 (2002). Dose asserts in his brief that his physical impairments substantially limit him in the major life activity of breathing. Defendant BVU does not contest, nor can it, that breathing is a major life activity. See Amir v. St. Louis Univ., 184 F.3d 1017, 1027 (8th Cir.1999) (“Major life activities do include functions such as ‘caring for one’s self, performing manual tasks, walking, seeing, hearing, speaking, breathing, learning, and working.’”) (quoting 28 C.F.R. § 36.104); Land v. Baptist Med. Ctr., 164 F.3d 423, 424 (8th Cir.1999) (<HOLDING>); see also E.E.O.C. v. United Parcel Serv.,",105742,17192,0,case_hold_mc,holding that breathing is a major life activity within the contemplation of the ada,holding that several instances of asbestosisrelated shortness of breath did not substantially limit major life activity of breathing,recognizing sleeping as major life activity,holding that plaintiffs claim that she was disabled because her major life activity of breathing was substantially limited by her respiratory condition would provide a basis for protection under the ada,holding that reproduction is not a major life activity
127,"Campaign Comm., 454 U.S. 27, 34-35, 102 S.Ct. 38, 43-44, 70 L.Ed.2d 23 (1982) (Congress' failure to disapprove regulation is an ""indication that Congress does not look unfavorably” upon the FEC's construction of FECA). 7 . Even after the FEC’s issuance of these opinions, Congress has not acted to modify the definition of the term ""contribution.” 8 . Sun-Diamond contends that even if Congress intended to prohibit post-election contribution, FECA is void for vagueness. However, because FECA and the FEC opinions and cases that interpret it, provided Sun-Diamond with sufficient notice of the prohibited conduct, the statute is not void for vagueness as it relates to Sun-Diamond’s conduct. See Connally v. Gen'l Construction, Co., 269 U.S. 385, 391, 46 S.Ct. 126, 127, 70 L.Ed. 322 (1925) (<HOLDING>). 9 . See 2 U.S.C. §",106599,17331,3,case_hold_mc,holding that ajbsent conclusive evidence of congressional intent as to the penal nature of a statute these factors must be considered in relation to the statute on its face,holding that penal statutes are to be strictly construed in favor of the persons sought to be subjected to their operation,holding that a statute must not be given the one of two reasonable interpretations which will render it unconstitutional,holding that the terms of a penal statute creating a new offense must be sufficiently explicit to inform those who are subject to it what conduct on their part will render them liable to its penalties,recognizing that because  the drafters of the connecticut penal code relied heavily upon    the penal code of new york  it is appropriate to look to new york statutory and case law for guidance in interpreting connecticut penal code
128,"actually occurs prior to an incident is not conclusive on the question of whether the defendant knew or should have known that the condition created an unreasonable risk of harm. See Safeway Stores, Inc. v. Scamardo, 673 S.W.2d 371, 373 (Tex.App.-Houston [1st Dist.] 1984, no writ). When there is evidence of notice to a property owner or operator of a prior similar occurrence — here, evidence of Marshall’s knowledge of a near fall attributable to the same condition — such evidence is probative as to the question of notice. See Klorer, 717 S.W.2d at 760. We conclude that the record contained more than a scintilla of evidence that Sabine and Northwest had notice of the alleged defect. See Tex. S. Univ. v. Gilford, 277 S.W.3d 65, 70-71 (Tex.App.-Houston [1st Dist.] 2009, pet. denied) (<HOLDING>); see also Klorer v. Block, 717 S.W.2d 754, 760",107429,17465,0,case_hold_mc,holding that evidence of prior complaints raised fact question regarding defendants actual knowledge,holding it is a question of fact,holding that estoppel was a question of fact,holding that actual apportionment of damages is a question of fact,holding that generally the question of waiver and estoppel is a question of fact
129,"the writing concerns a collateral matter. See Utah R.Eivid. 1004. Nevertheless, even if an original document meets one of the exceptions provided, secondary evidence will not be allowed if the proponent of the evidence was responsible for its absence. See Weinstein's § 1004.11[2][al. This is due to the extensive risk that the proponent might offer false or misleading secondary evidence. See id. 139 In the instant case, Dr. Larsen, who was the treating physician, was called by the Gorostiectas to testify. Because we have been provided with only partial transcripts, there is no record of his testimony. However, he was apparently never asked about the medical charges. 1[ 40 Also due to the incompleteness of the record, it is unclear as to what testimony Marie Gorostieta would 14 (1989) (<HOLDING>); Kennedy v. Monroe, 15 Wash.App. 39, 547 P.2d",108285,17609,4,case_hold_mc,holding that any sentence that is properly calculated under the guidelines is entitled to a rebuttable presumption of reasonableness,recognizing a presumption of reasonableness,holding that guidelines create a rebuttable presumption,holding that statute does not eliminate plaintiffs burden to prove reasonableness and necessity of past medical expenses,holding that medical bills offered through plaintiffs testimony alone may require more if rebuttable presumption of reasonableness and necessity is challenged
130,"a trial court may impose consecutive sentences after vacating concurrent sentences in response to a motion to correct illegal sentence, in order to effect the intent of the original sentencing court, as long as the newly-imposed sentences are no longer than the original sentences). After imposition of the sentences below, Farrar also filed a motion to correct sentencing error pursuant to Florida Rule of Criminal Procedure 3.800(b)(2), in which he attempted to raise double jeopardy and statute of limitations challenges to one of the charges. The motion was denied, and Farrar makes the same arguments on appeal. We do not believe that these challenges to Farrar’s underlying convictions are cognizable in a rule 3.800(b)(2) motion. See Rodriguez v. State, 958 So.2d 469 (Fla. 2d DCA 2007) (<HOLDING>); Echeverria v. State, 949 So.2d 331 (Fla. 1st",109143,17748,2,case_hold_mc,holding that conviction did not violate double jeopardy where jury was empaneled and sworn in criminal trial before defendant filed answer to forfeiture complaint,holding that where a conviction is reversed after trial the double jeopardy clause does not bar a government appeal that if successful would only reinstate the conviction and would not subject defendant to a second trial,holding trial court properly denied defendant relief under rule 3800b2 where defendant attempted to attack his conviction rather than his sentence with a double jeopardy argument,holding that a defendant cannot collaterally attack his sentence under 18 usc  3582c2,holding that a defendant and his attorney are a single entity with respect to double jeopardy waiver
131,"logically consistent with the underlying principles motivating the approach. Container Corporation of America v. Franchise Tax Board, 463 U.S. 159, 167, 103 S.Ct. 2933, 2941, 77 L.Ed.2d 545 (1983). See generally, 1 J.R. Hellerstein, STATE TAXATION: CORPORATE INCOME AND FRANCHISE TAXES ¶ 8.11[4][g] (1983) (discussing the various factors in determining the parameters of a unitary business that the Supreme Court has recognized or established). Because of shifting factual and economic circumstances in state apportionment disputes, the Supreme Court has relied on numerous factors in determining whether a foreign business activity is an integral part of a corporation’s unitary business operations or whether it constitutes a discrete corporate enterprise. For example, the Court has at 3138 (<HOLDING>). Moreover, the Supreme Court has repeatedly",110001,17884,1,case_hold_mc,holding that there is no selfincrimination where one is compelled to produce the papers of a business that has no privilege,holding that there is no unitary business in part because there is no flow of international business,holding where there is no duty to defend there is no duty to indemnify,holding that loss of business attributable to change in traffic flow is noncompensable,holding that in pennsylvania there is a rule that proof of the ownership of a business vehicle involved in an accident raises a presumption that the operation of the automobile was for the owners business purposes
132,"State highway and providing alternative access through a road other than the State highway. N.J.A.C. 16:47 — 4.33(d)(1). Thus, the regulatory action here was a modification and not a revocation. 4 While the State Highway Access Management Code contemplates a hearing in the Office of Administrative Law in the case of a revocation, N.J.A.C. 16:47-4.33(d)(1), there is no similar provision applicable to a modification. We have no occasion to pass upon the distinction this regulation draws between revocation and modification. 5 Most States generally recognize that regulation of access per se is noncompensable so long as the property retains a reasonable means of ingress and egress. See, e.g., Ark. State Highway Comm'n v. Union Planters Nat'l Bank, 231 Ark. 907, 333 S.W.2d 904, 912-13 (1960) (<HOLDING>); W.R. Assocs. of Norwalk v. Comm'r of Transp.,",110857,18007,0,case_hold_mc,holding that loss of business attributable to change in traffic flow is noncompensable,holding court cannot change custody without showing that change is in best interests of child,holding that a showing of a change in circumstances that is or is likely to be beneficial to the child may also warrant a change in custody,holding that a change of venue has no affect on the applicable state law and that change of venue is but a change of courtrooms,holding that there is no unitary business in part because there is no flow of international business
133,"death certificate and medical records did not state the causes of death or injury, the statements from the party president and Singh’s family were inconsistent’ with Singh’s statements to the AO, and because his mother and uncle were interested witnesses not subject to cross examination. As to Singh’s mental competency, the IJ determined that, despite his PTSD diagnosis, Singh was competent to participate in the removal proceedings because he was able to communicate with his attorney and rationally relate his testimony to the court. Accordingly, because he “presented testimony in a coherent, linear manner,” the IJ' determined -that Matter of J-R-RA- did not require a finding that Singh’s alleged fear of harm was subjectively genuine. See Matter of J-R-R-A-, 26 I & N Dec. 609 (BIA 2016) (<HOLDING>). In light of the adverse credibility",111719,18142,0,case_hold_mc,holding that when applicant is deemed incompetent or is unable to provide testimony in a coherent linear manner due to mental illness or serious cognitive disability the ij should as a safeguard generally accept that the applicant believes what he has presented even though his account may not be believable to others or otherwise sufficient to support the claim,holding that a mental illness limitation limiting the maximum payment for care of mental illness or care of nervous conditions of any type or cause is ambiguous because the plan contains no definition or explanation of the term mental illness  and thus construed against the insurance company does not include physically based illnesses,holding that the due process clause permits the state to treat a prison inmate who has a serious mental illness with antipsychotic drugs against his will if the inmate is dangerous to himself or others and the treatment is in the inmates medical interest,holding that a mental illness limitation containing the exact language at issue in this case is ambiguous because it does not specify whether a disability is to be classified as mental by looking to the cause of the disability or to its symptoms and thus construed in favor of the insured does not encompass organically based illnesses,holding that if an experts opinion is dependent upon information that is inaccurate or lacks support in the record it is deemed incompetent
134,"death.... ” Propstra v. United States, 680 F.2d 1248, 1250 (9th Cir.1982). The federal estate tax is imposed on the decedent’s taxable estate. 26 U.S.C. §§ 2001(a), 2053(a). The taxable estate is determined by reducing the gross estate by deductions allowable under the Internal Revenue Code. 26 U.S.C. § 2053(a). Claims against the estate are one type of deduction allowable under the Internal Revenue Code. 26 U.S.C. § 2053(a)(3). Claims against the estate are “personal obligations of the decedent existing at the time of his death, whether or not then matured, and interest thereon which had accrued at the time of death.” Treas. Reg. § 20.2053-4. Only claims that are “enforceable against the decedent’s estate may be deducted.” Id.; see Estate of Du-Val v. Comm’r, 4 T.C. 722, 725 (1945) (<HOLDING>), aff'd, 152 F.2d 103 (9th Cir.1945). Tax obli",112571,18277,3,case_hold_mc,holding that there is no constitutional right to appeal a criminal conviction,holding that it is well settled that there is no constitutional right to an appeal,holding that there is no due process right to appellate review,recognizing that a claim is an assertion of a right and if there is no assertion of a right there is no claim to deduct,holding that there is no federal or colorado constitutional right to postconviction counsel but there is a limited statutory right
135,"Plaintiffs theory any losses that occur subsequent in time to the excluded workmanship are restored simply because of the passage of time. Such a theory is contrary to basic Virginia principles of contract interpretation. See TM Delmarva Power, LLC v. NCP of Virginia, LLC, 263 Va. 116, 557 S.E.2d 199, 201 (2002) (“no word or clause in a contract will be treated as meaningless if a reasonable meaning can be given to it, and parties are presumed not to have included needless words in the contract”) (citing D.C. McClain, Inc. v. Arlington County, 249 Va. 131, 452 S.E.2d 659, 662 (1995)). Moreover, the courts in both Holland and Performing Arts specifically addressed, and declined to follow, Plaintiffs line of argument. Holland v. Breaux, 2005 WL 3542899, at *6 (E.D.La. Nov. 22, 2005) (<HOLDING>); see also Performing Arts Cmty. Improvement",113429,18417,2,case_hold_mc,holding that a loss of consortium is separate and independent from the primary action,holding that proof of loss is not evidence of extent of loss and insured is not precluded from showing his damages were greater than shown in proof of loss,holding that insured must be able to separate the cause of the collapse from excluded conduct in order to trigger the ensuing loss clause,holding in a case involving a multiplevehicle policy that a new offer of uninsured motorist coverage was not required for the addition of a new vehicle which was comparable to the renewal or supplementation of an existing policy events that did not trigger the statutory requirement of a new offer the courts holding was based in part upon the principle that an insurance contract is personal to the insured because it insures the risk of loss to the insured and does not attach to specific vehicles,recognizing that loss of consortium is a right of action separate from that of the spouse
136,"1087. “Deliberate indifference” exists when a prison official “knows of and disregards an excessive risk to inmate health and safety; the official must be both aware of facts from which the inference could be drawn that a substantial risk of serious harm exists, and he must also draw the inference.” Farmer, 511 U.S. at 835, 114 S.Ct. 1970. a. Objective Requirement Plaintiff alleges that the complete deprivation of outdoor exercise from November 8, 2005 to December 16, 2005 resulting from Giurbino’s decision to implement lockdown and modified lockdown restrictions constituted cruel and unusual punishment {See FAC at 3.) The Ninth Circuit has stated that “regular outdoor exercise is extremely important to the psychological and physical well being of the inmates.” Spain, 600 F.2d at 199 (<HOLDING>). However, as the Ninth Circuit further",114283,18557,1,case_hold_mc,holding that deliberate indifference to prisoners medical needs is cruel and unusual punishment,holding that prisoners in longterm and continuous segregation must be provided regular outdoor exercise unless inclement weather unusual circumstances or disciplinary needs make it impossible,holding denial of outdoor recreation for thirteen days not cruel and unusual punishment,holding that the eighth amendment protects prisoners only from deliberate indifference to their serious medical needs,recognizing that there may be unusual cases when an attorney can make a rational decision that investigation is unnecessary
137,"or judgment ... but where the act to be done involves the exercise of discretion or judgment, it is not to be deemed merely ministerial. Rains v. Simpson, 50 Tex. 495, 501 (1878) (quoting Commissioner of the General Land Office v. Smith, 5 Tex. 471, 479 (1849)). If an action involves personal deliberation, decision and judgment, it is discretionary; actions which require obedience to orders or the performance of a duty to which the actor has no choice, are ministerial. Wyse, 733 S.W.2d at 227. Whether a police officer operating a vehicle in the scope of the officer’s authority is performing a discretionary or ministerial act is an issue on which Texas courts have reached divergent conclusions. Compare Eubanks v. Wood, 304 S.W.2d 567, 570 (Tex.Civ.App.—Eastland 1957, writ ref'd n.r.e.) (<HOLDING>) and Huddleston v. Maurry, 841 S.W.2d 24, 29",115135,18690,3,case_hold_mc,recognizing emergency exception,holding that a section 1983 suit against an officer in his or her official capacity is simply another way of pleading an action against an entity of which an officer is an agent,holding that district court has discretion to determine whether it could reasonably be said that an emergency exists,holding that an officers response to an emergency call does not involve matters within his discretion as an officer,holding that an arrest made by an officer outside his jurisdiction does not violate the fourth amendment
138,"her relationship with defendant, which infuriated defendant and escalated into the May 18, 2007 incident. At that time, defendant harassed Hilario and stabbed her mattress numerous times. This violent outburst was followed, only days later, by the vicious stabbing murder of Hilario. The extent that these prior acts are interwoven reflects directly upon, and is highly probative of, defendant’s motive and intent to murder Hilario. “Evidence of a prior threat made by a defendant is relevant to the question of whether the defendant ‘acted with malice or premeditation, or whether he had a motive to commit the crime.’” State v. Pule, 453 A.2d 1095, 1098 (R.I.1982) (quoting 1 Wharton, Criminal Evidence § 201 at 414-15 (13th ed.1972)); see also State v. Rios, 996 A.2d 635, 639 (R.I.2010) (<HOLDING>). Contrary to defendant’s contention, this",115993,18830,1,case_hold_mc,holding evidence of sexual assault relevant to show defendants motive in kidnapping victim,holding that the defendants previous threatening behavior toward the victim was highly probative of his motive,holding that evidence of assault on victim that was subsequent to the arson for which defendant was tried was admissible to show defendants bent of mind toward violence directed at the victim,holding that evidence that the defendant had stalked threatened and assaulted the victim his exgirlfriend was evidence as to the nature of the defendants relationship with the victim and that it was relevant to establish motive,holding that evidence of defendants threatening behavior toward a witness was admissible
139,"... or claims that he reasonably could have raised in that petition, it cannot be said that he has made the necessary showing of a ‘complete miscarriage of justice,’ ” United States v. Esogbue, 357 F.3d 532, 535 (5th Cir.2004). Finally, Ridings contends that he recently remembered, 22 years after the fact, a conversation that he had with Miller that led to “[t]he entire case before the court today.” Even putting aside the fact that Ridings’s sudden remembrance stretches credulity, he is entitled to no relief. Ridings has not alleged any medical impairment that would affect his memory in this way; in these circumstances, his mere forgetfulness does not cause the type of fundamental error that can be remedied via coram nobis. Cf. Walker v. Jastremski, 430 F.3d 560, 564 (2d Cir.2005) (<HOLDING>). Accordingly, we will summarily affirm the",116844,18964,3,case_hold_mc,holding that the 120day filing period is subject to equitable tolling and addressing circumstances warranting equitable tolling,holding that such a threat would not supply exceptional circumstances,holding that equitable tolling under  2255 would be allowed if at all only for extraordinary circumstances,holding that partys failure to remember what he earlier knew did not present exceptional circumstances justifying equitable tolling,holding title vii subject to equitable tolling
140,"function: (1) the extent to which disclosure will impede agency functions by discouraging-citizens from providing information to the government; (2) the effect disclosure may have upon persons who have given such information, and whether they did so in reliance that their identities would not be disclosed; (3) the extent to which agency self-evaluation, program improvement, or other decisionmaking will be chilled by disclosure; (4) the degree to which the information sought includes factual data as opposed to evaluative reports of policymakers; (5) whether any findings of public misconduct have been insufficiently corrected by remedial measures instituted by the investigative agency; and (6) whether any agency disci 92); Red Bank Register, supra, 206 N.J.Super. at 9, 501 A.2d 985 (<HOLDING>). As this Court recognized in South Jersey",117697,19104,2,case_hold_mc,holding that the board of education violated a school teachers first amendment rights by dismissing him because he had criticized the board in a letter to the local newspaper,holding a board of education independently liable despite the intentional nature of the conduct of its employee a school principal,holding that newspaper had sufficient interest to obtain curriculummapping reports from municipal board of education,holding that a teachers first amendment rights were violated when the board of education dismissed him for sending a letter to newspaper criticizing a proposed tax increase,holding that issues involving the local board of education were matters of public importance
141,"[STC] has a duty to act non-negligently.” (Pl.’s Mem. in Opp’n to STC’s Motion to Dismiss at 6.) Plaintiff further alleges that STC disseminated misleading information to promote the economic inter ests of the tobacco manufacturers. (See id.) “It is well established that one who voluntarily assumes a duty must exercise reasonable care or he will be responsible for damages resulting from his failure to do so.” Isler v. Burman, 305 Minn. 288, 232 N.W.2d 818, 822 (1975). Trade associations are not ordinarily found to have assumed a duty to the purchasing public unless they have some measure control over their manufacturing members or some direct involvement in the development or marketing the product. See Evenson v. Osmose Wood Preserving, Inc., 760 F.Supp. 1345, 1349 (S.D.Ind.1990) (<HOLDING>); Harmon v. National Automotive Parts Ass’n,",118548,19231,0,case_hold_mc,holding that the defendant trade association which did not manufacture sell distribute design test conduct safety research on or set standards for the product could not be held to have owed a duty to the plaintiff,holding that stateimposed standards of care relating to product design manufacture and testing do not qualify as labeling requirements and thus are not preempted by fifra,holding that using a trade secret to produce a design for which a patent application is then submitted and using a product design to procure financing for development of that product constitute use,holding that in a negligence claim there is no postsale duty to warn or remedy when the product was nondefective under standards existing at the time of manufacture,holding that in the absence of a product malfunction a plaintiff cannot establish that a defendant breached any duty owed
142,"of 38 for 150 kilograms or more of cocaine. U.S.S.G. App. C, amend. 505 (Nov. 1, 1994). 3 . ""When the court issues an order on any post-arraignment motion, the clerk must provide notice in a manner provided for in a civil action. Except as Federal Rule of Appellate Procedure 4(b) provides otherwise, the clerk’s failure to give notice does not affect the time to appeal, or relieve — or authorize the court to relieve — a party’s failure to appeal within the allowed time.” 4 . It is noted that Arrate-Rodriguez is also not entitled to any relief under Federal Rule of Civil Procedure 60(b), which can be used in certain civil cases to set aside a judgment, but not in a criminal proceeding, such as the one in the instant case. See United States v. Fair, 326 F.3d 1317, 1317 (11th Cir.2003) (<HOLDING>). 5 . Accordingly, Arrate-Rodriguez's motion to",119401,19365,0,case_hold_mc,holding that rule 60b cannot provide any relief from the district courts judgment on an 18 usc  3582 motion because  3582 actions are criminal in nature and rule 60b is applicable only to civil proceedings,holding without extended discussion that even if the district court should have construed the petitioners motion under 18 usc  3582c2 as a rule 60b motion the court would nonetheless have had to recharacterize the rule 60b motion as an sshp,holding that rule 60b bars sua sponte relief,holding attorneys failure to object does not warrant rule 60b relief,holding that appeal from denial of rule 60b motion raised for review only the district courts order of denial and not the underlying judgment itself
143,"under which the information was disclosed ... to (any) employee to the extent that they give rise to a reasonable inference that further disclosure, without the consent of the possessor, is prohibited, and (4) the degree to which the information has been placed in the public domain or rendered “readily ascertainable” by the third parties through patent applications or unrestricted product marketing. USM Corporation v. Marson Fastener Corporation, 393 N.E.2d at 900; Trent Partners and Associates, Inc. v. Digital Equipment Corporation, 120 F.Supp.2d 84, 110 (D.Mass.1999) (citing USM and same four factors); Baystate Technologies, Inc. v. Bentley Systems, Inc., 946 F.Supp. 1079, 1092 (D.Mass.1996); see also Eastern Marble Products Corporation v. Roman Marble, Inc., 364 N.E.2d at 802 (<HOLDING>). In making this determination, “[A] court",120259,19517,0,case_hold_mc,recognizing that requiring employees to sign confidentiality agreements and separating manufacturing area from public view supported finding that possessor of trade secret adequately preserved the necessary secrecy of manufacturing process,recognizing that some police records must remain secret and free from public inspection as a matter of public policy,recognizing a corporations legal rights to confidentiality and privilege,recognizing duty of possessor of land or chattels to control conduct of licensee,recognizing strong public interest in maintaining confidentiality of official records concerning child abuse
144,"with the IJ and the BIA that the Truongs were firmly resettled in Italy within the meaning of 8 C.F.R. § 208.15. The Truongs lived in Italy for eleven years. In Italy, they had a resident status that required annual renewal, but Mr. Truong was able to obtain a job, Martina Truong attended school, and they were free to move around the country. The length of the Truongs’ stay in Italy coupled with the freedom to get a job, go to school, and travel demonstrate their firm resettlement in Italy. See Andriasian v. INS, 180 F.3d 1033, 1043 (9th Cir.1999) (“[A] lengthy, undisturbed residence in a third country may establish a rebuttable presumption that an individual has the right to return to that country and remain there permanently.”); Cheo v. INS, 162 F.3d 1227, 1229-30 (9th Cir.1998) (<HOLDING>). The fact that the Truongs allowed their",121109,19643,4,case_hold_mc,holding refusal to turn over property seized prepetition constituted violation of stay once notice of the stay had been given,holding judgment in violation of automatic stay void,holding that insurance guarantee association stay statute did not suspend limitation period because action was not pending when stay was entered,holding that such a stay is appropriate where in the absence of a stay the continuation of the proceedings in the trial court disrupts the arbitration proceedings and can render them ineffective,holding that a threeyear stay in malaysia created a presumption of firm resettle merit
145,"the maximum term of confinement, but he has not successfully challenged that sentence in any state or federal proceeding. And because a favorable decision in this action would necessarily call into question the duration of that sentence, this action is not cognizable under Heck. See Williams, 453 F.3d at 177. Accordingly, we will affirm the orders of the District Court granting Defendants’ motions to dismiss and denying Lyszkow-ski’s motion filed under Rule 59(e). However, because it appears that the District Court improperly applied the doctrine of quasi-judicial immunity to dismiss the claims against Silvestri with prejudice, we will modify the order of dismissal to reflect that these claims are dismissed without prejudice. See Curry v. Yachera, 835 F.3d 373, 379 (3d Cir. 2016) (<HOLDING>). * This disposition is not an opinion of the",121960,19789,1,case_hold_mc,holding that the bare assertion that a dismissal without prejudice was favorable to the plaintiff was insufficient to survive a motion to dismiss,holding that a dismissal under heck is without prejudice to a claims reassertion following a favorable termination,holding borough could not appeal dismissal of complaint without prejudice because  dismissal without prejudice is comparable to a nonsuit under the former practice of lavf ,holding that a dismissal of a defendant who did not agree to settlement is not a favorable termination if dismissal of that defendant was a condition of settlement,holding that a dismissal in the interest of justice can be a favorable termination under certain circumstances
146,"IN PART AND REMANDED. NO COSTS. 1 . Pacific must shield funds in the separate account from its general liabilities and expenses, and use it only to fund the variable universal insurance contracts. See 15 U.S.C. § 80a-2(a)(37); 17 C.F.R. § 270.0-1 (e). The separate account is registered with the Securities and Exchange Commission as a unit investment trust under the Investment Company Act of 1940. See Prudential Ins. Co. of Am. v. SEC, 326 F.2d 383, 388 (3d Cir.1964). 2 . Plaintiffs don't dispute that variable universal policies are covered securities. We therefore have no cause to consider whether or not we agree with our sister circuits, though our precedent suggests we would. See Patenaude v. Equitable Life Assurance Soc’y of the United States, 290 F.3d 1020, 1022 (9th Cir.2002)(<HOLDING>), abrogated on other grounds by Kircher v.",122814,19923,3,case_hold_mc,holding security interest in insurance premiums perfected by creation of security interest,holding that a closing protection letter offering to indemnify a mortgage company was not an insurance contract where although issued by an insurance company there was no distribution of the risk,holding that plaintiff could recover medical fees not actually paid by the insurance company pursuant to an insurance contract,holding a variable annuity issued by an insurance company to be a covered security,holding airport security company protected by the convention
147,"that, regardless of whether the post-verdict contact was improper, the exclusion of the Roberts Affidavit violates their Sixth Amendment constitutional right to trial by an impartial jury, and that they are entitled to an evidentiary hearing to determine if the jury was influenced by the comments, the bailiff is alleged to have made. William also contends that courts do not have the power to enact rules such as Local Rule 5.01(d) or to exclude evidence obtained in violation of such rules. We disagree. To begin with, it is well settled that district courts have the power to make rules and issue orders prohibiting attorneys and parties from contacting jurors, whether directly or indirectly, absent prior’ court approval. See e.g., United States v. Davila, 704 F.2d 749, 754 (5th Cir.1983) (<HOLDING>); United States v. Moten, 582 F.2d 654, 665",123665,20062,1,case_hold_mc,recognizing that verdict must be affirmed by jury in open court to have force and validity,recognizing validity of these rules and noting that their principal purpose is to prevent fishing expeditions in search of information with which to impeach jury verdicts,recognizing that the district court could merge duplicative convictions after the jury verdicts are recorded,recognizing that the purpose of the setoff doctrine is to prevent circuity of judicial actions,holding that remittitur is not designed to compensate for excessive verdicts in cases where jury is improperly instructed
148,"Court held unconstitutional a California statute that targeted anyone who ""loiters or wanders upon the streets or from place to place without apparent reason or business and who refuses to identify himself and to account for his presence when requested by any peace officer to do so, if the surrounding circumstances are such as to indicate to a reasonable man that the public safety demands such identification,"" id. at 353 n. 1, and Papachristou v. City of Jacksonville, 405 U.S. 156, 92 S.Ct. 839, 31 L.Ed.2d 110 (1972), in which the Court invalidated a Florida vagrancy statute that criminalized the practice of “wandering or strolling around from place to place without any lawful purpose or object.” Id. at 158 n. 1. But see United States v. Bee, 162 F.3d 1232, 1235-36 (9th Cir.1998) (<HOLDING>); Wiemerslage v. Maine Township High, 29 F.3d",124522,20201,0,case_hold_mc,holding to be constitutional a condition of supervised release that required that the offender not loiter within 100 feet of school yards parks playgrounds arcades or other places primarily used by children under the age of 18,holding that term of supervised release was not automatically terminated when defendant was deported from united states and thus defendants subsequent commission of another offense illegal reentry after deportation prior to expiration of term of supervised release violated condition of supervised release that defendant commit no new offenses,holding that invitederror doctrine precludes defendant from challenging sentence of supervised release where defendant requested sentence of supervised release,holding that further supervised release may be ordered as a sentence for violation of supervised release,holding that a sentencing court is required by 18 usc  3583g to revoke the defendants term of supervised release  unless defendant could come under the exception in 18 usc  3583d
149,"home. Sally testified that “it would be weird with him going home every night.” However, the restriction mandating that situation was imposed by the parties themselves, and Sally admits that she believed it to be in her children’s best interests at the time of the consent judgment. The record simply does not support a finding that having Sally’s fiancé babysit the ^children alone or spend the night with Sally while the children are present is in the children’s best interests. Courts of this state have recognized that an award of custody is not a tool to regulate human behavior. See Montgomery v. Marcantel, 591 So.2d 1272, 1274 (La.App. 3 Cir.1991). Additionally, societal attitudes toward unmarried couples living together have changed over the years. See Montgomery, 591 So.2d at 1274 (<HOLDING>); compare Lozes v. Lozes, 542 So.2d 603, 605",125376,20343,0,case_hold_mc,recognizing that in todays society conduct which would once have been scandalous is acceptable or perhaps even the norm,holding that im proper means may be wrongful by reason of a statute or other regulation or a recognized rule of common law or perhaps an established standard of a trade or profession,holding that even in separate trial other crimes evidence would not have been admissible and identification testimony would have been admissible,recognizing the possibility that a defendant could have been prejudiced by the actual conduct of a codefendants defense,holding that such conduct or the causing of the result must have been the persons conscious objective
150,"will bear the burden of proof at trial. Celotex Corp., 477 U.S. at 322, 106 S.Ct. 2548. Multiple readings of the parties’ briefs and them exhibits make clear that no material fact is in dispute. As such, summary judgment is appropriate. I. Plaintiffs Bad Faith Claim Plaintiff asserts that Defendant acted in bad faith in violation of 42 Pa. Cons.Stat. Ann. § 8371 (2007). To succeed on a bad faith claim, a plaintiff-insured must prove (1) that the insurer did not have a reasonable basis for denying benefits under the policy; and (2) that the insurer knew of or recklessly disregarded its lack of a reasonable basis in denying the claim. Northwestern Mut. Life Ins. Co. v. Babayan, 430 F.3d 121, 137 (3d Cir.2005); Klinger v. State Farm Mut. Auto. Ins. Co., 115 F.3d 230, 233 (3d Cir.1997) (<HOLDING>); Terletsky v. Prudential Prop. & Cas. Ins.",126232,20482,2,case_hold_mc,recognizing the cause of action,recognizing that discrimination causes injury to the whole community,recognizing that terletsky established the test for section 8371 causes of action,recognizing the test set forth in strickland as clearly established law for aedpa purposes,holding that the scope of section 541 is broad and includes all kinds of property including causes of action
151,"of 10 years of imprisonment when it later offered to introduce evidence that would subject Taylor to a sentence of more than 10 years. 77 F.3d at 369-71. In contrast with Boatner and Taylor, the United States did not advocate a position contrary to its obligations to Hallock. The United States agreed not to recommend an enhancement for a pattern of sexual activity, and it complied with that agreement. Nothing in that agreement limited the amount or type of information that the United States could disclose about Hallock for purposes of sentencing. And the United States was entitled under the plea agreement to “inform the [District] Court and the probation office of all facts pertinent to the sentencing process.” See United States v. Thomas, 487 F.3d 1358, 1360-61 (11th Cir.2007) (<HOLDING>). The United States abided by its agreement. B.",127086,20629,3,case_hold_mc,holding the government was required by law to correct a defendants misrepresentations at a sentencing hearing and doing so did not violate the plea agreement,holding the government waived its argument on appeal that the defendant did not have standing to challenge a search when it failed to raise the argument to the district court,holding that the district court erred when it used rule 36 to amend the defendants sentence to include an order of forfeiture that had been agreed to in the plea agreement but which the court failed to make a part of its judgment at sentencing,holding that an argument for the district court to give serious consideration of the imposition of consecutive penalties did not violate a plea agreement that forbade the government from recommending a specific sentence but allowed it to give advice about sentencing considerations,holding that the  district court did not give the plaintiffs an adequate opportunity to be heard where it failed to conduct an in limine hearing and denied oral argument on the evidentiary issues
152,"Moreover, it cannot be said under the circumstances of this case that by not selling their businesses Plaintiffs “relied on the promise to [their] detriment.” Calabro, 15 S.W.3d at 879. Nothing in the record shows that it has been to Plaintiffs’ detriment to be in business as an ACS dealer and Plaintiffs have cited no case law to the contrary. Rather, “the detriment suffered in rebanee must be substantial in an economic sense,” id, and although Plaintiffs paid a percentage of their sales to Defendants, they have also profited from the venture. In sum, the Court cannot say that “injustice can be avoided only by enforcement of the promisefs]” that allegedly caused Plaintiffs to remain dealers. Id. at 878; see also Piantes v. Pepperidge Farm, Inc., 875 F.Supp. 929, 935 (D.Mass.1995) (<HOLDING>). Conclusion Based on the foregoing, and all of",127940,20769,4,case_hold_mc,holding that reasonable reliance is not an element of the defense,holding that reliance is not a required element of securities fraud in a state enforcement action in idaho,holding that the statute of frauds operates even when there has been reliance on a promise,holding that under ohio law fraud claim failed because there was no evidence of reliance,holding that enforcement of the promise is not necessary to prevent injustice because there is no question that plaintiff has benefited tremendously from his purported reliance
153,"the fact that the insurance contract was silent on the question of reimbursement for unobligated payments, stating that “where ... the terms of the contract do not address the compensation owed to a plaintiff for a particular benefit conferred on the defendant, the plaintiff may obtain restitution if the defendant would be unjustly enriched by retaining that benefit.” Id. at 754. The Court further rejected the insured’s argument that Essex could not recoup the amount of the state court judgment because it paid the judgment voluntarily under a mistake of law, concluding instead that Essex had paid the judgment not due to a mistake of law but, rather, because there were factual questions that needed to be resolved before ascertaining whether it had a duty to indemnify RMJC. Id. at 754-55 (<HOLDING>). The Court further stated that “[pjolicy",128796,20910,2,case_hold_mc,holding that language of contract did not limit plaintiffs recovery to liquidated damages,holding that the avoidance powers provide for recovery only if the recovery is for the benefit of the estate,recognizing that pennsylvania law disallows recovery of payments made under a mistake of law such as a misinterpretation of contract language but permits recovery of payments made without full knowledge of the facts,holding that the irs has notice of plaintiffs alternate ground of recovery because it had considered and evaluated the applicability of the code provision under which the plaintiff sought recovery,holding that a mistake of law is not a basis to rescind a contract
154,"rulings. {28} The trial court also found that Defendant posed a danger to the victim and an eyewitness who testified at trial. This finding alone could have been a sufficient basis for increasing Defendant’s sentence. Citing to Swafford, Defendant argues that, where the trial judge relies on two different sentencing factors, and one may be impermissible, the appellate court should reverse for re-sentencing. See id. at 17 n. 11, 810 P.2d at 1237 n. 11; see also James, 109 N.M. at 284, 784 P.2d at 1027. In those cases, however, one of the factors was clearly impermissible. We have determined that lack of remorse was a permissible sentencing factor in this case, and therefore we do not face the same concern. See State v. Castillo-Sanchez, 1999 NMCA 085, ¶ 28, 127 N.M. 540, 984 P.2d 787 (<HOLDING>). Even if we had doubts about the",129652,21049,1,case_hold_mc,holding that rulings not challenged on appeal are implicitly affirmed,holding that a sentencing decision will be affirmed if challenged factor is permissible and other factors are not challenged,holding that the decision of the bia will not be affirmed by this court unless the reasons for such a finding are made clear,holding state of the law must be determined at time of challenged action,holding that unconstitutional government action can only be challenged by a person directly affected it cannot be challenged by one invoicing the rights of third parties
155,"punishment; (4) he has been “excessively fined for charges [he] plead not guilty to[ ]”; (5) doctors have “deliberately misdiagnosed” him; (6) he has been “sexually abused”; and (7) he “was a sexual abuse victim ... at the prison in April of 2010.” Id. at 1-2. As a threshold matter, the district court did not specify whether its dismissal was with or without prejudice. We presume the dismissal was with prejudice since a dismissal for failure to state a claim and a dismissal for failure to prosecute are decisions on the merits. Osborn v. Shillinger, 861 F.2d 612, 617 (10th Cir.1988); Fed.R.Civ.P. 41(b). As such, the district court should have considered the Ehrenhaus factors with respect to its Rule 41(b) dismissal. See Procter & Gamble Co. v. Haugen, 427 F.3d 727, 738 (10th Cir.2005) (<HOLDING>). The district court in this case, however,",130497,21194,0,case_hold_mc,holding district courts dismissal of an action with prejudice without addressing ehrenhaus factors on the record amounts to an abuse of discretion internal quotation marks omitted,holding that an order dismissing a complaint without prejudice is a final appealable order only if no amendment to the complaint could cure the defects in the  case internal quotation marks omitted,recognizing district courts broad discretion to impose prison term up to the statutory maximum for violations of supervised release internal quotation marks omitted,recognizing that we review a trial courts jury instruc tions for abuse of discretion and that a district court abuses its discretion when it makes an error of law internal quotation marks omitted,recognizing that a district courts dismissal of an independent action under rule 60b is reviewed for abuse of discretion
156,"by the purpose of the comparison or the alteration being detected. Because of its breadth, the comparison step covers detection of yet-undiscovered alterations, as well as comparisons for purposes other than detection of cancer. Even with respect to cancer, the comparisons are not limited to the detection of risk of breast or ovarian cancer. Similar concerns to the ones the Supreme Court expressed in Myriad with respect to isolated DNA exist here: allowing a patent on the comparison step could impede a great swath of research relating to the BRCA genes, and it is antithetical to the patent laws to allow these basic building blocks of scientific research to be monopolized. See Myriad, 133 S.Ct. at 2116; see also Gottschalk v. Benson, 409 U.S. 63, 64, 93 S.Ct. 253, 34 L.Ed.2d 273 (1972) (<HOLDING>). The first paragraphs in claims 7 and 8 are",131353,21337,2,case_hold_mc,holding that a disclaimer stating  this particular code or policy handbook is not an expressed or implied contract of employment and does not create any contractual rights of any kind between employer and its employees was clear enough that a,holding that constitutionally protected property interest in employment does not extend to right to possess and retain particular job or to perform particular services,holding that a claim on an algorithm for converting binarycoded decimal numbers into pure binary numbers was not patent eligible because the claims were not limited to any particular art or technology to any particular apparatus or machinery or to any particular end use,holding that a written statement could not be regarded as an affidavit sufficient in law for any purpose because it was not sworn to by any one or before any officer,holding that courts are not bound to decide any particular jurisdictional question before any other
157,"Ark. 2014) (disallowing exemptions for fraud without addressing Siegel); Woolner, 2014 WL 7184042, at *2-4, (limiting Siegel to surcharge context and applying Fed. R. Bankr. P. 4003 to sustain objection to fraudulently claimed exemptions). 6 . While the Court appeared to temper the impact of its pronouncement by limiting its application it to federal exemptions only and leaving intact a bankruptcy court's discretion to consider a debtor's misconduct when dealing with state law exemption claims, at least one Court within this District has suggested that such a concession regarding the Court’s authority to consider the intersection of state law exemptions and misconduct on the part of the debtor was ""far less meaningful” in the First Circuit than at first blush. Mateer, 525 B.R. at 566 (<HOLDING>). In the instant case, the Debtor is not",132211,21481,1,case_hold_mc,holding that homestead exemption was unavailable even though claimants were  living on the land and claiming it as homestead with the permission or acquiescence of the owner for they could have no homestead right or interest in land to which they had no title,holding that even if massachusetts law recognizes a courts equitable power to deny homestead protection to a debtor engaged in fraudulent conduct with respect to the homestead property the united states court of appeals for the first circuit in patriot portfolio llc v weinstein in re weinstein 164 f3d 677 1st cir1999 has instructed that such power is preempted by federal law in the event bankruptcy ensues weinstein appears to slam the door left minimally open by the supreme court in law v siegel,holding that the federal habeas courts task is to determine if the state courts decision was contrary to or involved an unreasonable application of clearly established federal law as determined by the supreme court of the united states,holding even though debtor would have been entitled to iowa homestead exemption but for former spouses iowa code section 59821 lien debtor could not avoid the lien because it attached to the homestead prior to or simultaneously with debtors acquisition of the interest in the homestead,holding that the general rule is that temporary absence from the premises will not itself cause an abandonment of the homestead but to retain the homestead exemption one leaving the homestead must in good faith intend to return albeit the intent to return need not be at any particular time in the future
158,"(Tex.Crim.App.2004). 1. Questions reasonably related to administrative concerns The Muniz plurality held that questioning Muniz about his “name, address, height, weight, eye color, date of birth, and current age” was Miranda exempt because these questions were “reasonably related to the police’s administrative concerns.” Muniz, 496 U.S. at 601-02, 110 S.Ct. 2638. However, the Court has provided no definitive guidance on the scope of the exception. State and federal courts, including Texas’s intermediate courts, have since undertaken to identify what routine custodial questions are reasonably related to a legitimate administrative concern so to potentially fall within the exception’s parameters. See Townsend v. State, 813 S.W.2d 181, 186 (Tex.App.-Houston [14th Dist.] 1991, pet. ref'd) (<HOLDING>). Conversely, courts have held that questions",133064,21616,1,case_hold_mc,holding that an officer may search a suspects vehicle incident to a lawful arrest,holding that questions regarding suspects name address weight height place of employment or physical disabilities normally attendant to arrest and custody,holding that an arrest may involve either 1 taking the alleged violator into exlended physical custody or 2 issuing the individual a citation and noting that when we use the word arrest in this opinion we refer to physical arrest,holding that arrest took place inside home even though officers did not physically enter residence to place suspect in custody,recognizing that an arrest requires either physical force  or where physical force is absent submission to the assertion of authority
159,"construction of Rule 26(b)(3),” but was instead independently relying on the statutory language of Exemption 5. Grolier, 462 U.S. at 26, 103 S.Ct. at 2214. 12 . The courts have generally recognized a difference between fact work product and opinion work product. See generally 6 Moore’s Federal Practice § 26.70[5][b], [e] (Daniel R. Coquillette et al. eds., 3d ed.1997). The substantial need/undue burden test applies only to fact work product. Id. § 26.70[5][b]. The circuits are divided on whether there is absolute protection for opinion work product. Some courts have held that opinion work product is absolutely protected; others have concluded it may be discovered under. compelling circumstances. Compare Holmgren v. State Farm Mut. Auto. Ins. Co., 976 F.2d 573, 577 (9th Cir.1992) (<HOLDING>), and In re Sealed Case, 676 F.2d 793, 809-10",133923,21736,1,case_hold_mc,holding opinion work product to be absolutely protected,holding opinion work product may be discovered when mental impressions are at issue and need for material is compelling,holding that fedrcivp 26b3 does not require absolute protection for opinion work product and noting that these materials may be discovered and admitted when mental impressions are at issue in the case and the need for the materials is compelling,holding that cover letters from counsel to an expert that do not contain mental impressions opinions or conclusions of counsel are discoverable but written notes that contained the lawyers mental impressions were protected,holding that materials prepared by an investigative audit committee were not work product because they were not the mental impressions conclusions opinions or legal theories of an attorney
160,"and in line with Blakely, the Supreme Court in Booker extended the holding in Apprendi with the following modification: “Any fact (other than a prior conviction) which is necessary to support a sentence exceeding the maximum authorized by the facts established by a plea of guilty or a jury verdict must be admitted by the defendant or proved to a jury beyond a reasonable doubt.” Id., 125 S.Ct. at 756. Petitioner Casas is not entitled to relief under Apprendi, Blakely, and Booker for more than one reason. His reliance on these holdings is misplaced as none of them applies retroactively on collateral review. Like Blakely, Booker is not retroactive. See McReynolds v. United States, 397 F.3d 479, 480 (7th Cir.2005), cert. denied, 545 U.S. 1110, 125 S.Ct. 2559, 162 L.Ed.2d 285 (2005) (<HOLDING>); see also Guzman v. United States, 404 F.3d",134776,21870,3,case_hold_mc,holding that blakely does not apply retroactively to  2255 motions,holding that apprendi does not retroactively apply to  2255 motions,holding that apprendi does not apply retroactively to claims raised in a  2255 motion,holding that booker does not apply retroactively to collateral proceedings under  2255,holding booker is not retroactively applicable to cases on collateral review
161,"the issue of Bolden’s guilt or innocence on the charge of second degree murder. Numerous courts have held, applying the “issues necessarily adjudicated” test that in previous trials on other charges, juries necessarily pass upon the veracity of a defendant in reaching a verdict of acquittal. United States v. Hernandez, 572 F.2d 218 (9th Cir.1978) (acquittal in first trial on charge of billing the government for more hours spent providing legal services than were actually spent; second trial for perjury); United States v. Nash, 447 F.2d 1382 (4th Cir.1971) (acquitted in first trial on mail theft charge, subsequently charged with perjury on basis of the impossibility of defendant’s having ob tained money as she testified in first trial); Jay v. State, 15 Ala.App. 255, 73 So. 137 (1916) (<HOLDING>); Youngblood v. United States, 266 F. 795 (8th",135627,22012,0,case_hold_mc,holding that further inquiry into falsity of defendants prior testimony in a rape case is barred,holding that application of the rape shield law to a case in which the underlying events occurred prior to the enactment of the rape shield law was not a violation of the constitutional prohibition against ex post facto laws,holding that the trial court in a sexual assault case erred by refusing to allow evidence of prior testimony by the complainant in an unrelated rape prosecution,holding that the defendants offer of the affiants sworn testimony to establish falsity of the warrant affidavit did not amount to a substantial preliminary showing of falsity under franks,holding that a rape shield statute was not ex post facto when it barred evidence of a prior sexual relationship that was admissible before enactment of the statute
162,"view all of the evidence in the light most favorable to the non-moving party and must draw all permissible inferences from the submitted affidavits, exhibits, interrogatory answers, and depositions in favor of that party. See Anderson, 477 U.S. at 255, 106 S.Ct. 2505; Vann v. City of N.Y., 72 F.3d 1040, 1048-49 (2d Cir.1995). Notably, “the trial court’s task at the summary judgment motion stage of litigation is carefully limited to discerning whether there are genuine issues of material fact to be tried, not deciding them. Its duty, in short, is confined at this point to issue-finding; it does not extend to issue-resolution.” Gallo v. Prudential Residential Servs. Ltd., 22 F.3d 1219, 1224 (2d Cir.1994); see Donahue v. Windsor Locks Board of Fire Comm’rs, 834 F.2d 54, 58 (2d Cir.1987) (<HOLDING>). B. As to the Plaintiffs Discrimination Claims",136486,22150,2,case_hold_mc,holding that a probable cause determination is appropriate for summary judgment where there are no genuine issues of material fact and no credibility issues,holding that under florida law a court hearing a case on a motion for a summary judgment can only consider those issues raised by the pleadings,holding that on a motion for summary judgment the court cannot try issues of fact it can only determine whether there are issues to be tried,holding that the function of the trial court on a motion for summary judgment is to determine whether issues of fact exist and not to decide the merits of the issues themselves,holding that when there are no genuine issues of material fact summary judgment is appropriate
163,"217 (Mo.Ct.App.1991). Both of these cases are distinguishable. ¶ 36. In Ballesteros, the doctor was not prohibited from treating patients who independently sought his services. Field, on the other hand, was enjoined from treating all patients in Lafayette County,. even if they independently sought his services. In Med. Specialists, Inc., the appellate court enforced the non-competition agreement, but only after finding that there were adequate infectious disease doctors to serve the area, and the enforcement of the provision would therefore not harm the public. ¶ 37. On the other hand, other jurisdictions have routinely refused to enforce non-competition compete agreements based on the same reasoning. See Valley Med. Specialists v. Farber, 194 Ariz. 363, 982 P.2d 1277, 1283 (1999) (<HOLDING>); Hoddeson v. Conroe Ear, Nose, & Throat",137346,22289,4,case_hold_mc,holding that the special relationship exception does not apply to the relationship between a student and a school,holding that doctors conduct toward patient that does not come within penumbra of doctorpatient relationship cannot form basis for malpractice action,recognizing the existence of the special relationship,holding that doctors may limit the extent of their responsibility to patients by narrowing the scope of the doctorpatient relationship,holding that provision would not be enforced due to that fact that the doctorpatient relationship is special and entitled to unique protection
164,"in choosing between these versions think carefully about what the police could have done if these men, Steven Cross, Detective Lauro, Detective Gerstmeyer, Detective Mansolillo had been people who would deliberately come in here and tell you the truth. Yes, you will hear undoubtedly in summation that Detective Mansolillo made a mistake in the Grand Jury. People make mistakes, and he corrected it here. All right. Defendant did not object to what he now attacks as witness vouching, and so our review in this context is for plain error. United States v. Grabiec, 96 F.3d 549, 550 (1st Cir.1996); United States v. Sepulveda, 15 F.3d 1161, 1187-88 (1st Cir.1993). These first two comments do not, we think, amount to improper vouching. United States v. Cruz-Kuilan, 75 F.3d 59, 62 (1st Cir.1996) (<HOLDING>). The last statement is simply too garbled to",138196,22417,2,case_hold_mc,holding the prosecutor is required to present exculpatory evidence to the grand jury,holding that a prosecutor may comment on the absence of evidence so long as there is sufficient evidence to support the prosecutors version of events,holding that it is not vouching for prosecutor to say that jury should come to believe on the evidence that the events occurred the way the governments witnesses said they did,holding jury is sole judge of witness credibility and may believe some witnesses and refuse to believe others,holding that a district court should have let the jury  decide whether it was objectively reasonable for the defendants to believe that they were acting within the bounds of the law
165,"..., licensed and approved surgical/hospital facility ... through the obtaining of a Construction Loan.” [Emphasis added.] The phrase “through the obtaining of a Construction Loan” identifies the means by which the “Project” would be funded and accomplished, not the date at which the “Project” would begin. Dr. Cravens’s interpretation cannot be sustained in light of our well-established rules of contract construction. See Coker v. Coker, 650 S.W.2d 391, 393-94 (Tex.1983). The supreme court has cautioned us to look for “red flags” indicating that justifiable reliance is unwarranted. See Grant Thornton LLP, 314 S.W.3d at 923. There are red flags in this case, and they could not be larger and more weath by Eng’g, Inc., 356 S.W.3d 54, 75-76 (Tex.App.-Houston [1st Dist.] 2011, no pet.), (<HOLDING>). Ac cordingly, insofar as any of the jury’s",139055,22558,0,case_hold_mc,holding that contractor could not show that it reasonably relied upon alleged misrepresentation,holding that plan beneficiaries could not have reasonably relied on any alleged oral misrepresentations in light of a signed severance agreement containing information to the contrary,holding that bankruptcy trustee for contractor could not avoid prepetition payment of funds from contractor to subcontractors,holding that a person cannot reasonably rely on a misrepresentation when the contents of a written instrument contradict the alleged misrepresentation,holding that the court could reasonably assume that no rational class member would have purchased the product had he known of the alleged misrepresentation
166,"at the close of the prosecution's case. 6 . The laboratory technician testified that he observed sperm cells on the vaginal slides prepared during the Dean’s examination at the hospital. T.307. He did not testify that there were sperm cells on the anal slides. 7 . Other federal courts have held that deficient indictments were held not to violate the Sixth and Fourteenth Amendments where the defendant received actual notice of the charges against him. E.g., United States v. Walsh .1993) (concluding that constructive amendment of indictment did not violate habeas petitioner's Sixth Amendment right when he received actual notice of prosecution’s theory of case ""at least before the jury was sworn, and almost certainly weeks before”); Hulstine v. Morris, 819 F.2d 861, 863-64 (8th Cir.1987) (<HOLDING>); Fawcett v. Bablitch, 962 F.2d 617, 618 (7th",139910,22692,2,case_hold_mc,holding that lack of notice of charges in disciplinary proceedings violates the due process clause,holding that reading the indictment as a whole we have no doubt that the defendant was fully aware of the charges against him,holding that due process requirements may be satisfied if a defendant receives actual notice of the charges against him even if the indictment or information is deficient concluding that defective indictment did not violate defendants sixth amendment right because defendant was made fully aware of charges and potential punishment during guilty plea proceedings,holding that a criminal defendant is entitled to know the charges against him and to be tried solely upon the charges against him internal quotation marks and citation omitted,recognizing that article 2810c provides that indictment or information may not be amended over defendants objection as to form or substance if indictment or information charges defendant with additional or different offense or if substantial rights of defendant are prejudiced
167,"Mr. Handy with a deadly weapon, thereby proximately causing his death .... (Emphasis added). Also, in recapping its instructions on second degree murder, the trial court stated the following: If you find from the evidence beyond a reasonable doubt that on or about December 19th of 2003 [defendant], acting by himself or together with others, intentionally and with malice . . . wounded Mr. Handy with a deadly weapon, thereby proximately causing Mr. Handy’s death, it would be your duty to return a verdict of guilty to second-degree murder. (Emphasis added). We hold that the trial court’s lapse in stating “with a deadly weapon” when describing the State’s theory as to the element of malice did not prejudice defendant. See State v. Perez, 182 N.C. App. 294, 300, 641 S.E.2d 844, 849 (2007) (<HOLDING>). Accordingly, this assignment of error is",140769,22828,4,case_hold_mc,holding appellate courts must consider the trial courts jury charge as a whole,holding that because trial court actually gave part of a jury charge that appellant claimed was improperly omitted and because remainder of courts charge adequately defined one of the legal terms at issue the courts jury charge taken as a whole was not misleading and did not constitute reversible error,holding that although portion of trial courts jury charge was inapplicable any error in providing it was harmless in light of the fact that charge considered as a whole was not likely to confuse or mislead the jury,holding that whether a jury charge comments on weight of evidence is determined by looking at the jury charge as a whole not isolated statements,holding that where the charge viewed as a whole contextually leaves no reasonable cause to believe the jury was misled there was no prejudicial error
168,"trailers into service, they suffered sudden and accidental physical injury in the form of cracking, buckling, and de-arching. Therefore, the ‘impaired property’ exclusion does not negate coverage in this case.” Although we have rejected the circuit court’s determination that the cracking of the trailers was the occurrence in this case, our determination that the failure of the trailers to haul concentrated loads is properly characterized as the occurrence does fit within the circuit court’s rationale. In this case, the failure by the trailers was both “sudden” and “accidental,” both in terms of the initial failure of particular trailers and in terms of the discovery that all of the Dorsey trailers were flawed. See Claussen v. Aetna Cas. & Sur. Co., 259 Ga. 333, 380 S.E.2d 686 (1989)(<HOLDING>). See also Alabama Plating Co. v. United States",141624,22969,1,case_hold_mc,holding that an insurance policy providing that the insurance company would pay all reasonable expenses incurred by the insured at our request emphasis omitted did not establish an agreement that the insurer would cover attorney fees and costs to the insured in a declaratory action,holding that the word sudden in a pollutionexclusion clause in a general liability insurance policy was ambiguous ie was capable of more than one reasonable interpretation and therefore would be interpreted in favor of the insured to mean unexpected and unintended,holding that an insurance contract should be construed as a reasonable person in the position of the insured would have understood it and that if the language used in the policy is reasonably susceptible to different constructions it must be given the construction most favorable to the insured,recognizing that a clause in an insurance policy was susceptible to a construction in favor of the insured but that such a construction would be unreasonable absurd and produce results never intended or contemplated by the parties,holding that only if provisions in an insurance contract are open to more than one interpretation should it be construed strictly against the insurer and liberally in favor of the insured
169,"whom RAMIL, J., joins. I concur in the result reached, but must disagree with the totality of circumstances formulation seemingly adopted in this case. The facts of this ease call for a straightforward application of fundamental precepts established in Miranda v. Arizona, 384 U.S. 436, 86 S.Ct. 1602, 16 L.Ed.2d 694 (1966), and certain of its progeny. Basic Miranda-related propositions bear recounting (1) to demonstrate their applicability to this case, (2) to elucidate the perplexity that may result from reformulating them, and (3) to highlight the harm that would be caused by them misapplication. I. Miranda extends the constitutional privilege against self-incrimination to out-of-court statements obtained from an individual during custodial interrogation. See id. at 461, 86 S.Ct. 1602 (<HOLDING>). That decision defined custodial interrogation",142482,23105,3,case_hold_mc,holding that the drug tax violated the privilege against selfincrimination,holding that on march 13 2004 it was clearly established that the fourth amendment protects people from medical procedures induced by lawenforcement officers,recognizing commonlaw privilege against selfincrimination,holding that the privilege against selfincrimination protects individuals from informal compulsion exerted by lawenforcement officers during incustody questioning,holding that waiver of privilege against selfincrimination is proceeding specific
170,"and making policy. In accord with this proposition, several circuits have adopted approaches to analyzing claims of legislative immunity that, in one way or another, look to whether the defendant official was enacting or promulgating a policy or rule as opposed to simply enforcing, monitoring, or applying the policy. Thus, for example, in Cinevision Corp. v. City of Burbank, 745 F.2d 560 (9th Cir.1984), cert. denied, 471 U.S. 1054, 105 S.Ct. 2115, 85 L.Ed.2d 480 (1985), the Ninth Circuit held that a city council was not acting legislatively when it voted to disapprove certain proposed concerts for the city’s amphitheater because the council was merely monitoring and enforcing its contract with the concert promoter. See also Zamsky v. Hansell, 933 F.2d 677, 679 (9th Cir.1991) (<HOLDING>). Similarly, the Fourth Circuit recently",143344,23231,1,case_hold_mc,holding a dedication of a rightofway in connection with a subdivision did not vest rights in the property owner for the purpose of estopping the county from changing the zoning classification absent a showing that the planning commission or county knew that the sewer permit would not be granted or that the countys subdivision regulations guaranteed the zoning of the property would not change,holding that land use planning commission was not acting in a legislative capacity in requiring county to rezone certain property because that act involved ad hoe decisionmaking rather than formulation of policy such as would be involved in promulgating the statewide planning standards,holding that individuals acting in a legislative capacity at a regional level are entitled to absolute immunity,holding that land sales contracts were not securities because they involved no investment in an enterprise even if land was bought on expectation that development of the area would increase the value of the land,holding that a judgment in a suit in which a trustee was acting individually would not bind him acting in his capacity as trustee
171,"January 6, 2006, but was untimely if the clock started ticking on November 23, 2005. A properly filed Rule 59(e) motion tolls the period for filing a notice of appeal; Fed. R.App. P. 4(a)(4)(A)(iv), a Rule 59(e) motion filed out of time, however, does not have the same effect. NEF argues that the Court lacks jurisdiction to hear this appeal. It reasons that, notwithstanding the district court’s motion granting the State an extension of time to file its Rule 59(e) motion, the motion was nevertheless untimely filed. Federal Rule of Civil Procedure 6(b) states that the district court “may not extend the time for taking any action under Rule[] ... [59(e) ] ..., except to the extent and under the conditions stated in [Rule 59(e) ].” See Rhoden v. Campbell, 153 F.3d 773, 774 (6th Cir.1998) (<HOLDING>). NEF argues that since the State’s Rule 59(e)",144188,23363,2,case_hold_mc,holding that rule 59e applies to a motion to reconsider,holding that an argument raised for the first time in a rule 59e motion is waived on appeal,holding that the district court cannot extend the time for filing a rule 59e motion by margin order,recognizing that rule 59e permits a district court to reconsider and amend a previous order,holding that the march of time began for the period in which to file a rule 59e motion on the date the court entered an order that was immediately appealable
172,"predicates is sufficient, as is a common core of salient facts coupled with disparate legal remedies within the class. Hanlon v. Chrysler, 150 F.3d 1011, 1019 (9th Cir.1998) see also Staton v. Boeing, 327 F.3d 938, 953 (9th Cir.2003). The Supreme Court has recently clarified the commonality requirement, at least in e c. v. California Dept. of Transp., 249 F.R.D. 334, 346 (N.D.Cal.2008) (certifying class of mobility and vision impaired individuals in light of the issue common to all plaintiffs, namely whether and to what extent Caltrans had violated the ADA on a “systematic basis for many years through the use of improper design guidelines and the failure to ensure compliance with even those deficient guidelines”); L.H. v. Schwarzenegger, 2007 WL 662463, at *12 (E.D.Cal. Feb. 28, 2007) (<HOLDING>) Rule 23(a)(3) further requires that “the",145047,23509,0,case_hold_mc,holding that system wide deficiencies in the california juvenile parole system affect all of the putative class members with disabilities regardless of the specific nature of their disability,holding that the proposed class included such a wide range of employees subject to such a wide range of criteria for individual performance evaluations that absent some evidence that microsofts benefits system effected sic  these various employees in the same or similar ways the enormous diversity of this putative class defeats a finding of commonality,holding that entry of settlement decree without notice to putative class members violated the due process rights of the class members,holding that it is not necessary that all putative class members share identical claims,holding that putative class members are not parties to an action prior to class certification
173,"the abundant briefs and documentation submitted by the Parties as well as their oral submissions during the Hearing eloquently evidences that their disputes do not relate to the creation, substance or contents, title, scope or extinction of immovable property rights .... ... The Arbitral Tribunal must then reject Consorcio Barr’s arguments refuting the Arbitral Tribunal’s jurisdiction based on Article[] 47 of the PIL Act. Award ¶¶ 17 & 19. Although the Venezuelan courts held that the arbitration provisions were invalid because the dispute involved immovable property rights, Consorcio waived its right to reassert this position in court once it submitted to an arbitration in which the very same issue was in dispute. Slaney v. Int'l Amateur Athletic Fed’n, 244 F.3d 580, 591 (7th Cir.2001) (<HOLDING>). The arbitrability of the issue was left to",145902,23645,1,case_hold_mc,holding that once the party seeking to compel arbitration establishes the existence of an arbitration agreement and that the claims raised fall within the scope of that agreement the trial court must compel arbitration,holding that party seeking to avoid effect of arbitral award on basis of lack of agreement to arbitrate was estopped to do so under the convention where she freely participated in the arbitration and her claims were already adjudged in arbitration decision,holding that the federal arbitration act requires piecemeal resolution when necessary to give effect to an arbitration agreement and mandates enforcement of an arbitration agreement notwithstanding the presence of other persons who are parties to the underlying dispute but not to the arbitration agreement emphasis added,recognizing that in reviewing ruling on motion to compel arbitration we first determine whether party seeking arbitration established existence of arbitration agreement,holding that a party seeking to compel arbitration must establish the existence of an arbitration agreement and show that the claims raised fall within the scope of that agreement
174,"application for rehearing, see Ex parte Jordan, 486 So.2d at 488 (<HOLDING>). In June of 1987, the Alabama Supreme Court",146761,23779,0,case_hold_mc,holding that the failure to give a vehicular homicide charge was harmless error in view of the jurys rejection of other lesser offense charges,holding trial courts error in overruling objection to prosecutors misstatement of law of intoxication that differed from definition in charge was harmless when there was evidence supporting the jurys verdict and it was presumed the jury followed the instructions in the charge,holdingthat because the evidence of the defendants guilt was overwhelming the courts failure to give a requested charge on impeachment constituted harmless error,holding that failure to submit an element of the offense to the jury is subject to harmless error analysis,holding that the rejection of the exculpatory hearsay testimony of a government witness was in error particularly in view that accusatory hearsay was admitted
175,"indicate a seizure, including “ ‘some physical touching of the person of the citizen.’” Id at 781 (quoting United States v. Mendenhall, 446 U.S. 544, 554, 100 S.Ct. 1870, 1877, 64 L.Ed.2d 497 (1980)). In the process of waking Ries up, the officers grabbed his hands, placed him in handcuffs, rolled him over, and patted the outside of his clothing. We are convinced that a reasonable person, under the totality of these circumstances, would not feel free to leave. Accordingly, we conclude that a seizure occurred. Having determined that Ries was seized, we turn to whether the pat search falls within an exception to the warrant requirement. The district court concluded that the search fell within the emergency-aid exception. See State v. Lemieux, 726 N.W.2d 783, 788-90 (Minn. 2007) (<HOLDING>); see also Lopez, 698 N.W.2d at 23 (concluding",146888,23800,1,case_hold_mc,holding that officers warrantless entry was justified to assure safety of person who called 911,holding warrantless entry of residence was justified by need to search for intruders or injured occupants,holding that it is permissible under the fourth amendment to detain occupants of a residence while executing a search warrant of the residence,holding warrantless search of vehicle was improper where car was not stopped on a highway but was parked at a residence with no occupants inside or near the vehicle and capable of being driven away by the turn of an ignition key,holding that in every warrantless entry into private residence state has burden to demonstrate that exigencies of situation made entry imperative
176,"a claim for relief can be grounded. The plaintiff must allege an injury in fact to a legally protected or cognizable interest.” Farmers Ins. Exch. v. Dist. Court, 862 P.2d 944, 947 (Colo.1993); accord, GF Gaming Corp. v. Hyatt Gaming Mgmt. Inc., 77 P.3d 894, 896 (Colo.App.2003); see also Colo. Chiropractic Ass’n v. Heuser, 177 Colo. 434, 438, 494 P.2d 833, 834 (1972) (dismissing declaratory judgment action because the plaintiff lacked standing to challenge statute absent a showing “that it [wa]s an aggrieved party or that it [wa]s a party whose interest the statute was designed to protect”); Associated Master Barbers of Am., Local No. 115 v. Journeyman Barbers, Hairdressers, Cosmetologists & Proprietors Int’l Union of Am., Local No. 205, 132 Colo. 52, 55, 285 P.2d 599, 600-01 (1955) (<HOLDING>). ¶ 34 But the Owners have not asserted any",147739,23939,1,case_hold_mc,holding that the court was not bound by the parties agreement that contracts were unambiguous and holding that contracts were ambiguous,holding that persons not parties to a contract did not have standing to seek declaratory judgment on contracts validity,holding that plaintiffs did not have standing to bring a declaratory judgment action in either a thirdparty beneficiary individual or associational capacity because there was nothing in the contract between a conservation district and a city concerning rates charged to the city that conferred donee  or creditorbeneficiary standing upon the plaintiffs to challenge the contracts terms,holding that an action challenging the validity of a will may not be brought under ohios declaratory judgment act,holding that person who is not party to contract does not have standing to challenge contract
177,"containing elements of chance can qualify as games of skill as long as skill is the “designating element of the outcome.” Taken together, the provisions of the Phoenix City Code create an “articulable standard” sufficient to give rise to a legitimate claim of entitlement. Parks v. Watson, 716 F.2d 646, 657 (9th Cir.1983) (finding that criteria for vacating plotted city streets created a property interest notwithstanding the fact that one of the criteria broadly directed the decision-maker to consider “the public interest,” and noting that “a determination as to whether the public interest will be prejudiced, while obviously giving a certain amount of play in the decisional process, defines an articulable standard.”); cf. Allen v. City of Beverly Hills, 911 F.2d 367, 371 (9th Cir.1990) (<HOLDING>); Kraft, 872 F.2d at 867 (holding that a Nevada",148594,24079,3,case_hold_mc,holding that the existence of the general indiangovernment trust relationship does not create a property interest where one does not otherwise exist,holding that property interest in continued expectation of public employment does not include right to actually occupy position,holding that the city had standing to challenge the constitutionality of a statute allowing certain communities within the same county as the city to incorporate as towns without the citys consent,holding that a provision allowing the beverly hills city council to abolish any position in the classified service when necessary in the interests of economy or because the necessity for the position no longer exists does not significantly constrain the citys discretion and thus does not create a property interest,holding that because property was no longer property of the estate the court could not order turnover
178,"terms into the warrant, at least where, as here, the affidavit was provided to the searchers. Cf Wuagneux, 683 F.2d at 1350 n. 6 (finding that “the searchers were adequately informed of the limitations on the search given their instruction by [the affiant agent], their opportunity to read the affidavit, and its presence at the search site” even though “it was neither incorporated into the warrant by express reference nor attached to an accompanying warrant”). Warrants have survived particularity challenges even where they have called for the seizure of many categories of items. Although the warrants at issue here encompass many types of records, they sufficiently describe what is within their terms. See Andresen v. Maryland, 427 U.S. 463, 479-81, 96 S.Ct. 2737, 49 L.Ed.2d 627 (1976) (<HOLDING>); Wuagneux, 683 F.2d at 1350 n. 5 (finding, in",149455,24215,0,case_hold_mc,holding that the inclusion of the phrase together with other fruits instrumentalities and evidence of crime at this time unknown did not render search warrants impermissibly general where it was clear from the context that the term crime in the warrants referred only to the crime of false pretenses with respect to the sale of one specific real estate lot,holding the crime of conspiracy is committed or not before the substantive crime begins,holding prosecutor has discretion to charge defendant under general crime even though more specific crime exists,holding that counsel did not admit the defendant was guilty of a crime when counsel noted that if the evidence established the commission of any crime that crime was voluntary manslaughter not murder,holding that the phrase together with other fruits instrumentalities and evidence of crime at this time unknown did not render a warrant general where context made clear that the reference was to false pretenses crime
179,"and tendered an instruction that ""purported to inform the jury that if they believed the police either 'destroyed and/or allowed to deteriorate evidence' then the jury could infer that the evidence would have been unf faith, and the record does not reveal bad faith or willful conduct. Dr. Burrows did not test the dura from the left side of the brain because she did not see the dura on the left side, and Dr. Moriarty testified that the dural edges can shrivel ""to the point of appearing absent."" Transcript at 766. Because negligent handling of evidence alone will not be grounds for reversal, we conclude that. the trial court did not abuse its discretion by refusing Ray's tendered instruction. See, e.g., Nettles, 565 N.E.2d at 1069; Jewell v. State, 672 N.E.2d 417, 425 (Ind.Ct.App.1996) (<HOLDING>), trans. denied. Even assuming the State may",150313,24353,2,case_hold_mc,holding that where the district courts sentencing decision was amply supported by the evidence and the defendant thus received a sentence merited by the evidence the defendant could not show the error affected his substantial rights,holding that a consequence instruction was properly refused,holding that instruction was not supported by the evidence and was properly refused where the defendant never seriously argued that the police exercised bad faith in failing to preserve evidence and the police gave a reasonable explanation,holding that where defendant was charged with drug conspiracy it was unnecessary for the government to prove defendants presence at the sales and hence the alibi defense was not supported by the law and no instruction was required,holding that evidence that a polygraph test was offered to or refused by a defendant was not admissible
180,"offer post-seizure evidence showing the probable validity of retention during the pendency of proceedings. Thus, the legality of a seizure typically will be a subset of the larger due process question of the legitimacy of continued impoundment pendente lite. II. The Role of the Fourth Amendment in Civil Forfeiture The Supreme Court has held that the Fourth Amendment protects claimants against unreasonable seizures of their property in the civil forfeiture context. See United States v. James Daniel Good Real Prop., 510 U.S. 43, 49, 114 S.Ct. 492, 126 L.Ed.2d 490 (1993) (“The Fourth Amendment does place restrictions on seizures conducted for purposes of civil forfeiture ....”); see also One 1958 Plymouth Sedan v. Pennsylvania, 380 U.S. 693, 696, 700, 85 S.Ct. 1246, 14 L.Ed.2d 170 (1965) (<HOLDING>); cf. In re Seizure of All Funds in Accounts in",151170,24496,2,case_hold_mc,holding that an exception to the fourth amendment exclusionary rule applies where the police would have obtained the evidence if no illegality had occurred,recognizing good faith exception to fourth amendment exclusionary rule,holding that the exclusionary rule under the fourth amendment applies to civil forfeiture proceedings,holding that both fourth amendment warrant and probable cause and fifth amendment due process requirements apply to civil forfeiture proceedings,holding that exclusionary rule does apply to civil forfeiture proceedings
181,"a stay of imposition, as part of the plea agreement, but objected to providing for a later vacation of the plea and dismissal of the charge. The prosecutor noted that if the plea were later vacated and the charge dismissed, it could not be used to enhance a later offense. See Minn.Stat. § 609.2242, subd. 2 (1998). The district court did not issue a written order giving its reasons for declining to sentence Ohrt. The court did note, in the course of the hearing, that Ohrt had no prior offenses and appeared to be a good risk on probation, that the victim was not seeking a no-contact order, that Ohrt deserved a chance to avoid a criminal record, and that many prosecutors in the county did not object to that type of disposition. The legislature has authorized stays of imposition, bu .1988) (<HOLDING>). The available authority treats a stay of",152031,24634,2,case_hold_mc,holding that a prior nonarizona conviction to be used as a prior felony conviction under the statute must both be for an offense that would constitute a felony in arizona and be classified as a felony in the other jurisdiction,holding that drug felony under state law can constitute an aggravated felony for federal sentencing guidelines purposes even if the same conduct would not constitute a felony under federal law,holding that felony conviction for which imposition of sentence was stayed could be counted as prior felony conviction under sentencing guidelines,holding that defendants auto theft conviction could serve to support his conviction for auto theft as a class c felony and as a prior unrelated felony conviction under the habitual offender statute,holding that proof of an agreement to commit a felony is not a necessary element in a conviction for the commission of the felony
182,"River, 424 U.S. at 818, 96 S.Ct. 1236. 1. Parallel Proceedings Defendants argue that the Colorado River doctrine is applicable in the instant case because a parallel proceeding exists at the state court level. Specifically, defendants contend that both the state and federal actions revolve around the general mismanagement of Enfission by its board members. Plaintiff answers that the present action involves claims by Enfission against Leaver individually, and does not include the actions of Livingston, Winn, or Biogenesis. Consequently, before considering any “exceptional circumstances,” it is first necessary for this Court to determine whether parallel proceedings exist. See, e.g., Moses H. Com Mem’l Hosp. v. Mercury Constr. Corp., 460 U.S. 1, 28, 103 S.Ct. 927, 74 L.Ed.2d 765 (1983) (<HOLDING>). Parallel proceedings exist when substantially",152888,24785,0,case_hold_mc,recognizing that application of the colorado river doctrine presumably concludes that the parallel statecourt litigation will be an adequate vehicle for the complete and prompt resolution of the issues between the parties,holding that the fair and adequate representation requirement was not satisfied because of litigation between plaintiff and defendant the antagonism between the parties and the lack of support plaintiff garnered in its claim,holding that the adversity of the parties interests as to the duty to indemnify will not be complete until after the resolution of the underlying action when it will be clear whether the insured can assert a claim for indemnity from his insurer,recognizing that the artful pleading doctrine in practice is subsumed by the complete preemption doctrine,recognizing doctrine
183,"the record contains evidence supporting the trial court’s determination that the father had not willfully failed or refused to comply with the divorce judgment, we hold that the trial court did not exceed its discretion by concluding that the father was not in contempt. The mother further contends that the trial court should have entered an order compelling the father to allow her to retrieve her personal property and that, by failing to compel the father to allow her to retrieve the personal property, the trial court impermissibly modified the property-division provisions of the divorce judgment. We disagree that the trial court’s judgment has modified any part of the property-division provisions of the divorce judgment. See Rhyne v. Rhyne, 564 So.2d 966, 967 (Ala.Civ.App.1989) (<HOLDING>). The record indicates that several attempts",153748,24912,4,case_hold_mc,holding that the circuit courts statutory power in a divorce suit did not inherently extend to the disposal of the personal property of a party,holding property settlement to be contractual obligation from date of final judgment of divorce,holding that while certain elements of the divorce judgment may be supportable independently the evidence did not support the cumulative effect of the judgment,holding that an order pending divorce is not a final judgment that creates a right of appeal,holding that the apparent denial of the husbands request for an order compelling the wife to deliver to him the personal property he had been awarded in their divorce judgment did not constitute a modification of the original divorce judgment
184,"OR MISPLACEMENTS IN YOUR ADVERTISING SHALL NOT EXCEED THE AMOUNT OF THE CHARGES FOR THE ADVERTISING IN WHICH THE ERROR, OMISSION OR MISPLACEMENT OCCURRED. OUR LIABILITY SHALL BE DISCHARGED BY ABATEMENT OF ALL ADVERTISING CHARGES FOR ANY COMPLETE OMISSION, OR BY REDUCTION OF YOUR CHARGES FOR ANY ERROR OR MISPLACEMENT IN PROPORTION TO ANY REDUCTION OF VALUE OF THE ADVERTISING DUE TO THE ERROR OR MISPLACEMENT. (Capitalization in original). Limitations of liability clauses such as the one contained in Paragraph 10 of the Advertising Orders are enforceable under Georgia law unless the defendants’ conduct gives rise to a tort claim for gross negligence or wanton or willful conduct. See Elliott Irrigation v. L.M. Berry & Co., No. 1:03-CV-2776, 2005 WL 628128 at * 2 (N.D.Ga. March 14, 2005) (<HOLDING>); cf. Swyters v. Motorola Employees Credit",154600,25044,0,case_hold_mc,holding that an identical or nearly identical limitation of liability clause was valid and enforceable under georgia law,holding that an order was final for these identical reasons,holding identical symptoms justified search,holding that limitation of liability clause was unambiguous,holding same under virtually identical circumstances
185,"{11} As we have noted, the County’s obligation to provide Officer Gutierrez a defense and/or indemnification arises only if he is a “public employee” of a “governmental entity.” And the TCA defines “public employee” to include law enforcement officers. Section 41-4-3(F)(2). In relevant part, Section 41 -4-3 (D) more precisely defines a “law enforcement officer” as a full-time salaried public employee of a governmental entity, or a certified part-time salaried police officer employed by a governmental entity, whose principal duties under law are to hold in custody any person accused of a criminal offense, to maintain public order or to make arrests for crimes].] Our courts have construed this definition strictly. See, e.g., Silva v. State, 1987-NMSC-107, ¶ 17, 106 N.M. 472, 745 P.2d 380 (<HOLDING>); Coyazo v. State, 1995-NMCA-056, ¶¶ 14-19, 120",155454,25180,0,case_hold_mc,holding that the secretary of corrections is not a law enforcement officer under the tca,holding corrections officers are not law enforcement officers under  41412,holding that court could properly infer that veteran officer believed there was a violation of the law based on his long experience with law enforcement,holding attempted aggravated assault on a law enforcement officer is not a crime in florida,holding that the written job description alone was insufficient to establish that an animal control officer is a law enforcement officer under the tca
186,"between the defendant who “fails to surrender after the sentence has been pronounced” and who therefore “is not faced with a potential sentence of the statutory maximum, but instead knows the actual sentence that has been imposed,” and the defendant “who fails to appear pending trial ... [who] has no knowledge of what sentence he will ultimately receive,” and for whom “the possibility remains that [he] will be sentenced to serve the statutory maximum sentence for the underlying offense.” 887 F.2d at 891. The court concluded that imposing the § 2J1.6(b) enhancement on defendants like Lee who fall in the first category is unreasonable, although the enhancement would be proper for defendants who fall within the latter category. But see United States v. Harper, 932 F.2d 1073 (5th Cir.) (<HOLDING>), cert. denied, — U.S. -, 112 S.Ct. 443, 116",156316,25314,2,case_hold_mc,holding that apprendi does not apply where the defendant was sentenced to less than the statutory maximum,holding that any apprendi error is harmless if the defendant is sentenced to less than the statutory maximum,holding in contrast to lee that even when a defendant skipped bail after he had been sentenced to less than the statutory maximum the  2j16b enhancement of 9 levels was properly applied,holding statutory maximum for prior conviction is the potential maximum sentence defined by the applicable state criminal statute not the maximum sentence which could have been imposed against the particular defendant  according to the states sentencing guidelines,holding that the purpose of the credit statute is to provide credit for confinement    where 1 bail has been set for the defendant and 2 the defendant was financially unable to post the bail
187,"Amendment which declares that no person shall be compelled in any criminal case to be a witness against himself. Boyd v. United States, 116 U.S. 616, 634-35, 6 S. Ct. 524, 29 L. Ed. 746 (1886) (emphasis added). However, this seemingly broad holding has been limited over the years. United States v. Ward, 448 U.S. 242, 253, 100 S. Ct. 2636, 65 L. Ed. 2d 742 (1980). Under Boyd and its progeny, the “government may not abrogate the accused’s privilege against self-incrimination by electing the vehicle of a nominally civil proceeding, when in reality, punishment for activity which violates the criminal law is being imposed.” In re Daley, 549 F.2d 469, 475 (7th Cir. 1977). A civil action is sufficiently criminal in nature if “[i]ts object, like a criminal proce , 784-85, 946 P.2d 1196 (1997) (<HOLDING>). Thus, we must decide whether a disciplinary",157171,25454,2,case_hold_mc,holding that constitutional protections against double jeopardy apply to a defendant prosecuted as an habitual criminal,holding that convictions for the crimes of conspiracy and continuing criminal enterprise violate double jeopardy,holding that suspension of a drivers license for conduct already sanctioned in a criminal case did not violate defendants constitutional rights against double jeopardy because it served a remedial purpose beyond the criminal penalties,holding that the suspension or revocation of a drivers license is not a sanction which once imposed precludes the application of criminal sanctions,holding in materially identical circumstances that an administrative license suspension did not constitute punishment for double jeopardy purposes
188,"is believable; in the event that Debtor in fact intended to assert the higher valuation, given her previously well-established position that the valuation was lower, this isolated statement is unable to establish a deliberate and unambiguous position. Third, Debtor’s statement in the adversary proceeding was not necessarily inconsistent with her position in the bankruptcy because each was in reference to a different time. Had the adversary action gone to trial, Debtor would have had to rely on the value of the Property in December 2007, at the time of the allegedly fraudulent transfer. In the bankruptcy case, the relevant valuation is that in April 2009, at the time of filing the petition. See Neuger v. United States (In re Tenna Corp.), 801 F.2d 819, 820, 823 (6th Cir.1986) (<HOLDING>). Some sixteen months passed between the two",158030,25599,1,case_hold_mc,holding that the date of sale for an installment contract was the date of contract formation not the date of the last payment due,holding petition date is proper date to value assets for a hypothetical liquidation under 11 usc  547b,holding that the date of the federal indictment not the date of the state arrest was the triggering date for the speedytrial act,holding the petition date is the appropriate date to value the collateral when the debtors intend to remain in the home,holding trial court did not abuse its discretion in finding the date of filing the petition for dissolution as the valuation date for equitable distribution
189,"that the statute of limitations for class action members’ claims was tolled during the pendency of the class action); Munsterman v. Ill. Agric. Auditing Ass’n, 106 Ill.App.3d 237, 62 Ill.Dec. 125, 435 N.E.2d 923, 925-26 (1982) (citing American Pipe and agreeing that the plaintiffs action was tolled during the pendency of a class action; the statute of limitations clock restarted when the class action was dismissed); Arnold v. Dirrim, 398 N.E.2d 426, 439-40 (Ind.Ct.App.1979) (citing American Pipe and determining that filing of amended complaint, which sought to bring class action, constituted filing by all persons subsequently found to be class members, so that certain class members were not barred by statute of limitations); Lucas v. Pioneer, Inc., 256 N.W.2d 167, 180 (Iowa 1977) (<HOLDING>); Waltrip v. Sidwell Corp., 234 Kan. 1059, 678",158878,25736,4,case_hold_mc,holding that the claims of the class representative and class members must be based on the same legal or remedial theory,recognizing a narrow class of cases in which the termination of the class representatives claim for relief does not moot the claims of the class members,holding that putative class members are not parties to an action prior to class certification,holding that the filing of a class action by a class representative without standing tolls the period of limitations with regard to all asserted members of the class and that the amendment of the complaint by the addition of a class member with standing relates back to the original complaint,holding that claims of parties properly members of the class who timely intervene in the proceedings below  shall be deemed brought for limitation purposes when the appropriate defendant was legally served in the original litigation
190,"118 U.S.App.D.C. 11, 16, 331 F.2d 85, 90 (1964); accord, Jones, 477 A.2d at 237; Wheeler v. United States, 470 A.2d 761, 769 (D.C. 1983). The proscription against admissibility of evidence of prior criminal acts extends to acts that have not been formally adjudicated as crimes, Wheeler, 470 A.2d at 769; Miles v. United States, 374 A.2d 278, 282 (D.C.1977), but not to acts that are not, at least, “minimally in the nature of a criminal offense,” Wheeler, 470 A.2d at 769; see Jones, 477 A.2d at 237 n. 13. It is by no means certain that appellant’s possession of a large sum of cash at the time of his arrest “in and of itself,” Wheeler, 470 A.2d at 769, was sufficiently criminal in nature to trigger the rule of inadmissibility. See, Hawkins v. United States, 482 A.2d 1230, 1232 (D.C.1984) (<HOLDING>); Wheeler, 470 A.2d at 770 (behavior of",159733,25869,3,case_hold_mc,recognizing possession of cocaine as a lesserincluded offense of possession of cocaine with intent to sell,holding that a reasonable jury could have concluded based on repeated references to the substance as cocaine and testimony from witnesses who had used the substances which they believed to be cocaine that substance was cocaine,holding the imposition of a maximum sentence of life imprisonment was not excessive for conviction of possession of cocaine where defendant was adjudged to be a fourth felony offender with prior convictions for manslaughter two prior convictions for possession of cocaine and numerous arrests for drug offenses possession of a firearm by a felon aggravated battery and armed robbery,holding that in prosecution for possession of a controlled substance cocaine possession of cutting reagents used to dilute cocaine and heroin was not other crimes evidence because possession of these substances is legal,holding that simple possession of cocaine is not lesser included offense of conspiracy to possess cocaine with intent to distribute
191,"in Utah by a litigant, for example, . . . would not provide a sufficiently rational nexus to justify the exercise of personal jurisdiction”). Based on the facts of this case, we conclude there is no rational nexus between the State of Utah and the parties to or the actions contemplated by the Agreement. Therefore, we conclude the forum selection clause in the Agreement is unenforceable under Utah law, and Utah does not have personal jurisdiction. iv: North Carolina Jurisdiction We must now determine whether the State of North Carolina has subject matter and personal jurisdiction. Pursuant to either North Carolina or Utah law, North Carolina has subject matter jurisdiction. See Harris v. Pembaur, 84 N.C. App. 666, 668, 353 S.E.2d 673, 675 (1987) (citing N.C. Gen. Stat. § 7A-240) (<HOLDING>); see also Herzog v. Bramel, 23 P.2d 345, 348",160585,26019,4,case_hold_mc,holding that the information must establish that the court has jurisdiction over both the subject matter and the parties,holding that our courts are bound by the united states supreme courts interpretation of the federal constitution,holding that because a valid arbitration clause existed the parties had to arbitrate all disputes when the subject matter of the dispute has a reasonable relationship to the subject matter of the contract,holding that standing is implicit in trial courts subject matter jurisdiction to consider case,holding that because the contract dispute between the parties in this case constitutes a justiciable matter that is cognizable in our trial courts our courts had subject matter jurisdiction
192,"Elec. Co., Inc., 80 Hawai'i 120, 123 n. 2, 906 P.2d 127, 130 n. 2 (1995) (affirming denial of workers [sic] compensation stress claim because injury arose out of worker’s suspension for misconduct, but noting that “[i]f an employer’s actions constitute unlawful discrimination ..., an injured employee may invoke rights in other forums. See, e.g., HRS §§ 378-2 and 378-32”). Id. at 18, 936. P.2d at 654 (emphasis added). Thus, the supreme court has recognized that an employee may bring an action against his or her employer for intentional infliction of emotional distress caused by discrimination in violation of HRS §§ 378-2, and that such an action is not barred by the exclusivity provision of HRS § 386-5. Cf. Hough v. Pacific Ins. Co., 83 Hawai'i 457, 465, 927 P.2d 858, 866 (1996) (<HOLDING>). Takaki asserted in his opposition memorandum",161437,26160,1,case_hold_mc,holding that under the common law a claim for personal injuries died with the victim,holding that the plaintiff was not barred by hrs  3865 from seeking common law tort remedies against his insurer for injuries caused by the insurers  outrageous and intentional denial of medical benefits and disability payments  because such injuries were not  work injuries  within the scope of hrs chapter 386,holding that injuries covered by the act are not limited to external traumatic injuries,holding that although claimant was aware of lung and hearing injuries caused by exposure to noise and pollution at work as early as 1970 his 1984 claim was not barred by the statute of limitations because his injuries resulted from ongoing exposure when he filed the claim,holding hospital employees testimony regarding victims previous injuries was inadmissible under the common scheme or plan exception because there was no clear and convincing evidence defendant inflicted the injuries
193,"of Ms. Moyer. T 19 Justice NEHRING and Justice LEE concur in Associate Chief Justice DURRANT's opinion. 1 . 2003 UT App 168, ¶¶ 5-7, 72 P.3d 135. 2 . Mr. Allen does not challenge the district court's conclusion that his personal injury claim met the claim preclusion test that is applied in other contexts. Thus, we will address only Mr. Allen's arguments that claim preclusion is inapplicable to small claims judgments. 3 . 725 P.2d 1372 (Utah 1986) (per curiam). 4 . City of Grantsville v. Redevelopment Agency, 2010 UT 38, ¶ 8, 233 P.3d 461 (internal quotation marks omitted). 5 . Mack v. Utah State Dep't of Commerce, 2009 UT 47, ¶ 26, 221 P.3d 194 (quoting Macris & Assocs., Inc. v. Neways, Inc., 2000 UT 93, ¶ 17, 16 P.3d 1214). 6 . See id. 129; see also 18 Cuarue , 57 P.3d 803, 806 (2002) (<HOLDING>). 16 . See id. (""[JJudicial economy is not",162290,26301,0,case_hold_mc,recognizing that without claim preclusion plaintiffs in small claims cases will not feel obligated to present all of their claims or all of their evidence  and they can simply file again  if need be,holding that claim preclusion applies to small claims court adjudication and that judicial economy is not served by encouraging resolution of property claims in small claims court and other claims in district court,holding claims waived because they all grew out of their unsatisfactory business relationship,holding court obligated to draw all reasonable inferences in plaintiffs favor,holding that if small claims court judgments do not have claim preclusive effect then small claims courts become a false forum and these policy objectives are not met
194,"to proceed- However, not even this extreme parsing of her claim can save the Plaintiffs suit. The Supreme Court, on at least two occasions, has stated that the “plain meaning of a right to payment is nothing more nor less than an enforceable obligation.” F.C.C. v. NextWave Personal Commc’ns Inc., 537 U.S. 293, 294, 123 S.Ct. 832, 154 L.Ed.2d 863 (2003) (internal quotations and citation omitted); Pennsylvania Dept. of Public Welfare v. Davenport, 495 U.S. 552, 559, 110 S.Ct. 2126, 109 L.Ed.2d 588 (1990). Consistent with this definition, lower courts have held an equitable remedy will “give rise to a right of payment” and therefore be deemed a “claim,” when the payment of monetary damages is an alternative to the equitable remedy. In Re Matter of Udell, 18 F.3d 403, 407 (7th Cir.1994) (<HOLDING>); Air Line Pilots Ass’n v. Cont’l Airlines, 125",163147,26460,4,case_hold_mc,holding that no right to a jury trial existed after one of the plaintiffs claims was dismissed leaving only an equitable claim,recognizing that the determination is an equitable one,holding that the reinstatement of the right to an election of benefits may be an appropriate equitable remedy under 29 usc  1132a3,holding that where plaintiffs had an alternative remedy the court would not substitute its judgment for that of congress by creating an implied right of action,holding one example of a claim is a right to an equitable remedy that can be satisfied by an alternative right to payment
195,"to support Plaintiffs timely claims. Morgan, 536 U.S. at 113, 122 S.Ct. 2061. Moreover, Plaintiff may sue directly under § 1983 for alleged discriminatory acts that occurred less than two years before she filed her complaint. See Cholla Ready Mix, Inc. v. Civish, 382 F.3d 969, 974 (9th Cir.2004); Ariz.Rev.Stat. § 12-542 (establishing two-year statute of limitations for personal injury claims in Arizona). 2. The district court erred when it granted Defendants’ motion for summary judgment on Count I, Plaintiffs claim for gender discrimination in violation of 42 U.S.C. § 2000e-2(a)(1), except to the extent that the court entered summary judgment for Defendants Benbow and Alexander in their individual capacities. See Holly D. v. Cal. Inst. of Tech., 339 F.3d 1158, 1179 (9th Cir.2003) (<HOLDING>). Plaintiff presented sufficient evidence to",164006,26603,4,case_hold_mc,holding individual employees may be liable under title vii,recognizing title vii does not provide the exclusive remedy for all employment discrimination claims even if the title vii and section 1983 claim factually overlap,holding that relief granted under title vii is against the employer not individual employees whose actions constituted a violation of title vii emphasis in original,holding that individual employees are not liable under title vii,holding that title vii does not provide for a damages claim against supervisors or fellow employees
196,"were distinct from the injury to the union (“lost union dues”)). As Associated General Contractors suggests, injuries to employees differ in kind and degree from injuries to their union — a difference that causes one to wonder exactly what a union could recover in this setting. The union could not sue for depressed wages because it does not receive wages; it negotiates them. Nor does it make a difference that the union perhaps could sue in an associational capacity on behalf of the employees — an issue we address below — because that would still be a lawsuit to recover for a direct injury to the employees, not the union. Nor is this a case in which the union’s property or funds were mishandled. See Adams-Lundy v. Ass’n of Prof'l Flight Attendants, 844 F.2d 245, 250 (5th Cir.1988) (<HOLDING>). All of this strongly suggests that the",164859,26734,4,case_hold_mc,holding union members state law claims for defamation against union preempted,recognizing that union members interests are adequately represented by the union,holding that the plaintiffs acted on behalf of all union members and reimbursing the attorneys fees from the union treasury such that all union members in effect equally contributed to the costs of litigation,recognizing union members vital concern in preserving jobs for union members,holding that a rico action by union members was properly dismissed where any financial improprieties occurred with union funds and directly injured solely the union
197,"Corp., 33 F.3d at 1113). The Department at least created a genuine issue of fact as to whether most of its redactions qualified for Exemption 4. The Department submitted a declaration from Sikorsky’s director of supply management (1) identifying the entities with which Sikorsky competes for government defense contracts and (2) averring that those entities coüld use the redacted information to gain a significant competitive advantage over Sikorsky. Nothing more is required to gain protection from disclosure under Exemption 4, and the district court erred in ruling otherwise. See G.C. Micro Corp., 33 F.3d at 1111 (indicating that information similar to the redacted information here would be subject to Exemption 4); Bowen v. U.S. Food & Drug Admin., 925 F.2d 1225, 1227-28 (9th Cir. 1991) (<HOLDING>). 2. The Department also created a genuine",165708,26881,2,case_hold_mc,holding that contact list based on inter alia information that was publicly available did not qualify as trade secret,holding that the plaintiff sufficiently pleaded a violation of the fcra based on extraneous information where it was alleged that the document included broad language regarding disclosure of the information the accuracy of the information the consequences of providing a false statement and the effect of a photocopy,holding that an affidavit with the following description of sensitive information was sufficiently specific to trigger exemption 4 trade secret information regarding the manufacturing formulas arid processes as well as quality control and internal security measures of private business eritities,holding that it was impossible for the court to say that the information met the definition of a trade secret because the plaintiff failed to present evidence that the information derived economic value from an element of secrecy that is known only to plaintiff and its employees,holding that even if information in an affidavit was provided in reckless disregard of the truth appropriate course of action is to sever that information from the affidavit and determine whether sufficient information remained in order for the magistrate to find probable cause
198,"(internal quotation marks omitted). Although “States are not normal litigants” for purposes of standing, Massachusetts v. E.P.A., 549 U.S. 497, 518, 127 S.Ct. 1438, 167 L.Ed.2d 248 (2007), “and have interests and -capabilities beyond those of an individual by virtue of their sovereignty,” Oregon v. Legal Servs. Corp., 552 F.3d 965 (9th Cir.2009) (citing E.P.A., 549 U.S. at 518-20, 127 S.Ct. 1438), they too must allege a cognizable injury-in-fact to establish standing, see E.P.A., 549 cal well-being, id. at 607, 102 S.Ct. 3260 (“[A] State has a quasi-sovereign interest in the health and well-being — both physical and economic — of its residents in general.”); or protection of .its citizens’ interest in participating in the federal system of government, id. at 608, 102 S.Ct. 3260 (<HOLDING>). And it does not involve state action actually",166564,27015,4,case_hold_mc,holding that when a state sues on behalf of its residents without a sovereign or quasisovereign interest it is only a nominal party and thus not the real party in interest,holding that a state has a quasisovereign interest in the economic wellbeing of its citizens and in not being denied its rightful status within the federal system,holding that social security benefits are excluded from property of the estate because of the statutory antialienation provision,holding that a state must articulate a quasisovereign interest in order to have parens patriae standing,recognizing as a quasisovereign interest that the state and its residents are not excluded from the benefits that are to flow fiom participation in the federal system
199,"609 states in pertinent part: Rule 609. Impeachment by evidence of conviction of crime (a) General Rule For the purpose of attacking the credibility of any witness, evidence that the witness has been convicted of a crime, whether by verdict or by plea of guilty or nolo contendere, shall be admitted if it involved dishonesty or false statement. (b) Time Limit Evidence of a conviction under this rule is not admissible if a period of more than ten years has elapsed since the date of the conviction or of the release of the witness from the confinement imposed for that conviction, whichever is the later date, unless nterpreting the rule contain restrictions upon utilizing a summary conviction for impeachment purposes. See Commonwealth v. Young, 432 Pa.Super. 318, 638 A.2d 244 (1994) (<HOLDING>). We note however, that in Young, the witness",167418,27150,1,case_hold_mc,holding that a witnesss prior inconsistent statement to an officer could be used to impeach her,holding that summary convictions of crimes involving dishonesty could be used to impeach the credibility of a witness,holding that conviction on appeal is not admissible to impeach witnesss credibility,holding that a conviction for an offense involving dishonesty or false statement may be used to impeach the credibility of a defendant who chooses to testify,holding that the need to impeach credibility correspondingly increases as the importance of the witness credibility and testimony escalates
200,"record, that he failed to show that it was more likely than not that he would be tortured if returned to Jamaica. This is a factual argument that does not raise any legal or constitutional issues. We have repeatedly held that we lack jurisdiction to consider a challenge to the BIA’s decision that an applicant failed to meet his burden to warrant relief under the Convention Against Torture. See, e.g., Tran v. Gonzales, 447 F.3d 937, 943 (6th Cir. 2006) (citing Hamid v. Gonzales, 417 F.3d 642 (7th Cir. 2005) for the proposition that courts lack jurisdiction to consider a “petitioner’s CAT claim where he urge[s] the court to review whether the BIA correctly considered, interpreted, and weighed the evidence presented”); Luambano v. Holder, 565 Fed.Appx. 410, 414 (6th Cir. 2014) (<HOLDING>); Arestov v. Holder, 489 Fed.Appx. 911, 917",168270,27291,1,case_hold_mc,recognizing probable cause as complete defense to a claim of malicious prosecution in new york internal quotation marks and brackets omitted,holding that the court lacked jurisdiction to consider petitioners argument that the evidence in the record clearly establishes that he is more likely than not to face torture if removed citation quotation marks and brackets omitted,holding that apprendi error is harmless if the court finds beyond a reasonable doubt that the result would have been the same absent the error internal quotation marks and citation omitted,holding that to qualify for protection under the convention against torture an alien must show that he will more likely than not be tortured in his home country if removed,holding that the court lacked jurisdiction to review whether alien established that he will more likely than not be tortured if  removed
201,"privacy interest protected by Exemption 7(C) against an asserted public interest in disclosing information alleged to show that “responsible officials acted negligently or otherwise improperly in performing their duties.” Nat’l Archives & Records Admin. v. Favish, 541 U.S. 157, 124 S.Ct. 1570, 158 L.Ed.2d 319 (2004). “To obtain private information under the Favish-test, the requester must at a minimum ‘produce evidence that would warrant a belief by a reasonable person that the alleged Government impropriety might have occurred.” Blackwell, 646 F.3d at 41 (quoting Favish, 541 U.S. at 174, 124 S.Ct. 1570). Therefore, courts require a meaningful evidentiary showing when a FOlA requester alleges a public interest rooted in government wrongdoing. See Favish, 541 U.S. at 174, 124 S.Ct. 1570 (<HOLDING>). This Court concludes that the plaintiff has",169116,27431,1,case_hold_mc,holding that plaintiff failed to plead facts sufficient to allege affirmative misconduct on the part of the government,recognizing that allegations of government misconduct are easy to allege and hard to disprove ,holding that because the allegations purportedly suppressed by the government were not material an evidentiary hearing further exploring the  allegations themselves and the governments knowledge of the allegations is unnecessary,holding that two instances of misconduct do not indicate a persistent and widespread pattern of misconduct that amounts to a city custom or policy of overlooking police misconduct,holding that plaintiff failed to establish pretext where plaintiff was terminated after the employer conducted an investigation into a subordinates allegations of misconduct on the part of the plaintiff and believed the allegations to be true even though plaintiff presented evidence in the lawsuit that the allegations may have been false
202,"Dictionary of the English Language (4th ed.2000). By contrast, the same text defines a ""wad” as ""[a] large amount,” “[a] sizable roll of paper money,” or ""[a] considerable amount of money.” Id. Further, DEA Task Force Agent Charles Misu-na's affidavit regarding the investigation attests that the amount recovered was $44. R. vol. 1, Misuna Aff. ¶ 6 (Oct. 21, 2003). 9 . Further, the majority, like the government, seems unmindful of the fact that courts must be skeptical in using nervousness as a factor to determine reasonable suspicion. See, e.g., Delaware v. Prouse, 440 U.S. 648, 657, 99 S.Ct. 1391, 59 L.Ed.2d 660 (1979) (stating that a traffic stop is an ""unsettling show of authority” that may ""create substantial anxiety”); United States v. Gooding, 695 F.2d 78, 83-84 (4th Cir.1982) (<HOLDING>); United States v. Perkins, 348 F.3d 965, 970",169976,27560,0,case_hold_mc,holding that defendants distraught and nervous demeanor as he deplaned did not amount to reasonable suspicion,holding that a nervous and possibly furtive demeanor was insufficient to give rise to reasonable suspicion to detain,holding that nervous evasive behavior is a pertinent factor in determining reasonable suspicion,holding nervous behavior and inconsistent story justified reasonable suspicion and subsequent search,holding that nervous behavior and failure to make eye contact did not give rise to reasonable individualized suspicion
203,"Alfonso v. District of Columbia, 464 F.Supp.2d 1, 5-6 (D.D.C.2006) (declining to “conduct a minute evaluation” of the plaintiffs’ fee petition to determine reasonableness of every individual charge). Accordingly, rather than deny reimbursement for all charges that the defendants claim are clerical, the court has factored any purely clerical activities into its overall reduction of the total fee award. c. Charges for Activities Too Remote in Time From the Administrative Proceeding The defendants ask the court to disallow certain charges which, they argue, are too remote in time from the administrative hearing. Defs.’ Opp’n at 16-17. The plaintiff submitted for reimbursement for activities between August 18, 2008 and October 29, 2008. PL’s Reply at 10. The t *4 (D.D.C. July 11, 2006) (<HOLDING>). The disputed charges were incurred less than",170833,27700,3,case_hold_mc,holding that  1744a requires filings be submitted each calendar year,holding that policy coverage is triggered in each year that the plaintiff inhaled asbestos,recognizing that questions of changed conditions and the amount of child support must be resolved on the particular facts of each case,holding that time spent over the course of a year for a particular client is reasonable because the plaintiffs tied each charge to a subsequent hearing and it often takes up to a year for an administrative idea case to be resolved,recognizing that an alj is in a much better position than the appellate court to determine the reasonableness of time spent by a lawyer on a particular task in the course of litigation
204,"attorneys’ fees. Good faith negotiations do not always achieve a resolution satisfactory to all parties, and we do not criticize suits based on fee claims that cannot be resolved through mediation efforts. Appeal of the district court’s fee determination should be taken only where the district court allegedly has misapplied the applicable law. Appeals contending that the district court abused its discretion in determining the amount awarded ordinarily do not require oral argument and will be decided without argument by a three-judge screening panel. If the court holds an appeal is frivolous and not brought in good faith, the court may properly exercise sanctions relating to costs and attorneys’ fees. Cf. Eastway Construction Corp. v. City of New York, 762 F.2d 243, 253-54 (2d Cir.1985) (<HOLDING>) (emphasis in original). In the present case we",171690,27831,3,case_hold_mc,holding that an order imposing sanctions against an attorney for one of the parties in a pending case is final and therefore immediately appealable by the attorney,holding the law is clear that an attorney or insurance companys misconduct is imputable to the client,holding that under florida law for the purposes of collateral estoppel an attorney is in privity with his or her client in a previous suit when the opposing party in that action brings a subsequent suit against the attorney based in the same facts,holding fedrcivp 11 requires sanctions against an attorney andor his client when it appears that a pleading has been interposed for any improper purpose or where after reasonable inquiry a competent attorney could not form a reasonable belief that the pleading is well grounded in fact and is warranted by existing law or a good faith argument for the extension modification or reversal of existing law,holding that there are many transactions between attorney and client that have no element of confidence in them of which  the attorney is competent to testify
205,"Civil Procedure 9(b) because their RICO claims were not solely based upon allegations of fraud. However, regardless of whether a heightened-pleading standard applies, the district court found that Appellants’ complaint and RICO Case Statement consisted of only “bald assertions and allegations unsupported by facts” and lacked sufficient intelligibility for it to understand whether a valid claim was alleged. See Guidry v. Bank of LaPlace, 954 F.2d 278, 281 (5th Cir.1992) (conclusory pleadings not sufficient to state a claim for relief). On appeal, Appellants do not make legal arguments but only conclusory assertions that their pleadings were sufficient to state RICO violations. Appellants have, therefore, abandoned this argument. See Yohey v. Collins, 985 F.2d 222, 224-25 (5th Cir.1993) (<HOLDING>). Furthermore, contrary to Appellants’",172552,27966,0,case_hold_mc,holding that issues not argued are abandoned,holding that issues not briefed on appeal are deemed abandoned,holding that issues not briefed are deemed abandoned,holding issues raised in docketing statement but not argued in the brief in chief are deemed abandoned,holding that issues not argued in initial brief are deemed waived
206,"defense,” we reverse and remand for a new trial. Williams v. State, 85 So.3d 1185, 1186 (Fla. 5th DCA 2012) (reversing for new trial where trial court was of the mistaken apparent belief that the prescription defense was only available to the prescription holder and thus did not instruct jury on that defense); State v. Latona, 75 So.3d 394, 395 (Fla. 5th DCA 2011) (“Section 893.13(6)(a), Florida Statutes (2009) permits an individual to legally possess a controlled substance where the controlled substance was obtained pursuant to a valid prescription. The prescription defense is available to the prescription holder and any individual authorized by the prescription holder to hold the medications on his or her behalf.” citing McCoy v. State, 56 So.3d 37, 39 (Fla. 1st DCA 2010) (<HOLDING>); O’Hara v. State, 964 So.2d 839, 841 (Fla. 2d",173404,28089,2,case_hold_mc,holding prior assault on wife admissible to show husbands jealousy as motive for her murder,holding that the former wife did not waive her attorneyclient privilege simply because the credibility of her claim that she relied on her husbands representations could be impeached by deposing her former attorney,holding prescription defense available to wife who asserted that she was holding her husbands pills on his behalf,recognizing a fallacy that the wife has  an estate or interest in the husbands lands in his lifetime as she can mortgage as her separate property  ,holding that the deceased defendant trustees wife was a representative of her husbands estate and a proper party for substitution purposes where the wife was the primary distributee of her deceased husbands estate
207,"1517, 1522 (11th Cir.1995) (no substantial burden when religion did not require particular means of expressing religious view and alternative means of religious expression were available); Weir v. Nix, 114 F.3d 817 (8th Cir.1997) (considering alternatives in determining whether burden was “substantial”); Henderson v. Kennedy, 253 F.3d 12, 17 (D.C.CSr.2001) (finding that there is no “substantial burden” where alternatives were available); see, e.g., Patel v. U.S. Bureau of Prisons, 515 F.3d 807, 813-14 (8th Cir.2008) (finding that BOP’s refusal to provide halal meat meals did not constitute a substantial burden on inmate’s religion where inmate had not “exhausted alternative means of accommodating his religious dietary needs”); Watkins v. Shabazz, 180 Fed.Appx. 773, 775 (9th Cir.2006) (<HOLDING>). Here, Defendants are accused of conspiracy to",174253,28227,1,case_hold_mc,holding that prison official could not deny inmate kosher meals based on rabbis determination that inmate was not jewish under judaic law,holding that there was no substantial burden because defendants gave the inmate two alternatives  eating the nutritionally adequate meatsubstitute meals or finding an outside organization to provide halal meat,holding that defendant had adequate alternatives in judicial and administrative remedies to the course he took,holding orthodox jewish inmate was entitled to kosher meals,holding that the district court did not err in finding that the plaintiff failed to provide adequate notice of new allegations where the plaintiffs complaint gave the defendants no notice of the specific factual allegations presented for the first time in the plaintiffs opposition to summary judgment
208,"award within the three-month limitations period bars him from raising the alleged invalidity of the award as a defense in opposition to a motion to confirm the award. Cullen v. Paine, Webber, Jackson & Curtis, Inc., 863 F.2d 851, 854 (11th Cir.), cert. denied, -U.S. -, 109 S.Ct. 3159, 104 L.Ed.2d 1022 (1989). Here, Hume failed to move to vacate the award within three months of the time the award was issued. Under Cullen, Hume is therefore barred from raising §§ 10 and 11 defenses in this motion to confirm. 5 . This case was decided prior to the close of business on September 30, 1981, and is binding precedent under Bonner v. City of Prichard, 661 F.2d 1206, 1209 (11th Cir.1981) (en banc). 6 . Cf. O.R. Securities v. Professional Planning Assoc., 857 F.2d 742, 748 (11th Cir.1988) (<HOLDING>). Bonar v. Dean Witter Reynolds, Inc., 835 F.2d",175113,28351,2,case_hold_mc,holding in the analogous context of a motion to vacate an arbitration award under 9 usc  12 that pjlaintiffs were required to serve notice through the united states marshal and that because the notice requirement expressly addresses the manner of serving notice of motion to vacate   the federal rules of procedure  relating to service are inapplicable,holding that an aaa arbitration was a private proceeding and therefore that a decision by the arbitrator pursuant to the federal arbitration act did not constitute state action,holding that because the federal arbitration act provides that requests for relief should be made by motion rather than by filing a complaint the rules of notice pleading provided for in fedrcivp 8 do not apply to a proceeding to vacate an arbitration award,holding that an order remanding an arbitration award is not a final appealable order when the order does not also vacate the arbitration award,holding that the role of the courts is limited to ascertaining whether there exists one of the specific grounds for the vacation of an award as provided in  10 of the arbitration act and that the court should not review the arbitration proceeding for errors of law or fact
209,"overextend limited federal police resources, and . . . would transform relatively minor state offenses into federal felonies.” 401 U. S., at 812. Reliance on the federalism principles articulated in Rewis to dictate a narrow interpretation of “bribery” is misplaced. Our concern there was with the tenuous interstate commerce element. Looking at congressional intent in that light, we held that Congress did not intend that the Travel Act should apply to criminal activity within one State solely because that activity was sometimes patronized by persons from another State. Ibid. Here, the sufficiency of the interstate nexus is no longer at issue. Rather, so long as the requisite interstate nexus is present, the statute reflects a clear and deliberate cert. denied, 423 U. S. 874 (1975) (<HOLDING>). 2 Also indicted with petitioner were Duffy",175967,28500,1,case_hold_mc,holding that the requirements for establishing a rehabilitation act violation are similar to those for establishing an ada violation,holding a violation of the travel act,recognizing that where the board properly finds a violation of the act it can order reinstatement under its remedial powers granted by  160c although finding no violation of the act here,holding that violation of state law was not a per se constitutional violation,holding that a violation of the truth in lending act is not a violation perse of the ocspa
210,"Code defines “security interest” as “a hen created by an agreement.” 11 U.S.C. § 101(51) (emphasis added). In contrast, the Code provides that the term “statutory hen” means a “hen arising solely by force of a statute on specified circumstances or conditions ... but does not include security interest or judicial hen.” 11 U.S.C. § 101(53) (emphases added). Because plaintiffs’ tax hens arose under state statute, and not from a consensual or voluntary agreement with the taxpayer defendants, we concur in the bankruptcy court’s ruling that those hens are not “security interests” for purposes of § 1322(b)(2). The foregoing interpretation of § 1322(b)(2) is supported by substantial authority from other jurisdictions. See, e.g., In re DeMaggio, 175 B.R. 144, 146-47 (Bankr. D.N.H.1994) (<HOLDING>); In re Sabec, 137 B.R. 659, 667-68 (Bankr.",176820,28634,2,case_hold_mc,holding plain language compelled that reading,holding that general statement of intent does not override plain language of statute,holding that plain language and statutory history of  1322b2 establish that noneonsensual tax hens do not fall within antimodification provision of that statute,recognizing that legislative history is not used to create ambiguity where statutory language is clear,recognizing that where the statutory language is not ambiguous  the plain and ordinary meaning of the statute must be given effect
211,"unlawful possession of a firearm. Under Kansas law, the maximum possible sentence for this offense was twenty-three months — for a hypothetical offender with a more extensive criminal history. Additionally, under the Kansas sentencing scheme used at that time, the trial court could enhance a sentence, solely at its discretion, based on an expressly non-exclusive list of aggravating factors. Id. at 1148 n. 1. We held that because section 922 penalized anyone convicted of a crime punishable by more than one year, Arnold’s prior conviction qualified as a pri- or felony. Id. at 1148. We noted that, “[w]hat matters is not the actual sentence which the appellant received, but the maximum possible sentence.” Id. See also United States v. Norris, 319 F.3d 1278, 1281-82 (10th Cir.2003) (<HOLDING>). The state of the law on this issue changed",177669,28766,2,case_hold_mc,holding that a felony drug offense is an offense punishable by more than one year as defined in 21 usc  80244 2000 regardless of whether the state of conviction classified the particular offense as a misdemeanor or felony,holding that for purposes of applying enhanced penalty in  841b1a felony drug offense includes any crime punishable by more than one year of imprisonment regardless of whether it is classified as a felony or a misdemeanor,holding that the mere possibility of an upward departure beyond one year qualifies a kansas offense as one punishable by imprisonment for a term exceeding one year,holding that determination of whether prior conviction was punishable by term of imprisonment exceeding one year is governed by law in effect on date of conviction,holding that a prior north carolina conviction was for a crime punishable by imprisonment for a term exceeding one year if any defendant charged with that crime could receive a sentence of more than one year
212,"action — particularly in that the burden of initiating the forfeiture proceedings, as well as the burden of proof in those proceedings, is on the Property Clerk. Hyne, 557 N.Y.S.2d at 245. Further, to find that these procedures otherwise violate due process of law would be to overturn Judge Lasker’s seventeen-year-old order — an order which has been scrutinized by the Second Circuit and declared to be “constitutionally valid.” The opinion of the Second Circuit in Butler is binding upon this court; and plaintiff h nctive requirements that a bill of attainder: (1) specify the affected persons; (2) inflict punishment; and (3) fail to provide for a judicial trial. Selective Service v. Minnesota Public Interest Research Group, 468 U.S. 841, 847, 104 S.Ct. 3348, 3352, 82 L.Ed.2d 632 (1984) (<HOLDING>). Section 14-140 of the Administrative Code",178519,28903,0,case_hold_mc,holding that denial of federal financial aid to male students who fail to register for draft does not constitute bill of attainder,holding that a purely financial exaction does not constitute a taking,holding that probation does not constitute a sentence,holding that the failure to completely disentangle the parties financial affairs does not constitute an abuse of discretion,holding that the defendant school officials did not create the students danger or increase their risk of harm where female students were physically verbally and sexually molested by male students in a unisex bathroom and in a darkroom
213,"Trust Company (“RTC”), which is arguably an agency of the U.S. government. They ground this argument on the fact that from 1992 to 1995, the RTC was the receiver for a failed savings and loan association which owned shares in Cole. The S & L’s shares represented about 28% of Cole’s stock. The RTC was allowed to elect three members to the seven member board of directors of Cole. The RTC, however, exercised no control over Cole or the Plan, and no government employee served as a fiduciary under the Plan. The RTC’s involvement with Cole did not convert Cole’s private benefit plan into a government benefit plan. The Plan was established and paid for by Cole, a private entity, for the benefit of its employees. Cf. Silvera v. The Mutual Life Ins. Co., 884 F.2d 423, 427 (9th Cir.1989) (<HOLDING>); and see McGraw v. Prudential Ins. Co., 137",179375,29040,3,case_hold_mc,holding that disability plan established by state university for benefit of employees qualified for governmental plan exclusion,holding that plan language giving plan administrator power to determine which employees are eligible to participate in the plan and providing all parties dealing with the plan an interpretation of plan provisions on request indicates deferential standard of review of trustee eligibility decisions,holding that plan administrator of an erisa health plan did not have to anticipate the confusion of a plan participant,holding that where a governmental entity purchases a benefit plan on behalf of government employees and dele gates the administration to a private insurer the plan is a government plan exempt from erisa,holding that a group benefits policy purchased by the city for employees was a governmental plan even though the plan was offered and administered by a private insurer
214,"of Texas Premises Liability Law for Business Owners, 60 Tex. B.J. 1010, 1021 (1997) (Hanks)). Both conditions of section 95.003 must be met before Chapter 95’s exception to the general rule of nonliability for a premises owner will be imposed. See Rueda v. Paschal, 178 S.W.3d 107, 110 (Tex.App.-Houston [1st Dist.] 2005, no pet. h.); Francis, 130 S.W.3d at 83; Dyall, 152 S.W.3d at 699; Kelly, 27 S.W.3d at 567. As Dow emphasized in moving for traditional summary judgment, section 95.003(2) elevated the alternative, common law, “should have known” test of the premises owner’s knowledge of a dangerous condition, to an “actual knowledge” requirement. Compare Tex. Civ. PRAC. & Rem.Code Ann. § 95.003(2) (requiring actual knowledge) with Williams v. Olivo, 952 S.W.2d 523, 527 (Tex.1997) (<HOLDING>) (citing Shell Chem. Co. v. Lamb, 493 S.W.2d",180226,29190,0,case_hold_mc,recognizing that duty to warn of dangerous conditions could be based on constructive knowledge of that condition as well as actual knowledge,recognizing common knowledge exception,holding that countys general knowledge that stones from quarry would occasionally create dangerous condition on road surface was insufficient to impute to county constructive knowledge of condition of road at time of motorcyclists accident because condition was dynamic rather than static and was not predictably recurrent,holding that the knowledge requisite to knowing violation of a statute is factual knowledge as distinguished from knowledge of the law,holding that no duty to warn exists when hazards are known through general knowledge
215,"claim as “all or nothing.” Id. at 399-400. This ruling by this district court will be reviewed for an abuse of discretion—“[w]here a new trial motion asserts that the jury award is not supported by the evidence, the verdict must stand unless it is clearly, decidedly, or overwhelmingly against the weight of evidence.” Anaeme v. Diagnostek, Inc., 164 F.3d 1275, 1284 (10th Cir.1999) (citations omitted). The question of whether the jury award in this case was clearly against the weight of the evidence must be considered under Kansas law. As the Supreme Court has explained, the law applied in evaluating the legality of the amount of a jury verdict is substantive rather than procedural. Gasperini v. Center for the Humanities, 518 U.S. 415, 425, 428-31, 116 S.Ct. 2211, 135 L.Ed.2d 659 (1996) (<HOLDING>). Therefore, under the principles laid out in",181078,29325,2,case_hold_mc,holding that superior court erred in reversing trial courts order granting new trial and remanding for a new trial limited to apportionment of damages,holding that an order granting a new trial in a civil action is appealable,holding that the standard for granting a new trial on the basis that a jurys award of damages is improper influences outcomes by tightening the range of tolerable awards,holding that an award of restitution is only for the loss caused by the specific conduct that is the basis of the offense of conviction,holding that to offset a jurys damage award a separate thirdparty insurance award must cover the same loss which served as the basis for the jury award
216,"Bedlion breached their duty to intervene and to protect the Plaintiff from having her residence unlawfully entered and searched. 42. Defendants Vick and Bedlion breached their duty to intervene to prevent the Plaintiff from being unlawfully seized, arrested, transported, incarcerated, and prosecuted. Compl. ¶¶ 38-42. An officer is held responsible for a constitutional violation under the bystander theory of liability “if he: (1) knows that a fellow officer is violating an individual’s constitutional right; (2) has a reasonable opportunity to prevent the harm; and (3) chooses not to act.” Fernandors v. District of Columbia, 382 F.Supp.2d 63, 72 (D.D.C.2005) (quoting Randall v. Prince George’s County, 302 F.3d 188, 204 (4th Cir.2002)); Masel v. Barrett, 707 F.Supp. 4, 7-8 (D.D.C.1989) (<HOLDING>). Ms. Gudger does not dispute that personal",181937,29466,1,case_hold_mc,holding officer liable for deprivation of constitutional rights despite argument that officer although present was not in control of the situation,recognizing affirmative duty of a police officer to prevent the violation of constitutional rights by another officer,holding police officer is a public official,holding that the initial stop by officer was based on reasonable suspicion that defendant was impersonating a police officer although another officer arrested defendant for privacy act violation,holding officer may search vehicle for weapons if officer has reasonable belief based on articulable facts that officer or another may be in danger
217,"to the plaintiff. “A complaint should not be dismissed for failure to state a claim unless it appears beyond doubt that the plaintiff can prove no set of facts in support of his claim which would entitle him to relief.” Conley v. Gibson, 355 U.S. 41, 45-46, 78 S.Ct. 99, 2 L.Ed.2d 80 (1957); see also Roy v. City of Augusta, Maine, 712 F.2d 1517, 1522 (1st Cir.1983). IV. ANALYSIS A plaintiff cannot bring an unlawful discrimination action in federal court under Mass. Gen. L. ch. 151B unless she has first filed a compl nistrative charge will survive if it “is reasonably within the scope of an agency investigation of [the] administrative charge.” Lattimore, 99 F.3d at 464. This scope-of-the-investigation rule “reflects the idea that the scope of a civil action is not de 4-75 (D.Mass.1998) (<HOLDING>). On the other hand, the rule precludes a",182792,29594,2,case_hold_mc,holding that a plaintiff could not add civil claim based upon different facts that are separate and distinct both qualitatively and temporally  and relate to the conduct of different individuals from facts in administrative charge,holding sexual harassment claim was not like or related to retaliation allegations and therefore was outside the scope of the administrative charge,holding that plaintiff who filed administrative charge for racial harassment and discrimination could add claim for retaliation because some of the same facts supported both types of claims,holding that discrimination and retaliation claims are considered distinct types of claims that must be raised independently if the retaliation occurred prior to the filing of the administrative charge,holding defense applicable to both types of claims
218,"on § 348(e). See, Luna, 73 B.R. at 1002. As the Court noted in Redick, 81 B.R. at 886, conversion does not end the Trustee’s duties: he must submit a final report, and someone must still transmit any funds on hand to whomever is entitled. Rather, the Ninth Circuit’s holding in Nash, 765 F.2d at 1413, that dismissal effectively vacates a confirmed Chapter 13 plan, pertains here: while § 1307(b) conditions dismissal and requires court action, § 1307(a) gives debtors the absolute right to convert to Chapter 7 at any time. Analytically, a Chapter 13 plan has no relevance to or import in a case under any other chapter. § 103(h). Since conversion is effective upon notice, it perforce has no less effect on a plan than dismissal would. See In re Doyle, 11 B.R. 110 (Bkrtcy., E.D.Pa.1981) (<HOLDING>). If a plan is vacated or no longer in effect,",183646,29740,1,case_hold_mc,holding tort action accruing after original chapter 7 petition not part of estate when case converted to chapter 13 and then back to chapter 7,holding a chapter 13 plan no longer in force upon conversion of the case to chapter 7 and cited by the ninth circuit in support of the principle articulated in nash,holding that child support arrearages may not be included in a chapter 13 plan,holding that funds held by chapter 13 trustee become property of the chapter 7 estate upon conversion not subject to exemption,holding that the conversion of a chapter 7 petition to a chapter 13 petition was not final until the plan itself was approved
219,"Second, it contends that p rk of the courts, preserves the integrity and autonomy of the administrative process, and ensures that when the administrative proceeding does come before the court, the court will have before it that mature, considered, and final articulation of the basis of the agency’s action.” Glisson v. U.S. Forest Serv., 55 F.3d 1325, 1327 (7th Cir.1995) (citing McCarthy v. Madigan, 503 U.S. 140, 144, 112 S.Ct. 1081, 117 L.E.2d 291 (1992)). In order to exhaust a claim, the claim “must be raised with sufficient clarity to allow the decision-maker to understand and rule on the issue raised.” Idaho Sporting Congress, Inc., 305 F.3d at 965 (citing Native Ecosystems Council, 304 F.3d at 900); see also Kleissler v. U.S. Forest Serv., 183 F.3d 196, 202 (3d Cir.1999) (<HOLDING>). Under the APA, claimants may use “general",184500,29890,2,case_hold_mc,holding that issues not raised before the trial court cannot be raised on appeal,holding that because a claim was never raised in the district court this court would not consider it for the first time on appeal,holding that to exhaust a claim the claims raised at the administrative appeal must be so similar that the district court can ascertain that the agency was on notice of and had an opportunity to consider and decide the same claims now raised in federal court,holding that claims including constitutional claims must be asserted in trial court to be raised on appeal,holding that an issue not raised in the trial court cannot be raised for the first time on appeal
220,"cousin’s political views. Substantial evidence also supports the BIA’s finding that Fahmy did not establish a likelihood of persecution by Egyptian authorities because of his mental illness. Fahmy’s main argument is that his critical medication, Seroquel, is unavailable in Egypt, and therefore he likely will relapse and subject himself to heightened scrutiny by the Egyptian authorities, and then face arrest and detention for his “weird” behavior. But there is no evidence in the record that the Egyptian government is denying Seroquel to people with paranoid if he exhibits symptoms of mental illness is highly generalized. A generalized fear will not establish the threat to an alien’s life or freedom that section 231(b)(3)(A) requires. Cf. Dieng v. Holder, 698 F.3d 866, 872 (6th Cir.2012) (<HOLDING>). There is no evidence in the record that",185347,30029,2,case_hold_mc,holding that absent a pattern of persecution linked to the applicant persecution of family members is insufficient to demonstrate a wellfounded fear of persecution,holding that absent past persecution an alien can demonstrate eligibility for asylum based on a wellfounded fear of future persecution by demonstrating that he or she subjectively fears persecution and that this fear is objectively reasonable,holding that to qualify for asylum the fear of future persecution must be based on reasonably specific information showing a real threat to individual persecution not mere assertions of fear of possible persecution or speculative conclusions quoting mapouya 487 f3d at 412,holding that to establish asylum eligibility based on future persecution an applicant must show that he or she subjectively fears persecution and that this fear is objectively reasonable,holding that to show an objectively reasonable fear of future persecution an applicant must establish that he would be singled out for persecution or that there was a pattern or practice of persecution of similarlysituated individuals
221,"the modification of an alimony award to the discretion of the trial court and review the trial court’s decision de novo on the record for abuse of discretion. Pendleton v. Pendleton, 247 Neb. 66, 525 N.W.2d 22 (1994); Kleager v. Kleager, 242 Neb. 24, 492 N.W.2d 873 (1992). In a review de novo on the record, an appellate court reappraises the evidence as presented by the record and reaches its own independent conclusions with respect to the matters at issue. When evidence is in conflict, the appellate court considers an n of child support obligations, that “ ‘a petition for modification will be denied if the change in financial condition is due to fault or voluntary wastage or dissipation of one’s talents and assets. . . .’” Ohler v. Ohler, 220 Neb. 272, 275, 369 N.W.2d 615, 617 (1985) (<HOLDING>). See Baer v. Simon, 334 So. 2d 796 (La. App.",186203,30162,3,case_hold_mc,holding that reduction in income resulting from voluntary employment decision does not require corresponding reduction in payor spouses support obligations even if decision was reasonable and made in good faith,recognizing that fathers parental rights were terminated based upon his incarceration and his behavior while in prison his history of substance abuse and the fact that his child support payments are in arrears,holding that receipt of a large inheritance constitutes a substantial change in circumstances justifying termination of permanent alimony,holding that fathers criminal activity resulting in incarceration did not constitute material change in circumstances justifying reduction in or termination of his child support obligations,holding that a permanent change in income constitutes a substantial change in circumstances justifying a reduction of alimony
222,"of the crime beyond a reasonable doubt.” Jackson v. Virginia, 443 U.S. 307, 319, 99 S.Ct. 2781, 61 L.Ed.2d 560 (1979); see United States v. Johnson, 120 F.3d 1107, 1108 (10th Cir.1997). It is the government’s burden to prove that Mr. Mundy knowingly pos- sessed the controlled substance with the intent to distribute. Generally the “intent to distribute” is established through circumstantial evidence, United States v. Powell, 982 F.2d 1422, 1430 (10th Cir.1992) , and we have repeatedly noted that the intent to distribute “may be inferred from the possession of a large quantity of the substance.” Id.; see United States v. McIntyre, 997 F.2d 687, 708 (10th Cir.1993) ; United States v. Ray, 973 F.2d 840, 842 (10th Cir.1992); United States v. Hooks, 780 F.2d 1526, 1532 (10th Cir.1986) (<HOLDING>); United States v. Gay, 774 F.2d 368, 372 (10th",187062,30313,1,case_hold_mc,holding that the quantity of drugs involved in an offense does not support a downward departure because the legislature intended the quantity of drugs to be a determining factor in varying penalties,holding the large quantity of drugs sufficient evidence of intent to distribute,holding that the evidence did not plausibly support a buyerseller instruction because overwhelming evidence showed that defendants agreed to import drugs with the intent to distribute them and engaged in repeated transactions of large quantities of narcotic drugs for resale,holding that the quantity of drugs may not be used to support a departure,holding similar evidence sufficient to sustain a jury verdict of possession with intent to distribute cocaine
223,"plaintiffs ERISA claim accrued. Even when relying on an analogous state statute of limitations, federal courts look to federal common law for purposes of deciphering the accrual date of a cause of action under a federal statute. See Cada v. Baxter Healthcare Corp., 920 F.2d 446, 450 (7th Cir.1990), cert. denied, 501 U.S. 1261, 111 S.Ct. 2916, 115 L.Ed.2d 1079 (1991). In employment discrimination cases, the injury arises when the adverse employment action is communicated to the plaintiff, not when the ill effects of the decision are felt by the plaintiff. Delaware State College v. Ricks, 449 U.S. 250, 260, 101 S.Ct. 498, 66 L.Ed.2d 431 (1980). Accrual is not delayed until the employee’s discovery of the alleged unlawful nature of the decision. Id; Cf. Marquardt, 1994 WL 171698, at *5 (<HOLDING>) (citing Johnston, 218 Kan. at 548, 545 P.2d",187917,30454,4,case_hold_mc,holding that limitations period on employment discrimination claim triggered on date of discharge not on date of discovery of discriminatory intent,holding that unlike malicious prosecution claim false arrest claim accrues on the date of the arrest,recognizing the tort of retaliatory discharge,holding that the employers discharge of the plaintiff four months after the plaintiff filed a discrimination claim is insufficient to establish a prima facie case of retaliatory discharge,holding retaliatory discharge claim accrues on the date plaintiff receives notice of termination
224,"her “pee.” Transcript at 62. C.S. said that Surber did not touch her younger sister, K.S., because “she’s only four (4) and Daddy said you don’t do that until you’re old enough to start school like me.” Id. at 87. Our review of the character of the offender reveals that Surber has misdemeanor convictions for minor consumption, possession of marijuana, possession of paraphernalia, battery, operating while intoxicated, and resisting law enforcement. Surber violated his probation in 1996 and twice in 2004. After due consideration of the trial court’s decision, we cannot say that the thirty-six-year sentence imposed by the trial court is inappropriate in light of the nature of the offense and the character of the offender. See, e.g., McCoy v. State, 856 N.E.2d 1259, 1264 (Ind.Ct.App.2006) (<HOLDING>). For the foregoing reasons, we affirm Surber’s",188773,30595,4,case_hold_mc,holding that the defendants sentence was reasonable when the district court considered the parties arguments and provided a reasoned basis for its choice of sentence,holding that the defendants sentence for robbery was not inappropriate,holding that a district courts rejection of an argument for an inappropriate reason was error,holding that defendant was not deprived of any procedural rights or prejudiced by trial court hearing the evidence at defendants child molesting trial as evidence in the states petition to revoke defendants probation,holding that the defendants fortyfiveyear sentence for molesting his stepdaughter was not inappropriate
225,"and (2) United States v. Booker, 543 U.S. 220, 125 S.Ct. 738, 160 L.Ed.2d 621 (2005), and Kimbrough v. United States, 552 U.S. 85, 128 S.Ct. 558,169 L.Ed.2d 481 (2007), gave the court authority to reduce his sentence. “We review de novo a district court’s conclusions about the scope of its legal authority under 18 U.S.C. § 3582(c)(2).” United States v. James, 548 F.3d 983, 984 (11th Cir.2008). A district court may modify a term of imprisonment in the case of a defendant sentenced to a term of imprisonment based on a sentence range that has been lowered by the Sentencing Commission. 18 U.S.C. § 3582(c)(2). Any red uments are foreclosed by our precedent. See United States v. Melvin, 556 F.3d 1190, 1192-93 (11th Cir.2009), petition for cert. filed, (U.S. Feb. 10, 2009) (No. 08-8664) (<HOLDING>). AFFIRMED. 1 . This case is before this court",189634,30731,3,case_hold_mc,holding that booker does not apply retroactively to collateral proceedings under  2255,holding that proceedings under  3582c2 do not constitute a full resentencing of the defendant,holding that booker and kimbrough do not apply to  3582c2 proceedings and that booker and kimbrough do not prohibit the limitations on a judges discretion in reducing a sentence imposed by  3582c2 and the applicable policy statement by the sentencing commission,holding that booker and kimbrough do not apply at resentencing proceedings under  3582c2,holding that  3582c2 does not authorize a resentencing but merely provides for a sentence reduction within the bounds established by the sentencing commission and that booker does not apply to  3582c2 proceedings
226,"requirement is not a sanction traditionally regarded as punishment. Defendant next contends that the registration requirement implicates an affirmative disability or restraint on defendant’s liberty, both because it requires defendant to undertake the affirmative action of registering and because it subjects defendant to “police scrutiny, control, and monitoring” and limits his “liberty and expectation of privacy.” We disagree. The demands of complying with the registration requirement — the additional expenditure of time and energy, and any concomitant limitation on a registrant’s freedom of action — are minimal. Any “burden” associated with compliance is so incremental that it does not approach the level of punishment. See State v. Burke, 109 Or App 7, 11, 818 P2d 511 (1991) (<HOLDING>); see also Hudson, 522 US 93 at 104 (exclusion",190489,30877,4,case_hold_mc,holding that retroactive application of mvra does not violate the ex post facto clause because restitution is not a criminal punishment,holding that the supreme courts ex post facto precedents do not clearly establish that amended section 29336 violates the ex post facto clause,holding retroactive application of idra would violate the ex post facto clause,holding that state work release regulation was not an ex post facto law,holding that the fact that a retroactive law may have a deleterious effect on an individual does not mean that it is ex post facto punishment
227,"an individual supervisor. Accordingly, Counts One and Two alleging sexual harassment and retaliation against Deegan must be dismissed. Count Three — Individual Liability Under CFEPA Deegan similarly seeks to dismiss Count Three against him personally on the ground that there is no individual supervisory liability under CFEPA. The Connecticut appellate courts have yet to rule on the question whether supervisory employees can be held individually liable under CFEPA. There is also disagreement among the lower Connecticut courts that have considered the issue. See Wasik v. Stevens Lincoln-Mercury, Inc., No. Civ. 3:98cv108S(DJS), 2000 WL 306048 (D.Conn. Mar. 20, 2000), comparing Le v. Connecticut Dept. of Transportation, No. CV980491121S, 1999 WL 619631, at *3 (Conn.Super.Ct. Aug. 4,1999) (<HOLDING>); Nwachukwu v. State of Connecticut Department",191341,31005,0,case_hold_mc,holding that supervisory employee is not an employer under the terms of cfepa and because the employer is liable for the employees actions a plaintiff may not maintain an action against the employee individually under conngenstat  46a60,holding that employer may be held liable under  1981 for discrimination by supervisory employee,holding that an employer alone is liable for a violation of title vii by supervisory employees,recognizing that an employer is liable for an employees action if the employer knew or should have known about an employees acts of harassment and fails to take appropriate remedial action,holding that whether an employee decides to assist the charging party or refuses to assist the  employer the employer may not retaliate against the employee because this decision of the employee constitutes participation in an investigation or proceeding under title vii
228,"not abuse its discretion in ruling “that the tapes were self-authenticating, and also to a degree corroborated” by other evidence. Id. (internal quotation marks omitted). In child pornography cases, the authentication requirement applies “essentially the same way it does to any similar item of evidence in any type of case.” United States v. Berringer, 601 F.Supp.2d 976, 980 (N.D.Ohio 2008). The government must produce evidence sufficient to support a finding that the item is what the government claims it is — in this case, a video that the defendant received or possessed. This can be done by offering testimony from an investigator who was present when the video was retrieved and can describe the process used to retrieve it. See United States v. Salcido, 506 F.3d 729, 733 (9th Cir.2007) (<HOLDING>); Berringer, 601 F.Supp.2d at 980 (holding that",192200,31128,2,case_hold_mc,holding that the psychological injuries related to the initial abuse were not sufficiently disaggregated from those arising from the viewing of the images because the counselors report did not show the victim suffered any harm from the continued viewing andor spread of the images,holding that the trial court did not abuse its discretion by admitting the governments proffered document notwithstanding a break in the chain of custody because the government offered substantial corroborative evidence tying the document to mejia and the brief tenminute gap in the chain of custody made implausible that it was planted tampered with or misidentified,holding that pornographic videos and images were properly authenticated where the government presented detailed evidence as to the chain of custody specifically how the images were retrieved from the defendants computers,holding that foreign bank documents found inside a persons home were properly authenticated,holding that government must introduce relevant evidence in addition to the alleged pornographic images to prove that images depict real child
229,"“spoliation” of evidence, see Continental Ins. Co. v. Herman, 576 So.2d 313, 315 (Fla. 3d DCA 1990), we decline the Perezes’ invitation to further extend this implied exception to employer immunity. We reach this conclusion for three reasons. First, the purpose of a spoliation claim generally is not served by permitting suit where no notice is given. The genesis of the cause of action was the need to deter the recalcitrant defendant who attempts to unfairly deprive a plaintiff and court access to damning evidence. See Humana Worker’s Comp. v. Home Emergency Servs., 842 So.2d 778, 781 (Fla.2003)(“Negligent spoliation of evidence is a tort claim based on a defendant’s breach of a duty to preserve evidence.”); Lincoln Ins. Co. v. Home Emergency Servs., 812 So.2d 433, 434 (Fla. 3d DCA 2001)(<HOLDING>). In fact, barring the rare case where the",193062,31267,3,case_hold_mc,recognizing that the loss or destruction of evidence may seriously impair a partys ability to present its case,recognizing cause of action,recognizing cause of action for loss of consortium,recognizing spoliation as an independent cause of action for negligence where a party is unable to prove its case due to the loss or destruction of key evidence,recognizing the cause of action
230,"was not clearly established and did not provide the Deputies with ""fair warning” that their conduct violated the Fourth Amendment. The district court reasoned ""that without the benefit of McClish v. Nugent, 483 F.3d 1231 (11th Cir.2007), which was decided ... almost one year after the incident, the deputies could not have known whether entering the garage without a warrant was clearly a violation of the Coffins’ constitutional rights.” Coffin v. Brandau, No. 07-cv-835-T-26TBM, 2008 WL 2950117, at *7 (M.D.Fla. July 31, 2008). McClish addressed the question of whether a person who voluntarily opens his front door could be removed from his home and arrested outside the home’s threshold in light of Payton v. New York, 445 U.S. 573, 589-90, 100 S.Ct. 1371, 1381-82, 63 L.Ed.2d 639 (1980) (<HOLDING>) and United States v. Santana, 427 U.S. 38, 96",193919,31407,1,case_hold_mc,holding that in die absence of exigent circumstances the mere existence of probable cause does not justify a nonconsensual entry by police into a home without an arrest or search warrant,holding that absent exigent circumstances an arrest within the home can only be effectuated with a warrant probable cause is insufficient,holding that an arrest made outside an officers jurisdiction absent exigent circumstances violates the fourth amendment,holding that absent consent or exigent circumstances law enforcement officers cannot legally search for the subject of an arrest warrant in the home of a third party without first obtaining a search warrant,holding that absent exigent circumstances the fourth amendment prohibits warrantless nonconsensual entry into a suspects home in order to make a felony arrest  notwithstanding the existence of probable cause to arrest
231,"facts which sufficiently satisfy Rule 702’s reliability requirements.” (quoting Mitchell v. 165 F.3d at 781)). Thus, based on Dr. Thomas’s experience as an education administrator and the nature of his testimony, the court finds Dr. Thomas’s testimony to be reliable under Rule 702. The court also finds that, at this point in time, Dr. Thomas’s testimony is relevant: it “relate[s] to a disputed issue in the case.” Id. Despite the District’s arguments that Dr. Thomas’s testimony is not relevant because it circumvents the jury’s role, Rule 704 allows for expert opinion on the “ultimate issue” at hand. Under Rule 704(a), “An opinion is not objectionable just because it embraces an ultimate issue.” Fed. R. Evid. 704(a); see also United States v. Dazey, 403 F.3d 1147, 1171 (10th Cir. 2005) (<HOLDING>). Provided that Dr. Thomas bases his",194776,31546,0,case_hold_mc,holding that even if an experts testimony arguably embraced the ultimate issue such testimony is permissible as long as the experts testimony assists rather than supplants the jurys judgment,holding that expert testimony should be excluded when jury is equally competent to form an opinion about ultimate fact issue or experts testimony is within jurys common knowledge,holding that testimony of two experts was unreliable because they relied on the testimony of two other experts which was also unreliable,holding experts testimony was insufficient to survive summary judgment because the testimony at most showed the defendant deviated from the experts personal standard of care rather than the generally recognized and accepted standard of care,holding experts testimony was insufficient to survive summary judgment because the testimony at most showed the defendant deviated from the experts personal standard of care rather than the generally accepted standard of care
232,"foreclosure sale was only held “after these notifi cations and proper publication in the Alabama Messenger.” Id. Deutsche misunderstands the nature of the FDCPA. The statute dictates, for the most part, what a debt collector must not do, not what it must do. In other words, the fact that Deutsche went through the routine steps for a foreclosure in Alabama, even if taken as established, does not free it from liability if it violated the FDCPA along the way. It is the means, not the end, that creates liability. ■ It nevertheless remains for Garst to carry his burden of producing evidence upon which he can proceed to trial on one or more of the four sections of the FDCPA that he claims were violated. See Celotex Corp. v. Catrett, 477 U.S. 317, 322, 106 S.Ct. 2548, 91 L.Ed.2d 265 (1986) (<HOLDING>). This burden is not easily met. Garst’s entire",195625,31683,0,case_hold_mc,holding that to survive a motion for summary judgment a party must make a showing sufficient to establish the existence of an element essential to that partys case and on which that party will bear the burden of proof at trial,recognizing that the burden on summary judgment shifts to the nonmoving party once the moving party has met its initial responsibility of showing the absence of a triable issue of fact and that the moving party is entitled to summary judgment if the nonmoving party fails to make a sufficient showing on an essential element of the case,recognizing that even where a party has the burden of proof at trial that party need not produce proof supporting his claim in response to a motion for summary judgment unless the movant has first presented evidence that would negate an element of the nonmovants claim or indicates that the nonmovant will be unable to meet his burden at trial it is never enough simply to state that the nonmoving party cannot meet its burden at trial,holding that the moving party need not support its motion with affidavits or other evidence if the nonmovant will bear the burden of proof at trial,holding that the nonmovant must make a showing sufficient to establish the existence of an element essential to that partys case
233,"incurred by agents acting for a lender: Lender shall be entitled to sue for and to recover judgment for the whole amount so due and unpaid together with costs and expenses including the reasonable compensation, expenses and disbursement of Lender’s agents and attorneys ... Jupiter Capital’s interpretation of this clause to include the Buck Management fees is not reasonable under the circumstances or supported by the clause when considered in toto. Generally, when fees are part of the everyday overhead of a lender, and are not beyond the normal operating costs, they are not recoverable. See First Bank of Ohio v. Brunswick Apartments of Trumbull County, Ltd. (In re Brunswick Apartments of Trumbell County, Ltd.), 215 B.R. 520, 525 (6th Cir. BAP 1998), aff'd 169 F.3d 333 (6th Cir. 1999) (<HOLDING>); In re Woods Auto Gallery, Inc., 379 B.R. 875,",196484,31834,4,case_hold_mc,holding that expenses refers to costs,recognizing that an award of temporary attorneys fees and costs is based on an assessment of need and ability to pay as well as the reasonableness of the fees and costs,holding that federal express costs telephone expenses and postage expenses did not qualify as taxable costs,holding defendant liable for attorneys fees when the guaranty contract at issue provided for the payment of collection costs and expenses,holding that the bankruptcy court properly disallowed fees when the bank could not demonstrate actual costs and expenses beyond its normal operating costs attributable to the debtors loan
234,"County, Kentucky, and its fiscal court are entitled to sovereign immunity “for the tortious performance of governmental functions”); Franklin Cnty., Ky. v. Malone, 957 S.W.2d 195, 203 (Ky.1997) (stating that county immunity from tort liability, in the absence of waiver, is “well-settled”). Floyd County and Floyd County Fiscal Court “enjoy the benefits and protection of governmental immunity except where it has been explicitly waived by the [Kentucky] legislature.” Furtula v. Univ. of Ky., 438 S.W.3d 303, 305 & n. 1 (Ky.2014). A. No Legislative Waiver of Governmental Immunity Exists in This Case. None of the Kentucky statutes that the plaintiff mentions waive Floyd County’s governmental immunity, neither explicitly nor by necessary implication. Cf. Furtula, 438 S.W.3d 303 at 305-06 (<HOLDING>). Shepherd cites Section 44.072 of the Kentucky",197343,31975,2,case_hold_mc,holding that a claim that sovereign immunity has been waived is itself waived if not argued on appeal,recognizing that immunity may be waived,holding that kentucky revised statute krs 45a245 explicitly waived sovereign immunity for contract actions,holding that sovereign immunity barred a wrongful death claim against the board and stating that the only question is whether the boards sovereign immunity protection was waived emphasis added,recognizing that the state enjoys sovereign immunity in regard to tort actions unless the legislature waived immunity pursuant to a specific statute
235,"New York law and Michigan law. See Curley v. AMR Corp., 153 F.3d 5, 12 (2d Cir.1998). Both New York and Michigan go beyond the constitutional minimum and require public figures to demonstrate falsity by clear and convincing evidence. See DiBella, 403 F.3d at 111 (New York); Phillips v. Ingham Cnty., 371 F.Supp.2d 918, 929-30 (W.D.Mich.2005) (Michigan). In addition, both states hold defendants “to a standard of substantial, not literal, accuracy.” Law Firm of Daniel P. Foster, P.C., 844 F.2d at 959 (New York); see also Nichols v. Moore, 477 F.3d 396, 399 (6th Cir.2007) (Michigan). Summary judgment is therefore warranted if no reasonable jury could find by clear and convincing evidence that the statements at issue are substantially false. See Anderson, 477 U.S. at 252, 106 S.Ct. 2505 (<HOLDING>). This is “a demanding standard, the most",198200,32103,2,case_hold_mc,holding that we will not review under any standard the pretrial denial of a motion for summary judgment after a full trial and final judgment on the merits,holding the standard of proof in summary judgment rulings is the same as it would be at trial,holding that the inquiry involved in a ruling on a motion for summary judgment  necessarily implicates the substantive evidentiary standard of proof that would apply at the trial on the merits,holding that in ruling on a motion for summary judgment the trial court is limited to the grounds raised in the motion,holding that a trial court can only consider admissible evidence in ruling on a motion for summary judgment
236,"of law. See id.; Southern Ute Indian Tribe v. Amoco Prod. Co., 119 F.3d 816, 832 (10th Cir.1997) (recognizing the rule that an agency “may establish binding policy either through rule-making procedures or through adjudications that create binding precedents” (quotation omitted)), rev’d on other grounds, Amoco Prod. Co. v. Southern Ute Indian Tribe, 526 U.S. 865, 119 S.Ct. 1719, 144 L.Ed.2d 22 (1999). Here, however, the Secretary has not promulgated a regulation applicable to the practices the Growers allege violate § 202(a), and the USDA has no authority to adjudicate alleged violations of § 202 by live poultry dealers. See London, 410 F.3d at 1304 (citing administrative complaint procedures under 7 U.S.C. § 193(a)); Jackson v. Swift Eckrich, Inc., 53 F.3d 1452, 1456-57 (8th Cir.1995) (<HOLDING>). Moreover, we afford the USDA’s position as",199052,32241,1,case_hold_mc,holding a suit against an agency of the state is a suit against the state,holding that the only means of enforcing  202 against live poultry dealers is to file suit in federal district court under  308 7 usc  209a,holding that the plain language of 42 usc  4654c precludes the court from including in its award to the plaintiffs any reimbursement for expenses incurred by the plaintiffs before they decided to file suit in the court of claims under 28 usc  1491,holding that a suit against a state official in his or her official capacity is not a suit against the official but rather is a suit against the officials office,holding that in order for a plaintiff to file suit against the government on a contract claim in the court of federal claims a plaintiff must have either direct privity or thirdparty beneficiary status
237,"the court abused its discretion by issuing the order. See Brickyard Assocs. v. Auburn Venture Partners, 626 A.2d 930, 934 (Me.1993). DiPietro does contend, however, that Faith Temple is not entitled to compounding post-judgment interest, therefore implicitly arguing that the court erred in calculating the amount of the attachment to be $163,091.48. [¶ 37] “Entitlement to interest on judgments is derived from statute.” Walsh v. Cusack, 2008 ME 74, ¶ 4, 946 A.2d 414 (quotation marks omitted). Here, the controlling statute is 28 U.S.C.S. § 1961 (LEXIS through Pub. L. No. 114-91), which provides for compounding interest on judgments in “civil ease[s]” in federal “district court,” including bankruptcy cases. See Lassman v. Keefe (In re Keefe), 401 B.R. 520, 526 (1st Cir. B.A.P. 2009) (<HOLDING>); see also Ocasek v. Manville Corp. Asbestos",199910,32375,0,case_hold_mc,holding that 28 usc  1961a applies to bankruptcy court judgments because a bankruptcy court is a unit of the district court,holding that the district court sitting in review of the decision of the bankruptcy court erred in concluding that plaintiffs failure to pay over taxes was willful because the bankruptcy court had made no findings on willfulness we remanded for bankruptcy court findings,holding a bankruptcy court is not a court of the united states entitled to waive filing fees pursuant to 28 usc section 1915a,holding that claims under 11 usc  362h must be brought in the bankruptcy court rather than in the district court which only has appellate jurisdiction over bankruptcy cases,holding that creditor lacked appellate standing to appeal order of bankruptcy court absent permission of bankruptcy court
238,"Instead, Rule 702 mandates that the district court screen the admission of novel scientific evidence, and it must conclude, pursuant to Rule 104(a), that the proposed testimony is scientific knowledge, derived from the scientific method, that will assist the trier of fact, i.e., is relevant. Id. at 589-93, 113 S.Ct. 2786. The district court’s screening “entails a preliminary assessment of whether the reasoning or methodology underlying the testimony is scientifically valid and of whether that reasoning or methodology properly can be applied to the facts in issue.” Id. at 592-93, 113 S.Ct. 2786. While the Daub (8th Cir.2001) (Rule 702 “clearly is one of admissibility rather than exclusion” (internal quotation omitted)); Wood v. Minn. Mining & Mfg. Co., 112 F.3d 306, 309 (8th Cir.1997) (<HOLDING>). Further, district courts are admonished not",200762,32508,0,case_hold_mc,holding that exclusion of experts opinion is proper only if it is so fundamentally unsupported that it can offer no assistance to the jury internal quotation omitted,holding that it is not the courts role to decide whether an experts opinion is correct,holding that due process is violated if evidence of prior bad acts goes only to character and there are no permissible inferences the jury may draw from it internal quotation marks omitted,holding that it is not,holding even though experts are permitted to give an opinion they may not offer an opinion regarding the credibility of others
239,"White’s mailing is deficient because he has not proven that his petition was deposited in the mail prior to the final mail pickup for the day. Rule 5 does not specify what constitutes “depositing” a document in the mail for purposes of the rule. Case law, however, suggests that the mailbox rule does not require that the post office be open to postmark and process the envelope on the date of mailing. For example, in Sigel, the court of appeals held that the appellant failed to comply with the mailbox rule under the Texas Rules of Appellate Procedure, which is substantively similar to Rule 5, because it did not deposit the document in the mail on a Sunday. See 749 S.W.2d at 188; see also Walkup v. Thompson, 704 S.W.2d 938, 938 (Tex.App.Corpus Christi 1986, writ ref d n.r.e.) (per curiam) (<HOLDING>); Martin Hedrick Co. v. Gotcher, 656 S.W.2d",201620,32640,2,case_hold_mc,holding that taxable costs included only the premium on a surety bond posted on appeal not the fees paid for letters of credit to secure the bond where the state statute and court rule only specifically allowed for premium on any surety bond,holding that an appeal is perfected when the appeal bond is filed,holding that an appeal bond needed to be deposited in the mail on a sunday,holding that it is proper for a district court to considered sic the possibility that an appeal may result in the award of attorneys fees in determining the appeal bond amount,recognizing that no bond or a nominal bond may be appropriate in cases involving the public interest
240,"materiality and favorability is aimed; the objective of such an evidentiary showing is to require that a defendant citing constitutional error under the Sixth Amendment must first prove that the testimony at issue had relevance to the defense of his case. 15 . Baxter v. Palmigiano, 425 U.S. 308, 319, 96 S.Ct. 1551, 47 L.Ed.2d 810 (1976) (recognizing that “in proper circumstances silence in the face of accusation is a relevant fact not barred from evidence by the Due Process Clause” and allowing adverse inference from inmate’s silence at prison disciplinary proceeding); accord U.S. ex rel. Bilokumsky v. Tod, 263 U.S. 149, 153-54, 44 S.Ct. 54, 68 L.Ed. 221 (1923) (stating that ""[s]ilence is often evidence of the most persuasive character”); Gray v. State, 368 Md. 529, 796 A.2d 697 (2002) (<HOLDING>); see also Syl. Pt. 9, State ex rel. Myers v.",202478,32790,0,case_hold_mc,holding that trial court has discretion to permit defendant to call accused witness to stand and permit witness to invoke fifth amendment privilege in front of jury where entire defense was centered on witness commission of crime,recognizing that trial court has duty to determine whether witness silence is properly grounded in fifth amendment and to require witness to answer where refusal to testify is not warranted,holding that trial court did not abuse its discretion by refusing to strike witnesss testimony on direct examination when witness asserted fifth amendment on collateral matters on crossexamination particularly when witness was required to invoke privilege in presence of jury,holding that the defendants due process rights were violated when the trial judge singled out the only defense witness and indicated to that witness that he expected the witness to he and would personally ensure that the witness was prosecuted for perjury and thereby effectively drove that witness off the stand,holding that accused has right to crossexamine witness on issue of a witness potential bias that stemmed from the fact that the witness had instituted a civil action for damages against the defendant arising from the crime charged
241,"finding. Therefore, the Commission’s finding on the claimant’s inability to work is conclusive on appeal. See Adams, 349 N.C. at 681, 509 S.E.2d at 414. Moreover, contrary to the majority’s position, the doctrines of collateral estoppel and res judicata do not apply to the case sub judice. Although our Court in Lewis I affirmed the Commission’s finding that the claimant “had wage earning capacity” for a claim of a change in condition pursuant to N.C. Gen. Stat. § 97-47, we did not litigate the claimant’s earning capacity as it relates to the issue of whether the Form 26 agreement was improvidently approved by the Commission. See Lewis v. Craven Regional Medical Center, 122 N.C. App. 143, 468 S.E.2d 269 (1996); Brooks v. Stroh Brewery Co., 95 N.C. App. 226, 382 S.E.2d 874 (1989) (<HOLDING>); King v. Grindstaff, 284 N.C. 348, 200 S.E.2d",203338,32933,0,case_hold_mc,holding that the doctrine of collateral estoppel bars readjudication of issues when 1 the prior suit resulted in judgment on the merits 2 identical issues are involved 3 the issue was actually litigated 4 the issue was actually determined and 5 the determination was necessary to the resulting judgment,holding that a prior administrative decision actually decided ultimate factual issues that are essential to plaintiffs present claims and that issue preclusion therefore bars the relitigation of those issues,holding that a civil claim is barred by collateral estoppel even though the prior adjudication was in criminal proceedings and the parties are not the same because the matters were actually litigated and decided in the prior trial,holding that the doctrine of collateral estoppel applies when an issue of ultimate fact has necessarily been determined by a valid final judgment,holding that the issues implicated by  523a6 were actually litigated in a california state intentional tort suit and therefore according the judgment collateral estoppel effect under california law
242,"if the carrier has released the shipper from liability under the bills of lading is the shipper discharged from his duty to pay the carrier by remitting payment to the consolidator; otherwise, the shipper, by choosing not to pay the carrier directly, assumes the risk that the consolidator might fail to forward the freight payment on to the carrier. Under an alternative, “equitable estop-pel” view, when a shipper pays freight to a consolidator and the consolidator subsequently fails to forward the payment on to the carrier, the shipper does not remain hable to the carrier, so long as the circumstances indicate that the carrier led the shipper to believe that payment to the cargo consolidator would discharge the debt. See Olson Distrib. Sys. v. Glaswrit Am., 850 F.2d 295 (6th Cir.1988) (<HOLDING>); Inman Freight Sys., Inc. v. Olin Corp., 807",204191,33076,2,case_hold_mc,holding that carrier may be estopped from collecting freight charges from shipper who paid freight to consolidator in reliance on carriers representation that such payment would discharge shippers bill of lading obligation,holding that bill of lading not charterparty governed contract dispute between carrier and shipper,holding doctrine of equitable estoppel barred carriers claim against shipper for payment of freight bills after carriers documents and dilatory conduct led shipper to believe that carrier was receiving freight payments from cargo consolidator,holding that shipper negligence does not absolve a carrier of liability if damage would not have occurred but for the concurrent fault of the carrier,holding that carrier is estopped from collecting freight charges from shipper when shipper had paid consolidator in reliance on carriers misrepresentation that it had already received its payment from consolidator and shipper would thus otherwise be unjustifiably liable for double payment
243,"v. Haney, No. NMCCA 9900878 (N.M.Ct.Crim.App.2004). 5 . At trial, defense counsel did not make a motion to suppress Appellant’s confession to SSgt Deal. The coerced confession theory was presented only to the panel during presentation of the case on the merits. 6 . MSgt Crecilius did not testify, but on cross-examination, SSgt Deal corroborated MSgt Crecilius's presence at an initial meeting prior to his meeting with Appellant. 7 . Appellant stated: ""I didn’t want to end up in confinement so I thought, well, if I go back and tell them what they want to hear, I will not end up in confinement.” 8 . United States v. Robinson, 485 U.S. 25, 33, 108 S.Ct. 864, 99 L.Ed.2d 23 (1988). 9 . Id. at 33-34, 108 S.Ct. 864. 10 . 438 U.S. 586, 98 S.Ct. 2954, 57 L.Ed.2d 973 (1978). 11 . A.F.2001) (<HOLDING>); Ruiz, 54 M.J. at 143 (holding that, where an",205049,33217,2,case_hold_mc,holding that trial counsels failure to object to the prosecutors repeated pervasive and clearly improper references during closing arguments to similar transactions committed by the defendant constituted deficient performance and amounted to prejudice that required a new trial,holding that repeated references to uncontroverted evidence of an accuseds guilt throughout closing argument was reversible error where the comments were general and not tailored to the defense credibility argument,holding that there was no material prejudice arising from trial counsels repeated references to an accuseds invoking his right to counsel,holding that there is no right to counsel beyond the initial direct appeal and thus no right to counsel on discretionary review,holding that defense counsels failure to object to testimony did not warrant a new trial because there was no prejudice from admission of the testimony
244,"be legally adequate to confer jurisdiction under MCL 762.2. Once this initial gatekeeping determination has been made, however, and assuming that the exact location of a boundary line is not at issue in the case, the trier of fact must next determine as a factual matter whether the alleged act, consequence, or other condition that would confer territorial jurisdiction under MCL 762.2 did in fact occur within the state of Michigan. The clear majority rule in this country is to require the trier of fact to find beyond a reasonable doubt that the alleged act, consequence, or other condition that would confer jurisdiction has in fact occurred within the territorial jurisdiction of the court when the matter is placed in issue. See, e.g., State v Butler, 353 Md 67, 79; 724 A2d 657 (1999) (<HOLDING>); State v Willoughby, 181 Ariz 530, 538; 892",205903,33371,0,case_hold_mc,holding that when evidence exists that the crime may have been committed outside marylands territorial jurisdiction and a defendant disputes the territorial jurisdiction of the maryland courts to try him or her the issue of where the crime was committed is factdependent and thus for the trier of fact,holding that the state must establish that a legal situs of the offense was in delaware and that the reviewing court is required to determine whether any rational trier of fact could have found the existence of territorial jurisdiction beyond a reasonable doubt,holding that the basis of in rem jurisdiction is the presence of the subject property within the territorial jurisdiction of the forum state,holding that a court had the power pursuant to  105a to compel a defendant to deliver her property which was the subject of a bankruptcy proceeding from outside the courts territorial jurisdiction,holding the crime of conspiracy is committed or not before the substantive crime begins
245,318 (1981),206758,33515,4,case_hold_mc,holding that defendant had a reasonable expectation of privacy in a locked vehicle owned and operated by a third party but parked on defendant homeowners driveway where the evidence seized was the subject of the unlawful enterprise in which defendant participated,holding automobile exception applied to shotgun seized from trunk of vehicle parked at defendants home,holding on direct review that defendant was not in custody when he was interviewed by law enforcement officers in a parked police vehicle which was unmarked and unlocked,holding that parked police vehicle could not constitute other traffic,holding defendant seized at moment officers pulled up behind parked vehicle and switched on flashing lights
246,"the lawsuit. See Tex. Const, art. V, § 8 (stating that “[district court jurisdiction consists of exclusive, appellate, and original jurisdiction of all actions, proceedings, and remedies, except in cases where exclusive, appellate, or original jurisdiction may be conferred by this Constitution or other law on some other court, tribunal, or administrative body”). When two defendants in the lawsuit, HOME and WUIC, filed a motion to compel arbitration based on the arbitration provision set forth in the written warranty agreement, which Appellants also had signed, the trial court had a nondiscretion-ary duty to rule upon the arbitration issue, including which parties would be compelled to arbitration. See, e.g., In re Weekley Homes, L.P., 180 S.W.3d 127, 135 (Tex.2005) (orig. proceeding) (<HOLDING>). And the trial court retains jurisdiction even",206775,33518,4,case_hold_mc,recognizing that in reviewing ruling on motion to compel arbitration we first determine whether party seeking arbitration established existence of arbitration agreement,holding that a party seeking to compel arbitration must establish the existence of an arbitration agreement and show that the claims raised fall within the scope of that agreement,holding that once the party seeking to compel arbitration establishes the existence of an arbitration agreement and that the claims raised fall within the scope of that agreement the trial court must compel arbitration,holding that in ruling on a motion to compel arbitration a court must consider 1 whether the parties have entered into a valid arbitration agreement 2 whether an arbitrable issue exists and 3 whether the right to arbitration has been waived,holding trial court must decide whether to compel arbitration of personal injury claim of party who was not signatory to arbitration agreement
247,"Section 2254 and 2255 Cases in the U.S. District Courts, R. 6(a), 28 U.S.C. foil. § 2254 (2006 & Supp. III 2010) (discovery permitted in habeas proceedings for good cause shown); Bracy v. Gramley, 520 U.S. 899, 904, 117 S.Ct. 1793, 138 L.Ed.2d 97 (1997) (discussing discovery standard under the Rules); Aguayo v. Harvey, 476 F.3d 971, 976 (D.C.Cir.2007) (stating that the Rules apply to section 2241 proceedings pursuant to Rule 1(b)). Discovery regarding the lawfulness of Appellant Amanatullah’s detention cannot advance our jurisdictional inquiry because it is irrelevant to that inquiry. The district court therefore did not abuse its discretion in denying discovery on that question. See United States v. Gale, 314 F.3d 1, 6 (D.C.Cir.2003) (citing Braey, 520 U.S. at 909, 117 S.Ct. 1793) (<HOLDING>). B. Adequacy of the Process We next consider",207635,33647,1,case_hold_mc,holding under third circuit law that the denial of a motion for reconsideration is reviewed for abuse of discretion,holding that denial of discovery in habeas proceedings is reviewed for abuse of discretion,holding that the imposition of sanctions is reviewed for abuse of discretion,holding under third circuit law that denial of rule 11 sanctions is reviewed for abuse of discretion,holding that denial of joinder motion is reviewed for abuse of discretion
248,"1189, 1195-98 (Okla.1993) (<HOLDING>); Giampa v. Ill. Civil Serv. Comm’n, 89",208491,33783,0,case_hold_mc,holding a continuance of lawyer disciplinary proceedings pending resolution of related criminal proceedings is not constitutionally required,recognizing that a defendants right to be heard in criminal proceedings prior to sentencing is constitutionally protected,holding that probation revocation proceedings are clearly not criminal proceedings,holding that the district court lacked jurisdiction to review state disciplinary proceedings against attorney,holding that defendants have a right to counsel in criminal proceedings
249,"United States Supreme Court has long held that a “statute must be construed, if fairly possible, so as to avoid not only the conclusion that it is unconstitutional, but also grave doubts upon that score.” Moore Ice Cream Co. v. Rose, 289 U.S. 373, 379, 53 S.Ct. 620, 77 L.Ed. 1265 (1933). Article I, § 18 of the North Carolina Constitution provides that “every person for an injury done him in his lands, goods, person, or reputation shall have remedy by due course of law; and right and justice shall be administered without favor, denial, or delay.” The North Carolina Supreme Court interprets this provision as only applying to “vested rights:” In cases involving latent harm, a plaintiffs cause of action would not yet have accrued at the time the statute of repose passed; thu 200 (R.I.1984) (<HOLDING>); Heath v. Sears, Roebuck & Co., 123 N.H. 512,",208574,33795,2,case_hold_mc,holding 10year statute of repose violated state constitutional guarantee of access to courts after plaintiff was injured when manlift elevator collapsed and fell,holding 10year statute of repose violated state constitutional right to remedy in personal injury and wrongful death suits,holding 10year statute of repose violates state constitutions guarantee of open courts in case involving defective machine,holding that while mississippi courts typically apply domestic statutes of limitations tennessees 10year statute of repose applied to cut off plaintiffs right of action,holding wrongful death action barred by 10year construction statute of repose
250,"withdraw his plea. Defense counsel’s testimony that defendant was uncertain as to whether to plead guilty until the very last moment, defendant’s son’s testimony that defendant stated that he was pleading guilty to avoid jail, and defendant’s advanced age and poor health, all support a finding that defense counsel’s gross miseharaeterization of the likely sentencing range could have motivated defendant to plead guilty. The district court, however, incorrectly believed that it did not have discretion to permit defendant to withdraw his plea unless defendant proved actual prejudice. The district court’s unduly narrow view of its discretion requires us to vacate the denial of defendant’s motion to withdraw his plea. See United States v. Ruiz, 257 F.3d 1030, 1033 (9th Cir.2001) (en banc) (<HOLDING>). In Ortega-Ascanio and Garcia, we determined",209435,33943,0,case_hold_mc,holding that a district courts application of the wrong legal standard on a motion to withdraw a plea constitutes an abuse of discretion,holding that district court abused discretion in denying motion to withdraw plea based on intervening supreme court decision that may have rendered factual basis of plea insufficient,holding that district court did not abuse its discretion in denying a motion to withdraw guilty plea filed three weeks after entering the plea,holding that lower courts application of a some effort standard was an abuse of discretion,holding a motion to withdraw a guilty plea and grant trial is addressed to the sound discretion of the trial court and the supreme court will not upset the courts ruling unless there is a sufficient showing of abuse of discretion
251,"(rejecting the argument that a binding contract arose immediately upon notification of the exercise of a right of first refusal according to the terms of the third-party offer where subsequent negotiations ultimately resulted in modified terms). Accordingly, where the right holder has proffered an alternative or substitute agreement, the issue of whether a right of first refusal has been properly exercised is not whether the right holder properly notified the parties of its intention to enter into a final contract. Merely electing to exercise a first refusal right is not sufficient if a right holder subsequently refuses to timely enter into a contract matching the terms of the third party agreement. See, e.g., Green v. First Am. Bank & Trust, 511 So.2d 569 (Fla.Ct.App.1987) (<HOLDING>) ; Miller v. LeSea Broadcasting, Inc., 87 F.3d",210293,34073,4,case_hold_mc,holding the assignment invalid because the assignee never used the mark and never acquired any of the assignors tangible assets or goodwill,holding that the defendant had minimum contacts with kansas because it responded to the plaintiffs offer to contract despite the fact that a contract was never formally signed,recognizing that a broad definition of stolen is consistent with the guidelines purposes and finding that the enhancement was properly applied where a defendant found a gun that was lost or mislaid by its owner who never authorized anyone to take the gun never sold it and never gave it away as a gift,holding that the worker was entitled to full ttd benefits because the employer never made an offer of employment once the worker was released to work,holding that the initial attempt to exercise an option was never valid because right holder never intended to match the thirdparty offer as evidenced ip part by his  subsequent refusal to meet the same terms
252,"then the Court will give effect to the statute as written and will refrain from adding or deleting language to reflect an intent not evidenced in that language. Moore v. Miley, 372 Md. 663, 677, 814 A.2d 557, 566 (2003). Hence, we examine the CPA’s language to determine whether the Legislature intended for the CPA to apply to the activities of the State. Appellants argue that the CPA applies to the State’s conduct because the CPA broadly applies to all sales of services primarily for personal, household, or family purposes, and thus includes the collect call telephone charges accepted by Appellants. This argument fails because, while the CPA applies broadly to the kinds of sales it governs, the statute also describes the actors to whom it applies and 78 A.2d 1326, 1330 (1977) (<HOLDING>); Harden v. Mass Transit Admin., 277 Md. 399,",211142,34207,4,case_hold_mc,holding that federal courts are bound by state interpretations of state law,holding that when applying state law a federal court is bound to follow the highest court in the state,holding that the legislature did not intend the state to be bound by local zoning regulations when constructing a communications tower because the legislature neither named the state nor manifested an intention that it be bound by the provisions of the enabling act which granted zoning authority to the city,holding federal courts are bound by state court determinations of state law,holding that because no clear implication could be derived from the language of the statute that the state should be bound by the local zoning ordinances the state was not bound
253,"District of Columbia, 741 A.2d 28, 34 (D.C.1999) (reversal for plain error when apparent from the face of the record that a miscarriage of justice has occurred); Murphy v. International Robotic Sys., 766 So.2d 1010, 1027 (Fla.2000) (court can consider unobjected-to, improper closing argument only when raised in a motion for new trial although rules require objection at trial); Foskey v. Foskey, 257 Ga. 736, 363 S.E.2d 547, 548 (1988) (listing types of cases in which court will reverse judgment based on unpreserved jury-charge error); Trucking Co. v. Board of Water Supply, 97 Hawaii 450, 40 P.3d 73, 81 (2002) (appellate court has discretion to notice plain error in civil cases when justice requires); Hecla Mining Co. v. Star-Morning Mining Co., 122 Idaho 778, 839 P.2d 1192, 1197 (1992) (<HOLDING>); Gillespie v. Chrysler Motors Corp., 135",211992,34350,0,case_hold_mc,recognizing plain or fundamental error,holding that omission was not plain error,holding that any error was harmless and thus not plain error,holding that lack of appellate jurisdiction is fundamental error,holding right to be fundamental
254,"the Town contacted the New York authorities and, as a result, Mr. Voulgarelis fled from JFK International Airport with the children. The plaintiff presented evidence that she has suffered and continues to suffer from emotional distress and has experienced anxiety attacks and difficulty with sleeping which have required her to seek counseling and therapy and to take Prozac. Finally, the plaintiff presented evidence from which the jury could conclude that a reasonable person would have suffered emotional distress under the circumstances of this case. The Town’s motion for judgment nothwithstanding the verdict is DENIED with respect to the claim of negligent infliction of emotional distress. Loss of Consortium The Town also challenges the awar ing Assoc. of Mass., 406 Mass. 228 (1989) (<HOLDING>); 17A RICHARD W. BISHOP, MASSACHUSETTS",212847,34487,3,case_hold_mc,holding loss of consortium claim is derivative of spouses substantive claim,holding that a loss of consortium is separate and independent from the primary action,recognizing cause of action for loss of consortium,holding that plaintiffs claim for loss of consortium is separate and distinct from spouses malpractice claim for purposes of applying insurance policy limitations,recognizing that loss of consortium is a right of action separate from that of the spouse
255,"everybody to guess as opposed to what in fact, did or did not happen. So with respect to those matters, they are suppressed and ... please disregard those comments by the prosecutor."" Record at 549-50. Under these circumstances, the trial court would have committed no error in refusing Sutton's request for a mistrial. The third alleged erroneous denial of a motion for mistrial stems from an incident which occurred during the prosecutor's closing arguments. His comments to the jury included an arguably incorrect statement of the law. An objection was interjected immediately. A curative instruction was requested and given. No other remedy was sought. Consequently, the trial court could not have erred by not ordering a mistrial. See Barker v. State (1982), Ind., 440 N.E.2d 664, 669 (<HOLDING>). Finally, Sutton argues that she was entitled",213696,34616,2,case_hold_mc,holding that failure to request continuance waives complaint that state withheld exculpatory evidence in violation of brady,holding that trial judges admonition of the jury to disregard prosecutors comments on the defendants failure to testify did not cure the error,holding that failure to request an admonition waives any error resulting from a failure to admonish the jury,holding that failure to raise an issue in an opening brief waives that issue,holding that the failure to raise an issue in the opening brief waives the issue
256,"of crime is reasonable, the trial court “must consider the totality of the circumstances as viewed by an experienced police officer.” Dewberry v. State, 905 So.2d 963, 966 (Fla. 5th DCA 2005). A “mere ‘hunch’ that criminal activity may be occurring” is insufficient to constitute reasonable suspicion to justify stopping an individual. J.P. v. State, 855 So.2d 1262, 1264 (Fla. 4th DCA 2003). The officer stopping the individual “must articulate in particular and objective terms his reasonable suspicion of criminal activity.” Daniels v. State, 543 So.2d 363, 365 (Fla. 1st DCA 1989). Case law indicates that walking behind a closed business in the evening is insufficient to justify a reasonable suspicion of criminal activity. See, e.g., L.N.D. v. State, 884 So.2d 515, 515 (Fla. 2d DCA 2004) (<HOLDING>); Errickson v. State, 855 So.2d 700 (Fla. 4th",214550,34752,2,case_hold_mc,holding that the initial stop by officer was based on reasonable suspicion that defendant was impersonating a police officer although another officer arrested defendant for privacy act violation,holding an officer may order a passenger to get out of a car during a traffic stop and may frisk a passenger for weapons if the officer reasonably suspects the passenger is armed and dangerous,holding that the officer lacked reasonable suspicion to stop the car in which the defendant was a passenger when the officer saw the vehicle come out from behind a closed building at 330 am and the building had been recently burglarized,holding that the police officer had reasonable suspicion when he saw a vehicle moving with its lights off in the parking lot of a closed business in a rural area at 300 am,holding that a conclusion that reasonable suspicion supported the stop of a vehicle was subsumed within the trial courts ruling that the officer had probable cause for the stop
257,"WL 760811, at 4-6 (M.D.Tenn. Aug. 29, 1994), report and recommendation approved by, No. 1:93-0211, 1994 WL 761231 (M.D.Tenn. Oct. 31, 1994); Rodriguez v. U.S. Dep’t of Treasury, 131 F.R.D. 1, 7-9 (D.D.C.1990). In a perceived disability case, the issue of whether an employer regarded a job applicant as disabled within the meaning of the Act is a matter that the jury decides. See Cook v. State of R.I., Dep’t ofMHRH, 10 F.3d 17, 25 (1st Cir.1993). With regard to this question, a jury may conclude that an employer viewed a prospective employee as unable to perform a major life activity, namely working, if the former, in rejecting an applicant, betrays the belief that the individual’s impairment prevents her from performing a wide range of jobs. Id. at 26. See also Forrisi, 794 F.2d at 935 (<HOLDING>). In the present case, the plaintiffs are",215409,34889,0,case_hold_mc,holding that an employer regards an employee as handicapped in his or her ability to work by find ing the employees impairment to foreclose generally the type of employment involved,holding that when an employer takes steps to accommodate an employees restrictions it is not thereby conceding that the employee is disabled under the ada or that it regards the employee as disabled,holding that a plaintiffs ability to work is substantially limited when his impairment foreclosed him generally from obtaining jobs doing the type of work plaintiff has chosen as his field,holding an employee is an agent of his employer where the employer assumes the right to control time manner and method of work,holding that an employers awareness of an employees impairment without more is insufficient to demonstrate that the employer regarded the employee as disabled
258,"sale of Braniffs assets been approved, we concluded, “little would remain” in the estate and there would be “little prospect or occasion for further reorganization.” Id. The instant settlement is not a sub rosa reorganization of the type disapproved in Braniff It does not dispose of all claims against Cajun, nor does it restrict creditors’ right to vote as they deem fit on a proposed reorganization plan. Finally, the settlement does not dispose of virtually all of Cajun’s assets, leaving “little prospect or occasion for further reorganization.” Cf. Braniff 700 F.2d at 940. Instead it disposes of one particular “asset,” River Bend, which is not so much the crown jewel of Cajun’s estate but its white elephant. Cf. Richmond Leasing Co. v. Capital Bank, N.A., 762 F.2d 1303 (5th Cir.1985) (<HOLDING>). The removal of River Bend from the estate",216264,35034,1,case_hold_mc,recognizing that in some circumstances an afterthefact remedy under state law may be adequate,recognizing that the disposal of a crown jewel asset might in some circumstances amount to a sub rosa plan,holding that plan language giving plan administrator power to determine which employees are eligible to participate in the plan and providing all parties dealing with the plan an interpretation of plan provisions on request indicates deferential standard of review of trustee eligibility decisions,holding that a payment is under the plan when the debt is provided for in the plan,recognizing oklahomas policy of allowing regulation instead of competition in waste disposal services
259,"permanent residence”). This limitation on § 212(h) relief, therefore, does not apply to Gonzalez, who is not and has never been an LPR. See United States v. Arrieta, 224 F.3d 1076, 1080 n. 2 (9th Cir.2000) (noting that, the § 212(h) limitation on an alien convicted of an aggravated felony did not apply to someone who never was a lawful permanent resident). Our holding thus rests on Gonzalez’s failure to establish that § 1228 disrupted his settled expectations. Gonzalez was ineligible for § 212(h) relief when he was served with a Notice to Appear on December 8, 1997, because of the 1996 amendments to § 1228(b)(5). Therefore, Gonzalez’s argument that his waiver was invalid because he was not informed of his eligibility for relief necessarily fails. Cf. Ubaldo-Figueroa, 364 F.3d at 1051 (<HOLDING>). We therefore conclude that Gonzalez’s waiver",217120,35174,2,case_hold_mc,holding that there is no due process violation where the ijs finding was not arbitrary and the alien was not denied a full and fair opportunity to present his claims,holding that alien demonstrated deportation proceedings were fundamentally unfair when alien was deprived effective assistance of counsel,holding that the ijs failure to inform alien that he was eligible for relief from deportation constitutes a due process violation if alien establishes prejudice,holding that iirira and aedpa are not applicable to criminal alien who entered a guilty plea at a time when alien was eligible for  212c relief,holding that failure to advise an alien of possible forms of relief may violate due process
260,"does not follow through and terminate a subcontract following a declaration of default may elect to use form A312, which unlike form A311, expressly conditions a surety’s performance obligations on the termination of the subcontractor’s right to complete the contract. ABA, Bond Default Manual 185 (Ex. 5.4, ¶ 12.3) (Richard H. Wisner ed., 1987). ¶53 The L&A court is also incorrect in stating that a “clear rule” is necessary to save a surety from tort liability for interference with the principal’s business relationship. There is no basis for the court’s statement. Once a surety has notice of a potential claim, it is privileged to intervene and protect its interests without liability for tortious interference. Gerstner Elec., Inc. v. Am. Ins. Co., 520 F.2d 790, 794-95 (8th Cir. 1975) (<HOLDING>); Zoby v. Am. Fid. Co., 242 F.2d 76, 79 (4th",217979,35314,0,case_hold_mc,holding that a surety after becoming aware of a single claim for labor and materials by a subcontractor acted reasonably by directing the owner to withhold further payments from the contractor even though contractor had not been declared in default by the owner,holding that the owner could maintain a 93a claim against the subcontractor where there was a genuine issue of material fact as to whether the owner was the thirdparty beneficiary of the contract between the general contractor and the subcontractor,holding that where owner and contractor frequently discussed progress of construction project and advancement of money by owner to contractor and contractor misappropriated some of the money debt was not excepted from discharge under bankruptcy code  523a2 because owner did not show that contractor had intent not to perform when the agreement was made,holding that a provision making all payments to subcontractor by  contractor expressly contingent upon payment for the work by contractor from owner is a payifpaid clause under texas law,holding that where contract between contractor and subcontractor allowed subcontractor to recover if contractor recovered contractor was not barred from bringing suit on behalf of subcontractor
261,"are not limited to ""pecuniary emoluments."" Preda v. Nissho Iwai Am. Corp., 128 F.3d 789, 791 (2d Cir.1997) (citation and internal quotation marks omitted). The plaintiff was suspended for a week without pay. Thus, she lost wages. While a NOCO official testified that the plaintiff was reimbursed for her lost wages, the official admitted that 11 ceimbursement occurred ""some time later."" The plaintiff thus may have at least suffered the loss of the use of her wages for a time. This would be sufficient to support a jury's finding that she suffered an adverse employment action. The plaintiff has also presented sufficient facts to show a causal connection between her protected activity and the adverse employment action. ""The causal connection needed for proof of a retaliat 769 (2d Cir.1998) (<HOLDING>). NOCO asserts that the plaintiff was removed",218834,35454,2,case_hold_mc,holding that the passage of only twentyone days between the plaintiffs filing of an eeoc charge and his termination gave rise to an inference of a causal connection between the two events sufficient to establish a prima facie case of retaliation,holding that a prima facie case of retaliation requires a causal link between the employees protected activity and the employers adverse employment action,holding discharge less than two months after plaintiff filed a sexual harassment complaint with management and ten days after filing a complaint with state human rights office provided prima facie evidence of a causal connection between protected activity and retaliation,holding that sufficient evidence of causation existed where adverse employment action occurred less than two months after protected activity,holding that the employers discharge of the plaintiff four months after the plaintiff filed a discrimination claim is insufficient to establish a prima facie case of retaliatory discharge
262,"(daily ed. Feb. 17, 2005) (statement of Rep. Goodlatte) (“Since the legislation is not retroactive, it would have absolutely no effect on the 75 class actions already filed against Merck in the wake of the Vioxx withdrawal.”). The Pritchett court found that the legislative history of the act and public policy supported its determination that the filing a notice of removal does not commence a new action under CAFA. Athough parties have been unsuccessful in arguing that pending cases are “commenced” when they are removed to federal court, some courts have determined that certain amendments to complaints could cause a pre-CAFA case to fall within CAFA’s sphere. See Knudsen v. Liberty Mutual Ins. Co., 435 F.3d 755 (7th Cir.2006). But see Plubell v. Merck & Co., 434 F.3d 1070 (8th Cir.2006) (<HOLDING>). In Knudsen v. Liberty Mutual Ins. Co., 435",219693,35592,0,case_hold_mc,holding that amended pleading did not commence a new action for the purposes of cafa because the claims were exactly the same in both pleadings and the replacement representative was a member of the putative class in the original pleading,holding that the claims of the class representative and class members must be based on the same legal or remedial theory,holding that a district of columbia consumer protection statute that authorized representative actions and did not reference class action requirements or mandate class certification was a separate and distinct procedural vehicle from a class action and thus did not constitute a class action under cafa,holding that in class action the claim or defense of the representative party must be typical of the claim or defense of each member of the class,holding that the filing of a class action by a class representative without standing tolls the period of limitations with regard to all asserted members of the class and that the amendment of the complaint by the addition of a class member with standing relates back to the original complaint
263,"its enumerated provisions — does not undercut our application of Rodriguez-Lariz's and Arrozal’s logic to this case. The key word in both provisions is ""under” — here, whether the BIA’s denial of Medina-Morales' motion to reopen was under any of the provisions listed in § 1252(a)(2)(B)(i). 6 .In a letter filed pursuant to Federal Rule of Appellate Procedure 28(j) on the day of oral argument, the government argues for the first time that relief for Medina-Morales is foreclosed by 8 U.S.C. § 1229c(d), which subjects aliens to civil liability for failing timely to depart pursuant to a voluntary departure arrangement. We conclude that the government has waived this argument, see Confederated Tribes of Umatilla Indian Reservation v. Bonneville Power Admin., 342 F.3d 924, 933 (9th Cir.2003) (<HOLDING>), and also deny as moot Medina-Morales’ motion",220552,35733,3,case_hold_mc,holding that under the circumstances of that case an argument made for the first time in a motion for rehearing was waived,holding that we do not consider arguments raised for the first time in a reply brief,holding a party waives an argument made for the first time on reply,holding that we do not consider sierra clubs argument made for the first time in a fed rapp p 28j letter,holding that we do not address an argument raised for the first time in a litigants reply brief
264,"treats all persons convicted of a designated offense not as uniquely individual human beings, but as members of a faceless, undifferentiated mass to be subjected to the blind infliction of the penalty of death.”). Based on the above analysis, one can glean a clear dichotomy. First, under Supreme Court precedent, the Texas “special issues” sufficiently individualize capital sentencing hearings because the individuality of a defendant’s background is relevant to the jury’s consideration of the second special issue. However, under the Texas evidentiary scheme, a psychiatrist’s “scientific” testimony that a defendant will be a “future danger,” even if given without examining the defendant, and even if based solely on the crime a defendant has committed, 2658, 2670, 125 L.Ed.2d 290 (1993) (<HOLDING>). 4 . In Penry, the Supreme Court held the",221412,35868,4,case_hold_mc,holding that a capital defendant accused of an interracial crime is entitled to have prospective jurors informed of the race of the victim and questioned on the issue of racial bias,holding that the sentencing structure allowed the jury to give mitigating effect to petitioners prison record,holding that the trier of fact must be allowed to consider and give effect to all relevant mitigating evidence,holding that a sentencer may not refuse to consider as a matter of law any relevant mitigating evidence,holding that the second special issue allowed jurors to adequately consider the youth of an accused murderer as mitigating evidence
265,"manufacturers to install lap/shoulder belts and air bags and described federal safety standards as “minimum standards.” Appellants’ App. at 311, 585. We conclude that a letter from a single NHTSA administrator, written nine years before the version of FMVSS 208 at issue here, is not indicative of NHTSA’s regulatory scheme as that scheme is set forth in Geier and various regulations. We hold that the Rolands’ common law tort action is pre-empted on the narrow grounds that it conflicts with the deliberate and comprehensive regulatory scheme set forth in FMVSS 208. We do not join the above-cited courts in finding pre-emption based upon the broader grounds that any regulation which affords a choice to a manufacturer pre-empts the state action. See generally Rogers, 737 N.E.2d 1158 (<HOLDING>). II. The Rolands’ contend that the trial court",222267,35999,0,case_hold_mc,holding that state law product liability action was not preempted when manufacturer exercised a choice under fmvss 213,holding the state law claims were not preempted,holding that under new york law a manufacturer is not obligated to design a product that is impossible to abuse,holding that the plaintiffs state law claims are preempted by federal law,holding that common law misrepresentation claims were not preempted because they did not conflict with a fmvss
266,"of his wrongful conduct.” (citing U.S. Concrete Pipe Co. v. Bould, 437 So.2d 1061 (Fla. 1983))). But that is not what Ms. Herendeen seeks. She correctly observes that no public policy absolves Mandelbaum from the toll of the lawyers’ alleged malpractice. This makes sense. Punitive damages “operate as ‘private fines’ intended to punish the defendant and to deter future wrongdoing.” Engle v. Liggett Grp., Inc., 945 So.2d 1246, 1262 (Fla. 2006) (quoting Cooper Indus., Inc. v. Leatherman Tool Grp., Inc., 532 U.S. 424, 432, 121 S.Ct. 1678, 149 L.Ed.2d 674 (2001 , App. 1990) (same); Picadilly, Inc. v. Raikos, 555 N.E.2d 167, 169-70 (Ind. Ct. App. 1990) (same but client failed to prove essential elements of legal malpractice claim) (vacated on other grounds, 582 N.E.2d 338, 345 (Ind. 1991) (<HOLDING>)). If a lawyer is hired to represent someone in",223120,36135,3,case_hold_mc,holding that erisa does not preempt professional malpractice claims,holding that there would be no exception to american rule on attorney fees for legal malpractice claims,holding that plaintiffs could not sue attorneys for legal malpractice so long as underlying medical malpractice action out of which legal malpractice claim arose was still pending on appeal,holding that legal malpractice claims are not assignable,holding that a claim of legal malpractice under alabama law did not present a federal question
267,"of limitations did not expire because Count V implicitly alleged that Dunne caused PanWorld to submit the false statements to the SEC is unavailing. B. Continuing Offense Doctrine The government also argues that the making of a false statement under 18 U.S.C. § 1001 should be treated as a continuing offense and the statute of limitations should not begin running before the statement has the potential to deceive and the government could reasonably discover the crime. Therefore, the government argues the statute of limitations did not begin to run until the audit report certified by Dunne was submitted to the SEC. Because the government did not raise this argument in the district court, it is reviewed on appeal for plain error. Cf. United States v. Ivy, 83 F.3d 1266, 1297 (10th Cir.1996) (<HOLDING>). “ ‘Continuing offense’ is a term of art that",223979,36275,1,case_hold_mc,holding district courts adoption of the presentence report constitutes sufficient findings,holding that if the government fails to object to the presentence report the district courts reliance on the report is reviewed for plain error,holding that the district court committed plain error in relying solely on the factual description in the presentence report,holding defendants failure to object to the drug quantity assessment in the presentence report at sentencing was a waiver of the issue on appeal,holding that the information contained in a presentence report is reliable because it is based upon the presentence officers research of the records contact with relevant agencies and the gathering of information which is required to be included in a presentence report
268,"its discretion by providing a copy of the victim's videotaped interview to the jury, I generally concur with the majority's opinion. I write separately because I do not fully agree with the majority's broad approach, its criticisms, and suggestions. Trial courts have 1). While Montoya addressed Crim. P. 57(b)'s command to look to the rules of civil procedure when no rule of criminal procedure controls, and more specifically C.R.C.P. 47(m) (dealing with evidence juries may take into deliberations), it recognized that C.R.C.P. 47(m) did not address videotaped statements. 778 P.2d at 626. CRCP. 47(m) was later changed, but those later changes did not address videotaped statements. See People v. McKinney, 80 P.3d 823, 829 (Colo.App.2008), rev'd on other grounds, 99 P.3d 1038 (Colo.2004), (<HOLDING>). Though trial courts must look to the rules of",224840,36418,1,case_hold_mc,holding that statements made in the course of negotiation were not contracts and such statements were merged into the final written agreement,holding that permitting written statements into the jury room was not an abuse of discretion under the new crcp 47m,holding that the sixth amendment confrontation clause was not violated by the admission of hearsay statements under a georgia statute permitting an exception for statements by coconspirators where there was sufficient indicia of reliability supporting the truth of the statements,holding failure to exercise discretion is abuse of discretion,holding that the judges restriction of the class was not an abuse of discretion
269,"of the lower three-judge court’s finding of fact that the prosecutor’s bad faith was not established, the Supreme Court found it unnecessary to decide whether or not Section 2283 is a bar to pending state criminal prosecutions. To date, the Supreme Court has yet to explicitly interpret the extent of Section 2283’s bar to pending state criminal prosecutions. Several Circuits considering this question have split. Compare Baines v. City of Danville, 337 F.2d 579 (4th Cir.1964), cert, denied 381 U.S. 939, 85 S.Ct. 1772, 14 L.Ed.2d 702 (1965), and Goss v. Illinois, 312 F.2d 257 (7th Cir.1963) (specifically holding that Section 2283 bars enjoining pending state criminal proceedings), with Cooper v. Hutchinson, 184 F.2d 119 (3d Cir.1950), and Sheridan v. Garrison, 415 F.2d 699 (5th Cir.1969) (<HOLDING>). Plaintiff argues that Title 42, United States",225700,36552,0,case_hold_mc,holding that section 2283 is no bar,holding that the oneyear bar contained in  2255 acts as an affirmative defense and not a jurisdictional bar,holding state is required to raise procedural bar as affirmative defense or it is waived,holding that the district court  did not abuse its discretion in denying his petition for reinstatement where membership in good standing in the state bar was required before attorney could be admitted to the federal bar and applicant had not been readmitted to state bar,holding that section 4a12 is a broadly applicable section of the guidelines
270,"Cir.2003). When ruling on a motion to dismiss, we accept all factual allegations in the complaint as true and construe the pleadings in the light most favorable to the nonmoving party. Id. We review the district court’s interpretation of Montana law de novo. Marcy v. Delta Airlines, 166 F.3d 1279, 1282 (9th Cir.1999). In interpreting Montana law, we must follow the decisions of Montana’s highest court. See Olympic Sports Prods., Inc. v. Universal Athletic Sales Co., 760 F.2d 910, 912-13 (9th Cm. 1985). We review de novo the court’s ruling that the statement was not defamatory as a matter of law. Steam Press Holdings, Inc. v. Haw. Teamsters, Allied Workers Union Local 996, 302 F.3d 998, 1005 (9th Cir.2002). III. A. Montana Law Does Not Entitle the Knievels to a Jury Trial Th 4-95 (1982) (<HOLDING>); Griffin v. Opinion Publ’g Co., 114 Mont. 502,",226561,36687,4,case_hold_mc,holding that failure to instruct on an essential element was harmless error because the element was so clearly established,holding that it is well settled that there is no constitutional right to an appeal,holding that the nonmovant must make a showing sufficient to establish the existence of an element essential to that partys case,holding that causation is an essential element in failure to warn claim,holding that it is clearly settled that where there is a failure to establish an essential element of the defamation cause of action the case becomes one of law for the court
271,"state taxes on federal entities as insults to national sovereignty and impermissible burdens on federal operations”); see also United States v. New Mexico, 455 U.S. 720, 733, 102 S.Ct. 1373, 71 L.Ed.2d 580 (1982) (noting that “the Court has never questioned the propriety of absolute federal immunity from state taxation”); United States v. City of Columbia, 914 F.2d 151, 153 (8th Cir.1990) (“Unlike the states’ immunity from federal taxation, which is somewhat limited, the United States’ immunity from state taxation is a ‘blanket immunity.’ ”) (citation omitted). Notwithstanding the absolute prohibition on state taxation, the government may be charged for services rendered or for its use of state or local property. See, e.g., Packet Co. v. Keokuk, 95 U.S. 80, 85-86, 24 L.Ed. 377 (1877) (<HOLDING>); Cincinnati v. United States, 153 F.3d 1375,",227423,36832,0,case_hold_mc,holding that a charge for the use of a public wharf was a user fee rather than a tax for constitutional purposes,holding that public use of a beach was presumed to have originated by permission and to have continued as a license until some act  of the public or public official asserted the use to be exercised as a matter of right rather than privilege,holding that where a contract for legal services fails to expressly provide for the amount of the fee a reasonable fee is implied,holding that a deduction of a tribunal user fee from a settlement award is not a taking,holding that effect of suit rather than the purpose for which it was brought is controlling for purposes of the fifth factor
272,"requirement that a registrant intending to reside at a temporary residence for more than seven days report the name and address of such residence and the dates the lodging will be used, see Mich. Comp. Laws §§ 28.725(l)(e), .728(l)(e), does not, as Plaintiffs contend, make out-of-state travel impossible. It merely requires more advanced planning and less spontaneity on the part of a traveling registrant. In Moore, the Eleventh Circuit upheld the constitutionality of a similar temporary residency reporting provision in Florida’s sex offender registry statute, finding that any burden imposed on a registrant’s right to travel was not unreasonable in view of the state’s interest behind the requirement. See 410 F.3d at 1348-49; see also Doe v. Miller, 405 F.3d 700, 709-14 (8th Cir.2005) (<HOLDING>); Doe v. Nebraska, 734 F.Supp.2d 882, 929",228281,36966,1,case_hold_mc,holding that inperson reporting requirements in nebraska sex of fender registry statute did not create an actual barrier to travel,holding that inperson reporting requirements in iowa sex offender registry statute did not infringe on right to interstate travel,holding that age requirements under youthful offender statute did not implicate a fundamental right,holding that an individual who is required to register as a sex offender is not in custody,holding that sex offender registration statute did not infringe on the appellants fundamental right to marry and carry on relationships because it did not directly regulate the family relationship even though it had the result of preventing appellant from living with his mother or wife since they did not reside at a compliant address
273,"of the officers or others, and whether he is actively resisting arrest or attempting to evade arrest by flight.’ ” Jackson v. City of Bremerton, 268 F.3d 646, 652 (9th Cir.2001) (quoting Graham v. Connor, 490 U.S. 386, 396, 109 S.Ct. 1865, 104 L.Ed.2d 443 (1989)). In this case, the appellant alleges that the officers unreasonably pointed their weapons at her, handcuffed her roughly, smashed her arm on the desk, and refused to loosen tight handcuffs. Under some circumstances, this could be excessive force. Compare Robinson v. Solano County, 278 F.3d 1007 (9th Cir.2002) (pointing a gun at suspect’s head constituted unreasonable force when no exigent circumstances existed and the defendant was obviously not armed), with Jackson v. City of Bremerton, 268 F.3d 646, 651-53 (9th Cir.2001) (<HOLDING>). However, “[n]ot every push or shove, even if",229133,37099,1,case_hold_mc,holding that excessive force claims are not subject to exhaustion requirement,holding that rough handling under the exigent circumstances present was not excessive force,holding that inquiry as to whether officers are entitled to qualified immunity for use of excessive force is distinct from inquiry on the merits of the excessive force claim,holding that exhaustion requirement applies to excessive force claims,holding that excessive force claims are to be treated under the fourth amendment
274,"those amendments are not relevant to the issues presented by this appeal, we cite the current version of section 54.03. 2 . 963 S.W.2d 862, 864. 3 . Id. at 865-66. 4 . 988 S.W.2d 760 (Tex.1999). 5 . See Tex Fam.Code § 54.03(b). 6 . The Family Code provides: (b) At the beginning of the adjudication hearing, the juvenile court judge shall explain to the child and his parent, guardian, or guardian ad litem: (2) the nature and possible consequences of the proceedings, including the law relating to the admissibility of the record of a juvenile court adjudication in a criminal proceeding. Tex. Fam.Code § 54.03(b)(2). 7 . See In re M.A.F., 966 S.W.2d 448, 450 (Tex.1998); C.E.J. v. State, 788 S.W.2d 849, 852 (Tex.App.—Dallas 1990, writ denied). 8 . See Tex. Fam.Cod [1 st Dist.] 1994, no writ) (<HOLDING>); In re L.T., 848 S.W.2d 769, 772",229990,37236,1,case_hold_mc,holding that harmful error analysis does apply to defects in an explanation required by section 5403b,holding that harm analysis should not be conducted when none of the explanations required by section 5403b are given,holding that only the two statutorily required warnings should be given,holding that explanations of arbitration awards are not required,holding that former texrapp p 81b1 now texrapp p 441 did not apply when a trial court gave none of the required explanations
275,"Jr., on or about the 21st day of February, AD., 1993, and before the presentment of this indictment, in said County and State, did then and there intentionally and knowingly enter a habitation without the effective consent of Betty Ann Gardner, the owner, and therein attempted to commit and committed the felony of Aggravated Assault. The State notes the penal code defines aggravated assault as an assault whereby the assailant “eause[d] serious bodily injury” or “use[d] or exhibit[ed] a deadly weapon during the commission of the [offense].” Tex. Penal Code Ann. § 22.02(a)(1), (2) (Vernon 1994). The State further suggests it necessarily follows from the statutory definition that if appellant is charged with committing aggravated assault, he is implicitly charged wi —Waco 1993, no pet.) (<HOLDING>); Mixon v. State, 781 S.W.2d 345, 346 (Tex.",230837,37385,4,case_hold_mc,holding that indictment alleging defendant committed attempted murder by stabbing with a knife was proper notice of intent to seek deadly weapon finding,holding that indictment alleging serious bodily injury caused by motor vehicle colliding with a fixed object provides sufficient notice of states intent to seek deadly weapon finding,holding offense of carjacking while armed with a deadly weapon may be committed by holding the open blade of a pocket knife to the victims throat whether an object is a deadly weapon  ie whether it is likely to produce death or great bodily harm  is a factual question to be answered by the jury in each case,holding death caused by unknown object provides sufficient notice,holding an allegation that defendant caused death by cutting victims throat with sharp object was sufficient to give notice of states intent to seek deadly weapon finding
276,"line of cases beginning with Ex parte Presse, 554 So.2d 406 (Ala.1989), Alabama appellate courts have held that no one has standing to challenge a presumed father’s parentage “so long as the presumed father persists in maintaining his paternal status.” 554 So.2d at 418 (emphasis added). See B.N.P. v. D.M.P., 896 So.2d 505, 509 (Ala.Civ.App.2004) (stating that a child “does not have standing under the AUPA to challenge the presumed father’s paternity so long as [the presumed father] persists in claiming paternity”). See also J.O.J. v. R.R., 895 So.2d 336 (Ala.Civ.App.2004); M.H.E. v. B.E., 864 So.2d 351 (Ala.Civ.App.2002); Hooten v. Hooten, 754 So.2d 634, 635 (Ala.Civ.App.1999); and Ex parte C.A.P., 683 So.2d 1010, 1011 (Ala.1996). Cf. D.S.M. v. L.M., 854 So.2d 1140 (Ala.Civ.App.2002) (<HOLDING>). Steven, however, did not present the",231693,37520,1,case_hold_mc,holding that the presumption of legitimacy shifts the burden of persuasion to the putative father to establish that he did not father the child,holding that a child was not barred by a former statute of limitations applicable to actions to establish the existence of a father and child relationship when the current action was to establish the nonexistence of a father and child relationship and the presumed father no longer persisted in maintaining paternity,holding that the trial court had erred in imposing an obligation to pay child support when clear and convincing evidence established that the husband was not the father of the child,holding that woman was presumed mother under uniform parentage acts upa provision presuming paternity based upon receiving the child into ones home and holding out child as ones own where upa expressly provides that in determining the existence of a mother and child relationship insofar as practicable the provisions of this part applicable to the father and child relationship apply quotation and brackets omitted,holding that the natural father must have established a substantial relationship with the child to merit constitutional protection
277,"part, vacated in part, and remanded for further proceedings consistent with this opinion. 1 . This consent form pertained to Judge's masto-pexy surgery. On the same day, Judge signed a consent form for abdominoplasty surgery with functionally identical language: ""I consent to the photographing or televising of the operation(s) or procedure(s) to be performed, including appropriate portions of my body, for medical, scientific or educational purposes, provided my identity is not revealed by the pictures."" The parties make no distinction between the language used in each form. 2 . Judge eventually settled with the news organization and dismissed her claims against it. 3 . Judge has not challenged the district court's determination that a plainti Ill.Dec. 916, 554 N.E.2d 988, 994 (1990) (<HOLDING>) with West v. Media Gen. Convergence, Inc., 53",232544,37651,0,case_hold_mc,holding that a claim for falselight invasion of privacy  requires the pleading of special damages,holding that a false light claim requires pleading and proof of special damages,recognizing falselight invasion of privacy,holding that the fact that federal rule of civil procedure 9b requires a heightened pleading standard for some claims but not for a section 1983 claim against a municipality means that the rules do not require a heightened pleading standard for such a claim,holding that statute outlawing use of contraceptive devices was an unlawful invasion of the privacy of marital relationship
278,"to another.” Defendants argue that the only relevant transactions here were the defendants’ purchase of CDs with checks issued payable to them by the Puerto Rico lottery. We concede that such “transactions,” viewed in a vacuum, do not in and of themselves trigger a duty on the part of the bank to file CTRs. “Transaction,” however, is a “word of flexible meaning” which “may comprehend a series of many occurrences, depending not so much upon the immediateness of their connection as upon their logical relationship. ...” Moore v. New York Cotton Exchange, 270 U.S. 593, 610, 46 S.Ct. 367, 371, 70 L.Ed. 750 (1926). Hence, just as courts have refused to view “broken up” cash transactions of less than $10,000 occurring at the same bank on the same day in a vacuum, see, e.g., Giancola, supra (<HOLDING>), accord, United States v. Puerto, supra;",233402,37783,1,case_hold_mc,holding that payment must be intended as wages and be substantial consideration such that a reasonable person would be induced to give up the right to bring a tort claim against the employer,holding that such broken up transactions must be aggregated into one,holding that policies must be aggregated to determine underinsured status,holding that plaintiff must present such evidence,holding impermissible practice of taking partial verdicts from deadlocked juries when single charge is broken down into lesser charges because it would constitute an unwarranted and unwise intrusion into the province of the jury
279,"to stop writing or otherwise threatened him with punitive action if he continued to write her. Also, although we find that contact between Appellant’s sister and Mother to be of marginal relevance, we note that Mother indicated that his sister had not phoned her since 2012, and Mother has had the same phone number since that time. [22] Based upon the record before us there was clear and convincing evidence before the trial court that while E.A. was “in the custody of another person [and] for a period of at least one (1) year [Appellant] ... fail[ed] without justifiable cause to communicate significantly with [E.A.] when able to do so.” Ind.Code § 31-19-9-8(a)(2)(A). Appellant’s consent to the adoption of E.A. was therefore not required. See In re Adoption of O.R., 16 N.E.3d at 973-975 (<HOLDING>). Conclusion [23] For the foregoing reasons, we",234255,37927,1,case_hold_mc,holding that trial court need not appoint an interpreter where counsel indicated that he could communicate with defendant and that defendant could understand questions and answers,holding that the natural father who was incarcerated failed without justifiable cause to communicate significantly with his daughter and noting that he called his daughter once and that he did not attempt mail communication with her despite his awareness that the adoptive parents were represented by counsel and therefore he could have initiated contact through their counsel or the court to communicate with her,holding there was enough evidence to find the defendant abandoned his child when he claimed to have knowledge of cpss involvement he admitted that for periods of two years and six months he did not attempt any contact with his child and from the date he canceled a home study until the petition was filed he did not attempt to contact the child or cps or provide support even when he was out of jail,holding that a defendant forfeited his right to counsel when he verbally abused and refused to communicate with a succession of attorneys,holding that trial court properly terminated fathers obligation to support his seventeenyearold daughter who refused to live with father but instead chose to reside in her own apartment after her mother moved out of state where daughter offered no justifiable reason for not living with her father daughter only contended that her stepmother was too neat for her and that she wanted to live closer to her friends
280,"No. 37 at 3-5); • Cancellations of missed meal breaks by employees are not common because it is HCR’s policy that if the employee gets even a short break to eat, then that employee was considered to have a meal break; employees are also regularly not compensated for interrupted meal breaks (Creely Doc. No. 36 at 5); The case law regarding the weight this Court should attribute to Plaintiffs’ declarations in support of their claims is, at best, mixed. On one hand, some courts have held such declarations, in which the named plaintiffs witnessed or believed other employees worked through their meal breaks without receiving compensation, do not help meet the burden of showing a class of similarly situated employees exists. Landsberg v. Acton Enters., 2006 WL 3742221, at *3 (S.D.Ohio 2006) (<HOLDING>). On the other hand, other courts have held",235116,38070,1,case_hold_mc,holding that mere conjecture or speculation is insufficient under a preponderance standard,holding that speculation that other employees working under other supervisors were not properly paid is insufficient to justify notice to the class,holding that mere speculation is insufficient to support a jury verdict,holding speculation insufficient to avoid summary judgment,holding that notice of judgment was insufficient
281,"remains in the dark about the affairs of the corporation and the actions of its directors and officers. The type of information withheld varies with the squeeze techniques being employed, but most commonly concerns the value of the enterprise and of an interest in it, the corporation’s prospects for profitable operations in the future, the controlling shareholders’ plans for the business, and any plans they may have for disposing of their interests in it. Since the public reporting and disclosure requirements of the federal securities law do not apply to close corporations, shareholders in a close corporation do not have access to sources of information available to securities holders in a public-issue corporation.” O’Neal, 35 Clev. St. L. Rev. at 130. See also, Leech, 762 A.2d at 720 (<HOLDING>); Miller, Note, 12 J.L. & Com. at 81 (arguing",235973,38212,0,case_hold_mc,holding that in certain situations it is oppressive for majority shareholders to parse out the information or documents that the duly elected and constituted secretarytreasurer has access to,recognizing common law right of access to judicial documents,holding that the right of access to government information or sources of information within the governments control is not mandated by the first or fourteenth amendments,holding actual possession of or access to information by the irs is not an absolute bar to enforcement of a summons for that information,holding that the press has standing to intervene where not otherwise a party to petition for access to court documents and records
282,"Inc., 384 So.2d 1253, 1254 (Fla. 1980) (""[W]here the term of employment is discretionary with either party or indefinite, then either party for any reason may terminate it at any time and no action may be maintained for breach of the employment contract.”) (quoting DeMarco v. Publix Super Markets, Inc., 360 So.2d 134, 136 (Fla. 3d DCA 1978)). 7 . See, e.g., Florida Birth-Related Neurological Injury Compensation Ass’n v. Florida Div. of Admin. Hearings, 686 So.2d 1349, 1354 (Fla. 1997). 8 . See Blumetti v. Unemployment Appeals Comm'n, 675 So.2d 689, 690 (Fla. 5th DCA 1996) (""[T]he employer in such cases must establish ... that the former employee's tardiness was in excusable ....”) (emphasis added). 9 . See Blumetti v. Unemployment Appeals Comm’n, 675 So.2d 689 (Fla. 5th DCA 1996) (<HOLDING>). 10 . See generally § 443.021, Fla. Slat.",236832,38351,2,case_hold_mc,holding that this line of cases was not on point and that no error was apparent on the face of the record due to lack of reporters record from defaultjudgment hearing because the judgment reflected that it was based only on the pleadings and affidavits that were in the record,holding that error in taking judicial notice of a prior ease was harmless where the entire record of the prior case although not introduced into evidence was made part of the record on appeal and no prejudice was shown,holding that disqualification cannot be based on blumettis prior record of misconduct if the precipitating act was excusable,holding that supervisory liability under  1983 must be based on active unconstitutional behavior and cannot be based upon a mere failure to act internal quotation marks omitted,holding that evidence not submitted to the district court cannot be part of the record on appeal
283,"by the litigation.” Id. RCG can certainly demonstrate that its position was improved by the litigation given that it recovered 72% of the amount sought. 65 Under MCR 3.602(1), “[a] party may move for confirmation of an arbitration award within one year after the award was rendered.” “Confirmation is a summary proceeding where the court merely converts an arbitration award into a final judgment.” 6 CJS, Arbitration, § 181, p 248 (2004). A party may seek confirmation for various reasons. For instance, a party may initiate confirmation proceedings if it desires that an official record of the confirmation and judgment be made. See 6 CJS, Arbitration, § 178, pp 244-246 (2004). 66 See MCR 3.602(M). 67 See, e.g., Henderson v Summerville Ford-Mercury Inc, 406 SC 440, 454; 748 SE2d 221 (2013) (<HOLDING>); Drummond v State Farm Mut Auto Ins Co, 280",237683,38491,3,case_hold_mc,holding that confirmation was mandatory regardless of payment unless the award is modified vacated or corrected,holding that a request made within 180 days of a modified confirmation order  entered three months after the original confirmation order  but more than 180 days after the original confirmation order was timebarred,holding it is the payment and not the request which triggers the statute,holding that payment does not moot a confirmation request,holding that a trial court may deny a confirmation motion when satisfaction has rendered the controversy moot
284,"F.2d at 797. We have also held, however, that an appellant’s failure to obtain a stay before appealing a bankruptcy court’s award of fees does not necessarily render the appeal equitably moot. See In re Cascade Roads, Inc., 34 F.3d 756 (9th Cir.1994); In re Spirtos, 992 F.2d 1004 (9th Cir.1993); In re International Envtl. Dynamics, Inc., 718 F.2d 322 (9th Cir.1983). In International Environmental Dynamics, even though the appellant failed to obtain a stay before appealing the bankruptcy court’s order granting the debtor’s counsel attorney fees, we held that the appeal was not equitably moot because the counsel was a party before the bankruptcy court and knew the appellant contested the fee award. See International Envtl. Dynamics, 718 F.2d at 326; see also Cascade Roads, 34 F.3d at 761 (<HOLDING>); Spirtos, 992 F.2d at 1006-07 (same). In re",238540,38633,3,case_hold_mc,holding that even though the appeal was not moot because effective relief was possible it was inequitable to require that the debtors counsel disgorge fees and costs awarded by the bankruptcy court,holding that consideration of a moot case was not required when there was no award of attorneys fees that would be affected by appellate review and the issue has not been preserved for appeal,holding that an assignment was recognized by the government because the government issued a check made payable to the assignee as payment under the contract,holding that an appeal was not equitably moot because the person who was issued the money was a party and was aware when the payment was made that the award would be appealed,holding that a challenge to the disbursement of attorneys fees was not equitably moot
285,"determine whether a red light violation has occurred, and the evidence reflects that the TIEOs determine that no probable cause exists for approximately fifty percent of the events placed into the working queue. See Jimenez, _ So.3d at _, 41 Fla. L. Weekly at D1757 (observing that the TIEOs “do not ‘merely acquiesce[] in the vendor’s decision to issue a citation’ .... [when] only between sixty-five percent (65%) and seventy percent (70%) are approved as a violation” (first alteration in original) (quoting Arem, 154 So.3d at 365)). Because the TIEO makes the determination about whether probable cause for a violation exists and whether to issue a notice of violation, no unauthorized delegation of police power has occurred. See State v. State Road Dep’t., 173 So.2d 693, 696 (Fla. 1965) (<HOLDING>); Cty. Collection Servs. Inc. v. Charnock, 789",239399,38773,4,case_hold_mc,holding that the district court was authorized to remand the proceedings to the board where the board failed to make required findings,holding that a municipal ordinance creating a sanitary board and authorizing this board to contract for the construction of a sewage system is within the police power of the state,holding that an appeal to an agency review board would be futile because the board lacked authority to invalidate ordinance as requested,holding that taxpayer could not have presented substantive due process claim to the board of assessment review because of the limited jurisdiction of that board,holding that an act creating a board of highway secondary funds trustees to review applications by counties for the financing of road projects and to make recommendations to the road department did not create an unlawful delegation of power because the board acted only in an advisory capacity
286,"of a blow to his head. Just before he passed out, someone grabbed his arm and tried to slash his wrist. Claudia Plesea testified that she found her husband in a ditch covered in blood. Viorel Plesea te nt detention and beating of Plesea also demonstrate that the government was unwilling to control the elements of Romanian society that were intolerant of Plesea and his religious beliefs. See Singh v. INS, 94 F.3d 1353, 1360 (9th Cir.1996). Thus, we must reverse the BIA’s finding regarding persecution for the reasons explained above and remand for further proceedings. We also reverse the BIA’s finding that Plesea firmly resettled in Italy, because the government adduced no evidence of Plesea’s right to stay in Italy. See Maharaj v. Gonzales, 450 F.3d 961, 976 (9th Cir .2006) (en bane) (<HOLDING>). We express no opinion as to whether the BIA",240257,38911,1,case_hold_mc,holding that under the regulations the ins bears the initial burden of producing evidence that indicates that the firm resettlement bar applies and should the ins satisfy this threshold burden of production both the burden of production and the risk of nonpersuasion then shift to the applicant to demonstrate by a preponderance of the evidence that he or she had not firmly resettled in another country,holding that the government bears the initial burden of producing evidence that a third country offered the applicant some type of permanent resettlement or evidence a third country officially sanctioned the aliens indefinite presence,holding that once the government presents some evidence indicating that asylum is unavailable on the grounds of firm resettlement the petitioner bears the burden of proving that such ground does not apply,holding that for purposes of claim 4 another country means a country other than the first and second country explicitly rejecting tpllcs proposed construction,holding that the state department country report constituted substantial evidence to support the agencys finding of changed country conditions in guatemala
287,"analysis in Lara to this case because, in Lara, the officers conducted the protective sweep after finding and arresting the defendant inside the house while investigating a violent crime that “had just occurred” inside of the house. Id. at 511, 514, 797 P.2d at 300, 303. {26} In contrast to the facts in Lara, the agents here were not investigating a violent crime that “had just occurred” inside the house or even within New Mexico. Instead, they were merely serving an arrest warrant for a crime that had taken place in Mississippi at some unspecified point in the past. In any event, Lara does not compel a conclusion that a protective sweep is justified based on the serious nature of the crime being investigated. See, e.g., United States v. Hogan, 38 F.3d 1148, 1149-50 (10th Cir. 1994) (<HOLDING>). {27} The State also relies on a number of",241114,39056,0,case_hold_mc,holding that the protective sweep incident to the defendants arrest in front of his house on suspicion of murder was not justified because the evidence that an accomplice was involved in the murder did not equate to evidence that someone would be hiding out in the defendants house a month after the crime occurred and at the time of the arrest the officers were not chasing the defendant from a crime scene,holding that the officers were justified in conducting a protective sweep incident to the defendants arrest on outstanding warrants because the officers had information that the defendant was suspected of running a methamphetamine operation on the premises other people were living there and assisting the defendant and at the time the sweep began the defendant had not yet been located,holding that protective sweep was justified incident to arrest outside residence where officers had reasonable suspicion that dangerous individuals were in apartment,recognizing that the justification for a protective sweep of even a few minutes would be questionable in light of the officers concession that after arresting the defendant in front of his house the officer could have just put the defendant in the car and driven away,holding that officers were not justified in conducting a protective sweep incident to the defendants arrest despite the defendants alleged involvement with narcotics and possession of weapons because the defendant did not resist and there was no noise or other evidence suggesting anyone else was present in the house
288,"of Coxson, 43 F.3d 189, 194 (5th Cir.1995). The plaintiff in Coxson obtained a loan by executing a deed of trust on his property, defaulted on his mortgage payments, and filed for bankruptcy. Id. The bankruptcy court entered an agreed order that conditioned the automatic stay on the debtor’s timely mortgage payments. A few months after the order was entered, the defendants sent Coxson notice that he was in default and moved to foreclose. In response to the defendants’ foreclosure efforts, Coxson filed an adversary proceeding in the bankruptcy court, claiming that the loan documents violated the TILA. The court held that Coxson’s acts were defensive because they were in response to the defendants’ proof of claim filed in the bankruptcy court. Id. (citing In re Jones, 122 B.R. at 249) (<HOLDING>). “[T]he filing of a proof of claim, by its",241969,39204,3,case_hold_mc,holding that debtors allegation that mortgage holder failed to provide him with the statutorily required notice of foreclosure was sufficient to state a claim for wrongful foreclosure,holding impairment of secured creditors foreclosure remedy permissible,holding that 24 foreclosure was substantial under the facts of that case,holding that the recoupment claim was raised defensively in response to the creditors foreclosure efforts,holding that a failure to comply with the foreclosure statutes invalidates a foreclosure sale
289,"particular locality. Thus, DNX’s website does not justify the assertion of personal jurisdiction over the company on AAMG’s claims. Nor does the fact that plaintiff AAMG is located in Norfolk, Virginia, and therefore that the harmful effect of DNX’s alleged conduct will be felt in Virginia provide a valid basis for the assertion of personal jurisdiction in the absence of additional, purposefully directed activity. “Although the place that the plaintiff feels the alleged injury is plainly relevant to the inquiry, it must ultimately be accompanied by the defendant’s own contacts with the state if jurisdiction over the defendant is to be upheld.” ESAB Group, Inc. v. Centricut, Inc., 126 F.3d 617, 626 (4th Cir.1997); see also Young v. New Haven Advocate, 315 F.3d 256, 262-63 (4th Cir.2002) (<HOLDING>). Instead, the defendant’s activities which",242824,39346,2,case_hold_mc,holding that court did not have personal jurisdiction over nonresident defendant because plaintiff failed to show that defendant was assignee of assignor over whom court had personal jurisdiction,holding that a principal did not impinge students first amendment rights by censoring articles in a high school newspaper,holding that the posting of allegedly libelous articles about a virginian on a connecticut newspapers website did not warrant the imposition of personal jurisdiction in virginia over the newspaper,holding interactive website did not create general jurisdiction,holding californias courts had personal jurisdiction over nonresident defendants from florida because california was the focal point of both the libelous newspaper article written by defendants and the harm suffered by the plaintiff
290,"in tax legislation.” (City of Berkeley v. Cukierman, supra, 14 Cal.App.4th at p. 1344; Carmichael v. Southern Coal & Coke Co., supra, 301 U.S. 495, 509 [57 S.Ct. 868, 872]; Cohan v. Alvord, supra, 162 Cal.App.3d at p. 184; Henry’s Restaurants of Pomona, Inc. v. State Bd. of Equalization (1973) 30 Cal.App.3d 1009, 1016 [106 Cal.Rptr. 867].) Inequalities, which arise from the singling out of one particular class for taxation or exemption, infringe no constitutional limitation. (Carmichael, supra, 301 U.S. at p. 509 [57 S.Ct. at p. 872].) Differing tax rates may be imposed upon different classes provided the classification created is reasonable. (See United Business Com. v. City of San Diego (1979) 91 Cal.App.3d 156, 178 [154 Cal.Rptr. 263].) Further, n Cal.App.3d 351 [245 Cal.Rptr. 916] (<HOLDING>). 4 Dr. David Bums, a University of California",243682,39480,2,case_hold_mc,holding that postverdict interest is a cost of defense under the terms of an insurance contract similarly worded to the contracts in the instant litigation,holding that the plaintiff has established temporal proximity when the plaintiff engaged in protected activity on june 23 1988 and the defendant terminated the plaintiff on august 1 1988,holding a proposed ballot initiative the insurance cost control initiative of 1988 violated the singlesubject rule,holding that insurance company operating under a reservation of rights had the right and the duty to control the defense until such time as it was determined that it had no liability insurance coverage,holding that under  1988 consideration of the results obtained relative to the relief requested is required
291,"PHEAA/ ECMC, in its capacity as third-party guarantor, has no interest under the Note between Alfes and SunTrust, ie., PHEAA did not have, and could not assign to ECMC, the right to defend the Note. Rather, Alfes contends, ECMC may only assert claims for reimbursement, restitution, and subrogation, which do not arise under the Note. Alfes’s argument fails to recognize the independent rights a guarantor may assert under bankruptcy law. It is well-settled that when a debtor successfully obtains a discharge through bankruptcy, the guarantor holds a “claim against the debtor, and as such, [is considered] a creditor” for the purposes of bankruptcy proceedings. United States v. Erkard, 200 B.R. 152, 154 (N.D.Ohio 1996). See also In re H & S Tramp. Co., 939 F.2d 355, 359 (6th Cir.1991) (<HOLDING>); 5-547 Collier on Bankruptcy ¶ 547.03 (“The",244542,39617,1,case_hold_mc,holding that as a general rule  affirmative action by the creditor must be taken to make it known to the debtor that the creditor has exercised his option to accelerate,holding that the guarantor of debtors loan is a creditor by virtue of his right to reimbursement from debtor,holding that a creditor could not set off a debt owed on a loan that he took out a month before the bankruptcy against the value he paid for investment certificates from the debtorbank a year earlier in order to improve his position as a creditor based on the timing of the loan,holding that a creditor violated  362a by making repayment or reaffirmation of an unsecured loan a condition for permitting the debtor to reaffirm a secured loan but offering no rationale to support the conclusion,holding that a debtors  522d1 exemption was invalid when the debtor exempted proceeds from the prepetition sale of the debtors marital home which were paid to a judgment creditor with an attachment on the debtors interest in the home
292,"businesses. New studies and independent evidence are not needed so long as the evidence relied upon is reasonably believed to be relevant to the problem sought to be addressed. See City of Renton v. Playtime Theatres, Inc., 475 U.S. 41, 51-52, 106 S.Ct. 925, 89 L.Ed.2d 29 (1986). In this regard, in drafting, proposing, and passing Senate Bill 870, State Senator Matt Bartle relied upon the experiences of other jurisdictions including New Jersey, Minnesota, California, and St. Louis, Missouri. The governmental interest and public policy issues set forth under § 226.531.5, RSMo 2000 are well established in case law of these jurisdictions. See e.g., Hamilton Amusement Center v. Verniero, 156 N.J. 254, 716 A.2d 1137 (1998), cert. denied 527 U.S. 1021, 119 S.Ct. 2365, 144 L.Ed.2d 770 (1999) (<HOLDING>); Id. at 1145; Excalibur Group, Inc. v. City of",245394,39755,4,case_hold_mc,holding that the order of the juvenile court authorizing the filing of a delinquency petition is one of the essential documents needed when considering a challenge to juvenile jurisdiction,holding juvenile court under statutes then in effect could not acquire jurisdiction in delinquency proceeding in the absence of a delinquency petition filed by the probation officer under an order of the court authorizing the same,holding unconstitutional the statute defining the crime of contributing to the delinquency of a minor,holding that proceeds means profits only when imposing a money laundering count leads to a radical increase in the statutory maximum sentence and only when nothing in the legislative history suggests that congress intended such an increase,holding that there is a material consensus regarding the secondary effects of sexually oriented businesses which include that such businesses promote juvenile delinquency contribute to an overall increase in crime create an environment that leads to the general deterioration of neighborhoods and lower property values
293,"elapsed. Id. The owners complied with the order. Sometime thereafter, the district court dismissed the action. On appeal, the First Circuit concluded that the district court had provided all of the redress to which the organization was entitled by entering the restraining order. Id. at 9. With regards to the claims against the owners, the Court of Appeals concluded that the plaintiffs lacked standing since the restraining order provided plaintiffs all the relief to which they were entitled, ie., precluding eviction until one year after the notice. Thus, the First Circuit held that an owner can decide not to renew a project-based HAP contract so long as the tenants are given the proper one-year notice. See also Owens v. Charleston Housing Authority, 336 F.Supp.2d 934, 943 (E.D.Mo.2004) (<HOLDING>). Like in PEH, Plaintiffs here effectively have",246255,39894,1,case_hold_mc,holding that the current property owner may not assert a public nuisance claim against the former owner,holding that the decision whether to renew a hap rests entirely with the owner and that an owner has no legal obligation to renew,holding that this court lacked jurisdiction to review the faas decision to not renew a pilot examiner designation,holding that the faas decision not to renew an aircraft examiners authority is nonreviewable,holding stock dividend payable to actual owner not owner of record
294,"records and Suntharalinkam’s testimony, or whether there is a reasonable explanation to reconcile the two had the IJ simply adhered to his obligation to inquire into such an explanation, we will not uphold an adverse credibility finding. Contrary to the government’s argument, putting Suntharalinkam on notice that his credibility generally was left open to question is not sufficient. The IJ is required to give the petitioner the opportunity to explain specific perceived discrepancies. Otherwise, the IJ is free to base an adverse credibility finding on disparities that, if given an opportunity, could be explained credibly by the petitioner, and we are left to speculate as to whether there is some rational explanation for the discrepancy the IJ thinks he sees. See Chen, 362 F.3d at 618 (<HOLDING>). Singh v. Ashcroft, 367. F.3d 1139, 1143 (9th",247116,40030,4,case_hold_mc,holding tenyearolds unequivocal testimony about her father touching her was sufficient to convict him for seconddegree criminal sexual conduct despite his claim that the story was fabricated,holding that procedural due process requires that a student suspended for disciplinary reasons be given oral or written notice of the charges against her and if she denies them an explanation of the evidence the authorities have and an opportunity to present her side of the story,holding that plaintiffs evidence showing that defendant refused to allow her to work as flight attendant because of her weight failed to demonstrate that defendant perceived her as substantially limited in any major life activity,holding that the ij erred by failing to consider an explanation offered by the petitioner for her brothers failure to appear and testify on her behalf,holding that because petitioner was denied a reasonable opportunity to explain what the ij perceived as an inconsistency in her testimonythe ijs doubt about the veracity of her story  cannot serve as a basis for the denial of asylum
295,"and that ""[i]t shall be unlawful for any employer to discharge or in any other manner discriminate against any individual for opposing any practice made unlawful by this subchapter,” 29 U.S.C. § 2615(a)(2). 21 . Even if we considered Plaintiff complaints that the Defendant considered her absences in her performance evaluations, her claim fails inasmuch as we have already held that Plaintiff’s negative performance evaluations and warnings do not constitute adverse employment actions. Castro was allowed to take several medical leaves, some lasting as long as six months, and upon return, was assigned to the same position, with the same responsibilities, salary and benefits. See also Abrahamson v. Sandoz, Inc., Civil Action No. 06-cv-0063 6-WYD-M JW, 2008 WL 906124 (D.Colo. March 31, 2008) (<HOLDING>); Robinson v. Fulton County, Ga., Civil Action",247974,40166,4,case_hold_mc,holding that termination is an adverse employment action,holding that conduct causing public humiliation was not an actionable adverse employment action because public perceptions were not a term or condition of employment of the plaintiffs employment,holding a transfer or reassignment may rise to the level of an adverse employment condition if it is a significant change in working conditions,holding a mere warning that termination is possible does not per se constitute adverse employment action,holding that a written warning may be an adverse employment action for purposes of a fmla claim only if it effects a significant change in the plaintiffs employment status
296,"by convincing evidence that a state court’s factual determinations were erroneous. See 28 U.S.C.A. § 2254(d) (pre-AEDPA); see also Sumner, 449 U.S. at 550, 101 S.Ct. at 770-71. We now address each of Howard’s claims in turn. A. First, Howard, who is black, argues that the. prosecutor’s use of peremptory strikes to exclude black venirepersons from the jury violated Batson v. Kentucky, 476 U.S. 79, 106 S.Ct. 1712, 90 L.Ed.2d 69 (1986). We conclude, however, that Howard has failed to rebut by clear and convincing evidence the trial court’s finding, affirmed by the South Carolina Supreme Court, that the challenges were not exercised for racially discriminatory reasons. See Hernandez v. New York, 500 U.S. 352, 364, 111 S.Ct. 1859, 1868-69, 114 L.Ed.2d 395 (1991) (plurality opinion) (<HOLDING>); see also id. at 369, 111 S.Ct. at 1871-72",248835,40298,2,case_hold_mc,recognizing the rock solid basis for such a deferential standard of review,holding that the standard of review for an award of statutory damages is even more deferential than an abuse of discretion standard,holding that the intent to discriminate under batson is a pure issue of fact subject to review under a deferential standard,holding that regardless of the parties agreement to the contrary district courts must review an arbitrators findings of fact and conclusions of law under the highly deferential standard set forth in 9 usc  10a,holding that the finding of intent to discriminate is a factual determination subject to the clearly erroneous standard of review
297,"that governs the agreement to determine whether the parties agreed to arbitrate the dispute in question. Id. at 419. Both parties acknowledge that this means Mississippi state law applies here. A. WMAS first argues that the arbitration agreement at issue should be interpreted to allow arbitration to proceed in any arbitration forum, including but not limited to the NASD. We have found no Mississippi case that interprets language like that presented in the agreement at issue. However, several federal circuit courts have indicated that clauses — like the one at issue here — providing for arbitration “in accordance with” a particular set of rules should be interpreted as forum selection clauses. See, e.g., In re Salomon Inc. S’holders’ Derivative Litig., 68 F.3d 554, 558 (2d Cir.1995) (<HOLDING>); PaineWebber Inc. v. Rutherford, 903 F.2d 106,",249684,40435,3,case_hold_mc,holding that where an arbitration agreement between an employer and employee does not specifically provide for the handling of arbitration costs california courts should interpret the arbitration agreement  as providing  that the employer must bear the arbitration forum costs,holding that an arbitration in accordance with aaa rules is a binding arbitration,holding that plaintiff cannot be forced to submit to an arbitration process that imposes costs that render the arbitral forum less accessible than a judicial forum that the arbitrator is obligated to allocate costs and fees in accordance with the law and that therefore plaintiff bears no risk by proceeding to arbitration,holding that language agreeing to arbitration in accordance with the nyse constitution and rules limited the forum of arbitration to the nyse,holding membership in new york stock exchange with concomitant obligation to be bound by arbitration provisions of its constitution and rules sufficient to constitute consent to arbitration of covered disputes whether or not arbitration provisions are specifically incorporated in contract
298,"one under Title VII, requires a showing that: (1) the employee is a qualified individual with a disability under the ADA; (2) he or she was subject to unwelcome harassment; (3) the harassment was based on his or her disability; (4) the harassment was sufficiently severe or pervasive to alter the conditions of his or her employment and to create an abusive working environment; and (5) that the employer knew or should have known of the harassment and failed to take prompt and effective remedial action. See Harris v. Forklift Sys., Inc., 510 U.S. 17, 21, 114 S.Ct. 367, 126 L.Ed.2d 295 (1993); McConathy v. Dr. Pepper/Seven Up Corp., 131 F.3d 558, 563 (5th Cir.1998). To prove an “abusive work environment,” the plaintif ok County, No. 96 C 1113, 1997 WL 370199 at *9 (N.D.Ill. June 27, 1997) (<HOLDING>). Nevertheless, Kwiatek maintains that he was",250542,40570,3,case_hold_mc,holding that the employers willingness to accommodate the employee undercut the employees claim of constructive discharge,holding that although the plaintiff has suffered no adverse employment action she may still raise a claim of discrimination based on the alleged failure reasonably to accommodate her disability,holding that five weeks between protected activity and adverse employment action insufficient to establish a causal connection,holding employers initial refusal to accommodate employees medical restrictions insufficient to establish adverse employment action,holding that termination is an adverse employment action
299,"mere existence of a proscriptive statute nor a generalized threat of prosecution satisfies the ‘case or controversy’ requirement.” Thomas v. Anchorage Equal Rights Comm’n, 220 F.3d 1134, 1139 (9th Cir.2000) (en banc). Rather, a plaintiff must face a “genuine threat of prosecution.” Id. In evaluating the genuineness of a claimed threat of prosecution, courts examine three factors: (1) “whether the plaintiffs have articulated a ‘concrete plan’ to violate the law in question,” (2) “whether the prosecuting authorities have communicated a specific warning or threat to initiate proceedings,” and (3) “the history of past prosecution or enforcement under the challenged statute.” Id.; see also Babbitt v. United Farm Workers Nat’l Union, 442 U.S. 289, 298, 99 S.Ct. 2301, 60 L.Ed.2d 895 (1979) (<HOLDING>) (citation and alterations omitted). Applying",251401,40716,0,case_hold_mc,holding that when contesting the constitutionality of a criminal statute it is not necessary that the plaintiff first expose himself to actual arrest or prosecution to be entitled to challenge the statute that he claims deters the exercise of his constitutional rights,holding constitutional challenge to void statute may be raised for first time on appeal,holding that the failure to file a proper motion to dismiss raising a constitutional challenge to a criminal statute waives the issue on appeal,holding that the title of the statute did not limit the reach of the statute,holding that a constitutional challenge to a statute is not properly preserved for appellate review if as here it is not presented to the trial court and is raised for the first time on appeal
300,"against Faret-ta and remanded for further proceedings. The rationale underlying the Faret-ta decision is that the defendant has a constitutional right to conduct his own defense without the benefit of counsel. Id. at 814, 95 S.Ct. 2525. This right includes “the calling and interrogation of favorable witnesses, the cross-examination of adverse witnesses, and the orderly introduction of evidence.” Id. at 818, 95 S.Ct. 2525. If a trial court improperly denies a defendant these rights, the only proper remedy is to have a new proceeding at which the defendant is permitted to exercise them. This necessarily requires a proceeding at which the defendant pro se can call and interrogate witnesses, cross-examine unfavorable witnesses, and introduce evidence. See, e.g., Tennis, 997 So.2d at 379-80 (<HOLDING>); Fleck v. State, 956 So.2d 548, 549 (Fla. 2d",252258,40844,1,case_hold_mc,holding that superior court erred in reversing trial courts order granting new trial and remanding for a new trial limited to apportionment of damages,holding that the failure to hold a faretta hearing is per se reversible error and reversing the defendants conviction vacating his death sentence and remanding for a new trial,holding that defendants waived any challenge to the trial courts failure to hold an evidentiary hearing,holding that constructive amendments which are per se reversible under harmless error analysis are also per se reversible under plain error analysis,holding the erroneous deprivation of the right to counsel constitutes per se reversible error
301,"130 S.Ct. 1855; see also Parker v. Matthews, — U.S. —, 132 S.Ct. 2148, 2155, 183 L.Ed.2d 32 (2012). And despite some factual similarities, it is distinguishable. Unlike Kamienski, there was solid evidence placing Gipson at or near the scene of the crime based on his cell phone records. Although presence alone cannot establish intent, it is one of the key elements for proving participation in criminal intent. See Johnson, 754 N.E.2d at 801. Furthermore, there was inferential proof of complicity based on cell phone records that Gipson was actively communicating with Harper on the day of the drug deal; drove the robber-shooter to the victim’s home to carry out the crimes; was at or near Harper’s residence when the murder occurred; acted as the getaway driver, beating a ha Cir. 2008) (<HOLDING>); Juan H. v. Allen, 408 F.3d 1262, 1277-79 (9th",253118,40977,2,case_hold_mc,holding that police had probable cause to arrest defendant who was seen in the company of drug suspects was seen meeting suspects while they engaged in a drug conspiracy and whose behavior was consistent with the inference he was part of the conspiracy,holding that because the petitioner failed in the petition to set forth facts known to petitioner or state that petitioner has no knowledge of facts regarding the name and address of any judicially appointed guardian or person or agency awarded custody of the child by a court and failed to attach the existing custody order to the petition it was facially defective and did not confer subject matter jurisdiction upon the trial court,holding that the state court ruling was objectively unreasonable where prosecution failed to present sufficient evidence that the petitioner murdered a known drug dealer although the state established that the petitioner planned to rob drug dealers for drugs or money the victim was a known drug dealer who kept drugs in his freezer and that freezer was open and empty after the homicide the petitioner and the victim had engaged in drug transactions in the past the petitioner had a motive because he had seen the victim make a pass at the petitioners girlfriend and the petitioner had possessed and once purchased the murder weapon and a similar gun was seen in his home two weeks before the murder evidence placing the petitioner at the scene was conspicuously absent leaving only a reasonable speculation that the petitioner was present,holding that the state courts determination that petitioner was not in custody was not unreasonable under aedpa where the petitioner voluntarily went to the police station was interviewed by three police officers and one polygraph examiner was deceitfully told that another man had implicated him in a murder and was questioned for four hours before being advised of his miranda rights,holding that rule 27 is not appropriate where the petitioner seeks discovery of unknown information that the petitioner hopes will assist it in the future when the petitioner applies for judicial relief
302,"committing the crime of sexual battery,” but because the conduct at issue occurred before the effective date of the amendment, the court refused to address the effect of the amendment. Id. at 471 n. 5. At the charge conference in the case at bar, Gresham requested an instruction on “lewd and lascivious” as a lesser included offense, and counsel and the judge repeatedly used the term “lewd and lascivious,” without distinguishing between the four kinds of lewd or lascivious conduct prohibited in different subsections of section 800.04. A request for an instruction must be specific to preserve for appellate review the failure to give the instruction requested. See Walls v. State, 641 So.2d 381, 387 (Fla.1994); Fla. R.Crim. P. 3.390(d); Rivers v. State, 307 So.2d 826 (Fla. 1st DCA 1975)(<HOLDING>). AFFIRMED. ERVIN, BARFIELD and VAN NORTWICK,",253974,41120,3,case_hold_mc,holding that an offense is factually lesser included if the charging instrument alleges that the means used to commit the crime charged include all of the elements of the alleged lesser included offense,holding that a state trial court judges failure to instruct on a lesser included offense is not a federal constitutional matter,recognizing that it is within  our power to direct entry of judgment on a lesser included offense when vacating a greater offense if the commission of the lesser offense can be established from facts that the jury actually found citations omitted,holding that the trial court did not err in refusing to instruct the jury on trespass as a lesser included offense of breaking and entering because appellant failed to advise the court which of the numerous trespass statutes he considered to be lesser included to the offense charged,holding that reviewing court in a proper case may modify a judgment of conviction below and affirm it as a conviction of a lesser degree of the offense charged or of a lesser crime included therein where the errors do not affect the conviction of the lesser offense 
303,"v. Midwest Amusements Park, LLC, 630 F.3d 651, 657 (7th Cir.2011) (quoting Delta Consulting Grp., Inc. v. R. Randle Constr., Inc., 554 F.3d 1133, 1137 (7th Cir.2009)). Concert deposed Mr. Killian, but never asked whether Mrs. Killian was well enough to travel to a different hospital. 47 . R.253 at 125. 48 . The dissent points to Kenseth for the proposition that ""Concert cannot be liable for a breach of fiduciary duty based on the actions of a non-fiduciary like PHCS,” Dissent at 693 n. 16, but the Kenseth passage quoted is noting that a fiduciary ""cannot be held liable on the basis of respondeat superior.” Kenseth, 610 F.3d at 465 (emphasis added). In fact, we have held that a fiduciary can be liable for inaccurate or misleading information provided by a nonfiduciary. See id. at 469 (<HOLDING>); Bowerman v. Wal-Mart Stores, Inc., 226 F.3d",254830,41257,4,case_hold_mc,holding that the trustee did not breach its fiduciary duty when its actions were consistent with the trust instrument,holding party in breach could not maintain suit for breach of contract,holding that breach of fiduciary duty claim was preempted by fehba,holding employer was entitled to rely and act upon the written advice from the employees physician,holding that a fiduciary could breach its duly by inviting inquiries and not warning beneficiaries that they could not rely on the advice given by customer service representatives
304,"wants them “to come home.” Department case worker, Jason Hooper, also testified that there was no question that Doe loves the children. However, as the Idaho Supreme Court has observed, “a child may not live on parental affection alone.” State ex rel. Child v. Clouse, 93 Idaho 893, 896, 477 P.2d 834, 837 (1970); see also Doe, 147 Idaho at 355, 209 P.3d at 652 (noting that “while Appellants love their kids ‘dearly,’ their efforts to improve their parenting skills were not consistent or long-lasting”). Hooper also testified that he believed termination was in the best interests of the children because they had been “in the system” for over two years and needed to be placed in a permanent, safe, and stable home. See In Interest of S. W., 127 Idaho 513, 518, 903 P.2d 102, 107 (Ct.App.1995) (<HOLDING>). The children’s foster parent, Lacy Widdison,",255687,41403,0,case_hold_mc,holding that department employee opinions were relevant and admissible as they could aid the magistrate in determining facts surrounding the care of the children and what would be in their best interests,holding that although parents have a fundamental right to the care and custody of their children they have no fundamental right to allocate support to their children as they see fit,recognizing that because the state has cognizable interests in the safety of children in its jurisdiction neglectful parents may be separated from their children,holding that the finder of fact is given broad discretion in determining what promotes the childrens best interests,holding that where parents have previously stipulated that the children should be adjudicated as being in need of aid ocs still has the burden of proving in the subsequent termination of parental rights proceeding by clear and convincing evidence that the children were in need of aid
305,"proceedings would have been different. Strickland v. Washington, 466 U.S. 668, 687-96, 104 S.Ct. 2052, 2064-69, 80 L.Ed.2d 674 (1984). Graves has the burden to prove ineffective assistance of counsel and to rebut the presumption that counsel was acting according to sound trial strategy. Id. at 466 U.S. at 689, 104 S.Ct. at 2065. Guilt/Innocence Phase Following our court’s decision in Rodriguez, we hold that the trial court did not err in fading to give, sua sponte, a reasonable-doubt instruction for extraneous offenses during the guilt-innocence phase. See Rodriguez, 137 S.W.3d at 231. Graves was not entitled to the instruction; therefore, his counsel was not ineffective for failing to request it. See Hardin v. State, 951 S.W.2d 208, 211 (Tex.App.-Houston [14th Dist.] 1997, no pet.) (<HOLDING>). Punishment Phase With regard to the",256548,41549,4,case_hold_mc,holding that it was not plain error for the court not to give a self defense jury instruction where the defendant did not request one,holding where defendant challenged jury instruction and also claimed ineffective assistance of counsel based upon his counsels failure to object to instruction because we find no error in the instructions defendants claim for ineffective assistance of counsel must also be rejected,holding that trial counsels failure to request a limiting instruction did not constitute ineffective assistance where counsel testified he did not want to draw more attention to the incriminating evidence,holding that defendant was not entitled to entrapment instruction when there was insufficient evidence to support such an instruction,holding that failure to request jury instruction about manner in which evidence was obtained was not error and thus did not constitute ineffective assistance because defendant was not entitled to instruction
306,"that the prospective application of the injunction as to Claim 26 of the '683 patent is inequitable. Indeed, although the Court is uncertain whether the four-factor eBay test must be the appropriate test to apply to the continued application to an injunction that has, itself, been affirmed by the Court of Appeals but which was based on a judgment that has, in part, been reversed or vacated, it is not incompatible with the “principles of equity” that guide both eBay and the Court’s authority to dissolve an inequitable injunction to reassess the continued propriety of the injunction in terms of the eBay factors. Compare eBay, 547 U.S. at 391, 126 S.Ct. 1837 (finding that the four-factor test is guided by “well-established principles of equity”) with Swift, 286 U.S. at 114, 52 S.Ct. 460 (<HOLDING>). In assessing the first eBay factor,",257397,41682,0,case_hold_mc,recognizing that the power to alter an injunction was present by force of principles inherent in the jurisdiction of the chancery,recognizing the inherent power of courts to ensure an adversarial proceeding,recognizing inherent power of courts of appeals,recognizing the inherent power of the courts to issue warrants,recognizing use of ancillary jurisdiction in subsequent proceedings for the exercise of the courts inherent power to enforce its judgments
307,"Opp. at 52-53.) An opposition to a summary judgment motion is not the place for a plaintiff to raise new claims. See Fed. R. Civ. P. 7(a) (listing complaints, answers, and replies to cross-claims as the only forms of pleadings allowed under the rules). Plaintiffs had the opportunity to make a retaliation claim based on their suspensions in their initial complaint and in their amended complaint; they chose not to do so. Accordingly, the Court will not consider that claim at this stage. The substance of the retaliation claim that plaintiffs did make is that SecTek removed Dickerson and Waters from their supervisory positions in retaliation for their complaints about Smith’s alleged discriminatory behavior toward them. See O’Neal v. Ferguson Const. Co., 237 F.3d 1248, 1255 (10th Cir.2001) (<HOLDING>). In order to state a prima facie case,",258247,41823,3,case_hold_mc,holding as not protected speech a prison guards internal complaints documenting her superiors failure to respond to inmates sexually explicit behavior toward her,holding that  510 applies to unsolicited informal complaints,holding without discussion of the verbalwritten distinction that plaintiffs oral complaints were protected activity,holding that informal complaints to superiors about discrimination constitute protected activity,holding that raising a complaint about a violation of an internal policy is not considered protected activity
308,"2003). 4 . See Art. 60, UCMJ, 10 U.S.C. § 860 (2000); Rule for Courts-Martial 1107 [hereinafter R.C.M.], 5 . See Art. 60(b), UCMJ; R.C.M. 1105. 6 . See Art. 60(d), UCMJ; R.C.M. 1106 (requiring staff judge advocate's or legal officer's recommendations in all general court-martial cases and special court-martial cases resulting in a bad-conduct discharge or confinement for one year). 7 . United States v. Dresen, 47 M.J. 122, 124 (C.A.A.F.1997). 8 . United States v. Rice, 33 M.J. 451, 453 (C.M.A.1991). 9 . United States v. McCormick, 34 M.J. 752, 755 (N.M.C.M.R.1992) (citing United States v. Jolliff, 22 C.M.A. 95, 46 C.M.R. 95 (1973)). 10 . United States v. Davis, 58 M.J. 100, 103 (C.A.A.F.2003). 11 . Id. 12 . United States v. Wansley, 46 M.J. 335, 337 (C.A.A.F.1997). 13 . See id. at 337 (<HOLDING>). 14 . United States v. Edwards, 45 M.J. 114,",259101,41961,4,case_hold_mc,holding that because judge who was substituted for posttrial motions erred in finding that trial court judge made mistake of law grant of new trial was error,holding that where a defendant expressly manifested his belief in the truth of the statements contained in the motion to dismiss thereby adopting those statements as his own such statements are admissible against the defendant in the states case in chief,holding that a defendant was not entitled to a relief under section 2255 when he asserted that the sentencing judge who was not the trial judge was influenced by the sentence imposed by the trial judge on a codefendant,holding that the defendant is not entitled to be sentenced by the judge who took his plea when the judge made no promise to sentence him,holding that trial counsels statements in a posttrial article would not be imputed to the staff judge advocate who expressly stated that the remarks were not made on his or the convening authoritys behalf
309,"contain “a short and plain statement of the claim showing that the pleader is entitled to relief,” and that “each allegation must be simple, concise, and direct.” FED. R. CIV. P. 8(a)(2), 8(d)(1). Rule 8 accentuates “the emphasis placed on clarity and brevity by the federal pleading rules” and a clear and succinct complaint is therefore expressly mandated. Ciralsky v. CIA, 355 F.3d 661, 669 (D.C.Cir.2004). The plaintiffs Complaints, which contain 592 and 740 enumerated counts, respectively, plainly do not meet this standard. Courts in this jurisdiction have recognized the importance of the Rule 8 standard, and complaints that lack the requisite short and plain statement of the claim have been frequently dismissed. See Karim-Panahi v. U.S. Congress, 105 Fed.Appx. 270, 271 (D.C.Cir.2004) (<HOLDING>); Ciralsky, 355 F.3d at 669 (finding that the",259960,42109,1,case_hold_mc,holding that district court properly dismissed claims in  2241 petition that had been decided in previous habeas action,holding that district court properly dismissed a complaint containing a purported one thousand causes of action for failing to meet rule 8s requirements,holding that plaintiff need only plead damages in rico cases sufficient to meet rule 8s requirements,holding that class claims that fail to meet the requirements of rule 23 may be properly dismissed by granting a rule 12b6 motion,recognizing that one of those conditions for a district judge to grant leave to amend the complaint may properly be that claims contained in the original complaint but not included in the amended complaint be considered dismissed with prejudice 
310,"to the Wreck Act. On December 22, 2006, the United States filed a motion asking the district court to lift or modify its April 11, 2006 limitation order so that the United States could pursue its claim for the entirety of its wreck removal expenses under the Wreck Act against Southern Scrap outside of the context of the limitation proceeding. On April 26, 2007, the district court granted the United States’ motion, thereby allowing it to bring an unlimited personal liability claim under the Wreck Act outside of the context of the limitation proceeding against Southern Scrap for the entirety of the wreck removal expenses. Southern Scrap then timely filed this interlocutory appeal pursuant to 28 U.S.C. § 1292(a)(1). See Complaint of Mucho K, Inc., 578 F.2d 1156, 1157 (5th Cir.1978) (<HOLDING>). III. STANDARD OF REVIEW Because we must",260820,42242,4,case_hold_mc,holding that section 4523755 provides that a third party may intervene in a case in which custody is at issue only in a dissolution of marriage action or a modification of a dissolution proceeding and reversing the circuit courts order permitting a grandmother to intervene in an adoption proceeding for the purposes of obtaining visitation,holding injunction ordering prison to submit plan for reformation of unconstitutional prison conditions not appealable as interlocutory order under 28 usc  1292a1,holding that a district court order denying a motion to stay or dismiss because of the pendency of similar litigation in state court is not immediately appealable under section 1291 or section 1292a1,holding that limitation of liability clause was unambiguous,holding that the modification or dissolution of an injunction in a limitation of liability proceeding is appealable as a matter of right under  1292a1
311,"point, the circuit court issued an order that read in part: Came on for hearing the Motion of SCI, INC., For Summary Judgment, and the Court, having considered and read the Motion and Briefs in support and opposition thereto, as well as all of the evidence submitted at the first trial that began October 2, 1995, and MDOT’s Supplemental Responses to SCI’s First Set of Interrogatories, and having heard and considered the arguments of counsel, finds and concludes that Plaintiffs Motion is well taken and should be granted. ¶ 16. A party seeking to recover upon a claim may, at any time after the expiration of thirty days from the commencement of an action, move for a summary judgment in his favor. Miss. R. Civ. P. 56(a). See also Soley v. Star & Herald Co., 390 F.2d 364, 367 (5th Cir.1968) (<HOLDING>). Accordingly, we hold that it was proper for",261669,42382,1,case_hold_mc,holding that district court should not have granted summary judgment solely on basis that a motion for summary judgment was not opposed,recognizing the general rule which permits judicial notice of a courts prior cases to support a motion for summary judgment but reversing because in his order the trial judge made no specific reference to the basis for his grant of summary judgment,holding that district court should not have granted summary judgment solely on basis that motion for summary judgment was not opposed,holding that the trial court may not grant summary judgment on a ground not raised in the motion,holding that a grant of summary judgment in favor of one party creates a final judgment allowing appellate review of denial of opposing partys summary judgment motion
312,"rights must be disregarded.” Tex.R.App. Proc. 44.2(b). 2 . See Schutz v. State, 957 S.W.2d 52 (Tex.Crim.App.1997). 3 .Id. at 73. 4 . See Schutz v. State, 998 S.W.2d 903 (Tex.App. — Houston [1st Dist.] 1999, State's pet. granted). 5 . Id. at 904-05. 6 . Id. at 905-13 (Taft, J., dissenting). 7 . Id. at 913-15. 8 . Id. at 915. 9 . Schutz, 998 S.W.2d at 905 (citing Merritt v. State, 982 S.W.2d 634, 636-37 (Tex.App.— Houston [1st Dist.] 1998, pet. ref'd as untimely filed)). 10 . Ovalle v. State, 13 S.W.3d 774 (Tex.Crim.App.2000). 11 . Johnson v. State, 43 S.W.3d 1, 4 (Tex.Crim.App.2001). 12 .Id. at 5. 13 . Morales v. State, 32 S.W.3d 862, 867 (Tex.Crim.App.2000); Johnson v. State, 967 S.W.2d 410, 417 (Tex.Crim.App.1998). See also King v. State, 953 S.W.2d 266, 271 (Tex.Crim.App.1997) (<HOLDING>). 14 . See Morales, 32 S.W.3d at 867. 15 . See",262528,42533,0,case_hold_mc,holding that a substantial right is affected when the error had a substantial and injurious effect or influence in determining the jurys verdict,holding that the states improper use of the defendants postmiranda silence to impeach the defendants claim that shooting was accidental did not have substantial and injurious effect or influence in determining jurys verdict and thus was harmless error,holding that an error must have a substantial and injurious effect on the verdict to entitle a petitioner to habeas relief,holding that nonconstitutional error is harmless if it did not have substantial and injurious effect or influence in determining the jurys verdict,holding that states improper use of defendants postmiranda silence was error but did not warrant habeas relief unless error had a substantial and injurious effect or influence on the jurys verdict
313,"Debtors’ exemptions in the Cheboygan Property under § 522(d)(1) “are not properly claimed.” See Fed. R.Bankr.P. 4003(c); see also In re John, 459 B.R. 684, 689 (Bankr.E.D.Mich.2011) (citations omitted). The Court must construe exemptions liberally, in favor of the Debtors. See In re Hanh Hieu Dang, No. 11-10091, 2012 WL 2175778, at *2 (Bankr. W.D.Mich. June 13, 2012)(“Exemptions are to be liberally construed in favor of a debtor.”) (citing Menninger v. Schramm (In re Schramm), 431 B.R. 397, 400 (6th Cir. BAP 2010) and Fed. R. Bankr.P. 4003(c)). The Court must determine Debtors’ claimed exemptions as of the date they filed their bankruptcy petition. See id. (“Exemptions are determined as of the filing date.”); In re Buick, 237 B.R. 607, 609 (Bankr.W.D.Pa.1999) and cases cited therein (<HOLDING>). 2. The meaning of “residence” in § 522(d)(1)",263382,42684,0,case_hold_mc,holding that a debtors entitlement to an exemption under  522d1 is determined as of the filing date of  a bankruptcy petition,holding that debtors could not exempt under  522d1 proceeds from the prepetition sale of their home,holding one who claims tax exemption has burden of showing entitlement to exemption,holding that the right of the debtor to claim property as exempt is generally determined on the facts as they exist on the date of the filing of the petition,holding that a debtors  522d1 exemption was invalid when the debtor exempted proceeds from the prepetition sale of the debtors marital home which were paid to a judgment creditor with an attachment on the debtors interest in the home
314,"is presumed when a violation of a separation of witnesses order occurs, but the presumption can be overcome if the non movant can show that there was no prejudice. Stafford v. State, 736 N.E.2d 326, 381 (Ind.Ct.App.2000) (relying on Hernandes v. State, 716 N.E.2d 948, 955 (Ind.1999) (Boehm, J., dissenting), reh'g denied ), reh'g denied, trams. denied. Here, Ray's counsel cross-examined Dr. Burrows. Further, Ray's counsel questioned Dr. Burrows on how she learned that Blake had received a sternum rub. Thus, Ray was not placed in grave peril because the jury was informed of the conversation between Dr. Burrows and the prosecutor and was given adequate information to judge the credibility of Dr. Burrows. See, eg., Hightower v. State, 260 Ind. 481, 486, 296 N.E.2d 654, 657 (Ind. 1973) (<HOLDING>), cert. denied, 415 U.S. 916, 94 S.Ct. 1412, 39",264240,42820,4,case_hold_mc,holding that the postconviction court is the sole judge of the weight of the evidence and the credibility of witnesses,holding that because the line of questioning was not relevant to the credibility of the witness and sought information about which the witness had no knowledge it was not a constitutional violation to sustain the objection,holding that the jury is the judge of the weight and credibility given to witness testimony,holding the excluded testimony was relevant to whether a signature was that of a deceased party and since a statement regarding the issue was the only testimony that could be given by the witness no offer to prove was necessary because the substance of the evidence was apparent from the context of the question asked,holding that a violation of a witness separation order did not warrant reversal because the jury was completely informed of the conversation between the witnesses  and was given adequate information by which it could judge the reliability and credibility of the revised testimony
315,"Middleton I and in the majority’s decision here, prejudice was presumed once Appellant established he would have moved for mistrial if given the opportunity. Thus, a new trial for capital murder may be conducted. As the United States Supreme Court noted in United States v. Dinitz, 424 U.S. 600, 607, 96 S.Ct. 1075, 47 L.Ed.2d 267 (1976) (quoting United States v. Jorn, 400 U.S. 470, 91 S.Ct. 547, 27 L.Ed.2d 543 (1971)), “ ‘where circumstances develop not attributable to prosecutorial or judicial overreaching, a motion by the defendant for mistrial is ordinarily assumed to remove any barrier to reprosecution, even if the defendant’s motion is necessitated by prosecutorial or judicial error.’ ” Cf. United States v. Martin Linen Supply Co., 430 U.S. 564, 97 S.Ct. 1349, 51 L.Ed.2d 642 (1977) (<HOLDING>). Appellant’s position is no different than",265097,42960,3,case_hold_mc,holding double jeopardy did not bar retrial where a jury could not render a verdict and a mistrial was granted,holding that when jury acquitted defendant on greater offense but deadlocked on lesserincluded offenses double jeopardy did not bar retrial of the lesers,holding that a sua sponte dismissal of the charges during trial was not an acquittal that barred retrial based on double jeopardy,holding double jeopardy prohibits government appeal and retrial following valid judgment of acquittal entered by trial court after jury deadlocked on criminal contempt charge,holding that when the jury acquitted the defendant on the greater offense but deadlocked on the lesserincluded offenses double jeopardy did not bar retrial of the lessers
316,"of war is no convict; his imprisonment is a simple war measure.’ ” 542 U.S. at 518, 124 S.Ct. 2633 (quoting W. Winthrop, Military Law and Precedents 788 (rev.2d ed.1920)) (other internal quotation marks and alterations omitted). 173 . Am. Ins. Ass’n v. Garamendi, 539 U.S. 396, 415, 123 S.Ct. 2374, 156 L.Ed.2d 376 (2003) (internal quotation marks omitted). 174 . Olegario v. United States, 629 F.2d 204, 233 (2d Cir.1980). 175 . Dames & Moore v. Regan, 453 U.S. 654, 678, 101 S.Ct. 2972, 69 L.Ed.2d 918 (1981). 176 . Haig v. Agee, 453 U.S. 280, 292, 101 S.Ct. 2766, 69 L.Ed.2d 640 (1981) (emphasis and internal quotation marks omitted). 177 . Clapper, 133 S.Ct. at 1149 (emphasis in original). 178 . See Abuelhawa v. United States, 556 U.S. 816, 823 n. 3, 129 S.Ct. 2102, 173 L.Ed.2d 982 (2009) (<HOLDING>). 179 . U.S. Const, art. II, § 3; accord United",265955,43098,3,case_hold_mc,holding that assumption of the risk is not an available defense for civil battery,holding that exercise of prosecutorial discretion was not subject to judicial review absent a constitutional claim or question of law,holding that the faas action in this case was  analogous to an exercise of prosecutorial discretion  and noting that when prosecutorial discretion is at issue the matter is presumptively committed to agency discretion by law,recognizing that congress legislates against a background assumption of prosecutorial discretion,recognizing primary assumption of risk as a viable doctrine
317,"to and including the interior of a multi-unit dwelling for the purpose of offering cable television service can be derived from the Cable Communications Policy Act of 1984, 47 U.S.C. § 521 et seq. (Supp. IV 1986) (the Cable Act). In support of its motion to dismiss, Waterford Associates argued, and the district court agreed, that no private right of action by a franchisee can be implied under the Cable Act. Instead, the district court held, enforcement should be left to the franchising authority. 680 F.Supp. at 179. The district court’s opinion was issued shortly before the decision of the Eleventh Circuit holding that section 621(a)(2) does create a cause of action in favor of a cable company. See Centel Cable Television Co. v. Admiral’s Cove Assocs., 835 F.2d 1359 (11th Cir.1988) (<HOLDING>). While we intimate no opinion on a private",266816,43251,2,case_hold_mc,holding that congress has provided in  1997ea that an inmate must exhaust irrespective of the forms of relief sought and offered through administrative avenues,holding that an insureds personal belief that he was not liable for an accident provided no basis for submitting the question of the reasonableness of his delay in notification to a jury when the insured knew the day after the accident that it had been claimed that the cable he had installed had caused the accident,holding congress provided a right of action to a cable company seeking to place its cable in open trenches through easements listed on recorded plats provided by a residential developer for electric and telephone utilities,holding inmates and those with whom they converse have no objectively reasonable expectation of privacy in telephone conversations where inmates received a handbook alerting them that all telephone calls were recorded and were exposed to a document hanging in the common areas that notified prisoners that their calls might be monitored and recorded,holding that a customer has no reasonable expectation of privacy in dialed telephone numbers which were conveyed to the telephone company
318,"3 . The statute at that date was similar to the present statute. It provided, "" 'Any person who, . without just excuse, deserts or willfully neglects or refuses to provide for the support and maintenance of his or her minor child or children, under the age of sixteen years, in destitute or necessitous circumstances is guilty of a felony.'"" Osborn v. Harris, 115 Utah 204, 203 P.2d 917, 920 (1949) (quoting Utah Code Ann. § 103-13-1 (1943)). 4 . Defendant cites cases that involve similar statutory schemes, but are distinguishable because they do not address whether jurisdiction is proper over resident parents for failure to support nonresident children in holding that jurisdiction is proper over nonresident parents. See State v. Sokolaski, 26 Kan.App.2d 333, 987 P.2d 1130, 1131 (1999) (<HOLDING>); State v. Taylor, 625 N.E.2d 1334, 1336",267670,43393,4,case_hold_mc,holding that an outofwedlock childs pending claim for retroactive child support was nondischargeable in bankruptcy because a debt for child support arises upon the birth of the child and that the fact that no court had yet ordered the debtor to support the child does not take the debt outside the scope of 11 usc  523a5,holding that it was error for the trial court to determine the issue of child support without a child support guidelines worksheet,holding that parents may not voluntarily terminate their rights in a child to avoid child support payments or contract away a child support obligation,holding admissible testimony from 2 witnesses that within days immediately preceding the victims departure from kansas city with the defendant the victim stated that she feared that the defendant was going to kill her where the defendant claimed accident,holding kansas could prosecute nonresident parent for failure to support kansas resident child because the criminal nonsupport occurred partly in kansas and the proximate result of the defendants actions the failure to provide support for the child occurred within kansas
319,"analyzing personal jurisdiction, this Court must determine: First, whether the defendant purposefully directed its activities at the residents of the forum; Second, whether the claim arises out of or relates to those activities; and Third, (3) whether assertion of personal jurisdiction is reasonable and fair. 3D Systems, Inc., 160 F.3d at 1373, citing Akro Corp. v. Luker, 45 F.3d 1541, 1545-46 (Fed.Cir.1996). According to these requirements, the Court has the authority to exercise personal jurisdiction over PC Connection, Inc. PC Connection, Inc.’s ownership and operation of interactive Web sites that enable Ohio consumers to purchase products for delivery in Ohio constitutes the purposeful direction of activities to Ohio residents. See Bird v. Parsons, 289 F.3d 865, 874 (6th Cir.2002) (<HOLDING>); CompuServe Inc. v. Patterson, 89 F.3d 1257,",268521,43532,1,case_hold_mc,holding that the wellestablished rule is that it is the function of the state to determine how its residents may enter into the marital relationship,holding that operation of web site can constitute purposeful availment if it is interactive to a degree that reveals specifically intended interaction with residents of the state,holding that a high degree of foreseeability is required to impose a duty to hire security guards and that the requisite degree of foreseeability rarely if ever can be proven in the absence of prior similar incidents of violent crime on the landowners premises,holding constitutional provision selfexecuting if it grants right that can be put into operation without further legislative action,holding that it is not
320,"they are living to help maintain and strengthen family life and to help such parents or relatives to attain or retain capability for the maximum self-support and personal independence consistent with the maintenance of continuing parental care and protection.... 42 U.S.C. § 601. In 1981, Congress adopted various amendments to the Social Security Act through the Omnibus Budget Reconciliation Act (“OBRA”), Pub.L. No. 97-35, 95 Stat. 357 (1981). These amendments have injected a cost-cutting focus that appears to compete with the remedial goals of the statute, even though “the OBRA Congress neither changed the language of the AFDC statement of purpose nor abandoned the statutory goals.” Turner, 470 U.S. at 205, 105 S.Ct. at 1150. See Edwards v. McMahon, 834 F.2d 796, 801 (9th Cir.1987) (<HOLDING>). The Supreme Court detected in OBRA “a change",269381,43660,2,case_hold_mc,holding that erisaqualified pension plans were not intended by congress to be within the statutory exemption,holding that if federal income tax statutes are intended to benefit anyone it is the federal government to whom the withheld tax is to be remitted there is no indication anywhere in the language of the statutes that congress intended to confer rights on employees with respect to the withholding of tax,recognizing that congress intended obra to reduce federal expenditures,holding that where a conflict between state and federal law is alleged it must be reasonable to conclude that congress would have intended to preclude the state law in question since it would make little sense to preempt state law in order to serve the purposes underlying federal legislation if congress itself would not require or admit of preemption of state authority,holding that removal is proper based on complete preemption only when congress intended the federal cause of action to be exclusive
321,"of case law about the voluntariness of confessions in order to evaluate the meaning of voluntariness in the context of a consent to search). “The standard for measuring the scope of a suspect’s consent [to search] under the Fourth Amendment is that of ‘objective’ reasonableness — what would the typical reasonable person have understood by the exchange between the officer and the suspect?” Florida v. Jimeno, 500 U.S. 248, 251, 111 S.Ct. 1801,114 L.Ed.2d 297 (1991) (citing Illinois v. Rodriguez, 497 U.S. 177, 183-89, 110 S.Ct. 2793, 111 L.Ed.2d 148 (1990)). “[W]hile [the courts] have enumerated a number of (non-exclusive) factors that may bear on the issue of volun-tariness, the absence of official coercion is a sine qua non of effective consent, as it is ax . 417, 136 L.Ed.2d 347 (1996) (<HOLDING>). On the other hand, the United States Supreme",270238,43795,1,case_hold_mc,holding officers request for consent in the squad car without informing pals he was free to leave or warning him regarding his right to refuse consent was coercive,holding that a detained defendants consent to search his car was voluntary even though the police did not tell him he was free to leave,holding that it was objectively reasonable for the police to conclude that the general consent to search the respondents car included consent to search a bag within that car,holding that defendants consent to search his person while on board an interstate bus was voluntary even though the police did not tell the defendant of his right to refuse consent,holding that warrantless search of defendants vehicle was legal because defendants consent was voluntary even through he was in police custody at the time of giving consent
322,"the jury should have found that Dr. Callahan misplaced three out of four pedicle screws in Mr. Bair’s spine during the surgery. If the jury had chosen not to credit the testimony of Dr. Callahan and Dr. Cusick, there certainly was ample evidence to support a Plaintiffs’ verdict. However, if the jury credited the testimony of Dr. Callahan and Dr. Cusick and the evidence presented by Dr. Callahan, then the jury reasonably could have found that the evidence and testimony at trial did not establish Dr. Callahan’s negligence by the greater convincing force of the evidence. Ultimately, the jury determined that the expert testimony at trial did not establish negligence on the part of Dr. Callahan by the greater convincing force of the evidence. See Boesing, 540 F.3d at 890 (8th Cir.2008) (<HOLDING>). Even if this Court would have made different",271099,43937,0,case_hold_mc,holding that district court did not abuse discretion in denying motion for new trial because nonmovant presented sufficient evidence at trial for the district court to conclude that the outcome was not against the great weight of the evidence so as to constitute a miscarriage of justice,holding that the district court did not abuse its discretion in denying motion for new trial based on newly discovered evidence where the evidence would serve only to impeach  testimony,holding that the district court should grant a motion for a new trial when the verdict is against the clear weight of the evidence or will result in a miscarriage of justice emphasis added,holding trial court did not abuse discretion in denying motion for new trial by operation of law because motion was not properly presented even though a notice of presentment was filed and the docket sheet contained an entry for the motion having been filed,holding that the district court did not err in finding the record sufficient to conclude prior conviction qualified as a violent felony for purposes of the acca as the evidence was sufficient to conclude the criminal action charged in one court was the basis for a judgment against the defendant in a different court
323,"School, Inc. v. Department of Education, 108 A.3d 192, 199 (Pa.Cmwlth.2015); and “where the legislature includes specific language in one section.of a statute and excludes it from another, it should not be implied where excluded,” Pennsylvania State Police, Bureau of Liquor Control Enforcement v. Prekop, 156 Pa.Cmwlth. 250, 627 A.2d 223, 226 (1993). It is presumed “[t]hat the General Assembly does not intend a result that is absurd, impossible of execution or unreasonable.” Section 1922(1) of the Statutory Construction Act, 1 Pa. C.S. § 1922(1). Lastly, where a statute imposes punishment, such as the suspension or revocation of a professional license, for specified acts, such statutes are penal in nature. See Pa. State Real Estate Comm’n v. Keller, 401 Pa. 454,165 A.2d 79, 80 (1960) (<HOLDING>). Section 1928(b)(1) of the Statutory",271955,44079,0,case_hold_mc,holding that the real estate brokers law which provided for the investigation of the acts of real estate brokers and the suspension or revocation of their licenses for specified acts is penal and must be strictly construed,holding that a real estate brokers allegations of an oral contract with prospective purchasers stated a cause of action,recognizing implied private action for violation of the real estate brokers and salesmen license act,holding the real estate sale proceeds,holding brokers were not entitled to commission where agreement provided commission was payable at closing of real estate transaction because brokers did not produce clients that closed
324,"by his injuries. The second impairment that could potentially support a claim of disability under the ADA is the shoulder injury that William sustained in the second accident. From March through June of 1998, William was released for employment by his physician despite his still-injured shoulder. Although this is a physical impairment, there is insufficient evidence to suggest that any of his major life activities were substantially limited by the injury. As before, there is no evidence that this injury prevented William from performing “a class of jobs” or a “broad range of jobs in various classes.” William has therefore failed to establish that any major life activities were substantially limited by his shoulder impairment. See Kelly v. Drexel Univ., 94 F.3d 102, 105 (3d Cir.1996) (<HOLDING>). Accordingly, because William is unable to",272804,44211,3,case_hold_mc,holding that the scope of crossexamination did not extend to any bad acts committed by the defendant during his life where defendant presented evidence of adverse circumstances that he experienced in his early childhood rather than evidence of his general good character,holding that the district court did not err in finding the record sufficient to conclude prior conviction qualified as a violent felony for purposes of the acca as the evidence was sufficient to conclude the criminal action charged in one court was the basis for a judgment against the defendant in a different court,holding that the test for harmless error is whether in the mind of the average juror the prosecutions case would have been significantly less persuasive had the improper evidence been excluded citations and internal quotation marks omitted,holding that the question presented is whether he adduced sufficient evidence from which a factfinder reasonably could conclude that the nature and severity of his injury significantly restricted his ability to walk as compared with an average person in the general population,holding that nonexpert evidence of the plaintiffs state of general health before the wreck as compared to his physical condition afterwards was sufficient to allow a layperson of common knowledge and experience to conclude that his wreck made it necessary to transport the plaintiff to an emergency room and be physically examined while there
325,"Ann. § 554.002 which placed on the insurer the burden of proving any “avoidance or affirmative defense” to coverage, did not legislatively overrule an insured party's duty to allocate. Id. at 303. According to the court, concurrent causation is not an “avoidance or affirmative defense.” Id. Instead, concurrent causation “is a rule which embodies the basic principle that insureds are entitled to recover only that which is covered under their policy....” Id. Thus, under Wallis, once testimony of concurrent causes has been offered into the record, the insured has the burden of allocating the damages among the various causes. See id.; see also State Farm Lloyds v. Kaip, No. 05-99-01363-CV, 2001 WL 670497 (Tex.App.-Dallas, June 15, 2001, pet. denied) (not designated for publication) (<HOLDING>). 24 . The very wording of the opinion makes",273659,44345,2,case_hold_mc,holding that the insureds ordinary burden to allocate a verdict between covered and noncovered claims does not shift to the insurer unless the insurer had an affirmative duty to defend the underlying claims,holding that regardless of the subjective belief of the insured the record established a basis to believe that the insured had committed an act that could give rise to a claim under the policy,holding that the insureds own testimony which gave rise to the possibility of concurrent causation created a burden on the insured to allocate the damages between the various causes,recognizing there can be concurrent proximate causes of accident,holding that the burden is on the plaintiff
326,"it also “must be reasonable to expect them to do so.” Id. The applicable regulation, 8 C.F.R. § 1208.13(b)(3), sets forth a nonexhaustive list of factors that the adjudicators should consider in determining whether internal relocation is reasonable, including “whether the applicant would face other serious harm in the place of suggested relocation; any ongoing civil strife within the country; administrative, economic, or judicial infrastructure; geographical limitations; and social and cultural constraints, such as age, gender, health, and social and familial ties.” To establish such factors, it is not necessary to establish persecution on account of a protected ground; difficulties short of persecution can suffice. See Boer-Sedano v. Gonzales, 418 F.3d 1082, 1090-91(9th Cir.2005) (<HOLDING>); Knezevic v. Ashcroft, 367 F.3d 1206, 1214",274510,44479,4,case_hold_mc,holding that the plaintiff had a right of privacy in the contents of a settlement agreement that stated that the plaintiff had sued his employer for failing to hire him because he was a single gay male and because his employer suspected that he had aids,holding that burden is on government to show that error in failure to provide notice is harmless,holding that al though the material sought was work product the party seeking discovery showed that it would not be able to obtain the materials without undue hardship,holding that the plaintiff had presented sufficient evidence of a violation of the right to privacy to withstand a motion for a summary judgment where she presented evidence that a police officer forced the victim of a theft to admit she had aids before he would return a prescription medication that had been stolen from her residence,holding that the government had not carried its burden to show that internal relocation was reasonable where the evidence showed that the petitioner would face significant social and cultural constraints as a gay man with aids in mexico as hostility towards and discrimination against hivaids patients is common in mexico and would not be able to obtain his required medication
327,"in question is a chain of emails between McDonald and Knotts that was forwarded to a deputy sheriff, and intercepted during an investigation of that deputy. The only information in the emails related to the deputy sheriff was redacted for purposes of presentation during the hearing in McDonald’s disciplinary case. The evidence contained no personal information about the deputy sheriff, and therefore was not a personnel record, i.e. it was not related to “ ‘the hiring, discipline, promotion, dismissal, or any matter involving an employee’s status.’” Shropshire, 420 Md. at 378, 23 A.3d at 215 (quoting Kirwan v. The Diamondback, 352 Md. 74, 83, 721 A.2d 196, 200 (1998)); see also Md. Dep't of State Police v. Md. State Conf. of NAACP Branches, 430 Md. 179, 195, 59 A.3d 1037, 1046 (2013) (<HOLDING>). We conclude, therefore, that the hearing",275363,44602,3,case_hold_mc,holding that exemption 7c protects the privacy interests of all persons mentioned in law enforcement records whether they be investigators suspects witnesses or informants and their names are generally exempt from disclosure  ,holding that personnel records or conduct investigative records regarding police officers are exempt from disclosure under virginias freedom of information act which exempts personnel records from disclosure,holding that the names of thirdparty inmates within memoranda were categorically exempt from disclosure absent compelling evidence of illegal activity by the bop,holding that records regarding complaints against state police officers which would be exempt from disclosure when unredacted where no longer exempt after the names of state police troopers the names of complainants and all identifying information were redacted,holding that names and address of private individuals appearing in files within the ambit of exemption 7c  are exempt from disclosure
328,"dune buggy. The district court granted the government’s motion for summary judgment, holding that the action was barred by (1) the discretionary function exception to the Federal Tort Claims Act and (2) the primary assumption of risk doctrine under California law. Reviewing de novo, we reverse and remand. Oswalt v. Resolute Indus., Inc., 642 F.3d 856, 859 (9th Cir.2011). 1. The government’s failure to post any 15 MPH signs along the sand highways in the Imperial Sand Dunes Recreation Area is not a policy choice protected by the discretionary function exception. The government made an express policy decision in the RAMP to post the speed limit signs along the sand highways. See Berkovitz ex rel. Berkovitz v. United States, 486 U.S. 531, 536, 108 S.Ct. 1954, 100 L.Ed.2d 531 (1988) (<HOLDING>). Although carrying out the RAMP’s directives",276217,44742,3,case_hold_mc,holding that an agent acting outside his delegated authority is not protected by the discretionary function exception,holding federal tort claims act discretionary function exception does not apply if prison personnel violate a mandatory regulation,recognizing a discretionary function exception to that waiver,holding that there is no choice to be protected by the discretionary function exception when a federal statute regulation or policy specifically prescribes a course of action for an employee to follow,holding issuance of ldp to be a discretionary function and therefore recognizing no specific mandate by regulation or otherwise which renders the exception inapplicable
329,"at the Operating Companies’ level, that “excess” cash is not being offered to Colony which is continuing to accrue unpaid interest and enforcement expenses. Further, the Debtors’ budget proves that any net operating income that is being realized is insufficient to cover the costs of this case. Allowing such a case to remain in chapter 11 when it is administratively insolvent is not appropriate. The Debtors argue that the operating cash can be used to pay administrative expenses of these cases. They assert that the provision of the Limited Liability Company Agreement prohibiting Mezz II from incurring any obligations so long as Colony remains unpaid is not enforceable because it interferes with Mezz II’s fundamental right to file bankruptcy. See, e.g., Gen. Growth, 409 B.R. at 55, 72 (<HOLDING>); In re Trans World Airlines, Inc., 275 B.R.",277070,44880,2,case_hold_mc,holding pursuant to bankruptcy rule 7004b9 that because the creditor mailed the complaint and summons to the debtors attorney and to the address listed in the debtors bankruptcy petition service of process was sufficient even if the debtors were out of the country and did not actually receive notice of the complaint and summons,holding employer bank violated section 525b when it transferred debtor from a position as a teller to a position in the bookkeeping department that did not involve the handling of cash transactions solely because of a notice of debtors bankruptcy in the local newspaper,holding that debtors special purpose entity structure did not prevent the upstreaming of cash from the operating entities to other debtors pursuant to a motion for use of cash collateraldip financing motion and that trust structure used did not make one debtor ineligible to file for bankruptcy,holding that a debtor in bankruptcy may claim as exempt the cash surrender value of a life insurance policy insuring the life of the debtor that is payable to a beneficiary other than the debtor under dccode ann  314716a2001 despite the absence of the term cash surrender from the statute,holding that the district court did not err by concluding that the bankruptcy court did not abuse its discretion in denying motion for continuance motion to withdraw and motion for reconsideration and rehearing
330,"the preferable mode of disposing of issues of fact in criminal cases above the grade of petty offenses. In such cases the value and appropriateness of jury trial have been established by long experience, and are not now to be denied. Not only must the right of the accused to a trial by a constitutional jury be jealously preserved, but the maintenance of the jury as a fact finding body in criminal cases is of such importance and has such a place in our traditions, that, before any waiver can become effective, the consent of government counsel and the sanction of the court must be had, in addition to the express and intelligent consent of the defendant. The Court reaffirmed Patton in Adams v. United States ex rel. McCann, 317 U.S. 269, 277-78, 63 S.Ct. 236, 240-41, 87 L.Ed. 268 (1942) (<HOLDING>). Congress then codified the terms upon which a",277926,45018,2,case_hold_mc,holding that juveniles may waive right to counsel only upon advice of counsel,recognizing that defendant may waive miranda rights,holding that a federal criminal defendant may waive jury trial without advice of counsel,holding that under the sixth amendment a criminal defendant may waive his right to counsel if that waiver is knowing intelligent and voluntary,recognizing the right to waive a jury trial
331,"residence to another part of the state has potential for undue hardship, and this would be especially true if the jury were not sequestered. 3 . Section 16-6-101 provides: (1) The place of trial may be changed: (a)When a fair trial cannot take place in the county or district in which the trial is pending; or (b) When a more expeditious trial may be had by a change in the place of trial from one county to another; or (c) When the parties stipulate to a change in the place of trial to another county in the same judicial district or to a county in an adjoining judicial district. 4 . The view that at common law a trial court had the authority to change venue on its own motion has not received universal acceptance. See, e.g., Patterson v. Faircloth, 256 Ga. 489, 350 S.E.2d 243, 246 (1986) (<HOLDING>). In some states constitutional and statutory",278785,45169,2,case_hold_mc,recognizing without resolving the split in authority on the meaning of the word,recognizing split among district courts,recognizing a split of authority,recognizing circuit split,recognizing the split but not adopting a rule
332,"design was never intended to serve as a warning for boaters. On this record, we are not “left with the definite and firm conviction that a mistake has been committed.” United States Gypsum Co., 333 U.S. at 395, 68 S.Ct. at 542. Moreover, the cases cited by appellants to support their failure to maintain argument are inapposite. These cases concern the government’s failure to maintain various navigational aids, such as buoys and lighthouses. The government’s decision to provide the service, ie., to place a buoy or erect a lighthouse, was held to be a discretionary decision, but the government’s failure to maintain thé structure was not within the discretionary function exception. See, e.g., Indian Towing Co. v. United States, 350 U.S. 61, 69-70, 76 S.Ct. 122, 126-27, 100 L.Ed. 48 (1955) (<HOLDING>); Denham v. United States, 834 F.2d 518, 520-21",279643,45325,1,case_hold_mc,holding that the discretionary function exception may apply in the absence of a conscious decision ,holding that decision to operate lighthouse is discretionary decision while failure to maintain lighthouse is not within discretionary function exception,holding that decision to operate a lighthouse service as an aid to navigation is an exercise of discretion,recognizing a discretionary function exception to that waiver,holding that the united states could be liable under the ftca for the negligent operation of a lighthouse despite the fact that the initial decision to undertake the lighthouse service was discretionary
333,"196, 209, 547 S.E.2d 899, 906 (2001). Code § 18.2-308.2(A) provides as follows, in relevant part: It shall be unlawful for (i) any person who has been convicted of a felony ..., whether such conviction or adjudication occurred under the laws of this Commonwealth, or any other state, the District of Columbia, the United States or any territory thereof, to knowingly and intentionally possess or transport any firearm ... as defined by § 18.2-308.1.... Any p legislature’s determination, in enacting the statute, “that certain individuals — felons—are unfit to possess firearms, even for lawful purposes.” Armstrong, 263 Va. at 582, 562 S.E.2d at 144; see also Alger v. Commonwealth, 267 Va. 255, 590 S.E.2d 563 (2004). Cf. Esteban v. Commonwealth, 266 Va. 605, 609-10, 587 S.E.2d 523, 526 (2003) (<HOLDING>). Accordingly, whether Branch was “confused”",280505,45466,2,case_hold_mc,holding that an indictment that omitted the mens rea element was sufficient because it cited the applicable statutes which informed the defendant of the elements of the charged offenses,holding that conditional intent sufficient to satisfy specific intent mens rea for solicitation to commit murder offense,holding that the legislature intended code  1823081b to create strict criminal liability subject to certain specific exceptions for any person possessing a firearm on school property thus no instruction on the element of mens rea required,holding that the enhanced minimum sentence for discharging a firearm requires no additional mens rea specific to the firing of the gun,holding that a mens rea of unlawfully in the indictment was sufficient because the indictment referenced the applicable statute which required a reckless mens rea
334,"expectation” that “Lex- mark would not use or develop BDT’s technology without the consent and approval of BDT and that Lexmark would conclude a joint d iffers from an express contract only “in the character and quantum of proof necessary to establish them.” Kellum, 21 S.W.2d at 463. Specifically: An express contract is one wherein all the terms and conditions between the parties are set forth while in an implied contract some one or more of the terms or conditions are implied from the conduct of the parties. The former speaks for itself, while a contract implied in fact is one inferred from the circumstances or acts of the parties. Dorton v. Ashland Oil & Refining Co., 303 Ky. 279, 281, 197 S.W.2d 274 (1946). See also, e.g., Perkins v. Daugherty, 722 S.W.2d 907, 909 (Ky.App.1987)(<HOLDING>)(citing Thompson v. Hunter’s Ex’r, 269 S.W.2d",281364,45602,0,case_hold_mc,holding that a contract impliedinfact is shown by evidence of facts and circumstances from which a meeting of minds concerning the mutual promises may be reasonably deduced,holding that in absence of a jurat the fact that the statement was sworn to may be shown by other evidence,holding that parties may stipulate to facts from which jurisdiction may be inferred,holding that a probable cause determination should consider the facts and circumstances known to the officer and of which he has reasonably trustworthy information,holding intent may be inferred from all facts and circumstances
335,"trial court’s choice-of-law determination on appeal, as “its insured adequately represented Lumber-mens’ interests”- until that point. Id. The supreme court agreed with Lumbermens and held that it was entitled to invoke the virtual-representation doctrine to raise on appeal the choice-of-law issue its insured abandoned in order to settle uninsured claims in another suit. Id. at 729. Here, however, BJVSD has not shown that it is an insurer or other party having a duty to pay all or part of the judgment. Furthermore, BJVSD has made no showing that Triton 88 or Triton 2000, as the actual entities bound under the judgment, are unable to adequately represent their own interests and thus, indirectly, those of their limited partner or members. See also City of San Benito, 109 S.W.3d at 755 (<HOLDING>); Motor Vehicle Bd. of Tex. v. El Paso Indep.",282218,45745,0,case_hold_mc,holding that unnamed class members who had contested fairness of proposed settlement and attempted to opt out of class action were entitled to appeal settlement under virtualrepresentation doctrine,holding that entry of settlement decree without notice to putative class members violated the due process rights of the class members,holding that no class member may opt out of a rule 23b1 class action,holding that unnamed class members who object in a timely manner to approval of a settlement at a fairness hearing may appeal without first intervening,holding that an unnamed plaintiff that did not intervene nonetheless had standing to appeal a class action settlement
336,"be called to the stand for the purpose of invoking his or her Fifth Amendment privilege against self-incrimination, the trial court should consider whether the defendant will be unfairly prejudiced by not allowing the potentially exculpatory witness to invoke this privilege in the jury’s presence. E. Denial of Defense Because Appellant was permitted to fully relate his version of the events that transpired on the night of Ms. Mitchell’s death and to introduce testimony in support of his theory of the case, the State argues that he was not prejudiced by Ms. Day not being called to the witness stand. We are concerned, however, that by denying Appellant the opportunity to call Ms. Day to the stand, he was effectively denied the right to fully present his defense. See Gray, 796 A.2d at 716 (<HOLDING>). Given the factual circumstances of this case,",283075,45885,1,case_hold_mc,holding in habeas corpus case that the defendant waived his right to invoke the fifth amendment during his direct testimony and that any prejudice deriving from the invocation of the privilege is  attributed to his decision to testify ,recognizing that exercise of trial courts decision regarding witness invocation of fifth amendment in jurys presence requires consideration of defendant being entitled to have his defense fully presented to the jury,holding that juveniles request for parent is invocation of fifth amendment rights,holding that an unequivocal invocation of the fifth amendment right to counsel must be presented in a manner that a reasonable police officer under similar circumstances would understand the statement to be a request for the presence of an attorney,recognizing concerns that invocation of fifth anendment in jurys presence will have a disproportionate impact on their deliberations and identifying principle that guilt may not be inferred from exercise of privilege as underpinning of rule that jury should not draw inferences from witness decision to exercise constitutional privilege against selfin crimination
337,"516 U.S. at 199, 116 S.Ct. 619 (quoting East River S.S. Corp. v. Transamerica Delaval Inc., 476 U.S. 858, 866, 106 S.Ct. 2295, 90 L.Ed.2d 865 (1986)); National Enters., Inc. v. Smith, 114 F.3d 561, 565 (6th Cir.1997) (“When a district court exercises its admiralty jurisdiction, that court must apply admiralty law, rather than state law, to the case before it”) This court’s exercise of admiralty jurisdiction “does not result in automatic displacement of state law.” Id. (quoting Jerome B. Grubart, Inc. v. Great Lakes Dredge & Dock Co., 513 U.S. 527, 545, 115 S.Ct. 1043, 130 L.Ed.2d 1024 (1995)). However, admiralty law does require displacement of state law in a great many contexts. See, e.g., Moragne v. States Marine Lines, Inc., 398 U.S. 375, 398-99, 90 S.Ct. 1772, 26 L.Ed.2d 339 (1970) (<HOLDING>); Pearce v. United States, 261 F.3d 643, 647",283937,46028,3,case_hold_mc,holding that admiralty jurisdiction extends to maritime insurance contracts,holding that general maritime law preempts state law,holding that uniformity is as important in maritime survival actions as it is in maritime wrongful death actions,holding that wrongful death actions asserted under admiralty jurisdiction lie under general maritime law for death caused by violation of maritime duties and are not limited to standards of liability created by state law,holding that federal maritime law and not state law applies to all actions for wrongful death in navigable state waters
338,"put, it could cause the jury to focus on English’s character flaws and not on whether her damages are related to the bus accident. The jury may decide English is not entitled to pain and suffering damages, or it may speculate she would use any damage award to abuse drugs. This, of course, would be impermissible reasoning to justify a verdict for Greyhound. The risk of unfair prejudice, however, can be eliminated if English stipulates she will not seek damages for the lien from the State of New York for prescription drug payments, and that she lacked consistency with her medical care both before and after the accident. Her stipulation would diminish the relevance of her drug and alcohol abuse. Cf. Old Chief v. United States, 519 U.S. 172, 191-92, 117 S.Ct. 644, 136 L.Ed.2d 574 (1997) (<HOLDING>). Her stipulation will preclude English from",284796,46171,4,case_hold_mc,holding that a creditor objecting to the dischargeability of a debt under  523a must prove its case by a preponderance of the evidence,holding that as a general rule the prosecution is entitled to prove its case by evidence of its own choice,recognizing that in parental termination proceedings the fundamental liberty interest of parents must be balanced with societys interest in protecting the welfare of children,holding that the probity of the evidence must be balanced against the considerations contained in  90403,recognizing that a partys right to prove its case without stipulations that diminish its full evidentiary force must be balanced with the need to minimize unfair prejudice under rule 403
339,". In Doe v. Alaska Superior Court we required the state on remand to identify specific documents and to explain why they fell within the scope of the executive privilege because the state had objected to disclosing an entire file, not just specific documents within the file. See Doe, 721 P.2d at 626. Contrary to Gwich'in's reading of Doe, this requirement does not place a ""heavy"" burden upon the state to detail why the documents should not be furnished. Gwich'in also relies on Capital Information Group, but that case discussed the state's ""burden"" at the balancing-of-interests stage, not the level of detail required when the agency makes its written determination. See Capital Info. Group, 923 P.2d at 36 (quoting Weaver & Jones, supra note 21, at 31 W.Va. 563, 482 S.E.2d 180, 192 (1996) (<HOLDING>); see also Doe, 721 P.2d at 624-25 (discussing",285652,46316,1,case_hold_mc,holding that there is no statutory deliberative process privilege in arizona and declining to create such a privilege under the common law,holding that deliberative process privilege protects written advice opinions and recommendations to public body from outside consultants obtained during public bodys decistonmaking process,holding that emails among prosecutors relating to decision not to prosecute were covered by the deliberative process privilege,holding that internal emails about how to present an agency decision to the public were covered by the deliberative process privilege,recognizing application of federal deliberative process privilege to internal state communications
340,"a “dramatic change” in Tory’s demeanor since she began living with him. He testified that Tory was happy and content living with him, and it is undisputed that they share common interests, such as the love of outdoor pursuits. It is implicit in the chancellor’s original order awarding custody to appellant that Tory had a good relationship with her father but was happy and content in appellant’s care. Appellee presented no evidence that this has changed. Rather, the evidence shows that Tory continues to enjoy a good relationship with both parents. Appellee did not seek custody on the ground that appellant was an unfit mother. He simply maintained that he was close to Tory and that she was happy and content with him. See Barnes v. Newton, 69 Ark. App. 115, 10 S.W.3d 472 (2000) (<HOLDING>). Moreover, while the evidence demonstrates",286513,46460,0,case_hold_mc,holding in part that there were no material changes in circumstances to justify changing jointcustody order to award custody to the mother where there was no allegation that either parent was unfit,holding that a mother and her two children failed to establish a  1983 claim where there was no evidence that threats made to the mother were directly aimed at the relationship between parent and child,holding that the failure to attach a custody order was not reversible error because there was no showing of prejudice where there was no indication that the respondent was unaware of the placement or custody of the children at any time the motion to terminate stated that dss was given legal custody of the minor children and the record included a copy of an order in effect when the motion was filed that awarded dss custody of the children,holding where there is no duty to defend there is no duty to indemnify,holding that district court has no jurisdiction to take further action where there was no remand order
341,"Husband argues that:. (1) the trial court violated Former Husband’s due process rights by involuntarily dismissing the petition before he had finished presenting his ease; and (2) the trial court erred in dismissing the entire petition based on Former Husband’s inability to establish only one of the listed grounds for modification. We agree with both arguments. Florida Rule of Civil Procedure 1.420(b) governs the involuntary dismissal of actions and provides in pertinent part: After a party seeking affirmative relief in an action tried by the court without a jury has completed the presentation of evidence, any other pa DCA 2001) (“[A]n involuntary dismissal may not be entered before the plaintiff has completed the pres Title Ins. Co. of Pa., 668 So.2d 658, 658 (Fla. 4th DCA 1996) (<HOLDING>). Here, before his case was dismissed, Former",287360,46602,2,case_hold_mc,holding that the district court did not abuse its discretion when it dismissed the case without prejudice because the plaintiff failed to properly serve the defendant within 120 days after filing the complaint,holding that the plaintiff failed to establish a prima facie case of retaliation because there was no evidence that the decisionmaker knew of the plaintiffs protected conduct,holding that the trial court properly dismissed the entire multicount complaint because the plaintiff failed to establish a prima facie case as to any of the counts,holding that plaintiff could not establish prima facie case of discrimination where plaintiff failed to meet minimum qualifications for job,holding to establish a prima facie case of racial discrimination a plaintiff must show he 1
342,"spoken to and appeared “O.K.” during the 7:30 a.m. and 8:00 a.m observations. J.A. at 288-89, 291, 741. Even with the benefit of hindsight, Dr. Ismailoglu testified that Stanford’s seizure at 8:10 a.m on April 26, 1998 was “the first concrete evidence that there was a neurological disorder going on.” J.A. at 674 (Ismailoglu Dep. at 60:22-24). In short, nothing in this record supports the conclusion that Lindsay had inferred the existence of a substantial risk of serious harm. With respect to Lindsay’s phone call to Dr. Ismailoglu, the record does support a conclusion that the sergeant may have failed to relate all relevant information concerning Stanford’s condition. There is no evidence, however, that Lindsay’s omissions were deliberate. See Estelle, 429 U.S. at 106, 97- S.Ct. 285 (<HOLDING>). Accordingly, while the record might support a",288214,46738,2,case_hold_mc,holding that the eighth amendment protects prisoners only from deliberate indifference to their serious medical needs,holding that in order to state a violation of the eighth amendment an inmate must demonstrate that prison officials showed deliberate indifference to serious medical needs,holding that prisoner must allege acts or omissions evidencing deliberate indifference to serious medical needs,holding that a sentence of incarceration would constitute deliberate indifference to defendants medical needs,holding that deliberate indifference to prisoners medical needs is cruel and unusual punishment
343,"the family home or place of business as an enclave exempted from the reach of most creditors.” U.S. v. Rodgers, 461 U.S. 677, 684, 103 S.Ct. 2132, 76 L.Ed.2d 236 (1983). Id. In the seminal case of Swayne v. Chase, 88 Tex. 218, 225, 30 S.W. 1049 (Tex.1895), the plaintiffs’ home was destroyed by fire, and the Texas Supreme Court ruled that the proceeds of an insurance policy take the place of the property loss, and that the Texas courts may not limit the value of such funds under the homestead exemption. Id. at 225-27, 30 S.W. 1049 (stating that “the courts of this state have no power to say that only a reasonable portion of such a fund shall be exempt. It is all exempt when derived from a policy on the homestead improvements.”); Price v. Price, 394 S.W.2d 855, 858 (Tex.Civ.App.1965) (<HOLDING>). Moreover, in In re Barbe, No. 05-21054, 2006",289072,46874,2,case_hold_mc,holding that where one spouses arson destroyed the house which both spouses owned as tenants by the entireties the innocent spouse was entitled to recover under their fire insurance policy for her share of the loss,holding that the proceeds of a liability insurance policy were not property of the estate,holding that when the house  is destroyed by fire and there exists thereon a policy by insurance the money arising therefrom stands in the place instead of such house  the proceeds of the policy therefore take the place of the property loss,holding that obligation to pay mortgage on home was satisfied by payment of fire insurance proceeds where husband maintained fire insurance policy,holding agent liable for fire damage to the house his customer was building when the agent after agreeing to have a builders risk policy issued on the house failed to notify the customer that he had not procured such a policy
344,"in 2002, an abdominal and a back examination administered by a registered nurse practitioner in 2001, and an abdominal and back examination in 1998 by an examiner whose education, training, or experience is not ascertainable from the record. Neither section 5103A nor the implementing regulations define the term “medical examination,” and neither party cites any judicial decision interpreting this term. The Secretary argues that the examinations were adequate because, among other things, this Court affords no greater deference to a physician versus other healthcare professionals. Secretary’s Br. at 22. We have never required, nor do we intend to do so here, that medical examinations under section 5103A only be conducted by physicians. See, e.g., Goss v. Brown, 9 Vet.App. 109, 114 (1996) (<HOLDING>); Williams v. Brown, 4 Vet.App. 270, 273 (1993)",289929,47027,1,case_hold_mc,recognizing that only a claimant is entitled to the secretarys assistance in the development of the facts pertinent to the claim the benefit of the doubt and the determination whether the claim is well grounded,recognizing that nurses statements regarding nexus were sufficient to make a claim well grounded,holding that medical evidence as to nexus to service expressed as very well might have been although not conclusive suffices to well ground claim,holding that a failure to make out a hostile work environment claim effectively disposes of the constructive discharge claim as well,recognizing that vcaa requires remand for readjudication if claim had been denied as not well grounded
345,"permitted to speak made statements similar to the one the excluded witness would have made. We hold that the IDC did not violate appellant’s constitutional right to due process by denying him the right to call his third witness. Although the Supreme Court has recognized that “the unrestricted right to call witnesses from the prison population carries obvious potential for disruption,” Wolff, 418 U.S. at 566, 94 S.Ct. at 2979, and that prison disciplinary committees may sometimes deny a defendant the right to call redundant and unnecessary witnesses, see, e.g., Malek v. Camp, 822 F.2d 812, 815 (8th Cir.1987), prison disciplinary committees may not deny a defendant the right to call important witnesses solely for the sake of administrative efficiency. See, e.g., Graham, 772 F.2d at 446 (<HOLDING>); cf. Bartholomew, 665 F.2d at 918 (“A blanket",290791,47159,2,case_hold_mc,holding that a student has a right to counsel in a university disciplinary hearing where there is a pending criminal charge for the same incident but noting that the attorneys role at the disciplinary hearing is limited to safeguarding the students rights at the criminal proceeding and not to affecting the outcome of the disciplinary hearing,holding that where the conviction was final the disciplinary commission was not authorized to assume the roles of both an accusatory tribunal and the ultimate determiner of guilt and that the separation of responsibility between the disciplinary board and the disciplinary commission provides constitutional due process,holding that a prison disciplinary committee violated inmates rights to procedural due process by refusing to call their witnesses even though the disciplinary hearing took place in the aftermath of a riot and the resulting disciplinary caseload was ex tremely heavy,recognizing due process right to notice and informal hearing in school disciplinary process,holding that prison disciplinary hearing committee members are entitled to qualified immunity
346,"the amount of $55,196.70, and punitive damages in the amount of $110,393.40. Plaintiffs are further entitled to forfeiture damages against Defendant Fell in the amount of $40,177.00, and punitive damages in the amount of $40,177.00. Defendant Lee is jointly and severally liable for Belliard’s and Fell’s forfeiture damages. All of the remaining claims and counterclaims are dismissed with prejudice. The Clerk shall enter Judgment in accordance with this Opinion. 1 . ""STRE” is intended to stand for ""Strength” and ""UTY” is intended to stand for ""Unity.” 2 . This action was originally referred to this Court for general pretrial supervision and Reports and Recommendations on dispositive motions, pursuant to 28 U.S.C. § 636(b)(1)(A)-(C). 3 , 395 U.S. 653, 89 S.Ct. 1902, 23 L.Ed.2d 610 (1969) (<HOLDING>)). Likewise, courts that have applied the",291650,47296,0,case_hold_mc,holding that the contract doctrine of licensee estoppel was trumped by the federal policy embodied in the patent laws,holding that an exclusive license granting the licensor a reversionary interest in the patent in the event of the licensees bankruptcy was a grant of all substantial rights such that the licensee could sue for patent infringement,holding that  1338a jurisdiction inures when a complaint establishes that federal patent law creates the cause of action or that the plaintiffs right to relief necessarily depends on resolution of a substantial question of federal patent law in that patent law is a necessary element of one of the wellpleaded claims,holding patent policy incorporated by reference into patent agreement,holding action did not arise under the patent laws
347,"a plaintiff seeking to recover on a damages judgment in an official-capacity suit must look to the government entity itself. Id. at 165, 105 S.Ct. 3099. The Eighth Circuit Court of Appeals has instructed that courts should assume that an action brought against an individual is brought against that individual solely in that individual’s official capacity when a complaint is silent on the issue. Egerdahl v. Hibbing Community College, 72 F.3d 615, 619 (8th Cir.1995) (“[A] plaintiff who wishes to sue a state official in his personal capacity must so specify in her complaint. .. If a plaintiffs complaint is silent about the capacity in which she is suing the defendant, we interpret the complaint as including only official-capacity claims.”); Nix v. Norman, 879 F.2d 429, 431 (8th Cir.1989) (<HOLDING>); accord Wells v. Brown, 891 F.2d 591, 592 (6th",292505,47429,1,case_hold_mc,holding that nature of alleged bias must be personal and not arising out of litigation,holding that individualcapacity suits must be clear enough to notify defendant of the personal nature of the suit,holding that a finding of fraud may be reversed only for clear error but that the finding must be judged in view of the clear and convincing burden of proof,holding that the waiver of sovereign immunity must be clear and unequivocal,holding that the person claiming the privilege must set forth with enough particularity to enable the court to make an informed decision the nature of the material withheld and of the threat to the national security should it be revealed
348,"to alter or amend under Rule 59(e) (Rule 59(e) motions are required to be filed within ten days of entry of the judgment) and, in case the court granted the motion for untimely filing, she included the motion to alter or amend and her arguments on the merits. 2 . For its authority to consider Susan’s claim of ""unusual circumstances,” the Bankruptcy Court relied on the judicially-created doctrine pursuant to which a court may allow the filing of an untimely notice of appeal, where the filing is untimely because of reasonable reliance on the erroneous actions of the court. We do not decide whether this doctrine is applicable to an untimely Rule 59(e) motion to alter or amend a judgment. Cf. Thompson v. INS, 375 U.S. 384, 387, 84 S.Ct. 397, 398-99, 11 L.Ed.2d 404 (1964) (per curiam) (<HOLDING>); Ostemeck v. Ernst & Whinney, 489 U.S. 169,",293365,47569,4,case_hold_mc,holding complaint made first in amended motion for new trial when juvenile had notice of the issue before trial and during both phases was untimely,holding that notice of appeal was not effectively taken where appeal was filed simultaneously with timely motion for reconsideration because when timely motion for reconsideration is filed a notice of appeal filed prior to disposition of the motion to reconsider has no effect,holding that a district court may not construe an untimely notice of appeal as a motion for extension of time,holding that an untimely postjudgment motion does not toll the time for filing a notice of appeal and that this court has no jurisdiction over an untimely filed appeal,holding that lower courts representation that rule 519b motion for new trial was timely when it was not constituted unique circumstances to excuse untimely notice of appeal
349,"possible consequences of confessing the Department’s motion to terminate her parental relationship with N.A., I.S., and D.S. She explains that because the hearing affected her fundamental rights as a parent, she was entitled to a full advisement concerning the effect of her decision. While we have already affirmed that a natural parent has a “fundamental liberty interest in the care, custody and management of his or her child,” we have also held that the General Assembly has safeguarded this fundamental intex-est by enacting the Termination Act. B.B. v. People, 785 P.2d 132, 136 (Colo.1990). In B.B., we determined that the Termination Act fux1-thered “the legislative purposes of preserving and strengthening family ties whenever possible while still protecting the child’s welfare.” Id. (<HOLDING>). There, we also concluded that the detailed",294218,47717,4,case_hold_mc,recognizing that the integrity of the family unit has found protection in the due process clause of the fourteenth amendment,recognizing that the duty has been applied to accountants,holding that a claim under the equal protection section of section 19853 requires proof of classbased animus,holding to the effect that a court must consider section 24 fifth in conjunction with the antidiscrimination provisions of the bankruptcy reform act of 1978 as amended which are codified at title 11 of the united states code,recognizing that the pertinent protection has been codified under section 193604 6 crs 2003
350,"212 F.3d 1162, 1163 (9th Cir.2000) (reversing a “found in” conviction of an alien who was detected on a surveillance video camera as he crossed the border and except for a split second never left the agent’s sight before his arrest). On the other hand, where an individual evades the government’s detection, even for a brief time, we have held that he has legally entered the country free of official restraint and may be convicted of a “found in” offense. See United States v. Ramos-Godinez, 273 F.3d 820, 824-25 (9th Cir. 2001) (affirming a “found in” conviction where law enforcement observed the defendant cross the border but lost sight of him for two significant periods of time before his apprehension); United States v. Hernandez-Herrera, 273 F.3d 1213, 1219 (9th Cir.2001) (<HOLDING>). Bello-Bahena asserts that a rational jury",295076,47847,0,case_hold_mc,holding that an alien  who was being pursued by law enforcement and escaped into thick brush out of sight of law enforcement for a period before his arrest was free from official restraint,holding that law enforcement commission was a benefit of employment,holding that while law enforcement officers properly separated and assumed possession of a cell phone from arrestees person during the search incident to arrest a warrant was required before the information data and content of the cell phone could be accessed and searched by law enforcement,holding that a question about present employment in field of law enforcement did not trigger disclosure of past employment in field of law enforcement,holding peace officer who responded to a request from another law enforcement agency for assistance had authority to complete the investigation and make an arrest
351,"Mr. Lang argues that the district court erroneously admitted Galen Ure’s testimony. We review evidentiary rulings under an abuse of discretion standard and reverse district court rulings only' for “a clearly erroneous finding of fact or an erroneous conclusion of law or ... a clear error in judgment.” United States v. Jenkins, 313 F.3d 549, 559 (10th Cir.2002). We find Mr. Lang’s argument without merit. The district court admitted Mr. Ure’s testimony as non-hearsay under Fed R. Evid. 801(d)(2)(E). We do not determine the applicability of Fed R. Evid. 801(d)(2)(E), however, because Fed R. Evid. 801(d)(2)(A) permits Mr. Ure’s testimony regarding Mr. Lang’s statements as a non-hearsay admission by party-opponent. See In re Slack-Horner Foundries Co., 971 F.2d 577, 579-80 (10th Cir.1992) (<HOLDING>). “A statement is not hearsay if .... [t]hé",295919,47985,3,case_hold_mc,holding that we may affirm on an alternative basis supported by the record,recognizing this court may affirm for any reason supported by the record,recognizing that this court may affirm summary judgment on grounds other than those relied upon by the motion justice,holding we may affirm on any grounds supported by the record even those not relied upon by the district court,holding this court may affirm on any grounds supported by the record even if different from the district courts grounds
352,"before a different judge. This is only done where special circumstances warrant it, that is, where we are persuaded that the original judge would have substantial difficulty in putting out of her mind her previously expressed views, or where reassignment is advisable to preserve the appearance of justice. United States v. Robin, 553 F.2d 8, 10 (2d Cir.1977) (in banc) (per curiam). No special circumstances here suggest reassignment before a different judge and we decline therefore to take such action. Of course, on remand, the government cannot withdraw its § 5K1.1 motion, as that action under the circumstances would be a violation of defendant’s due process rights protected by the Fifth Amendment. Cf. Blackledge v. Perry, 417 U.S. 21, 28-29, 94 S.Ct. 2098, 2103, 40 L.Ed.2d 628 (1974) (<HOLDING>). Finally, as we have already concluded that",296775,48117,3,case_hold_mc,holding statutory interpretation is subject to de novo review,holding following whitney that defendant was deemed to have waived right to a de novo jury trial where failure to appear at de novo trial was due to his own neglect in not informing the clerks office of his change of address,holding that the proper review for the trial courts application of the law is de novo,holding that it was not constitutionally permissible for the state to respond to defendants invocation of his statutory right to appeal by bringing a more serious charge against him prior to the trial de novo ,holding that the defendant by not bringing his knowledge of possible juror bias to the attention of the district court prior to verdict waived his right to a new trial
353,"the authority of the Superior Court. See Hicks, 485 U.S. at 632 (“If the relief provided is a fine, it is . . . punitive when it is paid to the court, though a fine that would be payable to the court is also remedial when the defendant can avoid paying the fine simply by performing the affirmative act required by the court’s order.”); see also Roe I, 919 F.2d at 870 (“[I]f the fine is unconditionally payable to the court, the relief is punitive, not remedial, and the contempt proceeding is, by definition, criminal.”). Since the retroactive fine of $105,000 was fixed, unconditional, lacked a sufficient evidentiary basis, and was not made payable to VITA, the Court finds that it was a criminal contempt sanction. See, e.g., United States v. Pozsgai, 999 F.2d 719, 735 (3d Cir. 1993) (<HOLDING>); McDonald’s Corp., 727 F.2d at 87 (noting that",297632,48254,0,case_hold_mc,holding that a contempt order labeled by the district court as civil was actually a criminal contempt because the order was retroactive seeking to penalize previous violations and was punitive serving no compensatory purpose,holding that 25 surcharge added to fees that otherwise would be compensatory was a criminal contempt sanction even though it was payable to the adverse party and not to the court reversing order for sanctions because court did not follow procedural requirements for criminal contempt,holding corporation and its president in criminal contempt because previous order of civil contempt had not been purged,holding that mothers failure to appeal prior contempt order precluded her challenge to prior order in appeal from later order entered based upon prior contempt order,holding that a civil contempt defendant has a right to a jury trial when the act of contempt was not committed in the presence of the court and when the incarceration is in part punitive
354,"is to shield minors from sexual contacts with adults in general, Wiley, 995 F.2d at 464-65, and with teachers in particular, see discussion infra part II.B.3. New Jersey’s public policy has the same effect. See Tots & Toddlers, 571 A.2d at 303-04; accord Morton Int'l, Inc. v. Gen. Accident Ins. Co., 134 N.J. 1, 629 A.2d 831, 879 (1993) (“We cited [Tots & Toddlers ] ... as illustrative of conduct that was so inherently injurious as to warrant the conclusion that intent to injure could be presumed.”), cert. denied, — U.S. -, 114 S.Ct. 2764, 129 L.Ed.2d 878 (1994); see also Atlantic Employers Ins. Co. v. Chartwell Manor Sch., 280 N.J.Super. 457, 655 A.2d 954 (App.Div.1995) (condemning sexual abuse of student by teacher); A C.R. v. Vara, 264 N.J.Super. 565, 625 A.2d 41 (Law Div.1992) (<HOLDING>). Because the contacts in this ease",298487,48403,4,case_hold_mc,holding that a teacher could not sue as a representative of her students under unruh,holding that a school district was not liable for sexual molestation of plaintiffs daughter by a teacher even though the acts occurred on school property and during school hours,holding that an abuse or molestation exclusion unambiguously covered claim of sexual touching even though terms abuse and molestation were not defined,holding that a seventeenyearold student lacked the capacity to consent to engage in sexual conduct with a teacher and consequently her allegations of a seeminglyconsensual sexual relationship with the teacher were sufficient to state a  1983 claim based on a violation of substantive due process,holding that sexual molestation of students by teacher is presumed to result in physical injury
355,"a public use.); see also Kam-Almaz v. United States, 682 F.3d 1364, 1371 (Fed.Cir.2012) (explaining that property seized and retained pursuant to the police power is not taken for a ""public use""); Steward v. United States, 80 Fed.Cl. 540, 543 (Fed.Cl.2008) (""[The loss, depreciation or damage of items confiscated in the context of a criminal investigation cannot be the basis of a takings claim in this court.""). 7 . See also United States v. One 1979 Cadillac Coupe De Ville, 833 F.2d 994, 1000 (Fed.Cir. 1987) (noting that an acquittal ""did not make the government seizure and possession [of property related to the crime with which the defendant was charged but ultimately acquitted] any less proper, or convert that seizure into a taking""); Seay v. United States, 61 Fed.Cl. 32, 33-35 (2004) (<HOLDING>). 8 . See, eg, § 25-1.5-106, C.R.S.2013; §§",299331,48546,0,case_hold_mc,holding that the subject of a criminal investigation did not state a takings claim even though a ruptured pipe at a government storage facility had rendered his property nearly worthless and despite the fact that he was never indicted,holding that a defendant did not otherwise defend even though he had appeared before the court,holding that the plaintiff filed suit within the statute of limitations even though he could not prove the time at which he mailed his petition,holding that sufficient evidence supported a federal conviction for aiding and abetting the unlawful possession of a firearm when there was evidence that the defendant had driven the ultimate possessors of the pipe bomb to a store had purchased gunpowder for them with the understanding that they planned to use it to build pipe bombs had observed the possessors build the pipe bombs in his garage using his tools had seen the finished product and had told the possessors to go light the pipe bombs somewhere else,holding that the appellant had not changed his residence from his registered address despite the fact that the house had never had electricity service during the time that he had lived there
356,"v. State, 666 So.2d 36, 53 (Ala.Crim. App.1994) (“It is the holding of this Court that the opinion of the friends or relatives of the defendant that the defendant should not be sentenced to death is not a relevant mitigating circumstance for the jury to consider at the penalty phase of a capital case.”). The trial court expressed its concern that testimony of religious leaders and lawyers regarding the propriety of the death penalty was not relevant mitigating evidence, and it may urge jury nullification of state law. We agree. See Glass v. Butler, 820 F.2d 112, 115-16 (5th Cir.1987) (concluding that a priest’s testimony that the church is opposed to the death penalty is not relevant mitigation evidence); Commonwealth v. Daniels, 537 Pa. 464, 644 A.2d 1175, 1183 (1994) (per curiam) (<HOLDING>). {29} Clark next asserts that proportionality",300189,48688,3,case_hold_mc,recognizing that although there were no limits placed on the defense counsels preparation it was surely reasonable for the defense to assume that there was no reason to present argument or evidence directed at whether the death penalty was either appropriate or permissible where the prosecution never argued for the application of the death penalty,holding that leaning towards the death penalty is not the same as an automatic vote for the death penalty,holding that the death penalty is unconstitutional as applied to juvenile defendants,holding that the trial judge properly restricted defense counsels references to the bible in support of his argument that the death penalty is morally wrong,holding that a new trial was warranted where the prosecutor stated as the bible says and the murderer shall be put to death
357,"the failure of the agents to accurately inform respondent of the place to which they were transporting his luggage, of the length of time he might be dispossessed, and of what arrangements would be made for return of the luggage if the investigation dispelled the suspicion.” Id. at 710, 103 S.Ct. 2637. Turning to the the instant case, we conclude that the facts presented by the plaintiffs are sufficient to show that Trooper Kiefer’s four-day detention of the plaintiffs’ green cards based upon mere reasonable suspicion was unreasonable in duration. Both the Supreme Court and this circuit have found property seizures of much shorter duration than the four days presented herein to be unreasonable when based upon less than probable cause. See, e.g., Place, 462 U.S. at 709, 103 S.Ct. 2637 (<HOLDING>); Saperstein, 723 F.2d at 1233 (holding 13/é",301046,48828,2,case_hold_mc,holding that officer did not use excessive force even though plaintiff experienced pain and minor skin abrasions from handcuffs that were applied tightly for twenty minutes,holding that exhaustion requirement applies to excessive force claims,holding ninety minutes excessive,holding suspect for 20 minutes constituted an arrest,holding the eighth amendment succinctly prohibits excessive sanctions it provides excessive bail shall not be required nor excessive fines imposed nor cruel and unusual punishments inflicted 
358,"""claim,” that term has been defined in the Federal Acquisition Regulation as ""a written demand or written assertion by one of the contracting parties seeking, as a matter of right, the payment of money in a sum certain, the adjustment or interpretation of contract terms, or other relief arising under or relating to the contract.” 48 C.F.R. § 2.101. Therefore, for claims exceeding $100,000, the contractor must certify that: the claim is made in good faith; the supporting data is accurate and complete; and the amount requested accurately reflects the amount for which the contractor believes the Government is liable. See 41 U.S.C. § 605(c)(1). Government argues in this case that no certification is required. See Placeway Constr. Corp. v. United States, 920 F.2d 903, 906-07 (Fed.Cir.1990) (<HOLDING>). 8 . For example, Remcon asserts that ""the",301903,48968,2,case_hold_mc,holding that an incidental beneficiary does not have standing to sue for breach of a contract,holding the government liable to plaintiffs for breach of contract,holding that government claim seeking incidental and consequential damages for plaintiffs alleged breach of contract did not require certification,holding that consequential damages are not to be considered,holding that plaintiffs consequential damages were too speculative because no evidence connected damages to defendants breach of contract
359,"evidence, we turn to the question whether the evidence is relevant. Evidence is relevant if it increases or decreases, even slightly, the probability of the existence of any material fact in issue. Hampton, 317 Or at 255. In this case, the state argues that the proffered evidence was not relevant for two reasons. It observes initially that evidence of Davis’s violent acts against others is relevant to prove defendant’s motive only if defendant knew of those acts. On this record, the state contends, a reasonable juror could not find that defendant knew what Davis had done to others. We agree that Davis’s violent acts towards others are relevant to prove that defendant feared Davis only if defendant was aware of those acts. See State v. Horseman, 52 Or 572, 579, 98 P 135 (1908) (<HOLDING>). As the state notes, without defendant’s",302760,49105,1,case_hold_mc,recognizing principle but finding evidence at first trial sufficient,recognizing principle,recognizing this principle as a settled rule,recognizing this principle in the childpornography context,recognizing this principle in the failure to hire context
360,"the Supreme Court of Nevada stated that “the defenses preserved by Nevada’s Uniform Enforcement of Foreign Judgments Act and available under NRCP 60(b) are limited to those defenses that a judgment debtor may constitutionally raise under the full faith and credit clause and which are directed to the validity of the foreign judgment.” Rosenstein v. Steele, 103 Nev. 571, 573, 747 P.2d. 230, 232 (1987) (per curiam) (citations omitted); see also Marworth, Inc. v. McGuire, 810 P.2d 653, 657 (Colo. 1991) (en banc) (stating that under the Colorado UEFJA “[o]ur courts may consider C.R.C.P. 60(b) motions for relief from a foreign judgment only to the extent permitted by the full faith and credit clause”); Carr v. Belt, 1998 MT 266, ¶42, 291 Mont. 326, 338-39, 970 P.2d 1017, 1024 (1998) (<HOLDING>); Wooster v. Wooster, 399 N.W.2d 330, 333 (S.D.",303606,49247,4,case_hold_mc,holding this rule does not deny full faith and credit,holding that a federal court must enforce a state court judgment under the full faith and credit statute where diversity jurisdiction exists,holding that the district court lacked authority to enforce a foreign judgment where the plaintiff filed only an affidavit describing the foreign judgment and not a certified copy of the judgment itself in the first instance,holding that a judgment of another states court is entitled to full faith and credit j when the judgment is considered final under the laws of the rendering state,holding that a foreign judgment filed under the montana uefja may not be subjected to the same defenses and proceedings for reopening or vacating as a domestic judgment and remain consistent with full faith and credit  the only defenses that may be raised to destroy the full faith and credit obligation owed to a final judgment are those defenses directed at the validity of the foreign judgment
361,"negligent misrepresentation against Paychex and Walker. To state a claim for negligent misrepresentation, a plaintiff must allege that “(1) the defendant made a representation in the course of its business or in a transaction in which it had an interest, (2) the defendant supplied false information for the guidance of others in their business, (3) the defendant did not exercise reasonable care or competence in obtaining or communicating the information, and (4) the plaintiff suffered pecuniary loss by justifiably relying on the representation.” Cunningham v. Tarski, 365 S.W.3d 179, 186-87 (Tex.App.2012). Plaintiff alleges that Paychex and Walker made false representations in the course of their business when Walker, as Paychex’s agent, “sent a written communication that was intended (<HOLDING>). Again, the real question is whether Plaintiff",304459,49387,0,case_hold_mc,holding insureds claim against insurance agent for negligent misrepresentation not preempted by erisa agent told insured he would be covered for workrelated injuries when he in fact was not,holding that a negligent misrepresentation claim brought by an independent third party health care provider was not preempted by erisa,holding misrepresentation claim to be preempted,holding that insurance broker is generally agent of insured,holding that legal injury occurred for purposes of negligence action against insurance agent when insurance company rejected the claim
362,"on or over navigable waters.” MLC Fishing, Inc. v. Velez, 667 F.3d 140, 142 (2d Cir.2011). Therefore, general maritime jurisdiction does not encompass injuries caused on extensions of land, which fail the necessary locality prong articulated in Vasquez. In addition to general maritime jurisdiction, Congress has created an express right for “[a] seaman injured in the course of employment ... to bring a civil action at law ... against the employer” in federal court. 46 U.S.C. § 30104 (“Jones Act”). The Jones Act thus creates an explicit cause of action, which in turn provides a predicate for federal jurisdiction based on federal question jurisdiction, distinct from general maritime jurisdiction. See Nielsen v. Weeks Marine Inc., 910 F.Supp. 84, 86-87 (E.D.N.Y.1995) (Nicker-son, J.) (<HOLDING>); see also Holloway v. Pagan River Dockside",305318,49514,2,case_hold_mc,holding that article iii courts have an independent obligation to determine whether subject matter jurisdiction exists,holding that there was no federal subject matter jurisdiction under the private cause of action provision of the act,holding that the jones act provides an independent basis for subject matter jurisdiction,holding that a federal court may adjudicate claims for which there is no independent basis for subject matter jurisdiction if the nonjurisdictional claims are related to other claims for which the does have jurisdiction,holding that a usbased company was an employer under the jones act
363,"public interest in maintaining unimpeded access to the navigable waters of the United States. The appropriate test for determining the geographic limits of navigable wate .D.Va.1960) (“[W]here in the judgement of Congress, or its agents, a structure appears in a navigable stream whieh may affect the regulation of commerce, it is subject to the dominant power to cause the removal of such structure, even though the structure be ‘private property’ and originally not unlawful.”), aff'd 295 F.2d 91 (4th Cir.1961). The government may require substantial and expensive alterations to be made to lawfully created structures when they are found to interfere with access to navigable waters. See Monongahela Bridge Co. v. United States, 216 U.S. 177, 194, 30 S.Ct. 356, 360-61, 54 L.Ed. 435 (1910) (<HOLDING>); Union Bridge Co. v. United States, 204 U.S.",306170,49645,0,case_hold_mc,holding that government has right to remove unreasonable obstructions to navigation and may order removal of bridge,holding that review of an original removal decision and a subsequent removal order are distinct,holding that government may recover expenses incurred in removal of lawfully erected bridge piers found to be obstruction under section 403,holding that any defect in removal procedure must be cured within the 30day removal period or it is fatal to the removal and defendants failure to attach exhibits to the notice of removal within that time required remand,holding that wjaiver of the right to remove must be clear and unequivocal  and that standard was not met by an agreement in which defendants consented to filing of suit in state court but which did not address removal
364,"credible than Mother and Sister. We disagree. Initially, we note Mother and Sister cite no authority for their argument. Therefore, this court may deem this argument abandoned. See Bryson v. Bryson, 378 S.C. 502, 510, 662 S.E.2d 611, 615 (Ct. App. 2008) (“An issue is deemed abandoned and will not be considered on appeal if the argument is raised in a brief but not supported by authority.”). In any event, we find no error in the circuit court’s finding that Lisa overpaid $850.96 to Mother and Sister. Even when this court’s scope of review is broadened in equity cases, “[t]he credibility of testimony is a matter for the finder of fact to judge.” S.C. Dep’t of Soc. Servs. v. Forrester, 282 S.C. 512, 516, 320 S.E.2d 39, 42 (Ct. App. 1984); see Laughon, 360 S.C. at 524-25, 602 S.E.2d at 111 (<HOLDING>). In a bench trial, the judge, as the finder of",307027,49780,4,case_hold_mc,holding that the appellants claim that the circuit court erred in failing to make specific findings of fact as to all claims in the appellants rule 32 petition was not preserved for review because the appellant did not first present the claim to the circuit court,holding the findings of fact required to support an alimony award are sufficient if findings of fact have been made on the ultimate facts at issue in the case and the findings of fact show the trial court properly applied the law in the case,holding that the appellants claim that the circuit court failed to make specific findings of fact relating to issues raised at an evidentiary hearing on the appellants postconviction petition was not preserved for review because the appellant did not raise the issue in the circuit court,holding that the postconviction court is the sole judge of the weight of the evidence and the credibility of witnesses,holding the preponderaneeoftheevidence standard of review does not require this court to disregard the findings at trial or ignore the fact that the circuit court was in a better position to assess the credibility of the witnesses
365,"states that if a plaintiff cannot obtain the required affidavit and report because a party has failed to produce necessary records as required by statute, the plaintiff may submit with the complaint only an affidavit explaining the situation, and the required affidavit and report confirming the claim's merit may be filed within ninety days. If the legislature wanted litigants in the plaintiffs' situation to proceed without filing an amended complaint, it could have included a specific subsection authorizing such a course of action. 40 . Appellants’ Br. 27. 41 . R.165 at 39-40. The additional reasons raised to the district court by the plaintiffs are unrelated to the specific policy they allege on appeal is lacking. 42 . Cf. Egebergh v. Nicholson, 272 F.3d 925, 927-28 (7th Cir.2001) (<HOLDING>); Estate of Gee ex rel. Beeman v. Johnson, 365",307889,49933,2,case_hold_mc,holding that type ii non insulin dependent diabetic plaintiffs raised a genuine issue of material fact by presenting evidence regarding how they could readily monitor their blood sugar levels and maintain them at proper levels during work so as to reduce or eliminate the risk of a hypoglycemic reaction while driving,holding that an adverse party must state specific facts showing there is a genuine issue of fact for trial,holding that there was a genuine issue for trial regarding whether individual officers who withheld insulin from a diabetic detainee were deliberately indifferent,holding that the nonmoving party must go beyond the pleadings to show that there is a genuine issue for trial,holding that there was a genuine issue of material fact precluding summary judgment
366,"719 (1949); Triffin v. Automatic Data Processing, Inc., 411 N.J.Super. 292, 310-11, 986 A.2d 8 (App.Div. 2010). The remedy sought “remains the most persuasive factor.” Weinisch, supra, 123 N.J. at 344, 587 A.2d 615. That said, only the Legislature can confer litigants with a right to a trial by jury if the action did not exist at common law. See State v. Sailor, 355 N.J.Super. 315, 322, 810 A.2d 564 (App. Div.2001) (“When the Legislature wants to provide for the right to a jury trial, it has done so by express provision”). Thus, in Sailor, it was observed that “since 1951, the right to a jury trial for newly created statutory causes of action has been denied unless the statute so provides.” Id. at 320, 810 A.2d 564 (citing Montclair v. Stanoyevich, 6 N.J. 479, 494, 79 A.2d 288 (1951) (<HOLDING>)). In our comprehensive discussion of the right",308746,50072,0,case_hold_mc,holding that convictions before magistrates for small criminal offenses were unknown at common law and therefore defendant had no right to jury trial,holding that a criminal defendant has a sixth amendment right to counsel at trial,holding that when a defendant stipulates to prior convictions in prosecutions for aggravated offenses under ndcc  390801 submission of prior convictions to a jury constitutes reversible error,holding that jury trial not required before imposition of penalty for selling intoxicating liquors contrary to city ordinance reasoning that prior to 1776 the legality of convictions before magistrates for petty offenses and for violations of police regulations without trial by jury was unquestioned,holding that a defendant has right to be represented by counsel in all criminal trials for serious offenses
367,"presumption of correctness. See, e.g., Leith v. Pope, 2 Black. W. 1327, 1328, 96 Eng. Rep. 777, 778 (C.P.1779) (“[I]n cases of tort the Court will not interpose on,account of the largeness of damages, unless they are so flagrantly exces sive as to afford an internal evidence of the prejudice and partiality of the jury”). At-some point, however, when the facts indicated that the presumption of correctness waned and was finally overcome, common law judges used remittitur to reduce unreasonable awards that resulted from the passion or prejudice of the jury. Numerous English cases upheld the power of common law courts to order a new trial if the judges deemed the punitive damages unreasonable. See, e.g., Gilbert v. Burtenshaw, 1 Cowper 230, 98 Eng. Rep. 1059 (K.B.1774) (Mansfield, J.) (<HOLDING>). American courts adopted the same procedure.",309606,50221,4,case_hold_mc,holding that explanations of arbitration awards are not required,holding a circuit courts authority to grant a new trial is so necessary to the judicial process and so essential to fair trials that its existence is a necessary incident to the exercise of judicial power by the circuit court,holding that judicial review of arbitration awards is narrow in scope,recognizing such a ground for judicial review of arbitration awards in this circuit,recognizing judicial power to grant new trial when jury awards of damages are excessive
368,"possession” by a convicted felon. In doing so, the court relied upon decisions from the Eighth and Eleventh Circuits, which have held that placing a convicted felon’s fire arms “in the possession of a [third party] in trust” necessarily constitutes constructive possession by the felon. United States v. Howell, 425 F.3d 971, 977 (11th Cir.2005); see United States v. Felici, 208 F.3d 667, 670 (8th Cir.2000). By contrast, the Seventh Circuit and, to a more limited extent, the Fifth Circuit have suggested that a convicted felon may devise an arrangement in which he recovers the value of the seized firearms without contravening Section 922(g)(1). United States v. Miller, 588 F.3d 418, 419-20 (7th Cir.2009); see also Cooper v. City of Greenwood, 904 F.2d 302, 305-06 (5th Cir.1990) (<HOLDING>). On balance, we are persuaded by the Seventh",310461,50358,1,case_hold_mc,holding that a convicted felon is not entitled to have firearms returned held in trust or sold for his profit,holding that a convicted felon may sue a municipal government to recover the value of seized firearms that he owned,holding that a convicted felon is not entitled to return of firearms or to have firearms held in trust by third party,holding the defendant was a convicted felon within the purview of the federal statute prohibiting the receiving and possession of firearms by a convicted felon where the defendants prior conviction was based on an idaho state probated sentence,holding that dual convictions of possession of a firearm by a convicted felon and possession of ammunition by a convicted felon violated double jeopardy
369,"the relief sought by the Appellant? Standard op Review Declaratory judgment actions are neither legal nor equitable and, therefore, the standard of review depends on' the nature of the underlying issues. Doe v. South Carolina Medical Malpractice Liability Joint Underwriting, 347 S.C. 642, 645, 557 S.E.2d 670, 672 (2001). An action for declaratory judgment that a magistrate’s judgment is void for lack of subject matter jurisdiction is an action at law. Therefore, the master’s findings of fact will not be disturbed on appeal unless found to be without evidence which reasonabl 51 n. 2 (1996) (noting that an unappealed ruling becomes the law of the case and precludes further consideration of the issue on appeal); Cooper Tire & Rubber Co. v. Perry et al, 261 S.C. 538, 201 S.E.2d 245 (1973) (<HOLDING>); Watkins v. Hodge, 232 S.C. 245,-, 101 S.E.2d",311310,50495,2,case_hold_mc,holding that a ruling of the trial court to which no error has been assigned becomes the law of the case and is not subject to review by the court of appeals,holding that an unappealed ruling is the law of the case,holding that where a ruling on a demurrer to complaint is not appealed from it becomes the law of the case,holding an appellate decision becomes the law of the case and is controlling on both the trial court and on any further appeals in the same case,holding that a ruling from a prior decision of this court becomes the law of the case that cannot be challenged in a later proceeding quotation marks omitted
370,"Congress has expressly prescribed the statute's proper reach: ""If Congress has done so [expressly prescribed the statute's proper reach], of course, there is no need to resort to judicial default rules. When, however, the statute contains no such express command, the court must determine whether the new statute would have retroactive effect.... If the statute would operate retroactively, our traditional presumption teaches that it does not govern absent clear congressional intent favoring such a result.” Landgraf v. USI Film Prods., 511 U.S. 244, 280, 114 S.Ct. 1483 (1994); see also Fernandez-Vargas v. Gonzales, 548 U.S. 30, 37, 126 S.Ct. 2422, 165 L.Ed.2d 323 (2006) (quoting United States v. St. Louis, San Francisco & Tex. Ry. Co., 270 U.S. 1, 3, 46 S.Ct. 182, 70 L.Ed. 435 (1926)) (<HOLDING>); Tex. Gov’t Code Ann. § 311.022 (West 2005)",312170,50636,3,case_hold_mc,holding that proof of an explicit agreement is not required,holding that attorneys fee statute using shall language is not discretionary,holding that courts will only find a waiver of sovereign immunity  by the most express language or by such overwhelming implication from the text as will leave no room for any other reasonable construction,holding that a statute shall not be given retroactive effect unless such construction is required by explicit language or by necessary implication,holding same as to an easement by implication
371,"18 . Id.,n 72-79. 19 . Id., ¶¶ 80-87. 20 . Id.,m 88-95.. 21 . Id., ¶¶ 96-104. 22 . Id., ¶¶ 105-115. 23 . Id., ¶¶ 116-126. 24 . Id., ¶¶ 127-136. 25 . Id., ¶¶ 137-143. 26 . Id., ¶¶ 144-153. 27 . Id., ¶¶ 154-170. 28 . Id., «171-177. 29 . Petition, ¶ 7. 30 . Id. 31 . Request for Judicial Notice in Support of Petitioner CarMax’s Opposition to Motion to Dismiss (""RJN”), Docket No. 14 (Feb. 25, 2015). 32 . RJN at 1. 33 . MTD Opposition at 7-8. 34 . MTD Reply at 4. 35 . Petition at 1. 36 . Petition, ¶ 3. 37 . Petition, ¶ 3; see also Complaint at 29. 38 . The petition adequately alleges Hernandez's and CarMax's respective citizenship. An individual like Hernandez is a citizen of the state in which he or she is domiciled. See Gilbert v. David, 235 U.S. 561, 569, 35 S.Ct. 164, 59 L.Ed. 360 (1915) (<HOLDING>); Kanter v. Warner-Lambert Co., 265 F.3d 853,",313025,50773,3,case_hold_mc,holding that the district court did not err in failing to address the defendant personally to determine whether she understood the rights she was waiving by admitting that she violated the conditions of her probation,holding that a plaintiff can show that she is qualified by presenting credible evidence that she continued to possess the objective qualifications she held when she was hired,holding appellant produced no evidence that when she made her complaints to management she ever mentioned that she felt she was being treated unfairly due to her race or sex,holding that a person is a citizen of the state in which she has her domicile ie a permanent home where she intends to remain or to which she intends to return,holding that a plaintiff could not show that she engaged in protected activity because she did not present evidence that she informed her employer that her complaints were based on race or age discrimination
372,"that the sentencing judge could have considered appellant’s statement only for the purposes of lowering her sentence. There is no support for such a proposition. If the judge had the authority to adjust appellant’s sentence downward, he had the authority to adjust it upward. 5 . The district court warned appellant that she was becoming ""defiant” part way through her second statement. Appellant then continued to sp 91, 1094 (11th Cir.2000) (same); United States v. González, 163 F.3d 255, 263-64 (5th Cir.1998) (same); United States v. Abreu-Cabrera, 64 F.3d 67, 73-74 (2d Cir.1995) (same); United States v. Layman, 116 F.3d 105, 108-09 (4th Cir.1994) (same); United States v. Townsend, 33 F.3d 1230, 1231 (10th Cir.1994) (same); with United States v. Clay, 37 F.3d 338, 340 (7th Cir.1994) (<HOLDING>). This circuit has not decided this issue, but",313885,50945,3,case_hold_mc,holding that timely filing of rule 35c predecessor to rule 35a  motion renders otherwise final order of district court nonfinal until disposition of that motion,holding that once a sentence is imposed it is a valid final judgment until it is reversed or vacated,holding that oral imposition of sentence begins seven day clock for rule 35c,holding that a sentence is not imposed until judgment enters for purposes of rule 35c,recognizing that a criminal prosecution is not complete until a sentence has been imposed
373,"and Laughlin Steel, 301 U.S. at 22, 57 S.Ct. 615 (NLRB order concerning unfair labor practices at a steel mill directly affected interstate commerce). In other instances, “the regulation can reach intrastate commercial activity that by itself is too trivial to have a substantial effect on interstate commerce but which when aggregated with similar and related activity, can substantially affect interstate commerce.” United States v. Ho, 311 F.3d 589, 599 (5th Cir.2002); see also Wickard v. Filburn, 317 U.S. 111, 127-28, 63 S.Ct. 82, 87 L.Ed. 122 (1942). As an initial matter, the panel correctly determined, unlike other courts, that the “regulated activity” under the ESA is Cave Species takes, not the appellants’ planned commercial development of the land. GDF Realty, 326 F.3d at 633-34 (<HOLDING>) (citing Jones and Laughlin Steel, 301 U.S. at",314742,51082,4,case_hold_mc,holding that regulation of unfair labor practices in mining regulated production not commerce,recognizing that navigable waters railroads and highways are channels of commerce which can be regulated under congress commerce powers,holding that dormant commerce clause complaint by instate resident against municipality failed on merits because challenged rule regulated evenhandedly and did not burden interstate commerce,holding that the statute as applied violates the commerce clause,recognizing that looking beyond the regulated activity  would effectually obliterate the limiting purpose of the commerce clause
374,"is therefore ORDERED, ADJUDGED and DECREED that: 1. The order dismissing case no. 95-03110 is SET ASIDE; 2. The order granting the motion for relief from stay (filed by Jim Walter Homes) in case no. 95-03110 is SET ASIDE; 3. A discharge shall be granted to the debtor in case no. 95-03110 for his successful completion of all payments under his confirmed plan; 4. Jim Walter Homes’ Motion to Dismiss in the pending case is DENIED; and 5. Jim Walter Homes’ Objection to Confirmation in the pending case is OVERRULED. A separate confirmation order will be entered in this case. 1 . At the time of the hearing, the debtor admitted that the home was uninsured. Shortly after the heari scretion in deciding whether to dismiss under § 109(g)(2). E.g., In re Luna, 122 B.R. 575, 577 (9th Cir. BAP 1991) (<HOLDING>); In re Copman, 161 B.R. 821, 823-24",315601,51217,4,case_hold_mc,holding that the discretionary function does not apply where the decisionmaker lacks authority,recognizing that the application of a retroactive amendment is discretionary,holding that discretionary immunity does not apply where plaintiff alleged facts that if true constituted a breach of states duty of reasonable care,holding that  109g2 does not apply when there was no unresolved motion pending at the time when the debtor sought dismissal,holding that  109g2 is discretionary and does not apply if mechanical application would lead to unwarranted results
375,"the one in this case: A recognized exception to this duty to segregate arises when the attorney’s fees rendered are in connection with claims arising out of the same transaction and are so interrelated that their “prosecution or defense entails proof or denial of essentially the same facts.” Flint & Assoc. v. Intercontinental Pipe & Steel, Inc., 739 S.W.2d 622, 624-25 (Tex.App.-Dallas 1987, writ denied). Therefore, when the causes of action involved in the suit are dependent upon the same set of facts or circumstances and thus are “interwined to the point of being inseparable,” the party suing for attorney’s fees may recover the entire amount covering all claims. Gill Sav. Ass’n v. Chair King, Inc., 783 S.W.2d 674, 680 (Tex.App.-Houston [14th Dist (Tex.App.-Texarkana 1999, no pet.) (<HOLDING>); Aetna Cas. & Sur. v. Wild, 944 S.W.2d 37, 41",316451,51367,4,case_hold_mc,holding that a failure of proof regarding a required element of a case necessarily renders all other facts immaterial and further analysis unnecessary,holding segregation was necessary because breachofcontract claim required proof of different elements than other claims,recognizing that production of a written insurance policy was unnecessary to prove the existence of the policy because the proof required was proof of the fact of insurance and not of the contents of a writing,holding that contract and tort claims were capable of segregation in part because these claims required proof of different elements,holding trial court should have required segregation because tort claims entailed proof of facts unnecessary for proof of the contract claim
376,"is reasonably made. Jones v. State, 467 N.E.2d 681, 684 (Ind.1984). Where the trial court finds the existence of aggravating or mitigating circumstances, it is required to state its reasons for the sentence imposed. Ind.Code § 35-38-1-3. The statement should include an identification of the significant aggravating and mitigating circumstances, specific facts and reasons leading the court to find the existence of such circumstances, and an articulation demonstrating that the mitigating and aggravating circumstances have been evaluated and balanced in determining the sentence. Harris v. State, 659 N.E.2d 522, 527-528 (Ind. 1995). However, the finding of mitigating circumstances is not required and falls within the trial court’s discretion. Id. at 528; see also Jones, 467 N.E.2d at 684 (<HOLDING>). Further, “[a] trial court is not obligated to",317308,51506,0,case_hold_mc,holding that it was appropriate for the trial court to find that lack of a prior criminal record was not a mitigating factor in light of the violent nature of the crime committed,holding that under  5k213 no departure may be given where the crime was violent in nature,holding that the illinois crime of failure to report for imprisonment is not a violent felony for purposes of the armed career criminal act,holding that the district court did not err in finding the record sufficient to conclude prior conviction qualified as a violent felony for purposes of the acca as the evidence was sufficient to conclude the criminal action charged in one court was the basis for a judgment against the defendant in a different court,holding that trial judges do not have discretion to reject a mitigating factor altogether despite evidence in the record
377,"paid by the witness, and the law enforcement procedures used to elicit the witness’s memory”); U.S. v. Hall, 165 F.3d 1095, 1101 (7th Cir.1999) (no abuse of discretion where district court excluded expert testimony regarding “the scientific bases for eyewitness identification” and “factors that give rise to suggestiveness and the likelihood of mistaken identification”); United States v. Daniels, 64 F.3d 311 (7th Cir.1995); United States v. Larkin, 978 F.2d 964 (7th Cir.1992) (finding that the “hazards [of eyewitness identification] are well within the ken of most lay jurors” and counsel was “granted ample opportunity at trial to discuss those hazards and cast doubt upon the witnesses’ eyewitness identification of his client”); United States v. Curry, 977 F.2d 1042 (7th Cir.1992) (<HOLDING>); United States v. Hudson, 884 F.2d 1016 (7th",318167,51634,3,case_hold_mc,holding no abuse of discretion to exclude expert eyewitness identification testimony where governments case relied on more than eyewitness identification,holding that although no governmental action contributed to the eyewitness identification and no due process rights were implicated fairness required preclusion of the evidence,holding admissible expert testimony concerning factors that may impair eyewitness identification and rejecting that concerning a particular eyewitness credibility and the statistical probability of eyewitness misidentification,recognizing that expert testimony on eyewitness identification may not be totally unhelpful given that most persons do not understand the intricacies of perception retention and recall but holding that the district courts preclusion of such evidence was a proper exercise of discretion whether under rule 702 or 403,holding that federal rule of evidence 702 superceded the frye standard of admissibility of scientific evidence and that under rule 702 the district court had to determine that proffered expert testimony was both reliable and relevant
378,"We recognize that discovery of irrelevant materials does not necessarily cause irreparable harm. See Vreeland, 973 So.2d at 671. Here, however, the orders are overbroad, void of solicitude for trade secrets, and lack a showing of need by Ms. Doe. Our concern is heightened by Ms. Doe’s apparent theory that a franchisor is a guarantor or insurer of every act of a franchisee or its management company. See Mobil Oil Corp. v. Bransford, 648 So.2d 119, 120 (Fla.1995) (explaining that franchisor creates “an agency relationship with a franchisee if, by contract or action or representation, the franchisor has directly or apparently participated in some substantial way in directing or managing acts of the franchisee”); Madison v. Hollywood Subs, Inc., 997 So.2d 1270, 1271 (Fla. 4th DCA 2009) (<HOLDING>). “[I]t is the right of control, not actual",319020,51764,3,case_hold_mc,holding that no special relationship existed between the school and student,holding that a district court must consider whether a foreign state so dominated the operations of the corporate entity that a principalagent relationship existed,holding corporations president personally liable where he had ultimate control over businesss daytoday operations and was the corporate officer principally in charge of directing employment practices,holding that where daytoday operations were within sole control of the franchisee no agency relationship existed with franchisor,holding that one who exercises daytoday control over the employee will be considered as the employer
379,"denied on discretion.” Id. at 2 n. 2. To determine whether we have jurisdiction, we examine the decision of the Board of Immigration Appeals rather than the Immigration Judge. See Kechkar v. Gonzales, 500 F.3d 1080, 1083 (10th Cir.2007). The Board provided two reasons for dismissing the appeal: Mr. Girard-Lara was ineligible, and the agency should deny adjustment of status as a matter of discretion. The resulting issue is whether we have jurisdiction to address both rationales. If we lack jurisdiction over either rationale, we must dismiss the appeal. We lack jurisdiction over the Board’s second rationale (agency discretion). See 8 U.S.C. § 1252(a)(2)(B)®; Sosa-Valenzuela v. Holder, 692 F.3d 1103, 1115 (10th Cir.2012); see also Ekasinta v. Gonzales, 415 F.3d 1188, 1191 (10th Cir.2005) (<HOLDING>). Discretionary decisions are reviewable when",319874,51901,1,case_hold_mc,holding that a district court lacks subject matter jurisdiction under the apa to review the denial of an aliens application for adjustment of status where the alien is in removal proceedings,holding that we lack jurisdiction to review a denial of adjustment of status as a discretionary matter,holding that the bias denial of a motion to reopen based on the merits of the underlying application for adjustment of status was a discretionary decision under the adjustment of status statute and this court therefore did not have jurisdiction over an appeal of the bias ruling,holding the district court did not have jurisdiction to review denial of adjustment of status where removal proceedings are pending,holding that this court lacks jurisdiction to review denial of motion to continue to pursue adjustment of status if application to adjust status is futile
380,"227 U.S. 59, 66, 33 S.Ct. 192, 57 L.Ed. 417 (1913) (“By this act Congress has undertaken to cover the subject of the liability of railroad companies to their employees injured while engaged in interstate commerce. This exertion of [the commerce] power which is granted in express terms must supersede all legislation over the same subject by the states.”); see also Winfield, 244 U.S. at 151, 37 S.Ct. 546 (“That [FELA] is comprehensive and also exclusive is distinctly recognized in repeated decisions of this court.”). However, because state courts have concurrent jurisdiction over FELA claims, FELA preempts state substantive law — but not state procedural law — in state court FELA actions. See Mondou v. N.Y., New Haven & Hartford R.R., 223 U.S. 1, 56-57, 32 S.Ct. 169, 56 L.Ed. 327 (1912) (<HOLDING>); see also Brown v. W. Ry. of Ala., 338 U.S.",320733,52032,2,case_hold_mc,holding that where state rules of civil procedure apply to courts of the state they do not apply to adjudicatory proceedings before state agencies,holding that state courts in construing and interpreting state law are not bound by the decisions of federal courts,holding that litigants may enforce fela in state courts as a matter of right but also observing that state courts are free to apply their own modes of procedure to fela cases,holding that federal courts must apply state substantive law in diversity cases,holding that state courts must apply the federal pleading standard in fela cases
381,"contract covered all of the Anderson-Valero settlement funds and, therefore, Holseth was entitled to fifty percent of the entire fund. Appeal No. 93-6215 addresses those decisions. II No. 9S-615S A The FDIC first asserts that the district court erred in submitting the breach of contract issue to the jury because Holseth failed to present sufficient evidence on which a jury could find a breach of contract. Hol-seth’s claim was that the FDIC prevented Holseth from performing the contract, and breached its duty of good faith and fair dealing. See Jury Instructions 9, 10 (Holseth’s Answer Brief 4-5). “[A] party to a contract may not prevent performance of a condition and then claim the benefit of such condition.” Townsend v. Melody Home Mfg. Co., 541 P.2d 1370, 1374-75 (Okla.Ct.App.1975) (<HOLDING>); see also Dayton Hudson Corp. v. Macerich Real",321591,52176,0,case_hold_mc,holding manufacturer of mobile homes could not deny dealer incentive bonus based on late payment when manufacturer was involved with finance company in delaying payment,holding that the term reverse payment is not limited to a cash payment,holding that it was not essential to an action by a supplier on a payment bond under the miller act that a demand be made on the general contractor for payment  although there was evidence in the case from which it could be found that the materialman looked to the general contractor for payment  since the statute does not require a demand for payment but merely requires written notice of the claim,holding wholesale dealer had antitrust standing in suit against manufacturer where dealer refused to comply with minimum resale price levels set by manufacturer and was terminated as a dealer,holding that there was a triable issue of fact whether a defendant who applied a sprayon fireproofing material was an agent for the manufacturer of the material and thus whether plaintiff is in privity with the manufacturer
382,"apply. 3 . Nelson’s amendment did not alter the issues in the case. A national bank is subject to the usury laws of the state in which it is located, see 12 U.S.C. § 85, and if the national bank charges interest in excess of that rate, the usury penalties of 12 U.S.C. § 86 apply rather than state law. Thus while Nelson’s amendment changed his counterclaim to reflect the correct penalty, it did not alter the pertinent factual question: whether Union had charged him excessive interest. 4 . The district court correctly concluded that while the federal usury ceilings of § 86a, if applicable, might permit a given interest charge, the right to charge any interest at all is created by the loan contract, not federal law. See, e.g., Superior Oil Co. v. Pioneer Corp., 706 F.2d 603 (5th Cir.1983) (<HOLDING>). Thus the court held that it lacked",322451,52314,1,case_hold_mc,holding that an agencys policy shift reallocating the burden of proof from natural gas importers to parties opposing importation was based on a reasonable interpretation of the natural gas act,holding that although the ngpa authorizes certain price ceilings for natural gas it is the gas sales contract not federal law that creates the right to receive any price at all,holding that the natural gas act did not completely preempt state law claims within its scope and thus the federal court did not have removal jurisdiction over the contract price dispute filed in state court,recognizing the need for natural gas supply as a substantial public interest,holding that the market price is understood to mean the current market price being paid for gas at the well where it is produced
383,"(6th Cir.2009) (“[Chambers ] requires us to modify our prior decisions suggesting that all manner of escape ... including failures to report, constitute crimes of violence. Chambers ... undermines the notion that a ‘walkaway1 conviction is a crime of violence.”). While Chambers did not speak directly to “walkaway” escapes, as the Sixth Circuit recognized in Ford, Chambers undermines our prior case law. In Chambers, the Court did not discuss whether escape from custody crimes are sometimes or always violent felonies under the ACCA, except to note that “failure to report would seem less likely to involve a risk of physical harm than the less passive, more aggressive behavior underlying an escape from custody.” Id. at 691; but see United States v. Delgado, 320 Fed.Appx. 286 (5th Cir.2009) (<HOLDING>) (unpublished). As our Sixth Circuit colleagues",323302,52464,0,case_hold_mc,holding that walkaway from community treatment center conviction was a crime of violence consistent with chambers,holding prior to chambers that a walkaway escape is categorically a violent felony,holding that a conviction for a lascivious act with a child in violation of iowa code  7098 was a crime of violence,holding walkaway escape under north dakota statute a crime of violence,holding that theft from the person is not a crime of violence
384,"things for which he was later indicted. In contrast, Mandacina testified about gambling operations and was later indicted on charges arising from a murder. The only substantive link between the two is motive: the government argued that Mandacina retaliated against Strada for providing information to the government which led to Mandacina’s arrest and conviction on bookmaking charges. Although Mandacina testified as to details of Kansas City gambling operations not previously known by the government, those details were neither relevant to nor used in prosecuting Mandacina for Strada’s murder. Much of Mandacina’s testimony merely confirmed information previously obtained by the government through a court authorized wiretap. See United States v. Burke, 856 F.2d 1492, 1494 (11th Cir.1988) (<HOLDING>), cert. denied, 492 U.S. 908, 109 S.Ct. 3222,",324164,52599,4,case_hold_mc,holding that the right of access to government information or sources of information within the governments control is not mandated by the first or fourteenth amendments,holding that admission of hearsay testimony was harmless where the jury heard admissible testimony from three other sources to the same effect,holding that wright does not forbid recourse to other evidence that confirms the presumptive unreliability of the hearsay,holding that when government agents obtained information by means of a constitutional intrusion the proper remedy absent a showing of prejudice is exclusion of the information not dismissal of the indictment,holding that immunized testimony which merely confirms information previously known to government agents from independent sources does not preclude prosecution
385,"the basis of the action “arose out of the direct patient care provided to Hinkley during her pregnancy; and the management, treatment, and delivery decisions that were made when she sought medical attention because of decreased fetal movements and contractions.” Id. Because one of the defendants’ experts “did not directly care for, provide treatment or management to, or make delivery decisions for any pregnancy” within the one-year statutory period, the Supreme Court held that the expert did not satisfy the active clinical practice requirement. Id. The Court noted that the expert’s work as a teacher and consultant was insufficient. Id. at 808. Applying the requirements of § 8.01-581.20 and the relevant Virginia Supreme Court precedent, the court 8138, at * 13 (W.D.Va. Feb. 26, 1998) (<HOLDING>). Consequently, because the plaintiff is unable",325022,52725,2,case_hold_mc,holding a medical opinion to be not significantly probative where the opinion was contrary to other substantial record evidence,holding even though experts are permitted to give an opinion they may not offer an opinion regarding the credibility of others,holding that the plaintiffs experts were not qualified to offer a medical opinion as to the cause of death because they are not physicians nor otherwise properly qualified to offer a medical opinion,holding that because the tendered expert witness was a licensed psychologist and not a medical doctor he was not qualified to state an expert medical opinion regarding the cause of johns injury,recognizing that the expert was particularly qualified to give his opinion
386,"by environmental factors or time. United States v. Coleman, 202 F. Supp.2d 962, 965 (E.D.Mo.2002). MtDNA is also more likely to survive in a dead cell than is nuclear DNA. People v. Holtzer, 255 Mich.App. 478, 660 N.W.2d 405, 408 (2003). 6 . Nuclear DNA is found in the structure of a double helix, or a ""twisted ladder of chemicals.” United States v. Coleman, 202 F.Supp.2d 962 (E.D.Mo.2002). The ""rungs” of the ladder are composed of four chemical bases known as nucleotides: adenine, cytosine, thymine, and guanine. The chemical bases are generally referred to as A, D, T, and G, respectively. An A is always paired with a T, and a C is always paired with a G 1110 (2001) (finding no error in admitting mtDNA evidence); People v. Holtzer, 255 Mich.App. 478, 660 N.W.2d 405, 411 (2003) (<HOLDING>); Magaletti v. State, 847 So.2d 523, 528",325881,52858,2,case_hold_mc,holding that evidence that a polygraph test was offered to or refused by a defendant was not admissible,holding that use of product rule was generally accepted in scientific community,holding use of mtdna for identification of defendant admissible under test for novel scientific evidence,holding that even in separate trial other crimes evidence would not have been admissible and identification testimony would have been admissible,holding as long as the defendant has an adequate opportunity to impeach the reliability of a scientific test and the qualifications of the person administering the test due process is not implicated by a states good faith failure to preserve a sample for independent testing
387,"v. Superior Court, 172 Ariz. 195, 198, 836 P.2d 408, 411 (App.1992). The State asks us to resolve an issue of first impression in Arizona—the constitutionality of utilizing two-way video testimony at trial under the Confrontation Clause—that is a legal issue of statewide importance and likely to recur. Moreover, the State has no equally plain, speedy, or adequate remedy by appeal. See Ariz. R.P. Spec. Act. 1(a); Lindsay R. v. Cohen, 236 Ariz. 565, 566-67, ¶ 5, 343 P.3d 435, 436-37 (App.2015). Accordingly, we accept special action jurisdiction. ANALYSIS ¶ 13 The State argues the trial court erred as a matter of law by not applying the Maryland v. Craig standard to the State’s requested accommodation for E.P. to testify via two-way video during trial. See 497 U.S. at 849, 110 S.Ct. 3157 (<HOLDING>). ¶ 14 In general, we review a trial court’s",326727,53005,1,case_hold_mc,holding that in reviewing confrontation clause challenge appellate courts must first determine whether the confrontation clause is implicated,recognizing that the confrontation clauses preference for facetoface confrontation at trial must occasionally give way to considerations of public policy and the necessities of the case quoting mattox v united states 156 us 237 243 15 sct 337 39 led 409 1895,holding that the confrontation clause is applicable to the states through the fourteenth amendment,holding that the confrontation clause guarantees the defendant a physical facetoface meeting with the witnesses appearing before the trier of fact,holding that competing interests if closely examined may justify dispensing with facetoface confrontation at trial
388,"of trial responsibilities; review of first and second trial transcripts; physical evidence correlation with witnesses; list of offense elements (by counts); time chronology of crime events; order of calling witnesses; proposed trial questions; memos relating to discussions with previous prosecutors; voir dire and witness outline; proposed instructions; research topics and law updates — contained in envelope D. D. Copies of Pleadings: motion to strike, motion to suppress evidence— contained in envelope E. E. State (confession) of Defendant: Envelope F. F. F.D.L.E. Arrest Report: RAUL QUINONES — Envelope G. G. Statement of Donna Climent: Envelope H. The court finds that the following are not public records under the criteria established by [State v.] Kokal, [562 So.2d (Fla.1997) (<HOLDING>)). Thus, the trial court’s order should be",327585,53149,0,case_hold_mc,holding that when competent substantial evidence supports the trial courts ruling this court will not secondguess the trial court on this matter,holding our court on appeal will reverse a judgment for insufficiency of evidence only if this judgment is not supported by substantial and competent evidence upon the record as a whole and  this rule applies whether the evidence is direct or wholly circumstantial,holding that this court will not consider a theory or issue that was not pleaded or raised in the trial court,holding that the appeals court may affirm the ruling of the district court on any basis which the record supports,holding that where the record shows that competent substantial evidence supports the trial courts findings that the documents were exempt from disclosure said findings will not be second guessed
389,"that an accomplice or member of the public could discover the abandoned gun in the supermarket required the application of the exception to the facts of the case. Quarles, 467 U.S. at 655-56, 104 S.Ct. 2626. While there are no controlling Second Circuit decisions, there is a disagreement among circuits that have examined the issue as to the breadth of the Miranda public safety exception, and the application of Quarles beyond the immediate facts of that case. In United States v. Jones, 154 F.Supp.2d 617 (S.D.N.Y.2001), District Judge Lynch comprehensively surveyed the application of Quarles in different circuits, an exercise that will not be repeated by this Court except to adopt Judge Lynch’s conclusion that “[a] broad survey of decisions by those circuits t 7, 282 (S.D.N.Y.2003) (<HOLDING>); United States v. Newton, 181 F.Supp.2d 157,",328433,53274,3,case_hold_mc,holding that exception applies to statement by handcuffed parolee concerning whereabouts of a gun in an apartment where parole officers had specific information from a third party that a gun was likely present in the apartment,holding that no seizure occurred where officer approached the suspect at the bus stop mentioned that he was investigating a bank robbery asked the suspect what he was doing in the area and for his identification and otherwise gave no indication that the suspect was not free to leave or to refuse to respond to questioning,holding that a limited search of the outer clothing of a suspect for weapons is reasonable where the officer has a reasonable articulable basis for believing that the suspect may be armed and presently dangerous,holding that exception does not apply to statement made by suspect as to the presence of a gun and drugs where statement was in response to officer asking without specific information whether suspect had any dangerous objects on his person,holding that allowing suspect to speak with his wife in the presence of a police officer was not interrogation as it did not fall into any of these categories
390,"of a legislative enactment or an administrative regulation.” Restatement (Second) of Torts § 286 (1965); see also Butler, 158 S.E.2d at 122. An example illustrates the doctrine’s application. If the statutory speed limit on a road is 35 m.p.h. and the defendant drives 40 m.p.h., causing him to collide with the plaintiff pedestrian and to injure her, the plaintiff may establish the breach element of her negligence claim by pointing to the violation of the speed limit. The defendant is barred from putting on evidence, specific to his situation, that driving at 40 mph. on that particular road was reasonable because the “violation of the statute constitutes conclusive evidence of negligence.” Osborne v. McMasters, 40 Minn. 103, 41 N.W. 543, 544 (1889); see also Butler, 158 S.E.2d at 123-24 (<HOLDING>). The negligence per se doctrine, however, is",329287,53410,3,case_hold_mc,holding that motherowner of home in which attack occurred was not hable for attack by dog owned by sontenant where there was no evidence that she exercised dominion and control over the dog,holding district courts finding of consent was not clearly erroneous when the defendant consented after officers told him they could get a drug dog even though the defendant knew the dog would alert,holding that a fiftynine minute detention to wait for a drug dog was reasonable where the officer requested the dog immediately after developing reasonable suspicion,holding that an ordinance prohibiting dogs to go at large on any public street supplied the standard for determining whether the dog owner was negligent in letting a dog go unleashed,holding that a dog sniff during a legitimate traffic stop does not constitute a search because there is no expectation of privacy in contraband and a dog sniff does not violate any privacy interest
391,"of a Rule 60(b) motion is narrow in scope, addressing only the propriety of the denial or grant of relief, and not issues regarding the underlying judgment. Am. Bankers Ins. Co. of Florida v. Nw. Nat’l Ins. Co., 198 F.3d 1332, 1338 (11th Cir.1999). When reviewing for an abuse of discretion, we must affirm unless the district court applied an incorrect legal standard or made findings of fact that were clearly erroneous. See Mincey v. Head, 206 F.3d 1106, 1137 n. 69 (11th Cir.2000) (addressing the denial of a motion under Fed.R.Civ.P. 59(e)). In addition, in an appeal brought by an unsuccessful habeas petitioner, appellate review is limited to the issues specified in the COA. Murray v. United States, 145 F.3d 1249, 1250-51 (11th Cir.1998); see Jackson, 437 F.3d at 1294 (11th Cir.2006) (<HOLDING>). Pursuant to Rule 60(b), a party may seek",330147,53548,1,case_hold_mc,holding that certificate is required to appeal denial of rule 60b motion challenging denial of habeas application and stating that eight circuit courts including eighth circuit are in accord on this issue,holding that a coa is required to appeal the denial of a rule 60b motion from a judgment in a  2254 proceeding,holding that appeal from denial of rule 60b motion raised for review only the district courts order of denial and not the underlying judgment itself,holding that on appeal from the denial of a  2255 motion appellate review is limited to the issues specified in the coa,holding that the standard of review is abuse of discretion and an appeal from denial of rule 60b relief does not bring up the underlying judgment for review
392,"Commissioners must “make findings of fact in each specific case” involving an application for re-zoning approval to a PUD. § 27.3. Section 27.3 requires that the County Commissioners make findings of fact involving, inter alia, “the following matters”: (a) The report and recommendations of the [Planning Commission]. (b) Population change in the area of the proposed change. (c) Availability of public facilities in the area. (d) Present and future transportation patterns in the area. (e) Compatibility with existing and proposed development of the area including indication of neighboring sites identified by the Washington County Historic Sites Survey and subsequent revisions or updates. (f) The relationship of the proposed change to the Adopted Plan For , 535-36, 881 A.2d 1161 (2005), (<HOLDING>). We have previously addressed the question of",331001,53691,0,case_hold_mc,holding that the appellees argument was waived because they had expressly abandoned the argument before the administrative agency,holding that the appellant waived this argument,holding that because the appellant did not present to the administrative agency the argument it raised before this court the issue was not preserved and holding that even if preserved the argument failed,holding that the appellant waived an argument listed only in his summary of the argument,holding that district of columbia waived its argument that appellees were not entitled to an income tax credit by failing to assert the argument in the trial court
393,"Oswego Laborers’ Local 211 Pension Fund v. Marine Midland Bank, N.A., 85 N.Y.2d 20, 623 N.Y.S.2d 529, 647 N.E.2d 741, 744 (1995); see also Vitolo v. Mentor H/S, Inc., 213 Fed.Appx. 16, 17 (2d Cir.2007) (summary order) (citing (Stutman v. Chem. Bank, 95 N.Y.2d 24, 709 N.Y.S.2d 892, 731 N.E.2d 608, 611 (2000))). To show that the alleged conduct was consumer oriented, plaintiff “must demonstrate that the acts or practices have a broadf ] impact on consumers at large.” Oswego Laborers’, 623 N.Y.S.2d 529, 647 N.E.2d at 745 (finding that conduct related to bank’s policies regarding savings accounts were consumer oriented because policy applied to “any customer entering the bank to open a savings account”); see, e.g., Riordan v. Nationwide Mut. Fire Ins. Co., 977 F.2d 47, 51-53 (2d Cir.1992) (<HOLDING>); cf. N.Y. Univ. v. Cont’l Ins. Co., 87 N.Y.2d",331858,53820,4,case_hold_mc,holding that the language of  9133 applies only to insurers and not to the insurers employees,holding that admonishment for breach of insurers obligation to insured is not applicable to equitable share dispute between insurers,holding insurers right to subrogation arises only upon the insurers showing that the sum of the insureds recovery from the insurer and from persons legally responsible for the injury exceeds the insureds loss,holding that insureds criminal convictions were sufficient to preclude relitigation of the issue of the insureds subjective intent for purposes of evaluating the insurers duty to defend,holding  349 applicable to insurers where plaintiffs demonstrated that similar practices had been employed by defendant against multiple insureds
394,"Wigmore on Evidence § 1179, at 417 (James H. Chadbourn ed., rev.1972). Therefore, when the content of a document is material to the matter to be proved, the original writing must be produced unless it is unavailable due to an exception and its absence is not attributable to the fault of the party seeking to use it as proof of the contents therein. See Am.Jur.2d supro, § 1049, at 510; C.J.S. supra, §§ 1057, 1059. 138 The rules of evidence provide for exceptions in cases where the originals are lost or destroyed, the original is not obtainable, the original is in the possession of the opponent, 9, 906 (1976) (upholding physician's competence to testify as to reasonableness and necessity of medical services); Milwaukee County v. Long, 189 Wis.2d 489, 527 N.W.2d 398 (App.1994) (per curiam) (<HOLDING>); cf. Arnold Mach. Co. v. Intrusion Prepakt,",332718,53961,4,case_hold_mc,holding that statute does not remove plaintiffs burden of proving causation and reasonableness,holding that statute allows admissibility of evidence by affidavit to prove reasonableness and necessity of medical expenses,holding that statute provides medical bill is admissible to prove amount fairness and reasonableness of charges,holding that recovery for medical expenses incurred as result of accident depends on proof of necessity and reasonableness,holding that statute does not eliminate plaintiffs burden to prove reasonableness and necessity of past medical expenses
395,"To begin, we address the shortcomings of the AU’s opinion — analysis that was expressly adopted by the Board. As noted earlier, the AU himself invoked the Otis II “turns upon” standard to dispose of the present case. And yet at a most basic level, the AU’s opinion reflects inadequate attention to the critical inquiry posed by this aspect of the Otis II approach. In the past, the Board has generally applied the “turns upon” test by ascertaining the basis upon which the relevant decisionmakers arrived at their decision. In Otis II itself, the plurality focused on Otis’ decision, “[gjood or bad,” grounded in the company’s belief that its technology was dated, its product was not competitive, etc. 269 N.L.R.B. at 892 & n. 3. See also Connecticut Color, Inc., 288 N.L.R.B. No. 81, 3 (1988) (<HOLDING>); Metropolitan Teletronics Corp., 279 N.L.R.B.",333577,54105,0,case_hold_mc,holding that a transfer of work was a mandatory subject of bargaining because the motivation for the shift was to cut labor costs,holding that a fiveminute change in employee starting time is a mandatory subject of bargaining,holding that the number of rooms that housekeepers must clean is a mandatory subject of bargaining,holding that the statute is mandatory,holding that giving the work of a bargainingunit sergeant to civilians in the revamping of communications center was a mandatory subject of bargaining
396,"The new evidence accompanying Reyes-Garcia’s motion did not reveal a reasonable likelihood that he would succeed in demonstrating the requisite exceptional and extremely unusual hardship in reopened proceedings. See Garcia v. Holder, 621 F.3d 906, 912-13 (9th Cir.2010)-(stating that prima facie eligibility “is established when ‘the evidence reveals a reasonable likelihood that the statutory requirements for relief have been satisfied,’ ” and holding that, where hardship evidence “might ... warrant reopening,” the BIA does “not abuse its discretion by concluding otherwise” (citation omitted)). In reaching this conclusion, the BIA did not err by not noting the government’s lack of opposition to Reyes-Garcia’s motion to reopen. See Limsico v. INS, 951 F.2d 210, 213 (9th Cir.1991) (<HOLDING>). We are not persuaded the BIA’s",334436,54248,3,case_hold_mc,holding that the bia abused its discretion in denying a motion to reopen when it failed to consider the argument before it,holding that bia abused its discretion in denying motion to reopen,holding the bia did not err in denying aliens motion to stay voluntary departure period pending determination on the motion to reopen,holding that the bia does not err by denying a motion to reopen without an opposition from the government,holding that bia did not err in denying motion to reopen that was filed after expiration of aliens voluntary departure period because alien had failed to depart
397,"Attaway, 117 N.M. at 145, 870 P.2d at 107; see also Ornelas v. United States, 517 U.S. 690, 697, 699, 116 S.Ct. 1657, 134 L.Ed.2d 911 (1996) (applying de novo review to warrantless searches because “the legal rules for probable cause and reasonable suspicion acquire content only through application. Independent review is therefore necessary if appellate courts are to maintain control of, and to clarify, the legal principles”). {28} Accordingly, in the context of warrantless searches, de novo review is appropriate. However, for the reasons explained in Snedeker, de novo review is inappropriate when police officers submit their evidence to a neutral and detached magistrate and procure a search warrant prior to initiating a search. Cf. Ornelas, 517 U.S. at 697, 116 S.Ct. 1657 (<HOLDING>). This is because deference to the warrant",335274,54371,2,case_hold_mc,holding that confrontation clause claims are reviewed de novo,holding questions of law related to class certification are reviewed de novo,holding that warrantless searches are reviewed de novo whereas searches conducted pursuant to a search warrant are reviewed under a less demanding standard,holding that the question of whether the police had reasonable suspicion and probable cause to make a warrantless search should be reviewed de novo,holding that determinations of reasonable suspicion for investigative stops and probable cause to perform warrantless searches should be reviewed de novo by appellate courts
398,"exclusively occupy the field of boat mooring. Preemption By Conflict With State Law The question remains whether the amended ordinance is preempted by conflict with state law—either with the state laws governing wild waterfowl hunting or with the State Boat Act. As noted above, while the ordinary test for conflict preemption is whether the pertinent local law prohibits an activity permitted by state law or permits an activity prohibited by state law, “[n]ot all conflicts between state public general and local law neatly fall within this ‘prohibit-permit’ principle. A local law may conflict with a state public general law in other respects and will, therefore, be preempted.” Coalition for Open Doors v. Annapolis Lodge No. 622, supra, 333 Md. at 380 n 7 S.Ct. 805, 93 L.Ed.2d 883 (1987) (<HOLDING>); Chicago & N.W. Transp. Co. v. Kalo Brick &",336118,54504,4,case_hold_mc,holding inter alia that common law claims were preempted,holding the state law claims were not preempted,holding that common law misrepresentation claims were not preempted because they did not conflict with a fmvss,holding that the plaintiffs state law claims are preempted by federal law,holding that state common law claims were preempted by frustration of purpose conflict with the federal clean water act and noting it would be extraordinary for congress after devising an elaborate permit system that sets clear effluent discharge standards to tolerate common law suits that have the potential to undermine the regulatory system
399,"The evidence viewed most favorably to the State showed that the victim was transported by automobile for several miles into the countryside to detain her in isolation and in secret, where she was subjected to various acts of sexual abuse. Id. at 736, 740. The detention lasted for over two hours. Id. at 740. Because we concluded that the State offered sufficient evidence to support a kidnapping conviction even under the incidental approach, we did not expressly decide the issue in that case. Id. 3 . In Hardin, 359 N.W.2d at 189-90, we we 88 (1981) (noting merger of crimes has no application to a situation in which no conviction was obtained on the ficient, often on the grounds that the movement made the crime easier to commit or made detection less likely. See Faison, 426 So.2d at 966 (<HOLDING>); State v. Key, 180 N.C.App. 286, 636 S.E.2d",336975,54644,1,case_hold_mc,holding force to be an element of pre1994 amendment  111 which may be satisfied by proof of force or threat of force,holding movement from kitchen to bedroom by substantial force made rapes easier to commit and reduced the danger of detection even though only short distance involved,holding that because the crime of rape involved a nonconsensual act there was a substantial risk that physical force may be used in committing the offense,holding that substantial evidence of rape may be found even though there was only a hearsay statement of the child victim,holding that an issue was sufficiently reserved in a plea even though not reduced to writing when both the prosecution and the district court were aware of the defendants intent to appeal
400,"via Johnson’s personal petition for habeas corpus. Absent Johnson’s habeas claim, there would have been no justiciable controversy for the USSC to decide. Thus, there would have been no path to reach the issue regarding access to the courts. In essence, if there is another source of assistance for illiterate inmates, then there is no violation of Johnson as there is no independent right to provide legal assistance to another inmate. See Gibbs v. Hopkins, 10 F.3d 373, 378 (6th Cir.1993) (“[W]hile there is technically no independent right to assist, prison officials may not prevent such assistance or retaliate for providing such assistance where no reasonable alternatives are available.” (emphasis added)); cf. Lewis v. Casey, 518 U.S. 343, 350-51, 116 S.Ct. 2174, 135 L.Ed.2d 606 (1996) (<HOLDING>). Here, Appellant fails to allege that there is",337832,54793,4,case_hold_mc,holding government had not met its burden allowing it to invoke the brown v ohio 432 us 161 97 sct 2221 53 led2d 187 1977 exception,holding that proof of prejudice is generally a necessary but not sufficient element of a due process claim and that the due process inquiry must consider the reasons for  the prejudice quoting united states v lovasco 431 us 783 790 97 sct 2044 52 led2d 752 1977,holding that a prisoner has no first amendment right to provide legal assistance to other inmates and that therefore prison officials did not violate the prisoners constitutional rights when they intercepted a letter containing legal advice that he sent to another prisoner,recognizing that inmates have no freestanding right to a law library or legal assistance,recognizing that inmates have a right to receive legal advice from other inmates only when it is a necessary means for ensuring a reasonably adequate opportunity to present claimed violations of fundamental constitutional rights to the courts  quoting bounds v smith 430 us 817 825 97 sct 1491 52 led2d 72 1977
