question_id,question,answer,evidence_char_pos,evidence_word_pos,source_title,type
1,What millennium did Mosaic start?,the 3rd millennium BC,54,10,Mosaic,squad_extractive
2,What kind of mosaic were made in Tiryns?,Pebble mosaics,77,14,Mosaic,squad_extractive
3,When did mosaic fall out of fashion?,the Renaissance,599,98,Mosaic,squad_extractive
4,The pebble mosaics found at Tiyns are from what age?,Bronze age,807,130,Mosaic,squad_extractive
5,"When was the famous mosaic ""The Beauty of Durres"" created?",the 4th-century BC,944,154,Mosaic,squad_extractive
6,The Beauty of Durres is in what country?,Albania,1016,166,Mosaic,squad_extractive
7,When was the Greek figure style mostly formed?,the 3rd century BC,1107,182,Mosaic,squad_extractive
8,The famous artists Sosus was from what area?,Pergamon,1347,220,Mosaic,squad_extractive
9,Which culture adapted the use of mosaics for large ground coverings in their villas?,the Romans,1663,275,Mosaic,squad_extractive
10,Often regular everyday craftsman were most likely what?,slaves,1950,319,Mosaic,squad_extractive
11,Carthage and Tunisia are in what general area?,North Africa,2014,329,Mosaic,squad_extractive
12,What type of mosaic uses small tesserae?,opus vermiculatum,2196,359,Mosaic,squad_extractive
13,What was the benefit of using small pieces to create a mosaic?,very fine detail,2427,395,Mosaic,squad_extractive
14,What were small panel mosaics known as?,emblemata,2519,410,Mosaic,squad_extractive
15,What was the name of the mosaic technique that used larger tesserae?,opus tessellatum,2641,429,Mosaic,squad_extractive
16,Why were black and white pieces used in most italian mosaics?,cheaper than fully coloured work,2802,456,Mosaic,squad_extractive
17,Which caesar hired builders to construct the Domus Aurea?,Nero,2846,463,Mosaic,squad_extractive
18,When was the Domus Aurea constructed?,64 AD,2954,482,Mosaic,squad_extractive
19,When did figure wall mosaics become the highest form of artistic expression?,the Christian era,3067,503,Mosaic,squad_extractive
20,The imperial family of Rome used the church of Santa Costanza as what?,a mausoleum,3207,526,Mosaic,squad_extractive
21,Who most likely lived in the large villa rustica?,Emperor Maximian,3662,602,Mosaic,squad_extractive
22,What caused the mosaics at the villa rustica to be protected for centuries? ,a landslide,3780,622,Mosaic,squad_extractive
23,How long is the hunting scene at the villa rustica?,64m,3879,639,Mosaic,squad_extractive
24,"Where in Sicily were the ""Orpheus,"" and the ""Four Seasons"" discovered?",Piazza Vittoria in Palermo,4278,700,Mosaic,squad_extractive
25,What scenes are depicted on the Zliten mosaic?,gladiatorial contests,4513,738,Mosaic,squad_extractive
26,How long was the mural discovered in Libya?,30 ft,4675,762,Mosaic,squad_extractive
27,The mosaics uncovered in Libya were from which century?,1st or 2nd century AD,4732,772,Mosaic,squad_extractive
28,The gladiator mosaic is on par with the Alexander mosaic in which city?,Pompeii,5191,858,Mosaic,squad_extractive
29,Around what century were mosaics adapted for Christian churches?,the late 4th century,5246,866,Mosaic,squad_extractive
30,What Christian church besides the Santa Costanza was built in the 4th century?,Santa Pudenziana,5429,895,Mosaic,squad_extractive
31,What was the original function of the Santa Costanza church?,a mausoleum,5699,936,Mosaic,squad_extractive
32,Under what period were the 4th century churches built?,Constantinian,5769,947,Mosaic,squad_extractive
33,In which basilica is the Tomb of Julii?,St Peter's Basilica,5975,978,Mosaic,squad_extractive
34,Which city besides Ravenna served as the capital of the Western Roman Empire?,Milan,6581,1070,Mosaic,squad_extractive
35,Who do the mosaics at the the basilica of San Lorenzo depict as being abducted?,Elijah,6825,1114,Mosaic,squad_extractive
36,When was the baptistry at the Basilica of Sant'Ambrogio demolished?,the 15th century,7277,1185,Mosaic,squad_extractive
37,The shrine of San Vittore in ciel d'oro had mosaics from which century?,the 5th century,7549,1232,Mosaic,squad_extractive
38,What years was the Mausoleum of Galla Placidia decorated with mosaics?,425–430,7969,1304,Mosaic,squad_extractive
39,What other famous landmark in Ravenna was established by Galla Placidia? ,the church of San Giovanni Evangelista,8213,1344,Mosaic,squad_extractive
40,Why did Galla Placidia erect the church of San Giovanni Evangelista?,fulfillment of a vow,8271,1354,Mosaic,squad_extractive
41,When were most of the mosaics at the church of San Giovanni Evangelista destroyed?,1747,8622,1412,Mosaic,squad_extractive
42,When was Ravenna conquered by the Eastern Roman Empire?,After 539,8629,1413,Mosaic,squad_extractive
43,When did the biggest achievement in Christian mosaics take place?,the second half of the 6th century,8843,1448,Mosaic,squad_extractive
44,What event led up to the creation of the amazing mosaics in in the Basilica of San Vitale?,the Byzantine conquest,9147,1497,Mosaic,squad_extractive
45,When were the mosaics at the Basilica of Sant'Apollinare created?,549,9245,1512,Mosaic,squad_extractive
46,Where are the remains of the apse mosaic of San Michele?,Berlin,9386,1535,Mosaic,squad_extractive
47,The Vrina Plain basilica is in which city?,Butrint,9447,1545,Mosaic,squad_extractive
48,In what country is Butrint?,Albania,9456,1546,Mosaic,squad_extractive
49,The floor mosaic in Butrint is how much older than that of the Baptistry?,almost a generation,9509,1555,Mosaic,squad_extractive
50,What was the mosaic at Butrint designed to portray?,a terrestrial paradise,9757,1595,Mosaic,squad_extractive
51,What type of message was left on the mosaics at Butrint?,prayer,10075,1645,Mosaic,squad_extractive
52,What was depicted on the Butrint mosaics in abundance?,natural life,10278,1673,Mosaic,squad_extractive
53,What do the katharos vase and vine refer to?,the eucharist,10450,1699,Mosaic,squad_extractive
54,What do peacocks represent in Christian symbolism?,paradise and resurrection,10549,1715,Mosaic,squad_extractive
55,What did deers or stags represent in Christian Symbolism?,the faithful aspiring to Christ,10702,1741,Mosaic,squad_extractive
56,What do most sea-creatures represent in Christina symbolism?,baptism,10867,1769,Mosaic,squad_extractive
57,When did conditions become difficult for mosaic art in Rome?,the Early Middle Ages,11038,1796,Mosaic,squad_extractive
58,When was the mosaic of Sant'Agata dei Goti destroyed?,1589,11430,1865,Mosaic,squad_extractive
59,Who was the artist that painted the fresco that replaced the mosaic at Santa Sobina?,Taddeo Zuccari,11818,1928,Mosaic,squad_extractive
60,When was the mosaic at Santa Sabina replaced with a fresco?,1559,11836,1931,Mosaic,squad_extractive
61,What was similar between the three most important 5th century mosaics?,iconography,12026,1963,Mosaic,squad_extractive
62,During which centuries did ROme fall under the influence of Byzantine art?,the 7th–9th centuries,12043,1965,Mosaic,squad_extractive
63,What do most mosaics from the 7th-9th centuries have in common?,They were all destroyed later,12411,2026,Mosaic,squad_extractive
64,"Which mosaic survived through the 9th century, and then had a copy made in the 18th?",Triclinio Leoniano,12479,2037,Mosaic,squad_extractive
65,When was the mosaic at the church of Santo Stefano del Cacco destroyed?,1607,12926,2116,Mosaic,squad_extractive
66,When were the mosaics at the Great Palace of Constantinople commissioned?,during Justinian's reign,13046,2133,Mosaic,squad_extractive
67,What is considered the most important surviving mosaic of the Justinian age?,The portrait of a moustached man,13178,2152,Mosaic,squad_extractive
68,What was the small vaulted room in the Great Palace of Constantinople called?,small sekreton,13330,2175,Mosaic,squad_extractive
69,Vine Scroll motifs are classified under what kind of tradition?,Classical,13578,2217,Mosaic,squad_extractive
70,When were the mosaics at the church in Thessaloniki created?,5th–6th centuries,13691,2234,Mosaic,squad_extractive
71,How many Byzantine mosaics survived past the 8th century?,Very few,13712,2235,Mosaic,squad_extractive
72,The mosaic in the church in Thessaloniki is know as what?,Christ in majesty (or Ezekiel's Vision),13847,2255,Mosaic,squad_extractive
73,Why was Christ in majesty protected from the iconoclastic destruction?,hidden behind mortar,13961,2275,Mosaic,squad_extractive
74,When were the panels in the Hagios Demetrios Church created?,between 634 and 730,14079,2293,Mosaic,squad_extractive
75,What is common about the surviving mosaics from the 7th-9th centuries?,almost all represent Saint Demetrius,14136,2301,Mosaic,squad_extractive
76,Why were mosaics destroyed in the iconoclastic era?,condemned as idolatry,14276,2321,Mosaic,squad_extractive
77,What was the common mosaic theme of iconoclastic churches?,gold mosaics with only one great cross,14353,2331,Mosaic,squad_extractive
78,When did the Hagia Irene adapt the iconoclastic era mosaics?,after 740,14444,2348,Mosaic,squad_extractive
79,When did the Iconodules  change the cross in the Hagia Sophia?,787–797,14700,2392,Mosaic,squad_extractive
80,When was the Dormition church destroyed? ,1922,14793,2404,Mosaic,squad_extractive
81,Where is the Nea Moni Monastery located?,Chios,14827,2410,Mosaic,squad_extractive
82,When was the Nea Moni Monastery established?,1043–1056,14878,2417,Mosaic,squad_extractive
83,When was the mosaic at the Nea Moni Monastery destroyed?,1822,14999,2436,Mosaic,squad_extractive
84,The Nea Moni mosaics are more detailed than what what other famous mosaics?,Osios Loukas,15231,2468,Mosaic,squad_extractive
85,What survives of the mosaics that adorned the walls and dome of the Church of the Holy Sepulchre?,Nothing,15459,2502,Mosaic,squad_extractive
86,Who left the only description of the mosaics at the Church of the Holy Sepulchre?,the Russian abbot Daniel,15547,2518,Mosaic,squad_extractive
87,When were the Byzantine mosaics of the Hagia Sophia created?,The 9th- and 10th-century,15928,2584,Mosaic,squad_extractive
88,The tympana under the dome had images of whom displayed?,"prophets, saints and patriarchs",16115,2613,Mosaic,squad_extractive
89,When did the Empress Zoe die?,1055,16729,2713,Mosaic,squad_extractive
90,What does the Empress give to Christ as depicted by the mosaic?,a bulging money sack,16754,2716,Mosaic,squad_extractive
91,Why are there so few surviving mosaics from the Komnenian period?,accidents of survival,16910,2745,Mosaic,squad_extractive
92,The only surviving mosaic from the Komnenos dynasty outside Constantinople is in what church?,the cathedral of Serres,17704,2871,Mosaic,squad_extractive
93,How big were the tesserae in the Komnenian period miniature mosaic icons?,1 mm or less,17896,2901,Mosaic,squad_extractive
94,What were the tesserae usually set in for miniature mosaic icons?,wax or resin,17922,2908,Mosaic,squad_extractive
95,What was the intended purpose of the miniature mosaic icons?,private devotion,18017,2923,Mosaic,squad_extractive
96,The more humanistic conception of Christ appeared when?,in the 12th century,18255,2959,Mosaic,squad_extractive
97,When was the Church of the Holy Apostles built? ,1310–14,18338,2974,Mosaic,squad_extractive
98,Who removed the gold tesserae in the background of the mosaic at the Church of the Holy Apostles?,some vandal,18356,2976,Mosaic,squad_extractive
99,The same team of mosaicists worked on the Church of the Holy Apostles in Thessaloniki as which other building?,Pammakaristos,18566,3010,Mosaic,squad_extractive
100,Where is the Theotokos Paregoritissa Church located?,Arta,18756,3039,Mosaic,squad_extractive
101,Who established the Theotokos Paregoritissa Church in 1294-96?,the Despot of Epirus,18792,3045,Mosaic,squad_extractive
102,where is the greatest mosaic work of the renaissance?,the Chora Church in Constantinople,18994,3078,Mosaic,squad_extractive
103,Who commissioned the mosaics at naos?,Theodore Metochites,19299,3125,Mosaic,squad_extractive
104,The panels from naos show what influence on Byzantine art. ,Italian trecento,19852,3219,Mosaic,squad_extractive
105,When was the last period of Roman mosaic art?,the 12th–13th century,19992,3240,Mosaic,squad_extractive
106,Who does the facade at the Santa Maria church depict?,Christ and Mary,20406,3309,Mosaic,squad_extractive
107,When were the mosaics at Torriti and Jacopo fully restored?,in 1884,20778,3373,Mosaic,squad_extractive
108,What year was the medallion above the gate of the church of San Tommaso?,1210,21137,3432,Mosaic,squad_extractive
109,Who created the Navicella mosaic in the Old St. Peter's church?,Giotto di Bondone,21452,3486,Mosaic,squad_extractive
110,Who commissioned the Navicella mosaic?,Cardinal Jacopo Stefaneschi,21505,3494,Mosaic,squad_extractive
111,Navicella means what in Italian?,"""little ship""",21849,3548,Mosaic,squad_extractive
112,Who adopted the Byzantine mosaic tradition?,Norman kings,22176,3605,Mosaic,squad_extractive
113,Why did the Normans adopt a Byzantine art style?,enhance the somewhat dubious legality of their rule,22245,3615,Mosaic,squad_extractive
114,Who was influenced by Western European and Islamic tendencies?,Greek masters working in Sicily,22298,3623,Mosaic,squad_extractive
115,When was the Martorana church decorated?,around 1143,22619,3672,Mosaic,squad_extractive
116,Who is receiving a crown from christ in the mosaic originally in the narthex?,Roger II,23034,3734,Mosaic,squad_extractive
117,Who was the founder of the Martorana church?,Georgios of Antiochia,23214,3762,Mosaic,squad_extractive
118,What is the name of the largest mosaics in Italy?,The Monreale mosaics,23265,3770,Mosaic,squad_extractive
119,At least how many tesserae are used in the the Monreale mosaics?,100 million,23380,3788,Mosaic,squad_extractive
120,Who commissioned the Monreale mosaics between 1176 and 1186?,King William II of Sicily,23484,3807,Mosaic,squad_extractive
121,Who is displayed getting crowned by christ in the Monreale mosaics?,King William II,23765,3857,Mosaic,squad_extractive
122,What is the king offering Theotokos in the Monreale mosaics? ,the model of the cathedral,23847,3870,Mosaic,squad_extractive
123,The only surviving mosaic from Norman held souther Italy is what?,pavement of the Otranto Cathedral,24014,3900,Mosaic,squad_extractive
124,What year were the mosaic pavements installed at the Otranto Cathedral?,1166,24053,3906,Mosaic,squad_extractive
125,What survives from the mosaics of Amalfi's Norman Cathedral?,Only fragments,24240,3934,Mosaic,squad_extractive
126,The mosaics in churches of Ravello prove what?,mosaic art was widespread,24385,3956,Mosaic,squad_extractive
127,Which church in Venice is decorated with elaborate golden mosaics?,St Mark's Basilica,24637,3997,Mosaic,squad_extractive
128,When were the oldest scenes in St. Mark's mosaics completed?,the late 11th century,24758,4017,Mosaic,squad_extractive
129,The majority of the mosaics in Venice were created by who?,local artists,24825,4030,Mosaic,squad_extractive
130,When was the sack of Constantinople?,1204,25147,4085,Mosaic,squad_extractive
131,Where is the Cathedral of Santa Maria Assunta?,Torcello,25284,4107,Mosaic,squad_extractive
132,Where is the Basilica of Santi Maria e Donato located?,Murano,25364,4122,Mosaic,squad_extractive
133,Who purchased the 13th century mosaic from the the San Cipriano Church?,Frederick William IV of Prussia,25753,4188,Mosaic,squad_extractive
134,Where did Frederick William IV relocate the mural he purchased?,the Friedenskirche of Potsdam,25808,4197,Mosaic,squad_extractive
135,Who hired Byzantine experts to decorate a rebuilt abbey church?,The Abbot of Monte Cassino,25853,4204,Mosaic,squad_extractive
136,After what time did the Abbot of Monte Cassino send for Byzantine mosaicists?,1066,25938,4217,Mosaic,squad_extractive
137,What animal was on the only surviving mosaics created by the greeks at the rebuilt abbey?,greyhounds,26263,4268,Mosaic,squad_extractive
138,Where are the only remaining greek mosaic panels now kept?,in the Monte Cassino Museum,26279,4270,Mosaic,squad_extractive
139,What was special about St Mark's Basilica in Venice?,façades were also decorated,26578,4322,Mosaic,squad_extractive
140,When was the latest addition to the facade at St Mark's Basilica in Venice?,from 1270–75,26738,4350,Mosaic,squad_extractive
141,"the Cathedral of Orvieto has a mosaic facade, done first in which century?",the 14th,26853,4369,Mosaic,squad_extractive
142,The Cathedral of Spoleto is signed by who?,Solsternus,27212,4426,Mosaic,squad_extractive
143,What proves mosaics were used in the early middle ages?,scant remains,27241,4430,Mosaic,squad_extractive
144,Where is the Abbey of Saint-Martial?,Limoges,27346,4448,Mosaic,squad_extractive
145,When was the crypt of the Abbey of Saint-Martial re-discovered?,the 1960s,27495,4469,Mosaic,squad_extractive
146,What was found under the Basilica of Saint-Quentin?,9th century mosaic,27729,4509,Mosaic,squad_extractive
147,What common element do mosaic panels from the 11th century have?,simple colors,27992,4552,Mosaic,squad_extractive
148,What would replace the labor intensive technique of mosaic?,fresco,28123,4575,Mosaic,squad_extractive
149,Where is the Royal Basilica of the Hungarian kings?,Székesfehérvár,28323,4603,Mosaic,squad_extractive
150,What is the Royal Basilica of the Hungarian kings also known as?,Alba Regia,28339,4605,Mosaic,squad_extractive
151,Who created the Last judgement mosaic in the St. Vitus Cathedral?,Venetian craftsmen,28747,4675,Mosaic,squad_extractive
152,What is the name of the lone surviving mosaic of the Crusader period?,"""Ascension of Christ""",29060,4720,Mosaic,squad_extractive
153,"Where is the mosaic ""Ascension of Christ"" located?",in the Latin Chapel,29082,4723,Mosaic,squad_extractive
154,"The Byzantine emperor, the king of Jerusalem and the Latin Church came together in what year to redecorate the Church of the Holy Sepulchre?",1169,29604,4807,Mosaic,squad_extractive
155,Where would the Bizere Monastery be located today?,Romania,29840,4847,Mosaic,squad_extractive
156,When were the mosaics at Bizere Monastery created?,between the 10th and 11th century,30027,4875,Mosaic,squad_extractive
157,In what kingdom was the Bizere Monastery located?,Hungary,30274,4918,Mosaic,squad_extractive
158,The mosaics of St.Peter's are often based on what?,designs or canvases,30359,4931,Mosaic,squad_extractive
159,How is Raphael portrayed in St. Peter's?,by a mosaic replica of this last painting,30481,4949,Mosaic,squad_extractive
160,What was the name of the painting used to represent raphael in St. Peter's?,Transfiguration,30528,4958,Mosaic,squad_extractive
161,What year did Pietro Paolo Cristofari die?,1743,30736,4985,Mosaic,squad_extractive
162,What was the art of the Fabbrica usually used for?,papal gifts,30784,4994,Mosaic,squad_extractive
163,What is the most important mosaic piece built by Byzantine Christians?,the Madaba Map,30879,5010,Mosaic,squad_extractive
164,When was the the Madaba Map made?,between 542 and 570,30900,5014,Mosaic,squad_extractive
165,Where is the church of Saint George?,"Madaba, Jordan",30966,5028,Mosaic,squad_extractive
166,When was the Madaba Map rediscovered? ,1894,31005,5034,Mosaic,squad_extractive
167,"The Madaba Map depicts as far South as the Nile delta, and as far North as what country?",Lebanon,31115,5053,Mosaic,squad_extractive
168,Where is Saint Catherine's Monastery located?,Mount Sinai in Egypt,31524,5120,Mosaic,squad_extractive
169,Why have wall mosaics generally not survived in the region?,the destruction of buildings,31612,5135,Mosaic,squad_extractive
170,Who is depicted in Saint Catherine's Monastery on a mosaic landscape background? ,Moses,31709,5150,Mosaic,squad_extractive
171,When was the mosaic at Saint Catherine's Monastery created?,in 565/6,32024,5201,Mosaic,squad_extractive
172,When was the Armenian Mosaic re-discovered?,1894,32359,5254,Mosaic,squad_extractive
173,Where was the Armenian Mosaic found in Jerusalem?,near Damascus Gate,32394,5261,Mosaic,squad_extractive
174,What type of plant is depicted in the Armenian Mosaic?,a vine with many branches,32425,5266,Mosaic,squad_extractive
175,What was the room under the Armenian Mosaic used for?,mortuary chapel,32940,5357,Mosaic,squad_extractive
176,Where would the Byzantine church of the Lazarium be located today?,Bethany,33041,5371,Mosaic,squad_extractive
177,When was the Byzantine church of the Lazarium constructed?,between 333 and 390,33109,5382,Mosaic,squad_extractive
178,The mosaic at the Byzantine church of the Lazarium most closely resembles mosaics from which area?,Palestine,33241,5406,Mosaic,squad_extractive
179,The churches of which desert decorated their monasteries with mosaics?,the Judean,33492,5444,Mosaic,squad_extractive
180,When was the Monastery of Martyrius created?,the end of the 5th century,33605,5461,Mosaic,squad_extractive
181,When was the Monastery of Martyrius re-discovered?,in 1982–85,33657,5471,Mosaic,squad_extractive
182,Where in the Monastery of Martyrius is the most important mosaic work?,the refectory,33745,5487,Mosaic,squad_extractive
183,What was the name of the monastery that was discovered in 1930?,Monastery of Euthymius,33862,5506,Mosaic,squad_extractive
184,When was the most important Byzantine church re-discovered?,in 1990,34219,5563,Mosaic,squad_extractive
185,What type of mosaics were present in the church discovered in 1990?,only the floor panels,34303,5579,Mosaic,squad_extractive
186,The scenes depicted on the mosaics were both native and what kind of mythological animals?,exotic,34622,5638,Mosaic,squad_extractive
187,Where would the Church of St Stephen be located today?,Umm ar-Rasas,34787,5664,Mosaic,squad_extractive
188,When were the mosaics in the Church of St Stephen created?,in 785,34811,5668,Mosaic,squad_extractive
189,How many artists signed the frame of the mosaic at the Church of St Stephen?,Six,35094,5713,Mosaic,squad_extractive
190,Yaroslav held what title in medieval Russia?,Grand Prince of the Kievan Rus',35492,5772,Mosaic,squad_extractive
191,Where did Yaroslav build his Cathedral?,Kiev,35564,5785,Mosaic,squad_extractive
192,What was the name of the church Yaroslav commissioned?,Saint Sophia Cathedral,35657,5802,Mosaic,squad_extractive
193,Who started construction on the Gelati Monastery?,king David IV,36266,5903,Mosaic,squad_extractive
194,Who eventually oversaw completion of the Gelati Monastery?,Demetrius I of Georgia,36305,5911,Mosaic,squad_extractive
195,The remains of what was found at Sepphoris?,a 6th-century synagogue,37174,6051,Mosaic,squad_extractive
196,The mosaic found at Sepphoris display a mix of Jewish and which beliefs?,pagan,37433,6090,Mosaic,squad_extractive
197,What figure is dominant in the mosaic at Sepphoris?,Helios,37506,6103,Mosaic,squad_extractive
198,What surrounds Helios in the mosaic at Sepphoris?,a Jewish month,37585,6118,Mosaic,squad_extractive
199,When was the synagogue in Eshtemoa constructed?,around the 4th century,37845,6161,Mosaic,squad_extractive
200,What patterns are present on the mosaic at the synagogue in Eshtemoa?,only floral and geometric,37904,6171,Mosaic,squad_extractive
201,When was the synagogue in Khirbet Susiya re-discovered?,in 1971–72,37983,6182,Mosaic,squad_extractive
202,What do the images at synagogue in Khirbet Susiya suggest about the communities views?,rather conservative,38660,6303,Mosaic,squad_extractive
203,"In Byzantine Gaza, Jews were relaxed on what ban?",figurative depiction,38703,6309,Mosaic,squad_extractive
204,Where were ancient remains of a synagogue found in 1966?,in the ancient harbour area,38831,6331,Mosaic,squad_extractive
205,The mosaic found in 1966 depicts who as the central figure?,King David as Orpheus,38885,6340,Mosaic,squad_extractive
206,What is the central figure doing in the mosaic found in 1966?,playing a lyre,39014,6364,Mosaic,squad_extractive
207,When was the mosaic floor constructed?,in 508/509,39249,6406,Mosaic,squad_extractive
208,A 5th-century building in Huldah is believed to be what?,a Samaritan synagogue,39474,6445,Mosaic,squad_extractive
209,What does the mosaic at Huldah contain?,typical Jewish symbols,39523,6452,Mosaic,squad_extractive
210,The synagogue located in Bet She'an had what kind of symbols depicted in its mosaic?,cultic,39764,6489,Mosaic,squad_extractive
211,The masters who built the floor in the synagogue at Bet She'an also constructed what other mosaic?,the floor of the Beit Alfa synagogue,39967,6525,Mosaic,squad_extractive
212,The Umayyad Dynasty made mosaic making do what in the Islamic culture?,remained a flourishing art form,40377,6589,Mosaic,squad_extractive
213,Where is the most important Islamic mosaic work?,the Umayyad Mosque,40655,6638,Mosaic,squad_extractive
214,Where is the the Umayyad Mosque located?,Damascus,40677,6642,Mosaic,squad_extractive
215,What was the significance of Damascus during this time period?,capital of the Arab Caliphate,40692,6644,Mosaic,squad_extractive
216,What is the largest section of mosaic still present in the Umayyad Mosque?,"the ""Barada Panel""",41271,6733,Mosaic,squad_extractive
217,What happened in 1893 that destroyed most of the mosaics in the mosque?,a fire,41417,6762,Mosaic,squad_extractive
218,Any mosaic having secular designs were likely what?,floor panels,41572,6785,Mosaic,squad_extractive
219,What were the floor panels of the caliphs and high ranking officials modeled after?,Roman country villas,41713,6807,Mosaic,squad_extractive
220,Where can the most superb example of Umayyad mosaic floor paneling?,the bath house of Hisham's Palace,41817,6824,Mosaic,squad_extractive
221,At Qastal in 2000 the earliest examples of what were found in Jordan?,Umayyad mosaics,42780,6978,Mosaic,squad_extractive
222,Where are some of the best examples of islamic mosaic work found?,Moorish Spain,43275,7056,Mosaic,squad_extractive
223,When were the mosaics in the Great Mosque in Corduba created?,between 965 and 970,43428,7082,Mosaic,squad_extractive
224,Who created the mosaics in the Great Mosque in Corduba?,local craftsmen,43451,7087,Mosaic,squad_extractive
225,Who sent the master mosaicist to Spain?,the Byzantine Emperor,43538,7100,Mosaic,squad_extractive
226,The Cathedral Basilica of St. Louis holds the largest what?,mosaic installation,43960,7169,Mosaic,squad_extractive
227,Which station in the NYC subway has a modern example of mosaic?,the Museum of Natural History station,44090,7190,Mosaic,squad_extractive
228,What along texas interstate Highways contains everyday examples of mosaics?,the rest areas,44421,7245,Mosaic,squad_extractive
229,What has recently seen an expansion of mosaic artwork?,street art,44566,7269,Mosaic,squad_extractive
230,Who is the most famous street artist who works with mosaics?,the French Invader,44703,7292,Mosaic,squad_extractive
231,What does the French Invader usually create with the traditional style of mosaic?,8 bit video game character,44850,7318,Mosaic,squad_extractive
232,The French invader coined his own style of mosaic named what?,Rubikcubism,44969,7342,Mosaic,squad_extractive
233,"How does the French Invader create ""Rubikcubism"" styled mosaics?",grids of scrambled Rubik's Cubes,45026,7351,Mosaic,squad_extractive
234,Portuguese pavement is known by what other name?,Calçada Portuguesa,45197,7378,Mosaic,squad_extractive
235,What is Portuguese pavement?,two-tone stone mosaic paving,45230,7384,Mosaic,squad_extractive
236,What other cityscape is done with Portuguese pavement?,streets,45652,7448,Mosaic,squad_extractive
237,Which city has almost all of its sidewalks in Portuguese pavement?,Lisbon,45686,7454,Mosaic,squad_extractive
238,The indirect method also helped for projects with what kinds of areas?,repetitive,45847,7479,Mosaic,squad_extractive
239,How were larger mosaics usually constructed?,face-down to a backing paper,45928,7491,Mosaic,squad_extractive
240,Why was adding a step i production useful for larger projects?,gives the maker time to rework,46098,7519,Mosaic,squad_extractive
241,What besides benches and tabletops was usually created using the indirect method?,murals,46424,7578,Mosaic,squad_extractive
242,What is the style called of putting tessere on a backing paper?,the indirect method,46495,7590,Mosaic,squad_extractive
243,When is the double indirect method of mosaic useful?,when it is important to see the work,46607,7610,Mosaic,squad_extractive
244,What is used as a backing adhesive for the double indirect method besides putty or paper?,sticky plastic,46780,7639,Mosaic,squad_extractive
245,What is the most powerful aspect of the double indirect method?,directly controlling the final result of the work,47288,7727,Mosaic,squad_extractive
246,Who invented the double indirect method?,Maurizio Placuzzi,47433,7752,Mosaic,squad_extractive
247,How should the tiles be aligned next to each other?,in a non-overlapping fashion,47674,7791,Mosaic,squad_extractive
248,Where is the most common application of tile mosaics?,on a shower room or bathing pool floor,47732,7801,Mosaic,squad_extractive
249,What is the typical size of a ceramic mosaic tile?,1 in × 1 in,47863,7825,Mosaic,squad_extractive
250,What is usually the purpose of a tile mosaic in pools?,express text,48096,7875,Mosaic,squad_extractive
251,Why has production automation become popular?,high cost of labor in developed countries,48242,7903,Mosaic,squad_extractive
252,Which software can aid in the design of robotically created mosaics?,CAD,48423,7929,Mosaic,squad_extractive
253,How much faster is automated creation over handmade?,10 times faster,48497,7941,Mosaic,squad_extractive
254,What is not the same between hand made and robotic amde mosaics?,different look,48571,7953,Mosaic,squad_extractive
255,How does the robot pick the tiles it places?,a command file,48754,7979,Mosaic,squad_extractive
256,"What was the first name of Sony Music Entertainment, Inc?",American Record Corporation,49080,8030,Sony_Music_Entertainment,squad_extractive
257,What company is the only group larger than Sony Music Entertainment?,Universal Music Group.,49415,8082,Sony_Music_Entertainment,squad_extractive
258,What was the name of the other company that SME merged with?,Bertelsmann Music Group,49456,8089,Sony_Music_Entertainment,squad_extractive
259,What did the company call themselves after the  merger?,Sony BMG Music Entertainment,49490,8094,Sony_Music_Entertainment,squad_extractive
260,In what year did ARC form?,1929,49839,8152,Sony_Music_Entertainment,squad_extractive
261,In what year did Columbia Phonography Company form?,1888,50063,8186,Sony_Music_Entertainment,squad_extractive
262,In what year did ARC take over Columbia Phonography Company?,1934,50144,8200,Sony_Music_Entertainment,squad_extractive
263,Who bought out ARC?,Columbia Broadcasting System,50183,8208,Sony_Music_Entertainment,squad_extractive
264,What did CBS call ARC after buying it?,Columbia Recording Corporation,50322,8230,Sony_Music_Entertainment,squad_extractive
265,Who convinced Paley to buy ARC?,RCA Victor Records executive Ted Wallerstein,50561,8263,Sony_Music_Entertainment,squad_extractive
266,Who was the head of CBS at the time?,William S. Paley,50625,8272,Sony_Music_Entertainment,squad_extractive
267,In what year was Epic Records created?,1953,51805,8462,Sony_Music_Entertainment,squad_extractive
268,Who was one of the creators of the National Academy of Recording Arts and Sciences?,Conkling,51820,8465,Sony_Music_Entertainment,squad_extractive
269,What did Conkling later go on to lead?,Warner Bros. Records,51989,8490,Sony_Music_Entertainment,squad_extractive
270,What type of music was Date Records known for?,rockabilly,52172,8519,Sony_Music_Entertainment,squad_extractive
271,Who acquired Mercury Records (US)?,Philips Records,52272,8531,Sony_Music_Entertainment,squad_extractive
272,In what year was Mercury Records (US) bought out?,1961,52402,8553,Sony_Music_Entertainment,squad_extractive
273,What is the name of CBS' Mexican record label?,Discos CBS,52715,8604,Sony_Music_Entertainment,squad_extractive
274,What 4 areas of the country did Columbia Records have manufacturers in?,"Los Angeles; Terre Haute, Indiana; Bridgeport, Connecticut; and Pitman, New Jersey",52846,8625,Sony_Music_Entertainment,squad_extractive
275,What lable was bought by CBS in the UK?,Oriole Records.,53107,8663,Sony_Music_Entertainment,squad_extractive
276,CBS began thinking of a name change to their record label in what year?,1965,53345,8703,Sony_Music_Entertainment,squad_extractive
277,"Date Records gave rise to the group ""Peaches and Herb"" in what year?",1965,53524,8729,Sony_Music_Entertainment,squad_extractive
278,Date Records released what major success in 1969?,"""Time of the Season"" by the Zombies",53716,8762,Sony_Music_Entertainment,squad_extractive
279,What place on the charts did Date Records' big success land on?,#2,53764,8771,Sony_Music_Entertainment,squad_extractive
280,Who ran CBS-Columbia Group starting in 1966?,Leiberson,53867,8788,Sony_Music_Entertainment,squad_extractive
281,In what year did CDs come to the American market?,1983,54377,8873,Sony_Music_Entertainment,squad_extractive
282,How many people signed a petition to boycott Sony Music in 2016?,over a hundred thousand,54794,8943,Sony_Music_Entertainment,squad_extractive
283,What website does Sony have complaints against?,Wikipedia.org,55331,9026,Sony_Music_Entertainment,squad_extractive
284,What search engine company giant has Sony sent requests to regarding content on a website?,Google,55357,9029,Sony_Music_Entertainment,squad_extractive
285,What label for the Greek market were artists on under the Sony umbrella?,Feelgood Records,55562,9064,Sony_Music_Entertainment,squad_extractive
286,Who joined the CEO of Epic Records in becoming the CEO of Sony Music?,Doug Morris,55735,9091,Sony_Music_Entertainment,squad_extractive
287,What famous music producer became CEO of Epic Records?,L.A. Reid,55939,9126,Sony_Music_Entertainment,squad_extractive
288,Who became the CEO of RCA Records?,Peter Edge,56097,9154,Sony_Music_Entertainment,squad_extractive
289,What labels did RCA disband in 2011?,"Arista, J Records and Jive Records",56184,9171,Sony_Music_Entertainment,squad_extractive
290,Name 3 artists that CBS Associated Records signed on in the 80s and 90s?,"Ozzy Osbourne, the Fabulous Thunderbirds, Electric Light Orchestra, Joan Jett, and Henry Lee Summer",56516,9230,Sony_Music_Entertainment,squad_extractive
291,Who were the 3 people who bought CBS Songs?,"Stephen Swid, Martin Bandier, and Charles Koppelman",56902,9294,Sony_Music_Entertainment,squad_extractive
292,How much was the sale of CBS Songs?,$125 million,56958,9302,Sony_Music_Entertainment,squad_extractive
293,What label did ABC sell in 1979?,MCA Records,57154,9336,Sony_Music_Entertainment,squad_extractive
294,How much did SCA pay for CBS Records?,$2 billion,57468,9391,Sony_Music_Entertainment,squad_extractive
295,Who distributes CBS Records material?,Sony through its RED subsidiary,57701,9431,Sony_Music_Entertainment,squad_extractive
296,In what city was Tree International Publishing located?,Nashville,57810,9447,Sony_Music_Entertainment,squad_extractive
297,How much did CBS Records pay for Tree International Publishing?,$30 million,57880,9456,Sony_Music_Entertainment,squad_extractive
298,What company did Barry Weiss move to?,Island Def Jam and Universal Republic,57987,9476,Sony_Music_Entertainment,squad_extractive
299,Who was promoted to Executive VP of Label Strategy in 2011?,Mel Lewinter,58218,9516,Sony_Music_Entertainment,squad_extractive
300,Who became President of Global Digital Business and US Sales in 2012?,Dennis Kooker,58390,9542,Sony_Music_Entertainment,squad_extractive
301,Name one of the final albums to ever have the Sony BMG label?,"Thriller 25 by Michael Jackson, I Am... Sasha Fierce by Beyoncé, Keeps Gettin' Better: A Decade of Hits by Christina Aguilera, and Safe Trip Home by Dido",59205,9672,Sony_Music_Entertainment,squad_extractive
302,What labels strove to support indie labels and music rightsholders?,SME and IODA,59481,9720,Sony_Music_Entertainment,squad_extractive
303,Who did Sony partner with to create the biggest deal ever?,Michael Jackson Company,59741,9755,Sony_Music_Entertainment,squad_extractive
304,How much was the partnership worth?,$250 million,59794,9764,Sony_Music_Entertainment,squad_extractive
305,Who is the CCO of Sony Music?,Clive Davis,60168,9826,Sony_Music_Entertainment,squad_extractive
306,Who owns the rights to the Columbia label in Japan?,Nippon Columbia,61016,9966,Sony_Music_Entertainment,squad_extractive
307,What word was dropped as a racial classification in this year's census?,Mulatto,61525,10044,Race_and_ethnicity_in_the_United_States_Census,squad_extractive
308,What were people that had black and white ancestor classified as in this census? ,Negro,61727,10074,Race_and_ethnicity_in_the_United_States_Census,squad_extractive
309,"What is it called when a mixed race person in recorded as negro in this census, even if only a fraction of their ancestry is black?",one-drop rule,61780,10083,Race_and_ethnicity_in_the_United_States_Census,squad_extractive
310,How were people with both black and American Indian ancestry recorded in this census? ,Neg,61878,10100,Race_and_ethnicity_in_the_United_States_Census,squad_extractive
311,Which parent was the deciding factor for how interracial persons were recorded in this census? ,their father,62389,10187,Race_and_ethnicity_in_the_United_States_Census,squad_extractive
312,How many race categories were respondents able to select in the Census 2000?,one or more,62556,10212,Race_and_ethnicity_in_the_United_States_Census,squad_extractive
313,How many American reported being of more than one race in the Census 2000?,nearly seven million,62630,10224,Race_and_ethnicity_in_the_United_States_Census,squad_extractive
314,"Prior to 1997, where were racial categories declared for the U.S. Census?",OMB directive no. 15,63059,10292,Race_and_ethnicity_in_the_United_States_Census,squad_extractive
315,What organization recommended that race and ethnicity categories be combined into one question for the 2000 US census?,the American Anthropological Association,63081,10296,Race_and_ethnicity_in_the_United_States_Census,squad_extractive
316,How did racial categories appear in the US 2000 census?,race/ethnicity,63227,10317,Race_and_ethnicity_in_the_United_States_Census,squad_extractive
317,What do the race categories in the US Census include in addition to race?,national-origin,64131,10449,Race_and_ethnicity_in_the_United_States_Census,squad_extractive
318,"In addition to Hispanic and Latino, what other ethnic category is included in the United States Census?",Not Hispanic or Latino,64442,10497,Race_and_ethnicity_in_the_United_States_Census,squad_extractive
319,What association criticized the separation of race and ethnicity in the UScensus?,the American Anthropological Association,64578,10516,Race_and_ethnicity_in_the_United_States_Census,squad_extractive
320,Members of what commission criticized the separation of race and ethnic city on the US Census?,U.S. Commission on Civil Rights,64634,10523,Race_and_ethnicity_in_the_United_States_Census,squad_extractive
321,What country did President Frankiln Roosevelt have a good neighbor policy for in hopes of a better relationship?,Mexico,64768,10542,Race_and_ethnicity_in_the_United_States_Census,squad_extractive
322,In what year did a federal judge say that three immigrants from Mexico were not eligible to be citizens because of their race?,1935,64779,10544,Race_and_ethnicity_in_the_United_States_Census,squad_extractive
323,What US President wanted to treat Hispanic people as white by the federal government?,Roosevelt,64947,10570,Race_and_ethnicity_in_the_United_States_Census,squad_extractive
324,What did OMB hope to provide with their revision on race and ethnicity in 1997?,consistent data,65573,10665,Race_and_ethnicity_in_the_United_States_Census,squad_extractive
325,How many races were people asked to mark on the US Census after OMB revised their standards in 1997?,one or more,65818,10701,Race_and_ethnicity_in_the_United_States_Census,squad_extractive
326,In what year were free persons first listed individually in the US census?,1850,66239,10769,Race_and_ethnicity_in_the_United_States_Census,squad_extractive
327,How were free persons listed in the US census prior to 1850?,by head of household,66395,10794,Race_and_ethnicity_in_the_United_States_Census,squad_extractive
328,"If M was marked in the color column for a person in the 1850 census, How were they classified?",mulatto,66678,10847,Race_and_ethnicity_in_the_United_States_Census,squad_extractive
329,How were slaves listed in the 1850 US census?,by owner,66706,10851,Race_and_ethnicity_in_the_United_States_Census,squad_extractive
330,"In addition to the Census, where else is the ""some other race"" selection an option?",the American Community Survey,66922,10893,Race_and_ethnicity_in_the_United_States_Census,squad_extractive
331,What race selection did the census bureau consider getting rid of before the 2000 census?,Some other race,66954,10898,Race_and_ethnicity_in_the_United_States_Census,squad_extractive
332,There were campaigns to try to get minorities to use what race category into 2010 census?,Some other race,67392,10964,Race_and_ethnicity_in_the_United_States_Census,squad_extractive
333,What act has rules and regulations for bilingual election? ,the Voting Rights Act,67558,10988,Race_and_ethnicity_in_the_United_States_Census,squad_extractive
334,What act has laws about equal employment opportunities for ethnic groups?,the Civil Rights Act,67643,10999,Race_and_ethnicity_in_the_United_States_Census,squad_extractive
335,What act has rules and regulations for meeting the credit needs of minority populations?,the Community Reinvestment Act,67993,11051,Race_and_ethnicity_in_the_United_States_Census,squad_extractive
336,In what year was the term race first used in the U.S. Census?,1890,68032,11056,Race_and_ethnicity_in_the_United_States_Census,squad_extractive
337,How often was a new questionnaire sheet used in the 1890 census?,for each family,68189,11079,Race_and_ethnicity_in_the_United_States_Census,squad_extractive
338,Why were different East Asian races divided in 1890 Census?,increased immigration,68347,11104,Race_and_ethnicity_in_the_United_States_Census,squad_extractive
339,How many ethnicities or federal agencies required to use in data collection?,a minimum of two,68714,11154,Race_and_ethnicity_in_the_United_States_Census,squad_extractive
340,"Aside from Hispanic or Latino, what other ethnicity are federal agencies required to use?",Not Hispanic or Latino,68770,11164,Race_and_ethnicity_in_the_United_States_Census,squad_extractive
341,"What is the average elevation of Tibet, in feet?","16,000",69571,11296,Tibet,squad_extractive
342,What is the highest elevation in Tibet?,Mount Everest,69617,11303,Tibet,squad_extractive
343,How many feet above sea level does earth's highest mountain rise?,"29,029",69673,11312,Tibet,squad_extractive
344,Which battle left parts of Tibet under Chinese rule?,Battle of Chamdo,70326,11414,Tibet,squad_extractive
345,Which Chinese provinces used to be the eastern part of Tibet?,Sichuan and Qinghai,70420,11429,Tibet,squad_extractive
346,Which battle led to Tibet's incorporation into the People's Republic of China?,Battle of Chamdo,70912,11502,Tibet,squad_extractive
347,Where is the Tibet Autonomous Region?,western and central Tibet,71097,11530,Tibet,squad_extractive
348,What is the economy of Tibet dominated by?,subsistence agriculture,71500,11592,Tibet,squad_extractive
349,Which two cultures does Tibetan architecture reflect?,Chinese and Indian,71884,11650,Tibet,squad_extractive
350,What is a staple food in Tibet?,yak meat,71957,11661,Tibet,squad_extractive
351,What area did Bod originally refer to?,central region around Lhasa,72096,11684,Tibet,squad_extractive
352,"Which ancient people were mentioned in the first written reference to Bod ""Tibet""?",Bautai,72418,11733,Tibet,squad_extractive
353,How is the ethnic Tibetan region referred to as a modern Standard Chinese exonym?,Zangqu,72704,11777,Tibet,squad_extractive
354,"Which Chinese suffix means ""area, district, region, ward""?",qū,72847,11800,Tibet,squad_extractive
355,"How do the Chinese refer to Tibetan people, language, and culture?",Zang,72988,11822,Tibet,squad_extractive
356,Who reconstructed Middle Chinese spoken from the 7th century to the 10th century?,William H. Baxter,73674,11939,Tibet,squad_extractive
357,What is another pre-modern Chinese name for Tibet?,Wusiguo,73836,11963,Tibet,squad_extractive
358,Who is an American Tibetologist?,Elliot Sperling,74105,11997,Tibet,squad_extractive
359,What name for Tibet most clearly includes the entire Tibetan plateau?,Tubote,74346,12037,Tibet,squad_extractive
360,"Why are Dzongkha, Sikkimese, Sherpa, and Ladakhi considered to be separate languages?",political reasons,74938,12123,Tibet,squad_extractive
361,How many people across the Tibetan Plateau speak 'greater Tibetan'?,approximately 6 million,75107,12148,Tibet,squad_extractive
362,How many people who have fled modern-day Tibet are considered to be exile speakers of Tibetan?,"approximately 150,000",75192,12161,Tibet,squad_extractive
363,What is written Tibetan base on?,Classical Tibetan,75383,12189,Tibet,squad_extractive
364,What influenced the consistency of the written Tibetan language?,Tibetan empire,75487,12204,Tibet,squad_extractive
365,From what was the Tibetan language's script derived?,ancient Indian Brāhmī script,75844,12266,Tibet,squad_extractive
366,Where did the Zhang Zhung people migrate from?,Amdo region,75980,12287,Tibet,squad_extractive
367,Where did the Zhang Zhung people migrate to?,western Tibet,76031,12298,Tibet,squad_extractive
368,Which Yarlung king attempted to remove the influence of the Zhang Zhung?,Drigum Tsenpo,76214,12330,Tibet,squad_extractive
369,Who was the first factual king of Tibet?,Songtsän Gampo,76475,12374,Tibet,squad_extractive
370,Who founded the Tibetan Empire?,Songtsän Gampo,76658,12404,Tibet,squad_extractive
371,What did Songtsan Gampo unite?,parts of the Yarlung River Valley,76698,12410,Tibet,squad_extractive
372,Who was Songtsan Gampo's first wife?,"Princess of Nepal, Bhrikuti",76928,12448,Tibet,squad_extractive
373,Who did Songtsan Gampo marry in 640?,Princess Wencheng,77051,12470,Tibet,squad_extractive
374,When did Tibet and China sign a peace treaty?,821/822 CE,77139,12484,Tibet,squad_extractive
375,Where does a bilingual account of Tibet and China's peace treaty exist?,Jokhang temple in Lhasa,77341,12518,Tibet,squad_extractive
376,When did a civil war over succession lead to the collapse of imperial Tibet?,mid-9th century,77418,12531,Tibet,squad_extractive
377,What followed the collapse of imperial Tibet?,Era of Fragmentation,77562,12555,Tibet,squad_extractive
378,What was divided between warlords and tribes with no dominant centralized authority?,political control over Tibet,77589,12559,Tibet,squad_extractive
379,Which dynasty ruled Tibet through a top-level administrative department?,Mongol Yuan,77715,12576,Tibet,squad_extractive
380,What was a dpon-chen?,great administrator,77927,12608,Tibet,squad_extractive
381,Who confirmed the dpon-chen?,Mongol emperor,78001,12618,Tibet,squad_extractive
382,Who was the political authority of the region?,Sakya lama,78032,12623,Tibet,squad_extractive
383,Who managed structural and administrative rule?,Mongols,78546,12704,Tibet,squad_extractive
384,Who gained temporal power in Tibet in the 1240s?,Mongolian prince Khuden,78771,12738,Tibet,squad_extractive
385,Who founded the Yuan dynasty?,Imperial Preceptor of Kublai Khan,78961,12767,Tibet,squad_extractive
386,When was the Phagmodrupa Dynasty founded?,Between 1346 and 1354,79026,12777,Tibet,squad_extractive
387,Who founded the Gelug school?,disciples of Je Tsongkhapa,79227,12811,Tibet,squad_extractive
388,Who dominated politics after 1435?,minister family Rinpungpa,79508,12854,Tibet,squad_extractive
389,What sect did the Tsangpa Dynasty of Shigatse favor?,Karma Kagyu,79767,12894,Tibet,squad_extractive
390,Who is known for unifying the Tibetan heartland?,5th Dalai Lama,79790,12898,Tibet,squad_extractive
391,Who helped the 5th Dalai Lama?,Güshi Khan,80082,12948,Tibet,squad_extractive
392,What did the 5th Dalai Lama and his intimates establish?,Lhasa state,80299,12984,Tibet,squad_extractive
393,What is the Tibetan goverment referred to as?,Ganden Phodrang,80373,12997,Tibet,squad_extractive
394,When did the Qing dynasty begin to rule in Tibet?,1720,80435,13007,Tibet,squad_extractive
395,When did Amdo come under Qing control?,1724,80540,13024,Tibet,squad_extractive
396,When was Kham incorporated into neighboring Chinese provinces?,1728,80619,13035,Tibet,squad_extractive
397,What was the governing councel called?,Kashag,81328,13153,Tibet,squad_extractive
398,When did the Qing Qianlong Emperor send a large Chinese army into Tibet?,1792,81629,13203,Tibet,squad_extractive
399,Why did the Qing Qianlong Emperor send a large Chinese army into Tibet?,push the invading Nepalese out,81700,13216,Tibet,squad_extractive
400,What was the Qing reorganization of the Tibetan called?,Twenty-Nine Regulations for Better Government in Tibet,81850,13240,Tibet,squad_extractive
401,Who came to Tibet from Europe?,Jesuits and Capuchins,82300,13309,Tibet,squad_extractive
402,When did George Bogle come to Shigatse to investigate prospects of trade.,1774,82342,13316,Tibet,squad_extractive
403,With whom were the British hopeing to negotiate?,13th Dalai Lama,82977,13420,Tibet,squad_extractive
404,How many Tibetan troops died at the Massacre of Chumik Shenko?,600,83227,13458,Tibet,squad_extractive
405,Who imposed the Treaty of Lhasa?,Francis Younghusband,83331,13475,Tibet,squad_extractive
406,When did the Xinhai Revolution topple the Qing dynasty?,1911–12,83532,13507,Tibet,squad_extractive
407,Why did the Chinese goverment denounce the accord?,illegal,84339,13641,Tibet,squad_extractive
408,Where did the Dalai Lama's government flee to during the 1959 Tibetan Rebellion?,Dharamsala,84391,13649,Tibet,squad_extractive
409,How many Tibetans died during the Great Leap Forward?,"between 200,000 and 1,000,000",84668,13686,Tibet,squad_extractive
410,To where did Chinese troops withdraw?,north of the McMahon Line,84945,13728,Tibet,squad_extractive
411,What did the government do when it halted reforms?,started an anti-separatist campaign,85364,13793,Tibet,squad_extractive
412,For what have the Beijing and Lhasa goverments been criticized?,human rights,85497,13811,Tibet,squad_extractive
413,"How tall, in feet, is Mount Everest?","29,029",85827,13866,Tibet,squad_extractive
414,Which mountain is a holy pilgrimage for both Hindus and Tibetans?,Mount Kailash,86322,13941,Tibet,squad_extractive
415,Who do Hindus believe lives in Mount Kailash?,Lord Shiva,86458,13965,Tibet,squad_extractive
416,What is the Tibetan name for Mount Kailash?,Khang Rinpoche,86506,13974,Tibet,squad_extractive
417,Which lake is the largest in China?,Qinghai Lake,86793,14019,Tibet,squad_extractive
418,What is the average annual snowfall in Tibet?,18 inches,86965,14049,Tibet,squad_extractive
419,What weather pattern exerts some influence on eastern TIbet?,Indian monsoon,87331,14108,Tibet,squad_extractive
420,What are winters like in Tibet?,intense cold,87451,14127,Tibet,squad_extractive
421,Where is Tibet ranked among China's 31 provinces on the UN's Human Development Index?,lowest,87602,14151,Tibet,squad_extractive
422,What has increased tourism to Tibet in recent years?,increased interest in Tibetan Buddhism,87735,14172,Tibet,squad_extractive
423,From which area does tourism bring the most income?,sale of handicrafts,87916,14199,Tibet,squad_extractive
424,What is Tibet exempt from?,all taxation,88110,14226,Tibet,squad_extractive
425,Members of which committee attended the conference?,CPC Politburo Standing Committee,88718,14326,Tibet,squad_extractive
426,By when does the plan call for improvement of rural Tibetan income?,2020,88932,14358,Tibet,squad_extractive
427,"How much, in US dollars, has China invested in Tibet since 2001?",about 45.6 billion,89025,14374,Tibet,squad_extractive
428,What has the population of Tibet primarily consisted of?,ethnic Tibetans,89308,14421,Tibet,squad_extractive
429,How are the original ancestors of the Tibetan people represented?,six red bands in the Tibetan flag,89445,14442,Tibet,squad_extractive
430,What has a strong influence over all aspect of Tibetans lives?,Religion,89873,14511,Tibet,squad_extractive
431,When were nearly all of Tibet's monasteries destroyed by the Red Guard?,During China's Cultural Revolution,90401,14598,Tibet,squad_extractive
432,When were 10 to 20% of Tibets males monks?,Before the 1950s,90837,14664,Tibet,squad_extractive
433,What are Tibetan Muslims known as?,Kachee,91049,14703,Tibet,squad_extractive
434,What is the Chinese Muslim community called?,gya kachee,91627,14795,Tibet,squad_extractive
435,When did Roman Catholic Jesuits and Capuchins arrive in Tibet from Europe?,17th and 18th centuries,91770,14818,Tibet,squad_extractive
436,When did Portuguese missionaries first arrive in western Tibet?,1624,91933,14843,Tibet,squad_extractive
437,"When was Christianity introduced to Rudok, Ladakh, and Tsang?",1626,92283,14905,Tibet,squad_extractive
438,When did Johann Grueber cross Tibet on the way to Nepal?,1661,92293,14907,Tibet,squad_extractive
439,When did Jesuit Father Ippolito Desideri spend time in Tibet?,1716–1721,92535,14947,Tibet,squad_extractive
440,How was Christianity used by some Tibetan monarchs?,counterbalance the influence of the Gelugpa sect,92772,14983,Tibet,squad_extractive
441,When did Protestant James Cameron bring the Gospel to the Tibetan people?,1877,92925,15008,Tibet,squad_extractive
442,When did a large number of Lisu people convert to Christianity?,Beginning in the 20th century,93128,15038,Tibet,squad_extractive
443,"How were James O. Fraser, Alfred James Broomhall, and Isobel Kuhn involved with Tibet?",Famous earlier missionaries,93293,15065,Tibet,squad_extractive
444,How many stories does the Potala Palace contain?,thirteen,93698,15131,Tibet,squad_extractive
445,How many shrines exist in the Potala Palace?,"10,000",93961,15174,Tibet,squad_extractive
446,What is Norbulingka?,former summer residence of the Dalai Lama,94087,15195,Tibet,squad_extractive
447,In what languages is Tibetan music often chanted in?,Tibetan or Sanskrit,94172,15208,Tibet,squad_extractive
448,What do the chants often contain?,recitations of sacred texts,94262,15223,Tibet,squad_extractive
449,What is worshipped during Tibet's various festibals?,Buddha,94722,15292,Tibet,squad_extractive
450,What is the Tibetan New Year Festival called?,Losar,94767,15297,Tibet,squad_extractive
451,What do Tibetan's eat on New Year's Eve?,Guthuk,95013,15335,Tibet,squad_extractive
452,When is the Monlam Prayer Festival?,between the fourth and the eleventh days of the first Tibetan month,95183,15363,Tibet,squad_extractive
453,Who established the Monlam Prayer Festival in 1049?,Tsong Khapa,95373,15395,Tibet,squad_extractive
454,What is dough made from barley flour called?,tsampa,95531,15422,Tibet,squad_extractive
455,What are steamed dumplings called?,momos,95640,15440,Tibet,squad_extractive
456,What seed is cultivated in Tibet?,Mustard,95754,15461,Tibet,squad_extractive
457,What is a popular drink in Tibet?,Butter tea,95959,15492,Tibet,squad_extractive
458,what type of islands are the Tristan da Cunha,volcanic,96090,15514,Tristan_da_Cunha,squad_extractive
459,where are the islands of Tristan da Cunha located?,south Atlantic Ocean,96114,15518,Tristan_da_Cunha,squad_extractive
460,what type of island group are the islands?,archipelago,96202,15534,Tristan_da_Cunha,squad_extractive
461,what territory is Tristan da Cunha part of?,the British overseas territory of Saint Helena,96769,15624,Tristan_da_Cunha,squad_extractive
462,what other island is included in the territory?,Ascension Island,96891,15642,Tristan_da_Cunha,squad_extractive
463,What is the population of the island?,267,96997,15660,Tristan_da_Cunha,squad_extractive
464,in what year were the islands first sighted?,1506,97056,15671,Tristan_da_Cunha,squad_extractive
465,who was the main island named after?,Portuguese explorer Tristão da Cunha,97064,15673,Tristan_da_Cunha,squad_extractive
466,what was the name of the explorer that sighted them?,Tristão da Cunha,97084,15675,Tristan_da_Cunha,squad_extractive
467,what year was it said the first island landing was made?,1520,97368,15722,Tristan_da_Cunha,squad_extractive
468,what was the name of the first long term settler? ,Jonathan Lambert,97606,15761,Tristan_da_Cunha,squad_extractive
469,what year did the first permanent settler arrive?,December 1810,97696,15774,Tristan_da_Cunha,squad_extractive
470,what did one of the settlers rename the islands?,Islands of Refreshment,97800,15791,Tristan_da_Cunha,squad_extractive
471,in what year did the UK annex the islands?,1816,98040,15831,Tristan_da_Cunha,squad_extractive
472,where did the UK rule the islands from?,South Africa,98122,15845,Tristan_da_Cunha,squad_extractive
473,in what year did Prince Alfred visit the island?,1867,98473,15910,Tristan_da_Cunha,squad_extractive
474,what was the main settlement named?,Edinburgh of the Seven Seas,98588,15928,Tristan_da_Cunha,squad_extractive
475,who is Lewis Carroll's youngest brother?,Reverend Edwin Heron Dodgson,98689,15945,Tristan_da_Cunha,squad_extractive
476,what is one reason that caused the island to become less used?,the opening of the Suez Canal,99009,15998,Tristan_da_Cunha,squad_extractive
477,What was the islands codename during World War II?,HMS Atlantic Isle,99575,16097,Tristan_da_Cunha,squad_extractive
478,Who was the administrator during World War II for the island?,Surgeon Lieutenant Commander E.J.S. Woolley,99743,16122,Tristan_da_Cunha,squad_extractive
479,What year was an atomic bomb detonated near the island?,1958,99850,16137,Tristan_da_Cunha,squad_extractive
480,What year was the island evacuated due to an eruption?,1961,100064,16173,Tristan_da_Cunha,squad_extractive
481,What was the name of the settlement that was assessed after the evactuation?,Edinburgh of the Seven Seas,100296,16212,Tristan_da_Cunha,squad_extractive
482,What year did most families return after being evacuated?,1963,100385,16226,Tristan_da_Cunha,squad_extractive
483,Who provided aid for the extratropical cyclone?,the British government,100643,16268,Tristan_da_Cunha,squad_extractive
484,When were the new generators installed to correct the power problems?,March 2008,100957,16318,Tristan_da_Cunha,squad_extractive
485,what was the name of the ship that was a temporary fishing facility?,M/V Kelso,101172,16353,Tristan_da_Cunha,squad_extractive
486,when was the new fishing factory ready for use?,July 2009,101330,16383,Tristan_da_Cunha,squad_extractive
487,When did the freighter Nightingale run aground?,March 2011,101393,16395,Tristan_da_Cunha,squad_extractive
488,What was spilled when the freighter ran aground?,heavy fuel oil,101480,16409,Tristan_da_Cunha,squad_extractive
489,what animal was threatened with the fuel oil spill?,rockhopper penguins,101571,16424,Tristan_da_Cunha,squad_extractive
490,When did a boat arrive at the island with damage during a race?,November 2011,101702,16444,Tristan_da_Cunha,squad_extractive
491,What was the name of the boat that was damaged during the race?,Puma's Mar Mostro,101734,16449,Tristan_da_Cunha,squad_extractive
492,What was the name of the race the boat was damaged in?,Volvo Ocean Race,101767,16454,Tristan_da_Cunha,squad_extractive
493,What types of things are idealist philosophies skeptical about?,mind-independent,102255,16530,Idealism,squad_extractive
494,"In sociology, what sorts of ideas does idealism focus on?",beliefs and values,102351,16541,Idealism,squad_extractive
495,"Along with physicalist theories, what theories is idealism in conflict with?",dualist,102534,16567,Idealism,squad_extractive
496,What Greek philosophers had idealistic views?,Neoplatonists,102753,16604,Idealism,squad_extractive
497,With what sect of Buddhism was the Yogācāra school affiliated?,Mahayana,102925,16628,Idealism,squad_extractive
498,"Along with British idealism and existentialism, what philosophy was influenced by the German idealistic tradition?",phenomenalism,103615,16723,Idealism,squad_extractive
499,"Along with positivism and pragmatism, what philosophy rejected idealism's metaphysical views but what nevertheless influenced by it?",Marxism,103788,16747,Idealism,squad_extractive
500,What does ἰδεῖν mean in English?,to see,103932,16770,Idealism,squad_extractive
501,"By what year was ""idealism"" a word in English?",1743,103982,16778,Idealism,squad_extractive
502,Whose worldview contrasts with that of idealists in the ordinary sense of the word?,pragmatists,104244,16818,Idealism,squad_extractive
503,What branch of idealism believes that reality is fundamentally nonphysical?,Metaphysical,104622,16876,Idealism,squad_extractive
504,What branch of idealism sees abstracts as more real than perceived objects?,Platonic,104825,16907,Idealism,squad_extractive
505,What branch of idealism believes that we can only know the real world via ideas?,Epistemological,105032,16935,Idealism,squad_extractive
506,Who is a notable subjective idealist?,George Berkeley,105209,16961,Idealism,squad_extractive
507,Who are subjective idealists opposed to?,realists,105234,16965,Idealism,squad_extractive
508,What famous philosopher was a transcendental idealist?,Immanuel Kant,105319,16975,Idealism,squad_extractive
509,"Along with Plato, what notable philosopher rejected epistemological idealism?",Gottfried Leibniz,106094,17095,Idealism,squad_extractive
510,In what philosophy was Christian idealism often rooted?,Neoplatonism,106587,17164,Idealism,squad_extractive
511,What philosophy influential in the medieval church was opposed to Christian idealism?,Aristotelian scholasticism,106626,17169,Idealism,squad_extractive
512,"What notable idealist was responsible for a ""world ground"" theory?",Hermann Lotze,106731,17184,Idealism,squad_extractive
513,"Along with the Unity Church, what contemporary religious movement may be regarded as idealist?",New Thought,106953,17218,Idealism,squad_extractive
514,Who regarded Plato as the oldest exponent of metaphysical objective idealism?,Simone Klein,107739,17340,Idealism,squad_extractive
515,What sort of dualist is Plato regarded as?,metaphysical and epistemological,108067,17390,Idealism,squad_extractive
516,What branch of physics might support a worldview similar to Platonic dualism?,quantum,108249,17416,Idealism,squad_extractive
517,What sort of philosopher was Plotinus?,neoplatonist,108488,17450,Idealism,squad_extractive
518,"According to Noiré, who was the first true Western idealist?",Plotinus,109019,17541,Idealism,squad_extractive
519,What issue did Schopenhauer discuss that Plotinus did not?,whether we know external objects,109064,17547,Idealism,squad_extractive
520,"Along with phenomenalism, what is another term for subjective idealism?",immaterialism,109171,17561,Idealism,squad_extractive
521,Of what see was Berkeley bishop?,Cloyne,109391,17592,Idealism,squad_extractive
522,What was Berkeley's ethnicity?,Anglo-Irish,109402,17594,Idealism,squad_extractive
523,What did Berkeley consider things like matter to be?,abstractions,109605,17622,Idealism,squad_extractive
524,What does esse est percipi mean?,to be is to be perceived,109730,17643,Idealism,squad_extractive
525,Who was notably influenced by John Norris?,Arthur Collier,109758,17648,Idealism,squad_extractive
526,What sort of reality did Collier believe was knowable?,represented image of an external object,109918,17672,Idealism,squad_extractive
527,"Who was known as the ""Cambridge Platonist""?",John Norris,110327,17742,Idealism,squad_extractive
528,When was An Essay Towards the Theory of the Ideal or Intelligible World written?,1701,110340,17745,Idealism,squad_extractive
529,"Who coined the term ""thing-in-itself""?",Immanuel Kant,110416,17754,Idealism,squad_extractive
530,"Who came up with the idea of ""things-as-interacted-by-us""?",Arthur Fine,110462,17757,Idealism,squad_extractive
531,"Who invented the idea of a ""table-of-commonsense""?",Sir Arthur Eddington,110523,17762,Idealism,squad_extractive
532,"Who spoke of the ""warning signs"" of idealism?",Musgrave,110608,17773,Idealism,squad_extractive
533,What sort of philosopher was Richard Rorty?,Postmodernist,110899,17818,Idealism,squad_extractive
534,Who wrote A World for Us: The Case for Phenomenalistic Idealism?,Foster,110990,17833,Idealism,squad_extractive
535,What sort of thinkers were Foster and Luce?,subjectivists,111007,17836,Idealism,squad_extractive
536,What book was written by A.A. Luce?,Sense without Matter,111031,17839,Idealism,squad_extractive
537,When was the second edition published?,1787,111538,17921,Idealism,squad_extractive
538,What sort of idealist was Descartes?,Sceptical,111639,17933,Idealism,squad_extractive
539,What school of thought did Berkeley belong to?,Subjective Idealism,111696,17940,Idealism,squad_extractive
540,In what section was Descartes criticized?,Paralogisms of Pure Reason,111729,17944,Idealism,squad_extractive
541,"According to Schopenhauer, to what can the ideal be attributed?",our own minds,112384,18050,Idealism,squad_extractive
542,What did Schopenhauer believe we were restricted to?,our own consciousness,112501,18070,Idealism,squad_extractive
543,What did Schopenhauer believe were the only things we could know?,representations,112640,18092,Idealism,squad_extractive
544,Who censured Kant for his agnostic tautology?,Friedrich Nietzsche,112862,18130,Idealism,squad_extractive
545,How did Hegel believe historical reality to be knowable to a philosopher?,exercise of reason and intellect,114016,18312,Idealism,squad_extractive
546,When was Science of Logic written?,1812–1814,114280,18348,Idealism,squad_extractive
547,Why did Hegel believe natural things are less real than spiritual things?,less self-determining,114576,18391,Idealism,squad_extractive
548,"Along with God and morally responsible people, what is an example of a spiritual thing to Hegel?",ethical communities,114653,18399,Idealism,squad_extractive
549,"What is another term for Hegel's ""subject""?",any human observer,115058,18465,Idealism,squad_extractive
550,"What does Hegel mean by ""object""?",any external entity,115121,18476,Idealism,squad_extractive
551,What does Spirit turn into when a person arrives at self-realization?,Absolute Spirit,116063,18610,Idealism,squad_extractive
552,"According to Kierkegaard, why can't reality be a system for human beings?",humans are incomplete,117040,18763,Idealism,squad_extractive
553,When was Phenomenology of Spirit published?,1807,117434,18823,Idealism,squad_extractive
554,What conception of right and wrong did Climacus believe Hegel endorsed?,bourgeois,117904,18895,Idealism,squad_extractive
555,What trait did Climacus believe that Hegel suppressed?,individuality,118087,18922,Idealism,squad_extractive
556,"According to Hegel, what form does thought necessarily take?",abstraction,118926,19054,Idealism,squad_extractive
557,Why does Hegel believe we cannot know God?,we are finite beings,119209,19097,Idealism,squad_extractive
558,"If something transcends time, what does it, according to Hegel, also transcend?",human understanding,119410,19129,Idealism,squad_extractive
559,"In his rejection of idealism, whose thought did Moore attack?",Bradley,119432,19131,Idealism,squad_extractive
560,Who is a notable exponent of pluralistic idealism?,Gottfried Leibniz,120730,19346,Idealism,squad_extractive
561,What is the term for the type of idealism preached by Leibniz?,Panpsychism,121081,19399,Idealism,squad_extractive
562,Who was a notable disciple of Leibniz?,James Ward,121753,19498,Idealism,squad_extractive
563,What does Ward see as the purpose of interaction between monads?,self- betterment,121941,19527,Idealism,squad_extractive
564,What was the term given to the personal idealism of Howison?,California Personalism,122006,19536,Idealism,squad_extractive
565,"Who was an exponent of so-called ""Boston Personalism""?",Bowne,122101,19549,Idealism,squad_extractive
566,Who is a notable realistic personal theist?,Saint Thomas Aquinas,122482,19602,Idealism,squad_extractive
567,What issue do both Aquinas and Brightman discuss?,dependence upon an infinite personal God,122540,19612,Idealism,squad_extractive
568,With what university is J.M.E. McTaggart affiliated?,Cambridge,122605,19623,Idealism,squad_extractive
569,How does McTaggart believe minds relate to one another?,love,122695,19637,Idealism,squad_extractive
570,What does McTaggart believe space and time to be?,unreal,122738,19644,Idealism,squad_extractive
571,In what year was The Nature of Existence published?,1927,122911,19676,Idealism,squad_extractive
572,What was the name of the philosophy preached by Thomas Davidson?,apeirotheism,123701,19808,Idealism,squad_extractive
573,What type of idealism was Thomas Davidson's philosophy?,pluralistic,123727,19811,Idealism,squad_extractive
574,What did Davidson believe the God of Aristotle is synonymous with?,rational thought,124321,19902,Idealism,squad_extractive
575,Among what twentieth century scientists was idealism popular?,physicists,124517,19934,Idealism,squad_extractive
576,"Along with quantum physics generally, what scientific doctrine caused some physicists to embrace idealism?",relativity,124621,19951,Idealism,squad_extractive
577,In what year was the second edition of The Grammar of Science published?,1900,124688,19962,Idealism,squad_extractive
578,Who is claimed to have been influenced by The Grammar of Science?,Einstein,124883,19993,Idealism,squad_extractive
579,What did Pearson claim that science classifies?,contents of the mind,125087,20024,Idealism,squad_extractive
580,How do receive information from the physical world?,messages transmitted along the nerves to the seat of consciousness,125578,20105,Idealism,squad_extractive
581,What type of consciousness is similar but not identical to consciousness itself?,subconsciousness,125702,20123,Idealism,squad_extractive
582,What is botany?,science of plant life,126134,20193,Botany,squad_extractive
583,What is  a plant scientist called?,A botanist,126181,20202,Botany,squad_extractive
584,What does the word botany mean?,"""to feed"" or ""to graze""",126416,20239,Botany,squad_extractive
585,Does botany only study plants?,included the study of fungi and algae,126472,20248,Botany,squad_extractive
586,What science led to botany?,herbalism,126889,20308,Botany,squad_extractive
587,What kind of plants did monasteries cultivate?,plants of medical importance,127123,20344,Botany,squad_extractive
588,When did universities start growing gardens?,1540s onwards,127249,20362,Botany,squad_extractive
589,Why did universities have these gardens?,facilitated the academic study of plants,127330,20375,Botany,squad_extractive
590,Why was plant taxonomy developed?,to catalogue and describe their collections,127380,20382,Botany,squad_extractive
591,Is botany a narrow science?,"a broad, multidisciplinary subject",127570,20415,Botany,squad_extractive
592,What is are the main themes of present-day botany?,molecular genetics and epigenetics,127952,20463,Botany,squad_extractive
593,How can botany be applied to combating world hunger?,providing staple foods,128142,20489,Botany,squad_extractive
594,How can botany be applied to the construction industry?,synthesis of chemicals and raw materials,128333,20515,Botany,squad_extractive
595,What is the name of an ancient Greek work impacting botany?,De Materia Medica,128553,20547,Botany,squad_extractive
596,How long a book is the De Materia Medica?,five-volume,128574,20551,Botany,squad_extractive
597,What was the De Materia Medica written about?,herbal medicine,128605,20554,Botany,squad_extractive
598,What was the profession of the man who wrote De Materia Medica?,physician and pharmacologist,128673,20566,Botany,squad_extractive
599,"Besides the Greeks, what other culture contributed to the study of botany?",medieval Muslim world,128818,20586,Botany,squad_extractive
600,What was the first botanical garden at an Italian university?,Padua,129219,20647,Botany,squad_extractive
601,Where is the Padua garden?,its original location,129306,20663,Botany,squad_extractive
602,Why did monasteries have gardens?,for medical use,129469,20685,Botany,squad_extractive
603,Where was the first European botany garden at a university?,University of Oxford,129724,20727,Botany,squad_extractive
604,Who wrote Historia Plantarum in 1544?,Physician Valerius Cordus,129842,20743,Botany,squad_extractive
605,What herbalist wrote about medicinal plants in the 16th century?,John Gerard,130095,20775,Botany,squad_extractive
606,Who is considered the father of natural history?,Ulisse Aldrovandi,130190,20788,Botany,squad_extractive
607,Who coined the term cells?,Robert Hooke,130347,20811,Botany,squad_extractive
608,In what plant were cells first discovered by microscope?,cork,130399,20820,Botany,squad_extractive
609,What is the meaning of dichotomous keys?,choices between pairs,130671,20862,Botany,squad_extractive
610,What is the term for keys used for identification?,diagnostic keys,130812,20884,Botany,squad_extractive
611,Why were new plants arriving in Europe in the 18th century?,newly discovered countries,131009,20917,Botany,squad_extractive
612,What book is still used for nomenclature?,Species Plantarum,131126,20934,Botany,squad_extractive
613,How are the plants classified?,number of their male sexual organs,131539,20992,Botany,squad_extractive
614,What led scientists to believe that plants should be classified according to something other than just sexual system?,Increasing knowledge of plant anatomy,131704,21015,Botany,squad_extractive
615,In what year to Candolle introduce the Candollean system?,1819,131958,21053,Botany,squad_extractive
616,On what did Candolle base his classification system?,morphological complexity,132182,21085,Botany,squad_extractive
617,What did Darwin introduce that changed classification systems?,concept of common descent,132410,21118,Botany,squad_extractive
618,What was the first modern text book?,Grundzüge der Wissenschaftlichen Botanik,132673,21153,Botany,squad_extractive
619,What was Schleiden's profession?,microscopist,132796,21170,Botany,squad_extractive
620,What theory did Schleiden co-found?,cell theory,132857,21179,Botany,squad_extractive
621,What do Fick's laws do?,calculation of the rates of molecular diffusion,133088,21219,Botany,squad_extractive
622,What did Warming believe that plants can do?,form communities,133310,21253,Botany,squad_extractive
623,Who created the concept of ecosystems?,Arthur Tansley,133621,21301,Botany,squad_extractive
624,What is the term for the most complex plant life in a specific environment?,climax vegetation,133697,21313,Botany,squad_extractive
625,Whose earlier work did Nicholas Vavilov build upon?,Alphonse de Candolle,133881,21341,Botany,squad_extractive
626,What history did Vavilov write about?,history of economic plants,134006,21357,Botany,squad_extractive
627,What is transpiration?,the transport of water within plant tissues,134181,21382,Botany,squad_extractive
628,What influences the rate of gas produced by plants?,rate of photosynthesis,134496,21428,Botany,squad_extractive
629,What enables the regulation of plant growth?,auxin plant hormones,134850,21477,Botany,squad_extractive
630,What can auxin plant hormones also be used as?,herbicides,135193,21524,Botany,squad_extractive
631,What enables scientists to better study plants now?,modern techniques of organic chemical analysis,135274,21535,Botany,squad_extractive
632,Who introduced the idea that cells could be grown in vitro?,Gottlieb Haberlandt,135720,21593,Botany,squad_extractive
633,What opened the door to plant genetic engineering?,all plant cells are totipotent,135753,21598,Botany,squad_extractive
634,Modern Morphology recognizes the structural dynamics of what?,the major morphological categories,136358,21692,Botany,squad_extractive
635,What did the Angiosperm Phylogeny group use determine a phylogeny of flowering plants?,Molecular analysis of DNA,136694,21733,Botany,squad_extractive
636,Why are plants important to human life?,oxygen and food,137246,21817,Botany,squad_extractive
637,What is used to rebuild cells?,organic molecules,137620,21880,Botany,squad_extractive
638,What do plant roots prevent?,soil erosion,137980,21937,Botany,squad_extractive
639,What two phases are included in the life cycles of embryophytes?,haploid and diploid,138580,22021,Botany,squad_extractive
640,What is the study of algae called?,phycology,139072,22092,Botany,squad_extractive
641,"What is the study of ancient, fossilized plants?",Paleobotanists,139283,22119,Botany,squad_extractive
642,What can scientists learn from the fossil record?,evolutionary history of plants,139373,22132,Botany,squad_extractive
643,What was the first organism to produce oxygen through photosynthesis?,Cyanobacteria,139405,22136,Botany,squad_extractive
644,Why do food chains start with plants?,energy from the sun and nutrients from the soil,140159,22248,Botany,squad_extractive
645,What do ecologists call the start of the food chain?,first trophic level,140313,22276,Botany,squad_extractive
646,How can the yield of food plants be increased?,plant breeding,140740,22344,Botany,squad_extractive
647,Why would botanists study weeds?,problem in agriculture,140926,22372,Botany,squad_extractive
648,What color is chlorophyll?,blue-green,141575,22458,Botany,squad_extractive
649,What is the function of ATP and NADPH molecules?,store and transport energy,142300,22572,Botany,squad_extractive
650,When is the raw form of glucose formed?,first product of photosynthesis,142537,22606,Botany,squad_extractive
651,What is used instead of glucose in sunflowers?,fructose,142865,22659,Botany,squad_extractive
652,Why is table sugar produced?,for export to the rest of the plant,143004,22682,Botany,squad_extractive
653,What polymer is used to strengthen cell walls?,lignin,143233,22718,Botany,squad_extractive
654,What weakens cell walls?,water stress,143399,22746,Botany,squad_extractive
655,What polymer is a major part of wood?,Lignin,143413,22748,Botany,squad_extractive
656,What polymer is found in spores and pollen?,Sporopollenin,143558,22773,Botany,squad_extractive
657,What is the study of the chemicals that plants produce?,Phytochemistry,144410,22908,Botany,squad_extractive
658,Hemlock is what kind of chemical produced from a plant?,toxins,144584,22932,Botany,squad_extractive
659,Where do some medicines and recreational drugs come from?,from plants,144985,22991,Botany,squad_extractive
660,Where did aspirin originally come from?,bark of willow trees,145164,23018,Botany,squad_extractive
661,Where does morphine come from?,the opium poppy,145301,23040,Botany,squad_extractive
662,How is charcoal made?,pyrolysis of wood,145853,23123,Botany,squad_extractive
663,"Besides fire, what else is charcoal used for?",one of the three ingredients of gunpowder,145987,23147,Botany,squad_extractive
664,Plant oil is used for what kind of fuel?,biodiesel,146442,23216,Botany,squad_extractive
665,What is the study of plants and the environment in which they live?,Plant ecology,146454,23217,Botany,squad_extractive
666,What are plant habitats?,environments where they complete their life,146553,23231,Botany,squad_extractive
667,What do plants do in their environment?,interactions with other species,146809,23266,Botany,squad_extractive
668,What is the goal of plant ecology?,to understand,146873,23276,Botany,squad_extractive
669,On what do plants depend in their environment?,edaphic (soil) and climatic factors,147042,23297,Botany,squad_extractive
670,How do plants interact with other species in their environment?,for resources,147364,23342,Botany,squad_extractive
671,What are groupings of similar plants?,biomes,147669,23385,Botany,squad_extractive
672,How can historical changes in the environment be detected?,plant phenology,147879,23414,Botany,squad_extractive
673,How can climate changes be determined from soil?,fossil pollen deposits in sediments,148052,23440,Botany,squad_extractive
674,What atmospheric gas can be determined from fossilized leaf sizes and shapes?,CO2,148197,23461,Botany,squad_extractive
675,What causes lower growth in plants?,Ozone depletion,148334,23482,Botany,squad_extractive
676,What does ozone depletion allow?,higher levels of ultraviolet radiation-B,148371,23488,Botany,squad_extractive
677,Does inheritance work differently in plants?,same fundamental principles of genetics,148670,23526,Botany,squad_extractive
678,What plant did Mendel use to demonstrate inheritance?,Pisum sativum (peas),148850,23552,Botany,squad_extractive
679,What other plant was used in the discovery of different genes?,maize,149050,23581,Botany,squad_extractive
680,Are plants and animals genetically the same?,distinctive genetic differences,149086,23586,Botany,squad_extractive
681,Are plants able to mate across species?,hybrids are often possible,149233,23607,Botany,squad_extractive
682,How do some plants avoid cross pollination?,pollen either fails to reach the stigma,149660,23668,Botany,squad_extractive
683,Do all plants have male and female parts?,separate individuals,149882,23707,Botany,squad_extractive
684,Why do plants develop bulbs?,opportunities for fertilisation of flowers by animals are rare,150279,23764,Botany,squad_extractive
685,What do plants do when the environment makes fertilization especially difficult?,replacing sexual reproduction with asexual reproduction,150395,23781,Botany,squad_extractive
686,How different are the children produced by asexual parents?,genetically identical to the parent,150489,23793,Botany,squad_extractive
687,What is the term for asexual cloning?,Apomixis,150589,23810,Botany,squad_extractive
688,Does apomixis only occur in the parent?,can also happen in a seed,150598,23811,Botany,squad_extractive
689,What can cause the doubling of chromosome pairs?,errors in cytokinesis,150835,23848,Botany,squad_extractive
690,"Are the plants produced by this error, able to reproduce?",often reproduce normally,151243,23904,Botany,squad_extractive
691,Can these plants cross breed with the parent population of plants?,unable to cross-breed successfully,151280,23910,Botany,squad_extractive
692,What happens to these new plants if they are able to reproduce?,form a new species,151541,23948,Botany,squad_extractive
693,"What is a yellow example of a sterile,hybrid plant with no seeds?",commercial banana,151805,23986,Botany,squad_extractive
694,What results from  sequencing of DNA pairs?,new knowledge about plant function,151980,24013,Botany,squad_extractive
695,What was the first plant to have its genome sequenced?,"Thale cress, Arabidopsis thaliana",152088,24031,Botany,squad_extractive
696,Why was this plant chosen for sequencing?,one of the smallest genomes,152312,24066,Botany,squad_extractive
697,Why is sequencing done on plants?,understanding the genetics,152584,24108,Botany,squad_extractive
698,Why is a plant chosen for the study of its cells?,small genomes,152840,24144,Botany,squad_extractive
699,What common plant has been used for studying the production of sugar?,Corn,152941,24159,Botany,squad_extractive
700,What simple plant has been used to study plant cells?,red alga,153230,24204,Botany,squad_extractive
701,How can a bacteria in the soil affect a plant?,can attach to plant cells,153487,24240,Botany,squad_extractive
702,Who developed the procedures used in this transfer?,Schell and Van Montagu,153646,24265,Botany,squad_extractive
703,How can scientists use bacteria in the study of plants?,introducing the Nif gene,153739,24281,Botany,squad_extractive
704,How are genes transferred to a plant by scientists?,in the root nodules,153798,24289,Botany,squad_extractive
705,What is this kind of introduction and transfer used for?,creation of genetically modified crops,153979,24320,Botany,squad_extractive
706,What does epigenetics study?,changes in gene function,154089,24334,Botany,squad_extractive
707,How do DNA changes affect plants?,"express themselves"") differently",154227,24358,Botany,squad_extractive
708,"When DNA has different markers, how it that presented in plants?",prevent that region of the DNA code,154505,24401,Botany,squad_extractive
709,What is a result of changes in DNA markers within a plant species?,differences,154713,24436,Botany,squad_extractive
710,"Are the changes then presented, permanent?",may be temporary,154857,24457,Botany,squad_extractive
711,What process causes changes in plant cells?,Epigenetic changes,155060,24491,Botany,squad_extractive
712,What is the original cell of the plant?,the zygote,155340,24530,Botany,squad_extractive
713,How are the different cells formed?,continues to divide,155508,24557,Botany,squad_extractive
714,"How is it determined, which cells will be formed?",activation of some genes and inhibition of others,155569,24566,Botany,squad_extractive
715,Does cell division end in plants?,remaining totipotent,155726,24588,Botany,squad_extractive
716,What happens when a plant remains totipotent?,ability to give rise to a new individual plant,155756,24592,Botany,squad_extractive
717,Are lignified cells able to continue dividing?,dead at maturity,155884,24612,Botany,squad_extractive
718,Why do phloem sieve tubes stop forming?,lack nuclei,155935,24621,Botany,squad_extractive
719,Why are plants able to stop and start dividing cells?,information from the environment,156139,24651,Botany,squad_extractive
720,Are all algae different from land plants?,some more closely related,156306,24675,Botany,squad_extractive
721,Are all species of algae similar?,many differences,156365,24685,Botany,squad_extractive
722,What algae is the ancestor of true plants?,Charophyta,156530,24706,Botany,squad_extractive
723,To what species of algae is Charophyta related?,Chlorophyta,156577,24713,Botany,squad_extractive
724,What makes mosses different from other land plants?,lack the vascular tissues,156830,24747,Botany,squad_extractive
725,What protects the young plant in the seed?,one or two sheathing layers,157685,24863,Botany,squad_extractive
726,How does the plant escape the seed?,splits to release it,157796,24879,Botany,squad_extractive
727,What event led to the diversification of seed plants?,evolution of the seed habit,157910,24897,Botany,squad_extractive
728,What is the term for plants whose seeds do not have a protective ovary?,Gymnosperms,158084,24924,Botany,squad_extractive
729,What is the basis of plant physiology?,internal chemical and physical activities,158480,24983,Botany,squad_extractive
730,What does the plant use for internal processes?,"Chemicals obtained from the air, soil and water",158554,24993,Botany,squad_extractive
731,How do animals use plants?,in the construction of cells and tissues,159093,25069,Botany,squad_extractive
732,Is respiration in animals similar to photosynthesis in plants?,opposite of photosynthesis,159282,25098,Botany,squad_extractive
733,How is water transported into plants?,from roots,159559,25138,Botany,squad_extractive
734,IN what form are mineral acquired by the roots?,as soluble ions,159910,25191,Botany,squad_extractive
735,From where does the plant get the required minerals?,chemical breakdown of soil,160054,25216,Botany,squad_extractive
736,Where is sucrose produced in a plant?,the leaves,160146,25228,Botany,squad_extractive
737,How are hormones moved around a plant?,by a variety of processes,160234,25244,Botany,squad_extractive
738,When was the theory of plant hormones introduced?,late 19th century,160392,25269,Botany,squad_extractive
739,Why did Darwin feel plants had something comparable to a brain?,movements of plant shoots,160438,25276,Botany,squad_extractive
740,To what did Darwin compare the top of the plant radical?,the brain of one of the lower animals,160594,25305,Botany,squad_extractive
741,What do auxins do?,promotes cell growth,160881,25355,Botany,squad_extractive
742,What can plant callus be coaxed into doing?,form roots and shoots,161195,25407,Botany,squad_extractive
743,What are cytokinins responsible for in plants?,control of cell division,161410,25440,Botany,squad_extractive
744,How is bud development determined?,cytokinesis,161438,25445,Botany,squad_extractive
745,Where are cytokinins produced?,in roots,161576,25467,Botany,squad_extractive
746,How is the height of a plant determined?,gibberelins,161712,25489,Botany,squad_extractive
747,What acid slows or stops cell division?,Abscisic,161993,25530,Botany,squad_extractive
748,What is the study of the inside of plants?,Plant anatomy,162693,25637,Botany,squad_extractive
749,What is the study of the outside of plants?,plant morphology,162773,25651,Botany,squad_extractive
750,Where do plants store their DNA?,in nuclei,162885,25668,Botany,squad_extractive
751,How are plants different from animals?,primary cell wall composed of the polysaccharides cellulose,163003,25687,Botany,squad_extractive
752,What makes up the bodies of vascular plants?,stems bearing green photosynthesising leaves,163691,25784,Botany,squad_extractive
753,Do roots contain chlorophyll?,generally lack chlorophyll,163834,25803,Botany,squad_extractive
754,What makes a plant non-vascular?,do not produce ground-penetrating vascular roots,163920,25813,Botany,squad_extractive
755,How much of a non-vascular plant is involved in photosynthesis?,most of the plant,163973,25820,Botany,squad_extractive
756,How are sporophytes generated in liverworts?,nonphotosynthetic,164052,25831,Botany,squad_extractive
757,Do the roots and shoots need each other?,interdependent,164224,25859,Botany,squad_extractive
758,What do the shoots get from the roots?,water and minerals,164376,25881,Botany,squad_extractive
759,What happens if a plant looses roots or its shoots?,can often regrow it,164760,25949,Botany,squad_extractive
760,What are roots used for in beets and carrots?,to store food,165152,26019,Botany,squad_extractive
761,What are the stems used for in cacti?,store water,165304,26045,Botany,squad_extractive
762,For what are leaves used?,gather sunlight,165480,26075,Botany,squad_extractive
763,What kind of leaves are large and flat?,foliage leaves,165573,26088,Botany,squad_extractive
764,What are angiosperms?,plants that produce flowers and have enclosed seeds,165726,26107,Botany,squad_extractive
765,What kind of plants are gymnosperms?,woody plants,166000,26149,Botany,squad_extractive
766,How did Linnaeus group organisms?,shared physical characteristics,166645,26241,Botany,squad_extractive
767,How did Darwin change the grouping pioneered by Linnaeus?,by ancestry rather than superficial characteristics,166802,26263,Botany,squad_extractive
768,Who maintains a standard of grouping for naming purposes?,International Botanical Congress.,167337,26341,Botany,squad_extractive
769,Do different countries refer to plants by different names?,single world-wide name,167690,26393,Botany,squad_extractive
770,How is the entire name usually presented in scientific texts?,italicised,168086,26458,Botany,squad_extractive
771,What does the phylogeny of a group represent?,relationships and heredity,168163,26468,Botany,squad_extractive
772,How are the relationships within the group determined?,shared inheritance,168344,26495,Botany,squad_extractive
773,What would be an indication of a shared inheritance in two cacti?,spines produced from areoles,168596,26532,Botany,squad_extractive
774,What are areoles?,pad-like structures,168645,26538,Botany,squad_extractive
775,Why might two plants be similar but not actually be in the same group?,convergent evolution,168828,26563,Botany,squad_extractive
776,How can two different plants acquire the same traits?,arisen independently,168874,26569,Botany,squad_extractive
777,What traits show a shared ancestry?,derived characters,169506,26661,Botany,squad_extractive
778,How are common ancestries represented for plant families?,tree-like diagrams,169688,26687,Botany,squad_extractive
779,What was previously used to group plants?,morphological characters,169969,26723,Botany,squad_extractive
780,How is DNA grouping superior?,genetic code itself is used,170073,26739,Botany,squad_extractive
781,Are fungi more like plants or animals?,closely related to animals,170592,26824,Botany,squad_extractive
782,What have scientists learned about angiosperms from DNA sequencing?,which families represent the earliest branches,170846,26866,Botany,squad_extractive
783,What can be learned from DNA sequencing of plants?,evolution in plants,171044,26895,Botany,squad_extractive
784,How has technology improved the study of botany?,greatly increased the level of detail,171318,26936,Botany,squad_extractive
785,What kind of energy consists of the light and heat provided by the Sun?,Solar energy,171411,26952,Solar_energy,squad_extractive
786,What is solar energy?,radiant light and heat from the Sun,171427,26955,Solar_energy,squad_extractive
787,What technologies are used to harness solar energy from the sun?,"solar heating, photovoltaics, solar thermal energy, solar architecture and artificial photosynthesis",171525,26971,Solar_energy,squad_extractive
788,How many terawatts of solar radiation does the Earth receive?,"174,000",171647,26985,Solar_energy,squad_extractive
789,How many terrawatts of radiation does the earth receive?,"174,000",171647,26985,Solar_energy,squad_extractive
790,How much of the solar radiation is reflected back into space?,Approximately 30%,171736,26997,Solar_energy,squad_extractive
791,What percentage of solar radiation is reflected back by the atmosphere?,30%,171750,26998,Solar_energy,squad_extractive
792,Where is the solar radiation not reflected back to space absorbed?,"clouds, oceans and land masses",171811,27010,Solar_energy,squad_extractive
793,What are the insolation levels of most populated areas?,150 to 300 watts per square meter or 3.5 to 7.0 kWh/m2 per day,172067,27052,Solar_energy,squad_extractive
794,The areas that people live in typically receive what range of kWh/m2 per day?,3.5 to 7.0,172104,27060,Solar_energy,squad_extractive
795,How much of the earth is covered by oceans?,about 71%,172210,27079,Solar_energy,squad_extractive
796,What is the cause of atmospheric circulation?,Warm air containing evaporated water from the oceans rises,172251,27087,Solar_energy,squad_extractive
797,How does the water vapor that rises in warm air turn into clouds?,"When the air reaches a high altitude, where the temperature is low, water vapor condenses into clouds",172358,27101,Solar_energy,squad_extractive
798,"What creates wind, cyclones and anti-cyclones?",The latent heat of water condensation amplifies convection,172526,27128,Solar_energy,squad_extractive
799,What is the amount of solar energy absorbed by the earth?,"approximately 3,850,000 exajoules (EJ) per year",173006,27200,Solar_energy,squad_extractive
800,Each year the Earth absorbs how much solar energy in exajoules?,"3,850,000",173020,27201,Solar_energy,squad_extractive
801,"In 2002, the Sun provided more energy in one hour than humans used in what span of time?",one year,173120,27220,Solar_energy,squad_extractive
802,Twice the amount of energy obtainable by all the non-renewable sources  on Earth can be provided by the Sun in what span of time?,one year,173120,27220,Solar_energy,squad_extractive
803,How much solar energy is captured by photosynthesis?,"approximately 3,000 EJ per year",173154,27224,Solar_energy,squad_extractive
804,How much energy in exajoules does photosynthesis capture each year?,"3,000",173168,27225,Solar_energy,squad_extractive
805,The amount of solar energy per year is twice as much as the energy that will ever be produced from what resources?,"coal, oil, natural gas, and mined uranium combined",173390,27268,Solar_energy,squad_extractive
806,How are solar technologies defined?,passive or active,173498,27283,Solar_energy,squad_extractive
807,What is one way that characterizes solar technologies as passive or active?,"depending on the way they capture, convert and distribute sunlight",173516,27286,Solar_energy,squad_extractive
808,Which renewable energies do not acquire their energy from the sun?,geothermal and tidal,173832,27335,Solar_energy,squad_extractive
809,How do renewable energies acquire energy from the sun?,direct or indirect,173892,27346,Solar_energy,squad_extractive
810,What is an active solar technique used to generate energy?,solar thermal collectors,173986,27358,Solar_energy,squad_extractive
811,Are demand side solar technologies generally active or passive?,Passive,174069,27370,Solar_energy,squad_extractive
812,What is an active solar technique used to generate energy?,designing spaces that naturally circulate air,174157,27380,Solar_energy,squad_extractive
813,What does an active solar technique do?,increase the supply of energy,174285,27399,Solar_energy,squad_extractive
814,What does a passive solar technique do?,reduce the need for alternate resources,174393,27414,Solar_energy,squad_extractive
815,In what year did solar engine build his solar engine?,1897,174492,27428,Solar_energy,squad_extractive
816,What was the name of the inventor who built a solar engine in 1897?,Frank Shuman,174498,27429,Solar_energy,squad_extractive
817,Who is Frank Shuman?,"a U.S. inventor, engineer and solar energy pioneer",174512,27431,Solar_energy,squad_extractive
818,What was the solar engine used to power?,steam engine,174792,27477,Solar_energy,squad_extractive
819,In what year was the Sun Power Company formed?,1908,174809,27480,Solar_energy,squad_extractive
820,In what year was the Sun Power Company established?,1908,174809,27480,Solar_energy,squad_extractive
821,Where did Shuman build the world's first solar thermal power station?,"Maadi, Egypt",175391,27571,Solar_energy,squad_extractive
822,Where was the first solar thermal power plant built?,"Maadi, Egypt",175391,27571,Solar_energy,squad_extractive
823,What was used to power the plants engine?,parabolic troughs,175448,27580,Solar_energy,squad_extractive
824,How many liters of water per minute did Shuman's engine pump in litres?,"22,000",175533,27594,Solar_energy,squad_extractive
825,From what river did the engine pump water?,Nile River,175606,27608,Solar_energy,squad_extractive
826,What slowed down the growth of solar energy?,the outbreak of World War I and the discovery of cheap oil,175653,27615,Solar_energy,squad_extractive
827,How much hot water can be produced by solar heating systems in low geographical latitudes?,60 to 70% of the domestic hot water,176079,27686,Solar_energy,squad_extractive
828,What is a common type of solar water heater?,evacuated tube collectors,176240,27717,Solar_energy,squad_extractive
829,What type of solar water heater is used to heat pools?,unglazed plastic collectors,176354,27734,Solar_energy,squad_extractive
830,What is the capacity of a solar hot water system?,approximately 154 thermal gigawatt,176496,27757,Solar_energy,squad_extractive
831,Over 90% of homes use solar hot water systems in which two countries?,Israel and Cyprus,176661,27786,Solar_energy,squad_extractive
832,What percentage of households use solar hot water systems in Israel and Cyprus?,over 90%,176749,27803,Solar_energy,squad_extractive
833,In what countries is the use to solar hot water used mainly for w=swimming pools?,"United States, Canada and Australia",176786,27811,Solar_energy,squad_extractive
834,How much energy does an HVAC system use in commercial locations?,30% (4.65 EJ/yr),177034,27850,Solar_energy,squad_extractive
835,How much energy does an HVAC system use in residential locations?,50% (10.1 EJ/yr),177105,27862,Solar_energy,squad_extractive
836,What can be used to balance out a portion of the energy used by HVAC systems?,"Solar heating, cooling and ventilation technologies",177167,27872,Solar_energy,squad_extractive
837,Materials that can be used to store heat are known as what kind of mass?,Thermal,177268,27888,Solar_energy,squad_extractive
838,What is thermal mass?,any material that can be used to store heat,177284,27891,Solar_energy,squad_extractive
839,What are typical thermal mass material?,"stone, cement and water",177413,27914,Solar_energy,squad_extractive
840,What is a something that determines the size of thermal mass?,climates,177479,27925,Solar_energy,squad_extractive
841,How is thermal mass used to keep buildings cool?,by absorbing solar energy during the day and radiating stored heat to the cooler atmosphere at night,177537,27934,Solar_energy,squad_extractive
842,What does thermal mass reduce the need for?,auxiliary heating and cooling equipment,177953,28000,Solar_energy,squad_extractive
843,What is a solar chimney?,a passive solar ventilation system,178052,28015,Solar_energy,squad_extractive
844,What kind of system is a solar chimney?,passive solar ventilation,178054,28016,Solar_energy,squad_extractive
845,What is a solar chimney made of?,a vertical shaft connecting the interior and exterior of a building,178099,28022,Solar_energy,squad_extractive
846,How can the performance of a solar chimney be improved?,by using glazing and thermal mass materials in a way that mimics greenhouses,178299,28055,Solar_energy,squad_extractive
847,What is something that is used to control solar heating and cooling?,trees and plants,178388,28069,Solar_energy,squad_extractive
848,How much solar radiation is blocked by leafless trees?,1/3 to 1/2,178740,28128,Solar_energy,squad_extractive
849,Why should trees not be planted on the side of a building facing the equator?,they will interfere with winter solar availability,179015,28173,Solar_energy,squad_extractive
850,What side of a building should trees be planted without greatly affecting solar gain in the winter?,east and west,179101,28187,Solar_energy,squad_extractive
851,What are solar cookers used for?,"cooking, drying and pasteurization",179240,28209,Solar_energy,squad_extractive
852,What are the 3 main categories of solar cookers?,"box cookers, panel cookers and reflector cookers",179325,28221,Solar_energy,squad_extractive
853,Who created the box cooker?,Horace de Saussure,179434,28239,Solar_energy,squad_extractive
854,Horace de Saussure built the first box cooker in what year?,1767,179456,28243,Solar_energy,squad_extractive
855,What is the typical temperature range for a box cooker?,90–150 °C (194–302 °F),179638,28272,Solar_energy,squad_extractive
856,Reflector cookers can reach temperatures in Celsius of up to what?,315,179958,28318,Solar_energy,squad_extractive
857,What do reflector cookers require to function?,direct light,179996,28326,Solar_energy,squad_extractive
858,What are some examples of solar concentrating technologies?,"parabolic dish, trough and Scheffler reflectors",180115,28344,Solar_energy,squad_extractive
859,What was the first commercial solar concentrating system?,"Solar Total Energy Project (STEP) in Shenandoah, Georgia, USA",180268,28365,Solar_energy,squad_extractive
860,What is one of the oldest uses of solar energy?,use of evaporation ponds to obtain salt from sea water,180760,28440,Solar_energy,squad_extractive
861,What are some items used to dry clothes without the use of electricity?,"Clothes lines, clotheshorses, and clothes racks",180987,28476,Solar_energy,squad_extractive
862,What are Unglazed transpired collectors?,perforated sun-facing walls used for preheating ventilation air,181252,28514,Solar_energy,squad_extractive
863,What is used to make saline or brackish water drinkable?,Solar distillation,181888,28618,Solar_energy,squad_extractive
864,By who was the first record of solar distillation done by?,16th-century Arab alchemists,182004,28638,Solar_energy,squad_extractive
865,In what year was a large scale solar distillation project constructed in Las Salinas?,1872,182100,28650,Solar_energy,squad_extractive
866,When was the first large solar distillation plant created?,1872,182100,28650,Solar_energy,squad_extractive
867,How much water was produced by the plant?,"22,700 L (5,000 imp gal; 6,000 US gal) per day",182239,28676,Solar_energy,squad_extractive
868,What is an example of a solar distillation design?,single-slope,182345,28695,Solar_energy,squad_extractive
869,How long should the plastic bottles filled with water be exposed to sunlight during Solar water disinfection?,a minimum of six hours to two days during fully overcast conditions,182894,28765,Solar_energy,squad_extractive
870,Solar water disinfection is recommended by which organization?,the World Health Organization,182984,28781,Solar_energy,squad_extractive
871,What does the World Health Organization say about Solar water disinfection?,a viable method for household water treatment and safe storage,183017,28786,Solar_energy,squad_extractive
872,How many people use Solar water disinfection to disinfect their drinking water?,Over two million people in developing countries,183081,28796,Solar_energy,squad_extractive
873,For what reason would solar energy be used in a water stabilisation pond?,to treat waste water without chemicals or electricity,183233,28821,Solar_energy,squad_extractive
874,What is a reason why the water from a water stabilisation pond may be unusable?,algae may produce toxic chemicals,183410,28847,Solar_energy,squad_extractive
875,What is a possible negative effect of algae in water stabilization ponds?,toxic chemicals,183428,28850,Solar_energy,squad_extractive
876,By what year is solar power expected to become the world's greatest source of electricity?,2050,183557,28870,Solar_energy,squad_extractive
877,When is solar power is foreseen to become the largest source of electricity?,2050,183557,28870,Solar_energy,squad_extractive
878,What is the largest solar power plant in the world?,354 MW SEGS CSP,183781,28902,Solar_energy,squad_extractive
879,The largest solar power plant in the world is located in what desert?,the Mojave Desert,183814,28908,Solar_energy,squad_extractive
880,Where is the largest solar power plant in the world located?,Mojave Desert of California,183818,28909,Solar_energy,squad_extractive
881,What are the largest photovoltaic solar power plants?,"The 250 MW Agua Caliente Solar Project, in the United States, and the 221 MW Charanka Solar Park in India",184023,28945,Solar_energy,squad_extractive
882,What has happened to photovoltaic in the past 20 years?,evolved from a pure niche market of small scale applications towards becoming a mainstream electricity source,184530,29032,Solar_energy,squad_extractive
883,What is a solar cell?,a device that converts light directly into electricity,184657,29052,Solar_energy,squad_extractive
884,"In the 1880s, who constructed the first solar cell?",Charles Fritts,184784,29071,Solar_energy,squad_extractive
885,Who created the first solar cell?,Charles Fritts,184784,29071,Solar_energy,squad_extractive
886,Who created the first solar cell using silver selenide in place of copper oxide?,Dr Bruno Lange,184840,29081,Solar_energy,squad_extractive
887,Who created the crystalline silicon solar cell?,"Gerald Pearson, Calvin Fuller and Daryl Chapin",185183,29135,Solar_energy,squad_extractive
888,What do Concentrating Solar Power systems use?,lenses or mirrors and tracking systems,185513,29184,Solar_energy,squad_extractive
889,What is the heat generated from a Concentrating Solar Power system used for?,a heat source for a conventional power plant,185643,29208,Solar_energy,squad_extractive
890,What is one of the most developed Concentrating Solar Power technologies?,the Stirling dish,185829,29235,Solar_energy,squad_extractive
891,"In all the different CSP systems, concentrated sunlight is used to heat what?",a working fluid,185960,29259,Solar_energy,squad_extractive
892,What do Concentrating Solar Power technologies have in common?,a working fluid is heated by the concentrated sunlight,185960,29259,Solar_energy,squad_extractive
893,What is a common feature of passive solar architecture?,orientation relative to the Sun,186128,29286,Solar_energy,squad_extractive
894,What is produced when the features of passive solar architecture are customized to the environment?,well-lit spaces that stay in a comfortable temperature range,186353,29320,Solar_energy,squad_extractive
895,What is an example of passive solar design?,Socrates' Megaron House,186415,29329,Solar_energy,squad_extractive
896,Socrate's what is a classic example of passive solar design?,Megaron House,186425,29330,Solar_energy,squad_extractive
897,What kind of equipment can improve system performance?,"pumps, fans and switchable windows",186683,29369,Solar_energy,squad_extractive
898,UHI is an abbreviation of what?,Urban heat islands,186781,29382,Solar_energy,squad_extractive
899,What are the metropolitan areas with higher temperatures than the surrounding areas called?,Urban heat islands,186781,29382,Solar_energy,squad_extractive
900,What materials absorb sunlight and create higher temperatures than natural materials?,asphalt and concrete,187003,29416,Solar_energy,squad_extractive
901,What is a way to reduce the high temperatures created in urban heat islands?,paint buildings and roads white and plant trees,187179,29443,Solar_energy,squad_extractive
902,Why do agriculture and horticulture seek to make the most use of the solar energy captured?,to optimize the productivity of plants,187622,29509,Solar_energy,squad_extractive
903,What are some techniques used to improve crop production?,"timed planting cycles, tailored row orientation, staggered heights between rows and the mixing of plant varieties",187681,29518,Solar_energy,squad_extractive
904,What did French and English farmers do during the Little Ice Age to gain more solar energy?,employed fruit walls,188036,29570,Solar_energy,squad_extractive
905,"During the Little Ice Age, what did English and French farmers use to increase collection of solar energy?",fruit walls,188045,29571,Solar_energy,squad_extractive
906,What was the purpose of the fruit walls built by French and English farmers?,acted as thermal masses and accelerated ripening by keeping plants warm,188113,29582,Solar_energy,squad_extractive
907,Vinters have adopted solar technology to do what?,power grape presses,188707,29676,Solar_energy,squad_extractive
908,What do greenhouses do with solar energy?,convert solar light to heat,188741,29680,Solar_energy,squad_extractive
909,What is one purpose of a greenhouse?,enabling year-round production and the growth (in enclosed environments) of specialty crops,188770,29685,Solar_energy,squad_extractive
910,When were the first greenhouses used?,Roman times,188967,29713,Solar_energy,squad_extractive
911,What was one of the first uses of a greenhouse?,produce cucumbers year-round for the Roman emperor Tiberius,188982,29716,Solar_energy,squad_extractive
912,What is the name of the solar powered car race held every two years?,The World Solar Challenge,189419,29782,Solar_energy,squad_extractive
913,What is The World Solar Challenge?,a biannual solar-powered car race,189448,29787,Solar_energy,squad_extractive
914,What was the average speed of a winning solar powered car in 1987?,67 kilometres per hour (42 mph),189681,29822,Solar_energy,squad_extractive
915,What was the winner of the World Solar Challenge's average speed in 2007 in km/h?,90.87,189768,29838,Solar_energy,squad_extractive
916,What was the average speed of a winning solar powered car by 2007?,90.87 kilometres per hour (56.46 mph),189768,29838,Solar_energy,squad_extractive
917,What are some other similar car races that use solar powered vehicles?,The North American Solar Challenge and the planned South African Solar Challenge,189807,29844,Solar_energy,squad_extractive
918,The first practical solar boat was constructed in what year?,1975,190021,29874,Solar_energy,squad_extractive
919,When was the first solar powered boat made?,1975,190021,29874,Solar_energy,squad_extractive
920,Who first crossed the Pacific ocean using a solar powered boat?,Kenichi Horie,190190,29900,Solar_energy,squad_extractive
921,What was the name of the first solar powered boat that crossed the Atlantic ocean?,the sun21 catamaran,190268,29913,Solar_energy,squad_extractive
922,When was the first unmanned flight by a solar powered plane made?,1974,190434,29941,Solar_energy,squad_extractive
923,When was the first solar powered manned flight made?,29 April 1979,190511,29953,Solar_energy,squad_extractive
924,When did the Solar Challenger cross the English Channel?,July 1981,190852,30008,Solar_energy,squad_extractive
925,Where did Eric Scott Raymond fly using a solar powered plane in 1990?,California to North Carolina,190911,30020,Solar_energy,squad_extractive
926,What is the name of the aircraft circling the globe in 2015 via solar power?,Solar Impulse,191394,30095,Solar_energy,squad_extractive
927,How long is the solar powered plane Solar Impulse able to remain in the air?,36 hours,191624,30132,Solar_energy,squad_extractive
928,What process converts solar energy into storable and transportable fuels?,Solar chemical processes,191635,30134,Solar_energy,squad_extractive
929,What solar process can be used to produce different fuels?,artificial photosynthesis,191985,30187,Solar_energy,squad_extractive
930,What is a possible alternative to making carbon-based fuels from reduction of carbon dioxide?,hydrogen production from protons,192182,30212,Solar_energy,squad_extractive
931,What has been a main area of solar chemical research since the 1970s?,Hydrogen production technologies,192803,30303,Solar_energy,squad_extractive
932,What is one of the thermochemical processes that has been explored besides electrolysis?,uses concentrators to split water into oxygen and hydrogen at high temperatures,193048,30336,Solar_energy,squad_extractive
933,What is the name of the process under development at the Weizmann Institute?,The Solzinc process,193491,30396,Solar_energy,squad_extractive
934,What is the name of the process being developed by the Weizmann Institute?,Solzinc process,193495,30397,Solar_energy,squad_extractive
935,The Solznic process produces what?,pure zinc,193685,30427,Solar_energy,squad_extractive
936,What is the system called that can store solar energy in the form of heat?,Thermal mass systems,193763,30439,Solar_energy,squad_extractive
937,What are some of the materials used in thermal storage systems?,"water, earth and stone",194010,30475,Solar_energy,squad_extractive
938,What is something that can be accomplished by a thermal mass system?,reduce overall heating and cooling requirements,194119,30491,Solar_energy,squad_extractive
939,What are some examples of phase change materials?,paraffin wax and Glauber's salt,194200,30502,Solar_energy,squad_extractive
940,What are the approximate temperatures that can be delivered by phase change materials?,64 °C or 147 °F,194383,30525,Solar_energy,squad_extractive
941,The first Glauber's salt heating system was first used where?,"The ""Dover House""",194401,30530,Solar_energy,squad_extractive
942,What was the name of the heating system that first used Glauber's salt?,Dover House,194406,30532,Solar_energy,squad_extractive
943,Why are salts good  for thermal storage?,"they are low-cost, have a high specific heat capacity and can deliver heat at temperatures compatible with conventional power systems",194627,30567,Solar_energy,squad_extractive
944,How much energy was the Solar Two able to store using salts?,"1.44 terajoules (400,000 kWh)",194833,30600,Solar_energy,squad_extractive
945,Where do off-grid PV systems store excess electricity?,rechargeable batteries,194992,30625,Solar_energy,squad_extractive
946,What do off-grid PV systems use to store excess electricity?,rechargeable batteries,194992,30625,Solar_energy,squad_extractive
947,What are the programs that gives credit to households for delivering electricity to the grid called?,Net metering programs,195189,30653,Solar_energy,squad_extractive
948,How is the credit to households accomplished?,by 'rolling back' the meter whenever the home produces more electricity than it consumes,195305,30672,Solar_energy,squad_extractive
949,Why is a second meter usually unnecessary to monitor electricity use?,Most standard meters accurately measure in both directions,195695,30736,Solar_energy,squad_extractive
950,Pumped-storage hydroelectricity stores energy in what form?,water pumped when energy is available from a lower elevation reservoir to a higher elevation one,195852,30757,Solar_energy,squad_extractive
951,How is the energy stored by pumped-storage hydroelectricity recovered?,"by releasing the water, with the pump becoming a hydroelectric power generator",195994,30781,Solar_energy,squad_extractive
952,"When water is released due to high demand, the pump become swhat?",a hydroelectric power generator,196041,30789,Solar_energy,squad_extractive
953,What brought attention to solar technologies in the 1970s?,The 1973 oil embargo and 1979 energy crisis,196075,30793,Solar_energy,squad_extractive
954,The oil embargo in what year was a contributing factor to the reorganization of energy policies?,1973,196079,30794,Solar_energy,squad_extractive
955,What are the names of some of the incentive programs used to promote solar technology?,the Federal Photovoltaic Utilization Program in the US and the Sunshine Program in Japan,196303,30826,Solar_energy,squad_extractive
956,What is the name of the solar energy research facility in the US?,"SERI, now NREL",196464,30852,Solar_energy,squad_extractive
957,What is the name of the solar energy research facility in Japan?,NEDO,196488,30856,Solar_energy,squad_extractive
958,What is the name of the solar energy research facility in Germany?,Fraunhofer Institute for Solar Energy Systems ISE,196508,30859,Solar_energy,squad_extractive
959,When did the use of solar water heaters in the US first begin?,in the 1890s,196629,30875,Solar_energy,squad_extractive
960,The solar water heaters introduced in the US in the 1890s saw growth until what time period?,the 1920s,196682,30884,Solar_energy,squad_extractive
961,Why did interest in solar water heating decrease in the 1980s?,falling petroleum prices,196920,30924,Solar_energy,squad_extractive
962,"Since 1999, what average rate has the solar water heating sector progressed at?",20% per year,197064,30944,Solar_energy,squad_extractive
963,Growth of solar water heating development has averaged how much per year since 1999,20%,197064,30944,Solar_energy,squad_extractive
964,What was the estimated capacity of solar water heating and cooling in 2007?,154 GW,197238,30971,Solar_energy,squad_extractive
965,Which organization believes that solar energy can solve some of our most pressing issues?,The International Energy Agency,197258,30976,Solar_energy,squad_extractive
966,Who said that solar energy can help solve some of the most urgent problems in the world?,The International Energy Agency,197258,30976,Solar_energy,squad_extractive
967,What is the name of the standard related to glass in building?,ISO 9050,197557,31019,Solar_energy,squad_extractive
968,ISO 9050 relates to standards for what?,glass in building,197577,31023,Solar_energy,squad_extractive
969,What is the name of the standard related to the materials used in solar water heaters?,ISO 10217,197601,31027,Solar_energy,squad_extractive
970,ISO 10217 relates to standards for what?,materials used in solar water heaters,197626,31032,Solar_energy,squad_extractive
971,What are the technologies used to capture solar energy characterized as?,passive solar or active solar,197769,31054,Solar_energy,squad_extractive
972,What are some active solar techniques used to harness solar energy?,"photovoltaic systems, concentrated solar power and solar water heating",197936,31082,Solar_energy,squad_extractive
973,What is an example of a passive solar technique?,orienting a building to the Sun,198063,31099,Solar_energy,squad_extractive
974,What makes solar energy an appealing source of electricity>,The large magnitude of solar energy available,198228,31122,Solar_energy,squad_extractive
975,Who estimated the annual potential of solar energy in 2000?,The United Nations Development Programme,198325,31137,Solar_energy,squad_extractive
976,What is solar energy's yearly potential?,"1,575–49,837 exajoules (EJ)",198454,31157,Solar_energy,squad_extractive
977,What was the total worldwide energy consumption in 2012?,559.8 EJ,198563,31173,Solar_energy,squad_extractive
978,How will solar energy increase energy security?,"through reliance on an indigenous, inexhaustible and mostly import-independent resource",198796,31206,Solar_energy,squad_extractive
979,What costs will solar energy lower?,the costs of mitigating global warming,198933,31221,Solar_energy,squad_extractive
980,What effect will solar energy have on the price of fossil fuels?,keep fossil fuel prices lower than otherwise,198977,31228,Solar_energy,squad_extractive
981,What should the cost of incentives for producing solar energy be considered?,learning investments,199139,31252,Solar_energy,squad_extractive
982,Why does the amount of usable solar energy differ from the amount near the planets surface?,"geography, time variation, cloud cover, and the land available to humans",199378,31293,Solar_energy,squad_extractive
983,Why does geography have an effect of the amount of solar energy available?,areas that are closer to the equator have a greater amount of solar radiation,199556,31320,Solar_energy,squad_extractive
984,Why does time have an effect of the amount of available solar energy?,during the nighttime there is little solar radiation on the surface of the Earth for solar panels to absorb,199868,31371,Solar_energy,squad_extractive
985,What effect does cloud coverage have on the amount of solar energy available?,clouds block incoming light from the sun and reduce the light available for solar cells,200112,31414,Solar_energy,squad_extractive
986,Why does land availability have an effect on solar energy?,solar panels can only be set up on land that is unowned and suitable for solar panels,200290,31443,Solar_energy,squad_extractive
987,Why are roofs a good place for solar panels?,many people have discovered that they can collect energy directly from their homes this way,200442,31473,Solar_energy,squad_extractive
988,What factors were taken into account in the estimate published in 2000 on solar energy?,"insolation, cloud cover, and the land that is usable by humans",200914,31550,Solar_energy,squad_extractive
989,What was the total potential of solar energy found in the estimate?,"1,575–49,837 EJ per year",201041,31572,Solar_energy,squad_extractive
990,What is solar power?,conversion of sunlight into electricity,201105,31583,Solar_energy,squad_extractive
991,How is sunlight converted into electricity?,"either directly using photovoltaics (PV), or indirectly using concentrated solar power (CSP)",201146,31588,Solar_energy,squad_extractive
992,What does a concentrated solar power system use?,lenses or mirrors and tracking systems,201256,31603,Solar_energy,squad_extractive
993,What is the purpose of a concentrated solar power system?,focus a large area of sunlight into a small beam,201298,31610,Solar_energy,squad_extractive
994,What method does the photovoltaics system use to turn light into electricity?,photoelectric effect,201398,31628,Solar_energy,squad_extractive
995,What has influenced the design since the beginning of architectural history?,Sunlight,201421,31630,Solar_energy,squad_extractive
996,Who first utilized solar architecture?,Greeks and Chinese,201589,31653,Solar_energy,squad_extractive
997,In which direction were the buildings built by the Greeks and Chinese facing?,toward the south,201638,31660,Solar_energy,squad_extractive
998,What is a solar balloon?,a black balloon that is filled with ordinary air,201704,31672,Solar_energy,squad_extractive
999,What happens when sunlight shines on a solar balloon?,the air inside is heated and expands causing an upward buoyancy force,201789,31687,Solar_energy,squad_extractive
1000,What is the use of solar balloons typically limited to?,the toy market,201999,31722,Solar_energy,squad_extractive
1001,Why is the use of solar balloons typically limited to the toy market?,the surface-area to payload-weight ratio is relatively high,202017,31726,Solar_energy,squad_extractive
1002,Why was solar technology developed in the 1860s?,driven by an expectation that coal would soon become scarce,202315,31769,Solar_energy,squad_extractive
1003,What slowed the development of solar technologies in the early 20th century?,"increasing availability, economy, and utility of coal and petroleum",202474,31795,Solar_energy,squad_extractive
1004,"According to a report in 2011, by what year could solar energy provide a third of the world's energy?",2060,202749,31837,Solar_energy,squad_extractive
1005,What could the sun's energy do to help limit climate change?,could play a key role in de-carbonizing the global economy alongside improvements in energy efficiency and imposing costs on greenhouse gas emitters,202828,31850,Solar_energy,squad_extractive
1006,When did Arsenal win their first Double Cup?,1970–71,203493,31960,Arsenal_F.C.,squad_extractive
1007,What was the original name of the Arsenal team?,Dial Square,203777,32007,Arsenal_F.C.,squad_extractive
1008,How does Forbe's believe the Arsenal club was worth in 2015?,$1.3 billion,204247,32081,Arsenal_F.C.,squad_extractive
1009,In which division was Arsenal ranked by the start of WWI?,second division,205231,32242,Arsenal_F.C.,squad_extractive
1010,What manager was appointed to lead Arsenal in 1925?,Herbert Chapman,205565,32292,Arsenal_F.C.,squad_extractive
1011,What was Chapman's style of tactics that provided the basis for the Arsenal club's success?,revolutionary,205783,32326,Arsenal_F.C.,squad_extractive
1012,What was one of Arsenal's first major wins?,1930 FA Cup Final,206051,32370,Arsenal_F.C.,squad_extractive
1013,What position did Mee hold in the Arsenal club prior to becoming manager?,physiotherapist,206412,32426,Arsenal_F.C.,squad_extractive
1014,In which season did Arsenal win its first European trophy?,1969–70,206537,32446,Arsenal_F.C.,squad_extractive
1015,In what season did Arsenal win their first League and FA Cup double?,1970–71,206655,32466,Arsenal_F.C.,squad_extractive
1016,What Arsenal manager replaced Mee?,Terry Neill,206933,32512,Arsenal_F.C.,squad_extractive
1017,On what date was Bertie Mee replaced by Arsenal?,9 July 1976,207005,32525,Arsenal_F.C.,squad_extractive
1018,What action brought prosperity to Arsenal?,new signings,207091,32543,Arsenal_F.C.,squad_extractive
1019,What number of cup finals did Arsenal reach in,trio,207285,32578,Arsenal_F.C.,squad_extractive
1020,In what years did Arsenal get into the FA Cup finals?,"1978, 1979 and 1980",207308,32584,Arsenal_F.C.,squad_extractive
1021,What former Arsenal player became manager in 1986?,George Graham,207575,32629,Arsenal_F.C.,squad_extractive
1022,In what year did Arsenal win their second European cup?,1994,208046,32712,Arsenal_F.C.,squad_extractive
1023,What action did Graham get caught doing to get fired by Arsenal?,kickbacks,208118,32724,Arsenal_F.C.,squad_extractive
1024,What manager in the late 1990s brought success to Arsenal?,Arsène Wenger,208449,32782,Arsenal_F.C.,squad_extractive
1025,"Besides improved tactics and training, what did Wenger add to the Arsenal team?",foreign players,208537,32796,Arsenal_F.C.,squad_extractive
1026,In what season did Arsenal win their second League and Cup double?,1997–98,208645,32813,Arsenal_F.C.,squad_extractive
1027,What caused Arsenal's loss to Galatasarey in the 1999-2000 season?,penalties,208754,32833,Arsenal_F.C.,squad_extractive
1028,In what year was the Premier League created?,1992,209445,32953,Arsenal_F.C.,squad_extractive
1029,What team defeated Arsenal in the finals of the Champions League in 2005-2006 season?,Barcelona,209692,32993,Arsenal_F.C.,squad_extractive
1030,Who beat Arsenal for the 2011 League Cup>,Birmingham City,209870,33024,Arsenal_F.C.,squad_extractive
1031,In what year did Arsenal first create a crest for the team?,1888,210685,33166,Arsenal_F.C.,squad_extractive
1032,What part of the Arsenal crest is sometimes mistaken for chimneys?,three cannon,210728,33172,Arsenal_F.C.,squad_extractive
1033,What nickname prompted a return to the canon on the club crest?,The Gunners,211267,33263,Arsenal_F.C.,squad_extractive
1034,What Latin motto was added to the crest in 1949?,Victoria Concordia Crescit,211674,33331,Arsenal_F.C.,squad_extractive
1035,In 1949 what new addition was done to enhance the Arsenal club crest?,rendered in colour,211816,33353,Arsenal_F.C.,squad_extractive
1036,What style of logo did Chapman introduce in the 1930s?,Art Deco,212846,33517,Arsenal_F.C.,squad_extractive
1037,Of what is the early logo of Arsenal an example?,corporate logo,213005,33547,Arsenal_F.C.,squad_extractive
1038,Where is the Art Deco style badge design used prominently?,Highbury Stadium,213171,33576,Arsenal_F.C.,squad_extractive
1039,What Arsenal club nickname sometimes appeared on club shirts?,The Gunners,213388,33613,Arsenal_F.C.,squad_extractive
1040,What celebration did Arsenal have in the 2011-12 season?,125th year anniversary,213465,33624,Arsenal_F.C.,squad_extractive
1041,Where did the Arsenal team wear the anniversary crest?,on their jerseys,213560,33638,Arsenal_F.C.,squad_extractive
1042,What do the 15 oak leaves on the anniversary crest indicate?,founding members,213725,33670,Arsenal_F.C.,squad_extractive
1043,What dates are depicted on the Arsenal anniversary crest?,1886 and 2011,213975,33714,Arsenal_F.C.,squad_extractive
1044,What motto is shown on the Arsenal club anniversary crest?,Forward,214029,33726,Arsenal_F.C.,squad_extractive
1045,What has the color of the Arsenal  home shirts been?,bright red,214127,33742,Arsenal_F.C.,squad_extractive
1046,In recognition of what event was the color red adopted for Arsenal shirts?,charitable donation,214265,33768,Arsenal_F.C.,squad_extractive
1047,What was the early name for the Arsenal FC?,Dial Square,214357,33781,Arsenal_F.C.,squad_extractive
1048,Which founding members were responsible for the red shirts?,Fred Beardsley and Morris Bates,214389,33785,Arsenal_F.C.,squad_extractive
1049,What manager updated the players uniforms in 1933?,Herbert Chapman,214763,33857,Arsenal_F.C.,squad_extractive
1050,What brighter shade of red did Chapman adopt?,pillar box red,214906,33880,Arsenal_F.C.,squad_extractive
1051,For what style of shirts Arsenal known ?,red and white,215274,33943,Arsenal_F.C.,squad_extractive
1052,What did Arsenal want to commemorate by wearing dark red shirts in their last season at Highbury?,first season,215691,34011,Arsenal_F.C.,squad_extractive
1053,What early team copied the Arsenal's red current color in 1909?,Sparta Prague,216004,34063,Arsenal_F.C.,squad_extractive
1054,"What team in 1938 used the same style of kit, but in green?",Hibernian,216089,34080,Arsenal_F.C.,squad_extractive
1055,"By coping the Arsenal team kit exactly, what nickname was given to Sporting Clube de Braga?",Os Arsenalistas,216393,34133,Arsenal_F.C.,squad_extractive
1056,For how long have the Arsenal inspired copy-cat clubs worn their uniforms?,to this day,216447,34141,Arsenal_F.C.,squad_extractive
1057,During what season were Arsenal's away colors white shirts and white or black shorts?,1969–70 season,216558,34161,Arsenal_F.C.,squad_extractive
1058,When did Arsenal adolpt the away colors or yellow shirts and blue shorts?,1969–70 season,216558,34161,Arsenal_F.C.,squad_extractive
1059,For what competition did Arsenal use the yellow and blue away kit?,1971 FA Cup Final,216665,34180,Arsenal_F.C.,squad_extractive
1060,What did Arsenal consider the yellow and blue colors to be after losing a FA Cup final wearing red and white?,lucky,216989,34238,Arsenal_F.C.,squad_extractive
1061,What is the difference in the Arsenal color of blue in the away kit after 1983?,darker shade,217199,34274,Arsenal_F.C.,squad_extractive
1062,What manufacturer became Arsenal's uniform provider in 1994?,Nike,217239,34281,Arsenal_F.C.,squad_extractive
1063,Which brand was the kit provider prior to 1994?,Adidas,217259,34285,Arsenal_F.C.,squad_extractive
1064,To appeal to what are the kits changed regularly?,replica kit market,217413,34310,Arsenal_F.C.,squad_extractive
1065,What traditional Arsenal colors have frequently been employed for away kits?,yellow and blue,217639,34346,Arsenal_F.C.,squad_extractive
1066,When did Arsenal Stadium at Highbury first become the club's home?,September 1913,218052,34424,Arsenal_F.C.,squad_extractive
1067,When did Arsenal FC leave Highbury stadium?,May 2006,218073,34427,Arsenal_F.C.,squad_extractive
1068,What architect designed the original stadium at Highbury?,Archibald Leitch,218152,34439,Arsenal_F.C.,squad_extractive
1069,When was the Arsenal stadium bombed?,Second World War,218538,34508,Arsenal_F.C.,squad_extractive
1070,What was the most people that Highbury stadium could host?,"60,000",218615,34521,Arsenal_F.C.,squad_extractive
1071,When did League regulations make Arsenal reduce the seating in Highbury?,1993–94 season,218824,34556,Arsenal_F.C.,squad_extractive
1072,During what time did Arsenal play at Wembley?,1998 to 2000,219052,34590,Arsenal_F.C.,squad_extractive
1073,Where did Arsenal play matches because of increased seating capacity?,Wembley,219114,34600,Arsenal_F.C.,squad_extractive
1074,What seating capacity did Wembley offer that have to lure Arsenal to play there?,"70,000",219151,34606,Arsenal_F.C.,squad_extractive
1075,What type of agreement is the deal with Emirates ?,sponsorship deal,220008,34742,Arsenal_F.C.,squad_extractive
1076,What was the amount of the Emirates airline company deal?,£100 million,220067,34750,Arsenal_F.C.,squad_extractive
1077,Of what facet of stadium naming do some fans disapprove?,corporate sponsorship,220175,34770,Arsenal_F.C.,squad_extractive
1078,What is the common nickname of Arsenal supporters?,Gooners,220570,34839,Arsenal_F.C.,squad_extractive
1079,From what name does Gooners come?,The Gunners,220624,34847,Arsenal_F.C.,squad_extractive
1080,Where did the attendance at Arsenal games rank in relation to other English clubs?,second-highest average,220748,34867,Arsenal_F.C.,squad_extractive
1081,From what groups do the supporters of Arsenal come?,variety of social classes,221406,34961,Arsenal_F.C.,squad_extractive
1082,What type of clubs does Arsenal have?,domestic supporters' clubs,221498,34976,Arsenal_F.C.,squad_extractive
1083,Which fan club is closely allied to the Arsenal club?,Arsenal Football Supporters' Club,221540,34981,Arsenal_F.C.,squad_extractive
1084,What supporters club is more loosely tied to Arsenal?,Arsenal Independent Supporters' Association,221618,34993,Arsenal_F.C.,squad_extractive
1085,What fan group wants more ownership rights in the Arsenal club?,Arsenal Supporters' Trust,221708,35004,Arsenal_F.C.,squad_extractive
1086,What is a common chant of Arsenal supporters?,One-Nil to the Arsenal,221971,35045,Arsenal_F.C.,squad_extractive
1087,What medium has added to the fan base of Arsenal?,satellite television,222106,35067,Arsenal_F.C.,squad_extractive
1088,In 2011 what was Arsenal's estimated fan base?,113 million,222473,35125,Arsenal_F.C.,squad_extractive
1089,What was the world ranking of Arsenal's social media in 2015-15 season?,fifth highest,222527,35134,Arsenal_F.C.,squad_extractive
1090,What football club is Arsenal's greatest rival?,Tottenham Hotspur,222673,35154,Arsenal_F.C.,squad_extractive
1091,"Since the Arsenal and Tottenham Hotspurs are geographically so close , what is the contest between them called?",North London derbies,222735,35164,Arsenal_F.C.,squad_extractive
1092,What competition sparked the rivalry with Manchester?,Premier League title,223014,35207,Arsenal_F.C.,squad_extractive
1093,What individual is the biggest shareholder on the Arsenal board?,Stan Kroenke,223321,35257,Arsenal_F.C.,squad_extractive
1094,In what year did Kreonke achieve take over of Arsenal stock?,April 2011,223818,35336,Arsenal_F.C.,squad_extractive
1095,What percentage of shares in Arsenal did Kroenke own by 2011?,62.89%,223965,35357,Arsenal_F.C.,squad_extractive
1096,Who is Kroenke's chief competitor for Arsenal stock?,Red & White Securities,224030,35368,Arsenal_F.C.,squad_extractive
1097,Who is Arsenal's Chief Executive?,Ivan Gazidis,224081,35376,Arsenal_F.C.,squad_extractive
1098,By what means does Arsenal operate as a company?,non-quoted public limited,224205,35395,Arsenal_F.C.,squad_extractive
1099,How many shares of Arsenal stock are there?,"62,217",224322,35411,Arsenal_F.C.,squad_extractive
1100,"On March 10,2016 what was the value of a share of Arsenal stock?","£15,670",224617,35463,Arsenal_F.C.,squad_extractive
1101,What value did Forbes place on Arsenal in 2015?,$1.3 billion,224862,35499,Arsenal_F.C.,squad_extractive
1102,At what rank in value in the Premier League is Arsenal?,second highest,225112,35540,Arsenal_F.C.,squad_extractive
1103,What does Arsenal report a before tax profit for 2014-15?,£24.7m,225261,35564,Arsenal_F.C.,squad_extractive
1104,What value does Deloitte place on Arsenal?,£331.3m,225482,35597,Arsenal_F.C.,squad_extractive
1105,Where does Deloitte Football Money League rank Arsenal in the world football clubs?,seventh,225517,35601,Arsenal_F.C.,squad_extractive
1106,What is the match day earning of Emirates Stadium?,£100.4m,225643,35621,Arsenal_F.C.,squad_extractive
1107,What team did Arsenal play at the time of the radio broadcast in 1927?,Sheffield United,225809,35649,Arsenal_F.C.,squad_extractive
1108,Why was Arsenal's match on 22 Jan. 1927 at Highbury a first?,broadcast live on radio,225867,35659,Arsenal_F.C.,squad_extractive
1109,When was Arsenal's match the first to be televised live?,16 September 1937,225911,35667,Arsenal_F.C.,squad_extractive
1110,To what first broadcast did Arsenal provide match highlights?,BBC's Match of the Day,226110,35701,Arsenal_F.C.,squad_extractive
1111,In what form was Arsenal's broadcast of a 2010 match against Manchester United?,3D television,226355,35741,Arsenal_F.C.,squad_extractive
1112,In what film was Arsenal FC shown?,The Arsenal Stadium Mystery,226573,35777,Arsenal_F.C.,squad_extractive
1113,What Arsenal manager had a speaking part in the 1939 film?,George Allison,226787,35811,Arsenal_F.C.,squad_extractive
1114,What book by Nick Hornby has twice been adapted for film?,Fever Pitch,226853,35822,Arsenal_F.C.,squad_extractive
1115,When was Hornby's book published?,1992,227000,35844,Arsenal_F.C.,squad_extractive
1116,How have Arsenal players portrayed in media?,"defensive and ""boring""",227325,35900,Arsenal_F.C.,squad_extractive
1117,In what decades were Arsenal players stereotyped in a negative way?,1970s and 1980s,227376,35907,Arsenal_F.C.,squad_extractive
1118,Which comic made numerous jokes about Arsenal players?,Eric Morecambe,227417,35914,Arsenal_F.C.,squad_extractive
1119,What film featured a Arsenal play in  derogatory way?,The Full Monty,227518,35932,Arsenal_F.C.,squad_extractive
1120,What film uses characters named after Arsenal full backs?,Plunkett & Macleane,227782,35976,Arsenal_F.C.,squad_extractive
1121,Where does Arsenal's total League Championships place it as compared to other English teams?,third highest,228014,36011,Arsenal_F.C.,squad_extractive
1122,Of what type of trophies does Arsenal have the most?,FA Cup trophies,228192,36040,Arsenal_F.C.,squad_extractive
1123,In what competition was Arsenal the first to enter the finals?,UEFA Champions League,228655,36128,Arsenal_F.C.,squad_extractive
1124,What team beat Arsenal to win the 2006 UEFA Champions League?,Barcelona,228711,36138,Arsenal_F.C.,squad_extractive
1125,What is the name of the football club affiliated with Arsenal?,Arsenal Ladies,228723,36139,Arsenal_F.C.,squad_extractive
1126,How does Arsenal Ladies rank as compared with other English women's football teams?,most successful,228904,36167,Arsenal_F.C.,squad_extractive
1127,By 2009 what competition has Arsenal Ladies been the only ladies team to have won?,UEFA Women's Cup,229162,36213,Arsenal_F.C.,squad_extractive
1128,At what stadium do Arsenal Ladies usually play?,Boreham Wood.,229456,36264,Arsenal_F.C.,squad_extractive
1129,What is another term meaning Iranian languages?,Iranic languages,229501,36271,Iranian_languages,squad_extractive
1130,What are the Iranic languages a subgroup of?,Indo-Iranian languages,229539,36278,Iranian_languages,squad_extractive
1131,What are Indo-Iranian languages a subset of?,Indo-European language family,229597,36288,Iranian_languages,squad_extractive
1132,When did the change from Old Iranian to Middle Iranian occur?,400 BCE,229769,36312,Iranian_languages,squad_extractive
1133,From what languages does the word Aryao come?,Persian and Sanskrit,230452,36417,Iranian_languages,squad_extractive
1134,When was the phrase Iranian language family first used?,1836,230562,36436,Iranian_languages,squad_extractive
1135,Who first used the term Iranian language?,Christian Lassen,230570,36438,Iranian_languages,squad_extractive
1136,Who first used the term Irano-Aryan?,Robert Needham Cust,230588,36440,Iranian_languages,squad_extractive
1137,When was the phrase Irano-Aryan first used?,1878,230637,36448,Iranian_languages,squad_extractive
1138,What society is a strong contender for the common culture speaking Indo-Iranian?,Andronovo,231133,36514,Iranian_languages,squad_extractive
1139,When did the Andronovo culture exist?,2000 BC,231218,36526,Iranian_languages,squad_extractive
1140,Where did early Iranian people establish societies?,"southeastern Europe, the Iranian plateau, and Central Asia",231949,36633,Iranian_languages,squad_extractive
1141,What characteristic of Middle Iranian civilization is shown by the number of different languages and their speakers?,linguistic diversity,232084,36652,Iranian_languages,squad_extractive
1142,In which historical record does Old Persian appear in exemplary form?,the Behistun inscription,232498,36720,Iranian_languages,squad_extractive
1143,When was the Behistun inscription written?,520 BC,232539,36725,Iranian_languages,squad_extractive
1144,During what century was the change from Old to Middle Persian well underway?,4th century BC,232849,36772,Iranian_languages,squad_extractive
1145,What is the contemporary name of the religion which Avesta was part of?,Zoroastrianism,233242,36838,Iranian_languages,squad_extractive
1146,What language shows a level of maturity corresponding to Old Avestan?,Rigvedic Sanskrit,233737,36917,Iranian_languages,squad_extractive
1147,What language is Carduchi thought to have become?,Kurdish,234579,37051,Iranian_languages,squad_extractive
1148,What are the two main divisions of Iranian tongues?,western and eastern,235331,37166,Iranian_languages,squad_extractive
1149,What type of letters are *ć and *dź?,first-series palatal consonants,236157,37294,Iranian_languages,squad_extractive
1150,What elements of Proto-Indo-Iranian did not diverge according to the ensuing split between eastern and western variants?,*ć and *dź,236190,37297,Iranian_languages,squad_extractive
1151,What languages share a similar situation?,Nuristani languages,236361,37324,Iranian_languages,squad_extractive
1152,What is the linguistic categorization of *ćw and *dźw?,consonant clusters,236427,37332,Iranian_languages,squad_extractive
1153,What other elements of early Iranian languages problematize the east-west division?,*ćw and *dźw,236446,37334,Iranian_languages,squad_extractive
1154,What may have also been in use at the time?,other distinct dialect groups,236481,37341,Iranian_languages,squad_extractive
1155,Precursors of what subset of Scythian are theorized to have existed?,Alanian/Scytho-Sarmatian,236617,37360,Iranian_languages,squad_extractive
1156,What possible predecessor of Pathian is thought to have existed?,Old Parthian,236707,37372,Iranian_languages,squad_extractive
1157,What are the two main divisions of Middle Iranian?,Western and Eastern,237094,37431,Iranian_languages,squad_extractive
1158,Where did the the alphabets used by eastern languages come from?,Aramaic,237581,37502,Iranian_languages,squad_extractive
1159,What did the Bactrian language use for writing?,Greek script,237726,37521,Iranian_languages,squad_extractive
1160,When did Middle Persian start being u sed?,3rd century CE,237851,37542,Iranian_languages,squad_extractive
1161,What are three languages employed by the Manichaeans?,"Middle Persian, Parthian and Sogdian",237986,37564,Iranian_languages,squad_extractive
1162,What was the writing of Manichaean documents similar to?,Syriac script,238224,37601,Iranian_languages,squad_extractive
1163,What was the first dynasty to use Dari?,Saffarid,238705,37680,Iranian_languages,squad_extractive
1164,When did the Saffarid dynasty begin using Dari?,875 CE,238818,37700,Iranian_languages,squad_extractive
1165,What area was the name Dari connected to by medieval Iranian thinkers?,Khorasan,239203,37760,Iranian_languages,squad_extractive
1166,What was the new form of writing introduced by the spread of Islam?,Arabic script,239607,37822,Iranian_languages,squad_extractive
1167,When did usage of Middle Persian script fall off?,second half of the 8th century,239814,37856,Iranian_languages,squad_extractive
1168,What script was converted to Latin in the 1920s?,Tajik script,239972,37882,Iranian_languages,squad_extractive
1169,Who catalyzed the conversion of Tajik script into Cyrillic?,the Soviet government,240125,37906,Iranian_languages,squad_extractive
1170,What is another term for Western Iran?,Khuzestan,240327,37937,Iranian_languages,squad_extractive
1171,What are two languages that were forced out by the spread of Arabic?,Sogdian and Bactrian,240442,37952,Iranian_languages,squad_extractive
1172,By what century had the area inhabited by Sarmatians been absorbed by pre-Slavic people?,6th century AD,240880,38018,Iranian_languages,squad_extractive
1173,Where can the remnants of Yaghnobi be found?,Zarafshan valley,241076,38049,Iranian_languages,squad_extractive
1174,Ossetic is a version of which Scythian language?,Saka,241116,38055,Iranian_languages,squad_extractive
1175,What enables Himachal to sell hydroelectricity to other states?,Abundance of perennial rivers,241663,38144,Himachal_Pradesh,squad_extractive
1176,What other Indian states does it sell hydroelectricity to?,"Delhi, Punjab, and Rajasthan",241759,38158,Himachal_Pradesh,squad_extractive
1177,What three things is the economy of the state dependent on?,"hydroelectric power, tourism, and agriculture",241852,38173,Himachal_Pradesh,squad_extractive
1178,When did the Chief Commissioners Province of HP come into being?,15 April 1948,241998,38191,Himachal_Pradesh,squad_extractive
1179,Why did the  Chief Commissioners Province of HP come into being?,as a result of integration of 28 petty princely states,242012,38194,Himachal_Pradesh,squad_extractive
1180,When did Himachal Pradesh become a union territory?,1 November 1956,242793,38323,Himachal_Pradesh,squad_extractive
1181,When was the State of Himchal Pradesh Act passed?,18 December 1970,243293,38402,Himachal_Pradesh,squad_extractive
1182,When did Himachal emerge as the 18th state of the Indian Union?,25 January 1971,243407,38423,Himachal_Pradesh,squad_extractive
1183,When did Congress secure an absolute majority?,In the assembly elections held in November 2012,243486,38437,Himachal_Pradesh,squad_extractive
1184,How many seats did Congress win?,36 of the 68 seats,243595,38454,Himachal_Pradesh,squad_extractive
1185,Who was sworn in as HImachal Pradesh's Chief Minister for a record sixth term?,Virbhadra Singh,243657,38469,Himachal_Pradesh,squad_extractive
1186,Who administered the oath of office and secrecy?,Governor Urmila Singh,243909,38513,Himachal_Pradesh,squad_extractive
1187,Where was the oath of office and secrecy taken?,historic Ridge Maidan in Shimla,243958,38522,Himachal_Pradesh,squad_extractive
1188,Himachal is extremely rich in?,hydro electric resources,244022,38532,Himachal_Pradesh,squad_extractive
1189,How much hydroelectric power can be generated?,"20,300MW",244148,38553,Himachal_Pradesh,squad_extractive
1190,What is current GDP estimated at?,₹ 254 billion,244493,38612,Himachal_Pradesh,squad_extractive
1191,What has rapidly spread due to economic increase?,"Luxury hotels, food and franchisees of recognised brands e.g. Mc Donalds, KFC and Pizza hut",244665,38638,Himachal_Pradesh,squad_extractive
1192,The majority of all households in Himachal own a what?,pit-loom,245163,38717,Himachal_Pradesh,squad_extractive
1193,What is Kullu famous for?,shawls with striking patterns and vibrant colours,245345,38750,Himachal_Pradesh,squad_extractive
1194,What are Kangra and Dharamshala famous for?,Kangra miniature paintings,245434,38763,Himachal_Pradesh,squad_extractive
1195,What time periods did the Indus Valley civilization flourish?,between 2250 and 1750 BCE,245594,38787,Himachal_Pradesh,squad_extractive
1196,What tribes inhibited the area that now constitutes Himachal Pradesh?,"Koilis, Halis, Dagis, Dhaugris, Dasa, Khasas, Kinnars, and Kirats",245640,38796,Himachal_Pradesh,squad_extractive
1197,Who conquered Kangara?,Mahmud Ghaznavi,246165,38875,Himachal_Pradesh,squad_extractive
1198,Who marched through the lower states and captured and forts and fought many battles?,Timur and Sikander Lodi,246236,38886,Himachal_Pradesh,squad_extractive
1199,What handcrafts do they include?,woolen and pashmina shawls,246518,38931,Himachal_Pradesh,squad_extractive
1200,What declined under competition?,aesthetic and tasteful handicrafts,246746,38964,Himachal_Pradesh,squad_extractive
1201,Has the demand increased inside or outside the country?,within and outside the country,246931,38991,Himachal_Pradesh,squad_extractive
1202,Who heads the Himachal Pradesh?,Deputy Commissioner or District Magistrate,247047,39009,Himachal_Pradesh,squad_extractive
1203,Who maintains law and order?,Superintendent of Police,247505,39071,Himachal_Pradesh,squad_extractive
1204,Who assists the Superintendent of Police?,the officers of the Himachal Police Service and other Himachal Police officials.,247701,39102,Himachal_Pradesh,squad_extractive
1205,What kind of plan was it?,five-year plan,247876,39131,Himachal_Pradesh,squad_extractive
1206,How much was allocated?,₹ 52.7 million,247901,39134,Himachal_Pradesh,squad_extractive
1207,What was more than 50% used on?,road construction,247979,39148,Himachal_Pradesh,squad_extractive
1208,Who was 22nd of chart?,Tripura,248363,39211,Himachal_Pradesh,squad_extractive
1209,Who was top ranked in population strength?,Kangra district,248386,39215,Himachal_Pradesh,squad_extractive
1210,Who was last in population strength?,Lahaul Spiti,248801,39268,Himachal_Pradesh,squad_extractive
1211,What other religions form a small percentage?,Buddhism and Sikhism,248880,39280,Himachal_Pradesh,squad_extractive
1212,Who are mainly Buddhists?,Lahaulis of Lahaul and Spiti,248906,39284,Himachal_Pradesh,squad_extractive
1213,Where do Sikhs mostly live?,towns and cities,248985,39297,Himachal_Pradesh,squad_extractive
1214,HOw much of the population do Sikh's make up?,1.16%,249017,39302,Himachal_Pradesh,squad_extractive
1215,What is the Muslim population in Himachal Pradesh?,slightly 2.18%,249392,39365,Himachal_Pradesh,squad_extractive
1216,When did the Gurkhas come into power?,1768,249512,39386,Himachal_Pradesh,squad_extractive
1217,Who lead the Gorkas to siege Kangra?,Amar Singh Thapa,249668,39409,Himachal_Pradesh,squad_extractive
1218,In 1806 who did Gorkas defeat with the help of provincial chiefs?,"Sansar Chand Katoch, the ruler of Kangra,",249739,39421,Himachal_Pradesh,squad_extractive
1219,Who rendered help to the British government during the revolt?,"rulers of Chamba, Bilaspur, Bhagal and Dhami",250692,39584,Himachal_Pradesh,squad_extractive
1220,What occurs in the climatic conditions of Himachal?,great variation,250837,39606,Himachal_Pradesh,squad_extractive
1221,What is the climate like?,varies from hot and subhumid tropical,250913,39618,Himachal_Pradesh,squad_extractive
1222,What three seasons does Himachal experience?,"summer, winter, and rainy season",251259,39673,Himachal_Pradesh,squad_extractive
1223,How long does summer last?,mid-April till the end of June,251311,39681,Himachal_Pradesh,squad_extractive
1224,How long does winter last?,late November till mid March.,251520,39720,Himachal_Pradesh,squad_extractive
1225,What does the Himachal legislature consist of?,elected members and special office bearers such as the Speaker and the Deputy Speaker who are elected by the members,251890,39774,Himachal_Pradesh,squad_extractive
1226,Who presides over meetings?,the Speaker or the Deputy Speaker in the Speaker's absence,252047,39800,Himachal_Pradesh,squad_extractive
1227,Who is the Judiciary system made up of?,Himachal Pradesh High Court and a system of lower courts.,252140,39816,Himachal_Pradesh,squad_extractive
1228,Who is the head of state appointed by the President of India?,The Governor,252343,39849,Himachal_Pradesh,squad_extractive
1229,How long are the terms of office?,"5 years, unless the Assembly is dissolved prior to the completion of the term",252807,39928,Himachal_Pradesh,squad_extractive
1230,What is Railway Himachal famous for?,its narrow gauge tracks railways,253034,39963,Himachal_Pradesh,squad_extractive
1231,What are the 2 narrow gauge railways in the Railway Himachal?,UNESCO World Heritage Kalka-Shimla Railway and another one is Pathankot–Jogindernagar,253075,39970,Himachal_Pradesh,squad_extractive
1232,What is the total length of the railways?,259 kilometres (161 mi),253198,39987,Himachal_Pradesh,squad_extractive
1233,What is being conducted to extend the railway?,survey,253448,40024,Himachal_Pradesh,squad_extractive
1234,What are the other railways being proposed in the state?,"Baddi-Bilaspur, Dharamsala-Palampur and Bilaspur-Manali-Leh.",253567,40044,Himachal_Pradesh,squad_extractive
1235,What years was the Anglo-Gorkha War?,1814–1816,253766,40071,Himachal_Pradesh,squad_extractive
1236,What is the literal meaning of Himachal Pradesh?,In the lap of Himalayas,254162,40137,Himachal_Pradesh,squad_extractive
1237,Who was one of the great sanskirt scholars of Himachal Pradesh?,Acharya Diwakar Datt Sharma,254204,40145,Himachal_Pradesh,squad_extractive
1238,What are the newspapers famous for?,"published in more than one language, and their reach extends to almost all the Hindi-speaking states",254448,40182,Himachal_Pradesh,squad_extractive
1239,What has grown significantly?,Radio and TV,254550,40198,Himachal_Pradesh,squad_extractive
1240,What is available in Shimla and district headquarters?,All major English daily newspapers,254708,40224,Himachal_Pradesh,squad_extractive
1241,What are the newspapers that are in Hindi and read widely?,"Aapka Faisla, Amar Ujala, Panjab Kesari, Divya Himachal",254794,40236,Himachal_Pradesh,squad_extractive
1242,Who was elected as chief minister of the state of India?,Virbhadra Singh,255148,40289,Himachal_Pradesh,squad_extractive
1243,When did the BJP secure a landslide victory?,December 2007,255246,40306,Himachal_Pradesh,squad_extractive
1244,How many seats did the BJP win?,41 of the 68 seats,255310,40317,Himachal_Pradesh,squad_extractive
1245,Who is BJP's Chief MInister of Himachal Pradesh?,Prem Kumar Dhumal,255383,40333,Himachal_Pradesh,squad_extractive
1246,When was he sworn in?,30 December 2007,255455,40346,Himachal_Pradesh,squad_extractive
1247,What is the state deficient in?,food grains,255507,40355,Himachal_Pradesh,squad_extractive
1248,What type of agriculture is in the state?,"seed potato, ginger, vegetables, vegetable seeds, mushrooms, chicory seeds, hops, olives and fig",255592,40370,Himachal_Pradesh,squad_extractive
1249,Where is seed potato mostly grown?,"Shimla, Kullu and Lahaul areas",255725,40390,Himachal_Pradesh,squad_extractive
1250,What is the district of Sirmaur famous for?,"growing flowers, and is the largest producer of flowers in the state",256013,40435,Himachal_Pradesh,squad_extractive
1251,What has made the state change very rapidly?,technological advancements,256223,40470,Himachal_Pradesh,squad_extractive
1252,Himachal is?,"multireligional, multicultural as well as multilingual state like other Indian states",256294,40481,Himachal_Pradesh,squad_extractive
1253,What are the common languages spoken?,"Hindi, Pahari, Dogri, Mandeali Kangri, Mandyali, Gojri and Kinnauri",256433,40500,Himachal_Pradesh,squad_extractive
1254,Who makes up the tribal populations?,"Kinnars, Pangawals, Sulehria, and Lahaulis",256770,40549,Himachal_Pradesh,squad_extractive
1255,What are a few pioneer universities in the state?,"The Indian Institute of Technology Mandi, Himachal Pradesh University Shimla, Institute of Himalayan Bioresource Technology (IHBT, CSIR Lab)",256904,40567,Himachal_Pradesh,squad_extractive
1256,What is the most renowned argricultural institues?,CSK Himachal Pradesh Krishi Vishwavidyalya Palampur,257626,40660,Himachal_Pradesh,squad_extractive
1257,What is Dr. Yashwant Singh Parmar University earned?,"unique distinction in India for imparting teaching, research and extension education in horticulture, forestry and allied disciplines",257823,40689,Himachal_Pradesh,squad_extractive
1258,When was the state run Nehru Government Engineering College started?,2006 at Sundernagar,258036,40715,Himachal_Pradesh,squad_extractive
1259,What is Doordarshan?,state-owned television broadcaster,258077,40721,Himachal_Pradesh,squad_extractive
1260,What is All India Radio?,public radio station,258297,40751,Himachal_Pradesh,squad_extractive
1261,What is available in few cities?,Private FM stations,258319,40754,Himachal_Pradesh,squad_extractive
1262,Who are the cellular phone operators available?,"BSNL, Reliance Infocomm, Tata Indicom, Tata Docomo, Aircel, Vodafone, Idea Cellular and Airtel",258385,40765,Himachal_Pradesh,squad_extractive
1263,What is provided by BSNL and others throughout the state?,Dial-up access,258649,40804,Himachal_Pradesh,squad_extractive
1264,Where do 90% of the population live in Himachal Pradesh?,villages and towns,258805,40829,Himachal_Pradesh,squad_extractive
1265,No single house is without?,a toilet,258913,40846,Himachal_Pradesh,squad_extractive
1266,What are the villages well connected to?,"roads, public health centers, and now with Lokmitra kendra using high-speed broadband",258958,40854,Himachal_Pradesh,squad_extractive
1267,What is Himachal Pradesh rank according to the 2005 Transparency international survey?,second-least corrupt state in the country after Kerala,259184,40886,Himachal_Pradesh,squad_extractive
1268,What are the most visited places in the country?,The hill stations,259240,40894,Himachal_Pradesh,squad_extractive
1269,How does Alaska compare in size to other US states?,largest state in the United States by area,259972,41012,Alaska,squad_extractive
1270,Where does Alaska rank in population comparative to other US states?,3rd least populous,260020,41021,Alaska,squad_extractive
1271,How many of Alaska's residents reside in the Anchorage area?,Approximately half,260096,41034,Alaska,squad_extractive
1272,What is Alaska's total population according to the 2015 Census?,"738,432",260161,41043,Alaska,squad_extractive
1273,Which industries are most prevalent in Alaska's economy?,"fishing, natural gas, and oil",260281,41062,Alaska,squad_extractive
1274,Which set of islands extend into the Eastern Hemisphere?,Aleutian Islands,260571,41109,Alaska,squad_extractive
1275,What are the contiguous states sometimes called?,"""the Lower 48""",260940,41166,Alaska,squad_extractive
1276,What is the area closest to the continental US called?,Panhandle or Inside Passage,261146,41203,Alaska,squad_extractive
1277,Where did most settlement occur after the Louisiana Purchase?,Panhandle or Inside Passage,261146,41203,Alaska,squad_extractive
1278,Which forest is the largest national forest in the US?,Tongass National Forest,261437,41252,Alaska,squad_extractive
1279,Which area contains the Prudhoe Bay Oil Field?,The North Slope,261844,41312,Alaska,squad_extractive
1280,What resource is the North Slope known for?,massive reserves of crude oil,261933,41328,Alaska,squad_extractive
1281,What is the northernmost city in the US?,Barrow,262051,41346,Alaska,squad_extractive
1282,How much tidal shoreline does Alaska have in miles?,"nearly 34,000 miles",262421,41406,Alaska,squad_extractive
1283,On which island is Mount Shishaldin located?,Unimak Island,262633,41440,Alaska,squad_extractive
1284,How high does Mount Shishaldin rise above sea level?,"10,000 feet (3,048 m)",262748,41458,Alaska,squad_extractive
1285,What is most impressive about Mount Shishaldin in comparison to Mount Fuji?,most perfect volcanic cone on Earth,262805,41469,Alaska,squad_extractive
1286,What do geoligists believe is unique about Wrangellia?,actively undergoing continent building,263131,41520,Alaska,squad_extractive
1287,What percentage of Alaska is maintained by the US federal government?,65%,263270,41539,Alaska,squad_extractive
1288,What types of areas are managed by the federal government as public lands?,"national forests, national parks, and national wildlife refuges",263378,41558,Alaska,squad_extractive
1289,How many acres is the Bureau of Land Management in charge of?,87 million,263491,41574,Alaska,squad_extractive
1290,How much of the state is controlled by the Bureau of Land Management?,23.8%,263534,41581,Alaska,squad_extractive
1291,What is the world's largest wildlife refuge?,The Arctic National Wildlife Refuge,263554,41585,Alaska,squad_extractive
1292,How many acres of its land does the state of Alaska own?,101 million acres,263798,41624,Alaska,squad_extractive
1293,How much land is the state of Alaska provided by the Alaska Statehood Act?,101 million acres (41 million hectares),263798,41624,Alaska,squad_extractive
1294,Why aren't homestead and subdivision areas more popular?,remote and roadless locations,264170,41678,Alaska,squad_extractive
1295,Which group claims it is Alaska's largest private land owner?,"Doyon, Limited",264531,41731,Alaska,squad_extractive
1296,Was a law enacted in 1991 allowing corporations to sell land holdings or was it repealed?,repealed before they could take effect,264768,41767,Alaska,squad_extractive
1297,What privelege do private Alaskan corporations have that its public citizens do not?,hold title (including subsurface title in many cases,264838,41776,Alaska,squad_extractive
1298,Southern Alaska has what two Koppen climate classifications?,mid-latitude oceanic climate (Köppen climate classification: Cfb) in the southern sections and a subarctic oceanic climate (Köppen Cfc) in the northern parts,265077,41815,Alaska,squad_extractive
1299,How much precipitation does Juno receive each year?,over 50 in,265412,41865,Alaska,squad_extractive
1300,How much precipitation does Ketchikan receive each year?,over 150 in (380 cm),265480,41877,Alaska,squad_extractive
1301,What two bodies of water influene the climate in Western Alaska?,Bering Sea and the Gulf of Alaska,265697,41916,Alaska,squad_extractive
1302,Is precipitation varied or uniform in Western Alaska?,tremendous amount of variety,265928,41955,Alaska,squad_extractive
1303,Which area of Western Alaska is techincally a desert?,the region around Kotzebue Sound,266075,41979,Alaska,squad_extractive
1304,How much precipitation does the desert area of Western Alaska receive?,less than 10 in (25 cm) of precipitation annually,266158,41991,Alaska,squad_extractive
1305,Which Alaskan indigenous group is now well-known for their art?,the Haida,266811,42094,Alaska,squad_extractive
1306,In what year did the Tsimshian people arrive in Alaska?,1887,266921,42113,Alaska,squad_extractive
1307,Which President allowed Tsimshian settlers to inhabit Annette Island?,Grover Cleveland,266942,42116,Alaska,squad_extractive
1308,What epidemic resulted in numerous deaths between the 1830s and 1860s?,smallpox,267183,42154,Alaska,squad_extractive
1309,Which indigenous group is controversially known for hunting caribou on protected land?,The Gwich'in people of the northern Interior region,267665,42229,Alaska,squad_extractive
1310,The Inuplat population inhabit what areas?,The North Slope and Little Diomede Island,267853,42256,Alaska,squad_extractive
1311,Whose expedidion potentially landed in Alaska during a storm and founded a settlement in 1648?,Semyon Dezhnyov,268105,42295,Alaska,squad_extractive
1312,During which years did Nikolai Durkin visit Alaska?,1764–1765,268301,42325,Alaska,squad_extractive
1313,Whom did Nikolai Durkin say lived in a village on the Kheuveren River?,"""bearded men"" who ""pray to the icons""",268382,42339,Alaska,squad_extractive
1314,What event brought thousands of people to Alaska in the 1890s to early 1910s?,gold rushes,268556,42367,Alaska,squad_extractive
1315,In what year was Alaska's capital officially changed to Juneau?,1906,268779,42402,Alaska,squad_extractive
1316,From what countries were European settlers in Alaska?,Norway and Sweden,268905,42421,Alaska,squad_extractive
1317,Which industries did European settlers in Alaska begin?,fishing and logging,268980,42433,Alaska,squad_extractive
1318,What cause did James Wickersham focus on in his early Congressional tenure?,Statehood for Alaska,269013,42437,Alaska,squad_extractive
1319,In what year did Alaskan Statehood gain momentum following a territorial referendum?,1946,269233,42470,Alaska,squad_extractive
1320,From which areas did Alaskan supporters face political challenges?,mostly in the U.S. Congress but also within Alaska,269418,42493,Alaska,squad_extractive
1321,On what day was Alaskan Statehood finally approved by Congress?,"July 7, 1958",269508,42508,Alaska,squad_extractive
1322,On what day was Alaska officially named a state?,"January 3, 1959",269566,42518,Alaska,squad_extractive
1323,"What major event happened in Alaska on March 27, 1964 killing 133 people?",Good Friday earthquake,269615,42527,Alaska,squad_extractive
1324,Did the earthquake or resulting tsunamis and landslides do the most damage to Alaskan communities?,resultant tsunamis and landslides,269744,42546,Alaska,squad_extractive
1325,How did the Good Friday earthquake compare to other documented earthquakes in the world?,second-most-powerful earthquake in the recorded history of the world,269790,42553,Alaska,squad_extractive
1326,How did the Good Friday earthquake compare to the 1989 San Francisco earthquake?,over one thousand times more powerful,269899,42570,Alaska,squad_extractive
1327,Which factors concerning the Good Friday earthquake do some believe caused a higher survival rate?,"The time of day (5:36 pm), time of year and location of the epicenter",269977,42582,Alaska,squad_extractive
1328,"At least how many native Alaskan languages exist, according to the Alaska Native Language Center?",at least 20,270228,42623,Alaska,squad_extractive
1329,What are the two main native Alaskan language families?,Eskimo–Aleut or Na-Dene,270385,42648,Alaska,squad_extractive
1330,How many of Alaska's native languages are in danger of becoing dormant or extinct languages according to a 2014 study?,nearly all,270561,42674,Alaska,squad_extractive
1331,"According to the Association of Religion Data in 2010, what percentage of Alaskans are members of a relgious congregation?",34%,270794,42706,Alaska,squad_extractive
1332,Which religion is most prevalent in Alaska?,Evangelical Protestants,270888,42719,Alaska,squad_extractive
1333,Which other nearby states are also considered to be less religious than others?,Washington and Oregon,271442,42797,Alaska,squad_extractive
1334,How does Alaska compare with other states in church membership?,least religious states of the USA,271478,42803,Alaska,squad_extractive
1335,Which church was established in Kodiak in 1795?,First Russian Orthodox Church,271558,42817,Alaska,squad_extractive
1336,What was one way in which Russian immigrants integrated into Alaskan society?,Intermarriage with Alaskan Natives,271615,42825,Alaska,squad_extractive
1337,Alaska has the largest population of what religious lifestyle of any state?,Quaker population,271839,42856,Alaska,squad_extractive
1338,What religious tradition may be a problem for Alaskan Jews?,observance of halakha,271937,42873,Alaska,squad_extractive
1339,What was the per capita personal income in Alaska in 2007?,"$40,042",272229,42918,Alaska,squad_extractive
1340,How does Alaska's per capita personal income rank against other states?,15th in the nation,272246,42920,Alaska,squad_extractive
1341,How much of Alaskan state revenue comes from petroleum extraction?,80%,272514,42964,Alaska,squad_extractive
1342,"Beyond petroleum, what is Alaska's largest export?","seafood, primarily salmon, cod, Pollock and crab",272641,42983,Alaska,squad_extractive
1343,In which Alaskan areas are military bases prevalent as an important part of the local economy?,"Fairbanks North Star, Anchorage and Kodiak Island boroughs, as well as Kodiak",272877,43016,Alaska,squad_extractive
1344,What program allows Alaska to keep low taxes?,Federal subsidies,272956,43028,Alaska,squad_extractive
1345,What are some of Alaska's industrial products?,"crude petroleum, natural gas, coal, gold, precious metals, zinc and other mining, seafood processing, timber and wood products",273082,43049,Alaska,squad_extractive
1346,"How, specifically, have tourists helped the local economy in Alaska?",supporting local lodging,273306,43083,Alaska,squad_extractive
1347,What other states rank higher than Alaska in crude oil production?,"Texas, North Dakota, and California",273665,43140,Alaska,squad_extractive
1348,How many barrels of oil does Prudhoe Bay produce per day?,"400,000",273833,43165,Alaska,squad_extractive
1349,Prudhoe Bay is second place in production to what other oil field in the US?,North Dakota's Bakken Formation,273895,43175,Alaska,squad_extractive
1350,How much oil can the Trans-Alaska Pipeline transport per day?,up to 2.1 million barrels,274353,43245,Alaska,squad_extractive
1351,"How much recoverable gas is still undiscovered in Alaska, according to the US Geological Survey?",85.4 trillion cubic feet,274651,43291,Alaska,squad_extractive
1352,Alaska's coastline also has potential in which two environmentally friendly energy types?,wind and geothermal energy,274941,43335,Alaska,squad_extractive
1353,What does Alaska's economy heavily rely on?,diesel fuel,275047,43349,Alaska,squad_extractive
1354,What purpose does diesel fuel have in Alaska?,"heating, transportation, electric power and light",275063,43352,Alaska,squad_extractive
1355,Why were alternative energy sources judged uneconomical in 2001?,"low (less than 50¢/gal) fuel prices, long distances and low population",275336,43390,Alaska,squad_extractive
1356,"How much does gas cost in Alaska, in comparison to the national average?",30–60¢ higher,275469,43414,Alaska,squad_extractive
1357,"What are some reasons why gas prices may vary in Alaska, especially?","transportation costs, seasonal usage peaks, nearby petroleum development infrastructure",275596,43433,Alaska,squad_extractive
1358,What is the Alaska Permanent Fund?,constitutionally authorized appropriation of oil revenues,275740,43452,Alaska,squad_extractive
1359,In what year was the Alaska Permanent Fund established?,1976,275824,43462,Alaska,squad_extractive
1360,Why was the Alaska Permament Fund established?,to manage a surplus in state petroleum revenues from oil,275829,43463,Alaska,squad_extractive
1361,Who originally proposed the Alaska Permanent Fund?,Governor Keith Miller,276005,43489,Alaska,squad_extractive
1362,Why did Governor Keith Miller propose the Alaska Permanent Fund before the Prudhoe Bay sale?,fear that the legislature would spend the entire proceeds of the sale (which amounted to $900 million) at once,276081,43504,Alaska,squad_extractive
1363,Was Alaska's Constitution written to encourage or discourage state funds being used for a particular purpose?,discourage,276469,43566,Alaska,squad_extractive
1364,Why is the Permanent Fund an exception to the premise of the Alaskan Constitution?,political climate of distrust existing during the time of its creation,276605,43588,Alaska,squad_extractive
1365,How much was the initial principal of the Permanent Fund?,"$734,000",276707,43604,Alaska,squad_extractive
1366,How high has the principal of the Permanent Fund grown?,$50 billion,276739,43610,Alaska,squad_extractive
1367,Where is the principal of the Permanent Fund invested?,outside Alaska,276870,43631,Alaska,squad_extractive
1368,How much was the initial disembursement from the Permanent Fund?,"$1,000",277170,43680,Alaska,squad_extractive
1369,How long must an Alaskan have lived in the state in order to receive a Permanent Fund Dividend?,minimum of 12 months,277644,43760,Alaska,squad_extractive
1370,Which area did Hammond develeop during his second term?,Delta Junction area,277971,43806,Alaska,squad_extractive
1371,Which crops are produced in the Delta-area?,barley and hay,278327,43862,Alaska,squad_extractive
1372,Small farms west of Fairbanks cater to whom?,"restaurants, the hotel and tourist industry, and community-supported agriculture",278415,43876,Alaska,squad_extractive
1373,What causes food in Alaskan cities to be relatively expensive?,shipping costs,278568,43897,Alaska,squad_extractive
1374,How high can the cost of transport be in some remote areas?,50¢ per pound ($1.10/kg),279059,43973,Alaska,squad_extractive
1375,How much does it cost to transport a gallon of milk in some rural areas of Alaska?,$3.50,279304,44017,Alaska,squad_extractive
1376,Which state in the US is the only to have higher fuel prices than Alaska?,Hawaii,279477,44046,Alaska,squad_extractive
1377,Why is there a debate about moving the capital of Alaska to another town?,"Juneau, is not accessible by road",279776,44095,Alaska,squad_extractive
1378,Which part of Alaska has no road system connecting it to other areas?,western part,279982,44132,Alaska,squad_extractive
1379,What year was the Alaska Railroad built?,around 1915,280083,44149,Alaska,squad_extractive
1380,Which development in 1915 played a key role in developing Alaska?,Alaska Railroad (ARR),280100,44152,Alaska,squad_extractive
1381,"To what does ""The Railbelt"" refer?",region served by ARR tracks,280512,44214,Alaska,squad_extractive
1382,The ARR was one of the last railroads in the US to use what?,cabooses,280775,44256,Alaska,squad_extractive
1383,When are cabooses still used occasionally?,some gravel trains,280826,44265,Alaska,squad_extractive
1384,What is the name of Alaska's ferry system?,the Alaska Marine Highway,281314,44348,Alaska,squad_extractive
1385,Which areas does the Alaska Marine Highway serve?,"southeast, the Gulf Coast and the Alaska Peninsula",281362,44356,Alaska,squad_extractive
1386,Which other Ferry group works alongside the Alaska Marine Highway to coordinate travel?,The Inter-Island Ferry Authority,281622,44395,Alaska,squad_extractive
1387,Which two cities are served by major airlines?,"Anchorage and, to a lesser extent Fairbanks",282007,44456,Alaska,squad_extractive
1388,What is the most efficient means of transportation into and out of Alaska?,air travel,282121,44474,Alaska,squad_extractive
1389,How many visitors came to Alaska between 2012-2013?,almost 2 million,282395,44513,Alaska,squad_extractive
1390,Which service allows government to subsidise regular air travel in Alaska?,Essential Air Service program,282610,44546,Alaska,squad_extractive
1391,Which airline offers in-state travel with jet-service?,Alaska Airlines,282641,44550,Alaska,squad_extractive
1392,What are some Alaskan regional hubs?,"Bethel, Nome, Kotzebue, Dillingham, Kodiak",282839,44579,Alaska,squad_extractive
1393,What are the names of a few regional Alaskan airlines?,"Ravn Alaska, PenAir, and Frontier Flying Service",283078,44613,Alaska,squad_extractive
1394,What model is the most popular aicraft in Alaska?,Cessna Caravan,283261,44641,Alaska,squad_extractive
1395,How much of the subsidized bulk mail delivery program goes to carriers who offer passenger service?,70%,283484,44677,Alaska,squad_extractive
1396,Which plane is considered quintessentially Alaskan?,bush seaplane,283759,44719,Alaska,squad_extractive
1397,Where is the busiest seaplane base in the world?,Lake Hood,283811,44727,Alaska,squad_extractive
1398,Lake Hood is located next to what International Airport?,Ted Stevens Anchorage International Airport,283838,44732,Alaska,squad_extractive
1399,Which Alaskan way of transport is more for sport than for transportation?,dogsled,284140,44778,Alaska,squad_extractive
1400,Which dog-sled race in Alaska is the most famous?,Iditarod Trail Sled Dog Race,284346,44816,Alaska,squad_extractive
1401,What does the Iditarod Trail Sled Dog Race commemorate in Alaskan history?,the famous 1925 serum run to Nome,284558,44852,Alaska,squad_extractive
1402,Why were sled-dogs used to deliver medicine to Nome in 1925?,all other means of transportation had failed,284714,44878,Alaska,squad_extractive
1403,Which dogsled race most accurately follows the route of the 1925 serum run?,"""Serum Run""",284868,44904,Alaska,squad_extractive
1404,Which two companies provide internet and data transport to Alaska?,GCI and Alaska Communications,285166,44949,Alaska,squad_extractive
1405,Which company owns and operates the Alaska United Fiber Optic System?,GCI,285197,44953,Alaska,squad_extractive
1406,How much money did the federal government contribute via stimulus to the connectvitiy between Asia and Alaska?,$350 million,285534,45015,Alaska,squad_extractive
1407,How does Alaska finance its state government operations?,petroleum revenues and federal subsidies,285657,45032,Alaska,squad_extractive
1408,Which political party does Alaska generally support?,Republicans,286178,45119,Alaska,squad_extractive
1409,Which candidate was the only Democrat to win Alaska in a landslide election in 1964?,Lyndon B. Johnson,286479,45165,Alaska,squad_extractive
1410,Which Democratic candidate was the first to win 40% of the vote in Alaska since 1964?,Barack Obama,286706,45200,Alaska,squad_extractive
1411,The areas surrounding which university has been historically a Democratic stronghold?,University of Alaska Fairbanks,287093,45266,Alaska,squad_extractive
1412,Which areas of Alaska have the highest Republican concentrations?,"The Matanuska-Susitna Borough, the majority of Fairbanks (including North Pole and the military base), and South Anchorage",287188,45280,Alaska,squad_extractive
1413,"As of 2004, how many Alaskan residents refuse to select a political party?",well over half,287380,45306,Alaska,squad_extractive
1414,What is the function of an Alaskan recording district?,a mechanism for administration of the public record in Alaska,287807,45370,Alaska,squad_extractive
1415,Which documents do recording districts universally use between areas?,"acceptance criteria, fee schedule, etc.",288013,45402,Alaska,squad_extractive
1416,"How many incorporated cities and CDPs does Alaska have, according to the 2010 Census?",355,288172,45427,Alaska,squad_extractive
1417,What are CDPs?,census-designated places,288200,45431,Alaska,squad_extractive
1418,In what area are the majority of cities and CDPS located in Alaska?,"""The Bush""",288435,45464,Alaska,squad_extractive
1419,Are the majority of CDPs connected or disconnected from the North American road network?,unconnected,288454,45468,Alaska,squad_extractive
1420,"In 2010, what percent of Alaska's population did not live in a city or CDP?",2.88%,288716,45508,Alaska,squad_extractive
1421,What four areas have not been established as CDPs by the Census Bureau?,"Ketchikan, Kodiak, Palmer and Wasilla",288946,45544,Alaska,squad_extractive
1422,Which seven CDPs were incorporated as part of the 1980 Census?,"Clover Pass, Herring Cove, Ketchikan East, Mountain Point, North Tongass Highway, Pennock Island and Saxman East",289165,45578,Alaska,squad_extractive
1423,In what year did Alaskan State Troopers become an official organization?,1941,289602,45642,Alaska,squad_extractive
1424,"What is different about a ""Public Safety Officer"" that distiguishes the position from a policeman?",have police training but do not carry firearms,289822,45676,Alaska,squad_extractive
1425,What do wildlife enforcers regulate?,hunting and fishing regulations,290024,45709,Alaska,squad_extractive
1426,What type of vehicles do Troopers operate?,"a wide variety of land, air, and water patrol vehicles",290135,45727,Alaska,squad_extractive
1427,What are a few of Alaska's noteworthy music festivals?,"Alaska Folk Festival, the Fairbanks Summer Arts Festival, the Anchorage Folk Festival",290260,45747,Alaska,squad_extractive
1428,What is Alaska's most prominent orchestra?,Anchorage Symphony Orchestra,290498,45782,Alaska,squad_extractive
1429,Which company is Alaska's only professional opera?,The Anchorage Opera,290606,45796,Alaska,squad_extractive
1430,Which Alaskan native starred in a film also set in Alaska?,Ray Mala,290889,45837,Alaska,squad_extractive
1431,Where did actors on the set of The Magnificent live during their stay in Alaska?,"""Camp Hollywood""",291073,45871,Alaska,squad_extractive
1432,Which chef was hired to prepare meals for the actors in The Magnificent?,from the Hotel Roosevelt in Hollywood,291263,45905,Alaska,squad_extractive
1433,When was the Royal College of Chemistry established?,1845,291399,45926,Imperial_College_London,squad_extractive
1434,When was the Royal College of Chemistry established?,1845,291399,45926,Imperial_College_London,squad_extractive
1435,What was not well taught that led to the founding of the Royal College of Chemistry?,practical aspects of the experimental sciences,291442,45934,Imperial_College_London,squad_extractive
1436,Why was the Royal College of Chemistry founded?,in the United Kingdom the teaching of chemistry in particular had fallen behind that in Germany,291519,45946,Imperial_College_London,squad_extractive
1437,Which politicians donated funds to establish the Royal College of Chemistry?,"Benjamin Disraeli, William Gladstone and Robert Peel",291732,45981,Imperial_College_London,squad_extractive
1438,Who was the first professor of the Royal College of Chemistry?,August Wilhelm von Hofmann,291840,45997,Imperial_College_London,squad_extractive
1439,Who was the first professor of the college?,August Wilhelm von Hofmann,291840,45997,Imperial_College_London,squad_extractive
1440,Which college was founded in 1876?,City and Guilds College,291895,46006,Imperial_College_London,squad_extractive
1441,When was the City and Guilds College founded?,1876,291934,46013,Imperial_College_London,squad_extractive
1442,What does CGLI stand for?,Advancement of Technical Education,292009,46028,Imperial_College_London,squad_extractive
1443,What was the aim of the City and Guilds College when it was founded?,"improve the training of craftsmen, technicians, technologists, and engineers",292067,46036,Imperial_College_London,squad_extractive
1444,What were the main objectives of establishing the City and Guilds College?,to create a Central Institution in London and to conduct a system of qualifying examinations in technical subjects,292174,46050,Imperial_College_London,squad_extractive
1445,"Other than conducting a system of qualifying examinations, what was the other main objective of the meeting of CGLI?",to create a Central Institution in London,292174,46050,Imperial_College_London,squad_extractive
1446,How large was the land (in acres) that the institution was founded on?,eighty-seven,292540,46108,Imperial_College_London,squad_extractive
1447,How much did the 1851 Exhibition Commissioners pay for the land that became the City and Guilds College?,"GBP 342,500",292645,46123,Imperial_College_London,squad_extractive
1448,What was the former name of the City and Guilds College?,CGLI Central Technical College,292826,46152,Imperial_College_London,squad_extractive
1449,When did Imperial announce their science park program at the Wye Campus?,December 2005,292965,46174,Imperial_College_London,squad_extractive
1450,Where was Imperial planning on launching their science park program?,the Wye campus,293027,46183,Imperial_College_London,squad_extractive
1451,Where was Imperial's science park programme located?,Wye campus,293031,46184,Imperial_College_London,squad_extractive
1452,When did Imperial abandon their science park program?,September 2006,293098,46194,Imperial_College_London,squad_extractive
1453,When was the science park programme abandoned?,September 2006,293098,46194,Imperial_College_London,squad_extractive
1454,How much money could the science park programme have raised for the college?,£110m,293265,46220,Imperial_College_London,squad_extractive
1455,Who did not know about the potential revenue that the programme could have raised initially?,the public,293368,46237,Imperial_College_London,squad_extractive
1456,What was closed on September 2009?,Wye College campus,293777,46298,Imperial_College_London,squad_extractive
1457,When was the Wye College campus closed?,September 2009,293818,46305,Imperial_College_London,squad_extractive
1458,What is the term that represents a unit trust vehicle that allows endowments to be invested to produce returns for the lon term?,Unitised Scheme,293910,46317,Imperial_College_London,squad_extractive
1459,"What is a ""Unitised Scheme""?","a unit trust vehicle for College, Faculties and Departments to invest endowments and unfettered income to produce returns for the long term",293928,46320,Imperial_College_London,squad_extractive
1460,The 120 operational and developmental properties within the college that are not core to the academic mission belong to which portfolio?,Non-Core Property,294074,46343,Imperial_College_London,squad_extractive
1461,The College's restricted equity holdings would be considered a part of which portion of the portfolio?,Strategic Asset Investments,294246,46368,Imperial_College_London,squad_extractive
1462,How much did the market value of the college's endowment increase between 2014 and 2015?,£78 million,294444,46395,Imperial_College_London,squad_extractive
1463,How much did the market value of the endowment increase by during the year 2014/2015?,£78 million,294444,46395,Imperial_College_London,squad_extractive
1464,How many percent did the college's endowment market value increase from 2014 to 2015?,18%,294457,46398,Imperial_College_London,squad_extractive
1465,"What was the market value of the endowment the college received on July 31, 2015?",£512.4 million,294465,46399,Imperial_College_London,squad_extractive
1466,How many staff members did Imperial submit assessments of for the REF assessment?,"1,257",294528,46410,Imperial_College_London,squad_extractive
1467,How many staff members did Imperial claim to have in 2014?,"1,257",294528,46410,Imperial_College_London,squad_extractive
1468,What does REF stand for?,Research Excellence Framework,294582,46420,Imperial_College_London,squad_extractive
1469,What was the percentage of Imperials research that was seemed to be 3*?,44%,294708,46438,Imperial_College_London,squad_extractive
1470,What did the REF give Imperial as an overall GPA?,3.36,294767,46453,Imperial_College_London,squad_extractive
1471,When was Professor Stefan Grimm found dead?,September 2014,295004,46493,Imperial_College_London,squad_extractive
1472,Which Professor was found dead in September 2014?,Professor Stefan Grimm,295020,46495,Imperial_College_London,squad_extractive
1473,To which department did the professor who passed in September 2014 belong?,Department of Medicine,295051,46500,Imperial_College_London,squad_extractive
1474,What was the dead professor threatened with before his death?,dismissal,295118,46510,Imperial_College_London,squad_extractive
1475,When did Imperial College make its first public announcement of Stefan Grimm's death?,4 December 2014,295232,46529,Imperial_College_London,squad_extractive
1476,What did Professor Grimm's last email accuse Imperial College of before his death?,bullying,295293,46539,Imperial_College_London,squad_extractive
1477,How much did the Grimm claim his employers said he should raise in grant money per year?,"£200,000",295356,46550,Imperial_College_London,squad_extractive
1478,How many times was Professor Stefan Grimm's email viewed in the first four days after it was posted online?,"more than 100,000",295401,46558,Imperial_College_London,squad_extractive
1479,How many views did Grimm's last email get in the first four days after it was posted?,"more than 100,000",295401,46558,Imperial_College_London,squad_extractive
1480,What did Imperial College announce it would do after Professor Grimm's death?,internal inquiry,295498,46576,Imperial_College_London,squad_extractive
1481,Which day was the Imperial College Boat Club formed on?,12 December 1919,295663,46603,Imperial_College_London,squad_extractive
1482,What was the name of the coach of the Gold medal winning GB8+?,Martin McElroy,295866,46637,Imperial_College_London,squad_extractive
1483,Which event has the Boat Club been highly successful at?,Henley Royal Regatta,295937,46649,Imperial_College_London,squad_extractive
1484,Which event did the Boat Club claim victory in for 2013?,The Prince Albert Challenge Cup event,296006,46660,Imperial_College_London,squad_extractive
1485,What school was established in 1851?,The Royal School of Mines,296186,46691,Imperial_College_London,squad_extractive
1486,Who established the Royal School of Mines?,Sir Henry de la Beche,296231,46699,Imperial_College_London,squad_extractive
1487,"A collection of miners, maps and mining equipment all belonged to what entity?",the Museum of Economic Geology,296278,46708,Imperial_College_London,squad_extractive
1488,Who granted Imperial degree-awarding powers?,Privy Council,296912,46814,Imperial_College_London,squad_extractive
1489,What is the old name of the Imperial College Business School?,Tanaka Business School,297069,46840,Imperial_College_London,squad_extractive
1490,The Faculties of Life Sciences and Physical Sciences merged in 2005 to become which faculty?,Faculty of Natural Sciences,297409,46895,Imperial_College_London,squad_extractive
1491,What is the area inside of South Kensington where Imperial is located known as?,Albertopolis,297577,46923,Imperial_College_London,squad_extractive
1492,In which decade did the expansion of the South Kensington campus being?,1950s,298064,46997,Imperial_College_London,squad_extractive
1493,Who designed the Imperial Institue that was a victim of Imperial's expansion in the 1950s & 1960s?,Thomas Collcutt,298142,47010,Imperial_College_London,squad_extractive
1494,Which landmark still remains from the Imperial Institue after Imperial's expansion?,Queen's Tower,298198,47021,Imperial_College_London,squad_extractive
1495,Which centre provides electives outside of science for students?,Centre For Co-Curricular Studies,298258,47030,Imperial_College_London,squad_extractive
1496,Which unit is a part of the Co-Curricular Studies that offers master's degrees?,Science Communication Unit,298891,47126,Imperial_College_London,squad_extractive
1497,Scientists seeking a master's degree might be interested in which other degree besides Science Communication from the Science Communication Unit?,Science Media Production,298977,47137,Imperial_College_London,squad_extractive
1498,What statistic did the average Imperial graduate rank the highest in for 2014?,average starting salary,299081,47153,Imperial_College_London,squad_extractive
1499,Who ranked different graduates according to their average starting salary after graduation in the UK?,Sunday Times,299209,47174,Imperial_College_London,squad_extractive
1500,Which type of graduate from Imperial earned the second highest average starting salary after graduation?,Computing graduates,299229,47177,Imperial_College_London,squad_extractive
1501,Which prestigious newspaper ranked Imperial College as one of the top 10 most welcomed universities by job markets?,New York Times,299393,47202,Imperial_College_London,squad_extractive
1502,What is STOIC's modern name?,Imperial College TV,299785,47269,Imperial_College_London,squad_extractive
1503,What does the abbreviation STOIC stand for?,Student Television of Imperial College,299827,47276,Imperial_College_London,squad_extractive
1504,Where was a cable link located that connected the Southside Halls of residence?,Exhibition Road,300304,47357,Imperial_College_London,squad_extractive
1505,When was the station renamed to it's modern name?,start of the 2014/15 academic year,300581,47402,Imperial_College_London,squad_extractive
1506,Which famous author is considered an alumni for Imperial?,H. G. Wells,300647,47411,Imperial_College_London,squad_extractive
1507,Which famous automobile designer is considered a non - academic alumni?,Nicholas Tombazis,300696,47419,Imperial_College_London,squad_extractive
1508,Which airline's CEO can be called a non - academic alumni of Imperial?,Singapore Airlines,300784,47434,Imperial_College_London,squad_extractive
1509,Which incredibly prestigious position did Huw Thomas hold?,Head Physician to the Queen,301011,47468,Imperial_College_London,squad_extractive
1510,Which hedge fund manager with a networth of over a billion is considered an alumni?,Alan Howard,301164,47490,Imperial_College_London,squad_extractive
1511,Which society organized The Great Exhibition?,"Royal Society for the Encouragement of Arts, Manufactures and Commerce",301283,47509,Imperial_College_London,squad_extractive
1512,How much of a surplus did The Great Ehibition raise?,"£186,000",301394,47526,Imperial_College_London,squad_extractive
1513,What was Prince Albert's commitment?,to find practical solutions to today's social challenges,301650,47567,Imperial_College_London,squad_extractive
1514,Who proposed a merger of many colleges in 1907?,Board of Education,302236,47652,Imperial_College_London,squad_extractive
1515,What was the reasoning behind the proposal to merge many colleges?,greater capacity for higher technical education was needed,302266,47657,Imperial_College_London,squad_extractive
1516,"When the merger was passed, what constituent college was created?",The Imperial College of Science and Technology,302471,47691,Imperial_College_London,squad_extractive
1517,Who did the constituent college belong to?,University of London,302550,47704,Imperial_College_London,squad_extractive
1518,"Which document, granted by Edward VII, was officially signed on the 8th of July 1907?",Imperial's Royal Charter,302572,47707,Imperial_College_London,squad_extractive
1519,What was Imperial's net income for the financial year that ended on 31 July 2013?,£822.0 million,302857,47754,Imperial_College_London,squad_extractive
1520,What was Imperial's total expenditure for the financial year that ended on the 31 July 2013?,£754.9 million,302924,47764,Imperial_College_London,squad_extractive
1521,How much income was generated from research grants and contracts for 2013?,£329.5 million,302998,47775,Imperial_College_London,squad_extractive
1522,Who granted Imperial close to 170 million pounds in grants?,Funding Council,303177,47801,Imperial_College_London,squad_extractive
1523,What was Imperial's capital expenditure for the 2012/2013 financial year?,£124 million,303380,47831,Imperial_College_London,squad_extractive
1524,Which school resulted from Imperial's merger with St Mary's?,"The Imperial College of Science, Technology and Medicine",303493,47848,Imperial_College_London,squad_extractive
1525,Who did Imperial partner with to launch the Imperial College Press?,World Scientific,303656,47871,Imperial_College_London,squad_extractive
1526,What is the name of the building that was opened by Queen Elizabeth II?,Sir Alexander Fleming Building,304217,47959,Imperial_College_London,squad_extractive
1527,Which group assessed Imperial's staff members to determine their standing in relation to the rest of the world?,Research Assessment Exercise,304368,47982,Imperial_College_London,squad_extractive
1528,What percentage of Imperial's staff was classified as world leading in 2008?,26%,304406,47986,Imperial_College_London,squad_extractive
1529,What percentage of Imperial's staff was deemed to be internationally excellent in 2008?,47%,304480,47999,Imperial_College_London,squad_extractive
1530,What was formed on the 1st October 2007?,Imperial College Healthcare NHS Trust,304870,48049,Imperial_College_London,squad_extractive
1531,What is it considered to be?,an academic health science centre,305203,48100,Imperial_College_London,squad_extractive
1532,What is the annual turnover for the trust?,£800 million,305472,48141,Imperial_College_London,squad_extractive
1533,How many patients a year does the trust treat?,more than a million,305495,48144,Imperial_College_London,squad_extractive
1534,What portion of females reported that they were held back by managers?,one third,305580,48158,Imperial_College_London,squad_extractive
1535,In which faculty were the methods used to fire people being questioned?,Faculty of Medicine,305968,48220,Imperial_College_London,squad_extractive
1536,Who is the new President for Imperial College?,Alice Gast,306024,48228,Imperial_College_London,squad_extractive
1537,What is the official name of the student's union?,Imperial College Union,306126,48245,Imperial_College_London,squad_extractive
1538,How long is the tenure for an officer to run the union?,one year,306282,48270,Imperial_College_London,squad_extractive
1539,"How many clubs, projects and societies is the union responsible for managing?",around 300,306431,48297,Imperial_College_London,squad_extractive
1540,What kind of programmes do students work on for Project Nepal?,educational development,306588,48321,Imperial_College_London,squad_extractive
1541,What kind of University is Imperial College London?,public research university,306858,48361,Imperial_College_London,squad_extractive
1542,Who opened the Imperial Institute in 1907?,Queen Victoria,307152,48406,Imperial_College_London,squad_extractive
1543,Which document allowed the Imperial College London to be formed?,Royal Charter,307241,48421,Imperial_College_London,squad_extractive
1544,What was the focus of the Imperial College London?,science and technology,307314,48434,Imperial_College_London,squad_extractive
1545,Who discovered the first synthetic dye?,William Henry Perkin,307618,48478,Imperial_College_London,squad_extractive
1546,What did the scientist who discovered the dye do after discovering it?,resigned his position,307696,48491,Imperial_College_London,squad_extractive
1547,What is the name of the first synthetic dye discovered?,mauveine,307761,48500,Imperial_College_London,squad_extractive
1548,The discovery of the synthetic dye is claimed by some histories to have sparked what event?,second chemical revolution,308008,48540,Imperial_College_London,squad_extractive
1549,Which award is named after the discoverer of the dye?,Perkin Medal,308080,48551,Imperial_College_London,squad_extractive
1550,What site did Imperial acquire in 1947?,Silwood Park,308387,48596,Imperial_College_London,squad_extractive
1551,What was the name of Imperial's student newspaper?,Felix,308525,48621,Imperial_College_London,squad_extractive
1552,Who donated the large sum of money to help aid the establishement of the Biochemistry Department?,Wolfson Foundation,308841,48672,Imperial_College_London,squad_extractive
1553,How much money was donated for a new Biochemistry Department?,"£350,000",308868,48675,Imperial_College_London,squad_extractive
1554,Imperial formed a relationship with which other entity in 1963?,Indian Institute of Technology Delhi,308998,48692,Imperial_College_London,squad_extractive
1555,What is a nation which can exert its influence on a global scale called?,A great power,309083,48703,Great_power,squad_extractive
1556,What two dominant traits do great powers usually possess?,military and economic strength,309255,48731,Great_power,squad_extractive
1557,What do great powers usually have?,"military and economic strength, as well as diplomatic and soft power influence",309255,48731,Great_power,squad_extractive
1558,What two lesser traits do great powers usually possess?,diplomatic and soft power influence,309298,48738,Great_power,squad_extractive
1559,What 3 factors have international relations theorists considered factors for great power status?,"power capabilities, spatial aspects, and status dimensions",309546,48775,Great_power,squad_extractive
1560,"China, France, Russia, the United Kingdom, and the United States serve as what body's five permanent members?",United Nations Security Council,309754,48806,Great_power,squad_extractive
1561,What are the permanent members of UN Security Council?,"China, France, Russia, the United Kingdom and the United States",309787,48811,Great_power,squad_extractive
1562,"Canada, France, Germany, Italy, Japan, the United Kingdom, and the United States are part of what international forum?",the G7,309988,48845,Great_power,squad_extractive
1563,What are the countries in the G7?,"Canada, France, Germany, Italy, Japan, the United Kingdom and the United States of America",310013,48850,Great_power,squad_extractive
1564,Which treaty made the distinction of small powers and great powers a formal affair?,Treaty of Chaumont,310455,48920,Great_power,squad_extractive
1565,What was the formalization of the division of small powers and great powers?,Treaty of Chaumont,310455,48920,Great_power,squad_extractive
1566,During which two wars has the balance of power shifted the most dramatically?,World War I and World War II,310583,48939,Great_power,squad_extractive
1567,During what 2 wars was the balance of power shift most dramatic?,World War I and World War II,310583,48939,Great_power,squad_extractive
1568,"Who wrote, ""The test of a great power is the test of strength for war.""?",A. J. P. Taylor,310969,49004,Great_power,squad_extractive
1569,What one criteria was used in early times to judge a great power's status?,strength for war,311046,49022,Great_power,squad_extractive
1570,"Besides military, what two other capacities were used to describe great powers in later times?","economic, and political",311161,49040,Great_power,squad_extractive
1571,Who is the founder of the neorealist theory of international relations?,Kenneth Waltz,311195,49044,Great_power,squad_extractive
1572,Whos was the founder of the neorealist theory of international relations?,Kenneth Waltz,311195,49044,Great_power,squad_extractive
1573,What 5 criteria did neorealist use to determine great powers?,population and territory; resource endowment; economic capability; political stability and competence; and military strength,311329,49065,Great_power,squad_extractive
1574,What 3 areas can summarize the great power determination?,"power capabilities, spatial aspects, and status",311512,49088,Great_power,squad_extractive
1575,What do all states have?,"geographic scope of interests, actions, or projected power",311580,49098,Great_power,squad_extractive
1576,What three things do all states have in their geographic scope?,"interests, actions, or projected power",311600,49101,Great_power,squad_extractive
1577,What type of power is restricted to its region?,regional power,311704,49118,Great_power,squad_extractive
1578,What is the scope of a regional power restricted to?,its region,311781,49131,Great_power,squad_extractive
1579,What should a great power possess?,actual influence,311857,49145,Great_power,squad_extractive
1580,"Who stated that ""Great power may be defined as a political force exerting an effect co-extensive with the widest range of the society in which it operates. The Great powers of 1914 were 'world-powers""?",Arnold J. Toynbee,311935,49155,Great_power,squad_extractive
1581,What were the great powers of 1914 called?,world-powers,312152,49193,Great_power,squad_extractive
1582,What discussion should great powers be included on?,political and diplomatic questions of the day,312354,49219,Great_power,squad_extractive
1583,"Historically, when would great powers meet?",when major political questions were addressed,312471,49236,Great_power,squad_extractive
1584,What types of decisions would great powers reach?,"political resolution of various geographical and nationalist claims following a major conflict, or other contexts",312839,49292,Great_power,squad_extractive
1585,What position did Lord Castlereagh hold?,British Foreign Secretary,312977,49310,Great_power,squad_extractive
1586,When did Lord Castlereagh first use the term Great Powers?,"in a letter sent on February 13, 1814",313051,49321,Great_power,squad_extractive
1587,What did Castlereagh determine as the last resort of great power's influence?,if necessary the general arms against the Power that shall first attempt to disturb the Continental peace,313368,49374,Great_power,squad_extractive
1588,What 2 powers named in the 5 orignal great powers of the congress of vienna have maintained that status?,only France and the United Kingdom,313549,49403,Great_power,squad_extractive
1589,"Who stated that ""All politics reduces itself to this formula: try to be one of three, as long as the world is governed by the unstable equilibrium of five great powers.?""",Otto von Bismarck,314073,49489,Great_power,squad_extractive
1590,Was the power of the 5 countries constant?,relative power of these five nations fluctuated,314268,49525,Great_power,squad_extractive
1591,What countries found their economic growth in early 20th century?,United Kingdom and Prussia,314434,49554,Great_power,squad_extractive
1592,Which of the 5 powers were beginning to stagnate in early 20th century?,Russia and Austria-Hungary,314587,49577,Great_power,squad_extractive
1593,What agreement replaced the Congress of Vienna?,Eight-Nation Alliance,315032,49646,Great_power,squad_extractive
1594,What conflict was this agreement in opposition of?,Boxer Rebellion in China.,315110,49657,Great_power,squad_extractive
1595,What marked the conclusion of The Great War?,"treaties of Versailles, St-Germain, Neuilly, Trianon and Sèvres",315435,49709,Great_power,squad_extractive
1596,Who were  the chief arbiters of the new world order?,"United Kingdom, France, Italy, Japan and the United States",315513,49719,Great_power,squad_extractive
1597,Who were the big four?,"France, Italy, United Kingdom and the United States",315849,49775,Great_power,squad_extractive
1598,What organiztion acted as acknowledgement of status of great powers?,League of Nations Council,316627,49901,Great_power,squad_extractive
1599,Who were the four permanent members of the League of Nations Council?,"United Kingdom, France, Italy, and Japan",316801,49929,Great_power,squad_extractive
1600,When did US Senate vote against treaty of versailles ratification?,19 March 1920,316945,49952,Great_power,squad_extractive
1601,Why was United Stated excluded from League of Nations Council?,"against the ratification of the Treaty of Versailles, thus preventing American participation in the League",316959,49955,Great_power,squad_extractive
1602,When did World War II start?,1939,317097,49976,Great_power,squad_extractive
1603,How many groups were involved in conflict of World War II?,two alliances,317129,49982,Great_power,squad_extractive
1604,Who made up the Axis powers?,"Germany, Italy and Japan",317323,50015,Great_power,squad_extractive
1605,Who were the winners of World War II?,Allies,317728,50083,Great_power,squad_extractive
1606,The winners of World War II along with France were allotted permanent seats for what organization?,United Nations Security Council,317937,50118,Great_power,squad_extractive
1607,What is a superpower?,nations with overwhelming power and influence in the rest of the world,318165,50156,Great_power,squad_extractive
1608,Who first used the term superpower?,William T.R. Fox,318268,50175,Great_power,squad_extractive
1609,Who were the three original superpowers?,"British Empire, the United States, and the Soviet Union",318341,50187,Great_power,squad_extractive
1610,What are middle powers?,"those nations which exercise a degree of global influence, but are insufficient to be decisive on international affairs",318585,50227,Great_power,squad_extractive
1611,"During the cold war, what European powers rebuilt their ecomonies?","United Kingdom, France, and West Germany",318878,50275,Great_power,squad_extractive
1612,Since what century has there always been parity in powers?,modern era (the 16th century),320371,50515,Great_power,squad_extractive
1613,What formerly effective tool for international disputes is no longer effective among peer powers?,military force,320702,50565,Great_power,squad_extractive
1614,What great powers have maintained peace?,"France, Germany, Japan, the United Kingdom and the United States",320821,50585,Great_power,squad_extractive
1615,What was the last crisis during cold war to escalate world powers?,Cuban missile crisis (1962,320985,50611,Great_power,squad_extractive
1616,Where have the powers maintained peace in recent years?,United Nations and other forums,321136,50634,Great_power,squad_extractive
1617,What countries are recognized as Nuclear Weapons States?,"China, France, Russia, the United Kingdom and the United States",321198,50642,Great_power,squad_extractive
1618,What treaty addresses nuclear weapons?,Nuclear Non-Proliferation Treaty,321558,50702,Great_power,squad_extractive
1619,What other countries are referred to as middle powers?,"China, France, Russia and the United Kingdom",321857,50748,Great_power,squad_extractive
1620,What countries are great powers mostly based on economic reasons?,Japan and Germany,321921,50758,Great_power,squad_extractive
1621,"Due to lack of strategic and hard power, countries are excluded from what?",UN Security Council,322180,50799,Great_power,squad_extractive
1622,"What is the name for the grouping of countries of China, France, Russia and the United Kingdom; Germany and Japan?",middle powers,322451,50843,Great_power,squad_extractive
1623,Is there agreement on the status of all powers?,no collective agreement,322785,50893,Great_power,squad_extractive
1624,Milena Sterio includes what former axis powers among great powers?,"Germany, Italy and Japan",323077,50941,Great_power,squad_extractive
1625,What G7 members are among great powers?,"Germany, Japan and Italy",323196,50960,Great_power,squad_extractive
1626,What summits does EU have membership?,WTO and at G8 and G-20,323643,51032,Great_power,squad_extractive
1627,What other tools are used as alternative to military force?,trade and diplomacy,323940,51078,Great_power,squad_extractive
1628,For bout how many years was an average of one great power fighting another each year?,450,324781,51213,Great_power,squad_extractive
1629,What span was the Pax Britannica?,between 1815 and 1914,324956,51243,Great_power,squad_extractive
