question_id,question,evidence_char_pos,evidence_word_pos,correct_option_index,type,option_0,option_1,option_2,option_3,option_4
1,"489 F.3d 26, 34-35 (1st Cir.2007); Hartford Enters. v. Coty, 529 F.Supp.2d 95, 98 (D.Me.2008). However, in “extraordinary circumstances,” abstention may be inappropriate: Extraordinary circumstances include those situations in which ‘core constitutional values are threatened during an ongoing state proceeding and there is a showing of irreparable harm that is both great and immediate.’ Maymo-Melendez, 364 F.3d at 37 (internal quotation marks omitted). Among those extraordinary circumstances are cases in which extreme bias completely renders a state adjudicator incompetent and inflicts irreparable harm upon the petitioner. [Gibson v. Berryhill, 411 U.S. 564, 577, 93 S.Ct. 1689, 36 L.Ed.2d 488 (1973)]; accord Kugler v. Helfant, 421 U.S. 117, 125 n. 4, 95 S.Ct. 1524, 44 L.Ed.2d 15 (1975) (<HOLDING>). Esso II, 522 F.3d at 143. 1. Ongoing State",0,1,2,case_hold_mc,holding in the absence of exceptional circumstances deference should be given to trial court,recognizing hot pursuit exception as one example of exigent circumstances exception,recognizing gibson bias as an example of the exceptional circumstances which warrant federal intervention,holding that such a threat would not supply exceptional circumstances,recognizing that exceptional circumstances implicating a criminal defendants constitutional rights might warrant breaching the attorneyclient privilege
2,"far more than the building demolition called for by the project. Despite the completion of the Wal-Mart complex and other edifices, significant projected construction and renovation remain unfinished. Plaintiffs’ requested relief — declaratory judgments invalidating the existing MOA as well as the environmental assessment and FONSI, plus injunctions halting construction and requiring preparation of a proper and legal MOA and environmental assessment — could, if granted, eliminate or alleviate a multitude of their expressed environmental and historical preservation concerns. • Accordingly, we conclude that the case is not moot and proceed to consider the merits of the plaintiffs’ claims. Cf. Benavides v. Housing Authority of City of San Antonio, Tex., 238 F.3d 667, 670 (5th Cir.2001) (<HOLDING>); Bayou Liberty Ass’n v. U.S. Army Corps, 217",858,129,3,case_hold_mc,holding that the plaintiffs claim was moot because the construction project which was the subject of the dispute had been completed,holding that complaint seeking to enjoin highway construction project pending completion of environmental impact statement for larger project no longer presented any live controversy after highway project was completed and thus was moot and provided no basis for federal court jurisdiction,holding plaintiffs appeal of the denial of a preliminary injunction moot where defendants directive no longer in effect,holding a demolition project to be moot where demolition was only 55 complete but had progressed to the point where units were no longer habitable,holding that the case was not moot even though claims for injunctive and declaratory relief were no longer alive because the plaintiff had requested pecuniary relief
3,"Cal.App.3d 1174, 1184, 214 Cal.Rptr. 746 (1985) (“[Questions about jail personnel’s actual or constructive knowledge of a prisoner’s need for immediate medical care as well as the reasonableness of actions taken to meet this need are factual questions.”) (emphasis added); Johnson v. Cnty. of Los Angeles, 143 Cal.App.3d 298, 317, 191 Cal.Rptr. 704 (1983) (“[T]he questions of Sheriffs’ actual or constructive knowledge of Decedent’s need for immediate care, and of Sheriffs’ reasonable action to summon or not to summon such care, are questions of fact to be determined at trial.”). The objective knowledge standard under the state law claim therefore reaches conduct that Plaintiffs’ federal claim does not. See Lucas v. Cnty. of Los Angeles, 47 Cal.App.4th 277, 288, 54 Cal.Rptr.2d 655 (1996) (<HOLDING>). The Court finds, viewing the evidence in the",1715,255,4,case_hold_mc,holding that disagreement with a doctors judgment does not support a claim of deliberate indifference,holding that res judicata did not apply where a trial courts order was not a final judgment,holding that a federal courts dismissal of state claims without prejudice is not res judicata as to adjudication in either state or federal courts,holding that under federal law the dismissal of a claim as timebarred is adjudication of merits for purposes of res judicata,holding federal courts dismissal of deliberate indifference claim did not constitute res judicata for plaintiffs section 8456 claim in part because of differing knowledge requirements
4,"with the government’s discovery violation. Lastly, appellant argues the military judge could not properly determine whether a mistrial was appropriate because he was also the finder of fact and had already announced findings. Appellant essentially argues the military judge was unable to make a proper, objective determination regarding the motion for mistrial because he was also the subjective fact-finder. We find no merit in this assertion. It is hardly unusual for legal issues to arise after findings are made, including ones for which mistrial may be a permissible remedy. Both the military judge’s roles of fact-finder and judicial arbiter of whether mistrial was appropriate are actions done in an official capacity. See United States v. Soriano, 20 M.J. 337, 340 (C.M.A.1985) (<HOLDING>). As detailed above, we find the military judge",2575,388,4,case_hold_mc,holding that where appellant moved to recuse trial judge from deciding the motion for new trial the judge of the administrative district was required to designate a judge to hear the recusal motion,holding that under section 455 a judge should not recuse himself based upon conclusory unsupported or tenuous allegations,holding that the fact that the judge received adverse publicity for granting postconviction relief in another case did not require the judge to recuse herself,holding that counsel was not ineffective for not filing a motion to recuse the judge who presided at trial when the judge had also prosecuted a prior case that was used to enhance the current case,holding a military judge need not recuse himself solely on the basis of prior judicial exposure  
5,"provided a standard of care for bobsled rides, the Utah court denied the defendants’ motion for summary judgment. Pearce, 179 P.3d at 768. Applying Utah law to this case would probably require that we reverse the district court’s grant of summary judgment. It is undisputed that no Utah precedent or legislative enactment specifically establishes the standard of care for running mixed-course bicycle races. Thus, under Utah law, the standard of care in this case is not “fixed by law,” and summary judgment would be inappropriate. Under federal law, on the other hand, a defendant need not establish that the standard of care specific to the factual context of the case has been “fixed by law” in order to be granted summary judgment. See Gans v. Mundy, 762 F.2d 338, 342 (3rd Cir.1985) (<HOLDING>) (emphasis in original); see also id. at 343",3426,519,2,case_hold_mc,holding expert testimony is ordinarily required in legal malpractice cases to establish the standard of care,holding expert testimony not required to defeat summary judgment in medical malpractice suit because defendant doctors admissions were sufficient to establish the standard of care,holding that defendant moving for summary judgment in a legal malpractice claim need not present expert testimony establishing a standard of care even though a plaintiff in that position would need to do so because the case law establishing the plaintiffs duty to provide expert testimony cannot fairly be characterized as applying to a defendants motion under rule 56,holding that jurors do not need expert testimony on matters of common knowledge,holding that permitting jury to find malpractice from blood draw without expert testimony by applying the doctrine of res ipsa loquitur instead of eliciting expert testimony as to the standard of care to be reversible error
6,"estate were “at best speculative and hypothetical”). Neither of the cases Cytomedix cites, In re Ames Department Stores Inc., 190 B.R. 157, 161 (S.D.N.Y.1995) (“related to” jurisdiction proper where recovery in the case was accounted for in the structure of the reorganization plan); Larami Limted v. Yes! Entertainment Corp., 244 B.R. 56, 60 (D.N.J.2000) (“related to” jurisdiction over patent infringement suit against debtor appropriate during ongoing Chapter 11 proceedings) provides support for its argument. Moreover, the Seventh Circuit has rejected the Pacor analysis applied in these cases, settling on a more limited definition of “related to” jurisdiction. See FedPak, 80 F.3d at 213 (rejecting “sweeping test” adopted in Pacor, Inc. v. Higgins, 743 F.2d 984, 994 (3rd Cir.1984) (<HOLDING>)). Cytomedix points out that in confirming its",4276,661,1,case_hold_mc,holding that a proceeding that by its nature could arise only in the context of a bankruptcy case is a core matter subject to the jurisdiction of the bankruptcy court,holding that related to jurisdiction exists whenever a proceeding could conceiv ably have any effect on the bankruptcy estate,holding that bankruptcy court is without jurisdiction to control disposition of chapter 13 debtors property that is not property of the bankruptcy estate unless the property is related to the bankruptcy proceedings of the code,holding that if dispute involves funds that are not property of estate it cannot be maintained in the bankruptcy court unless it is related to the bankruptcy proceeding which means it is likely to affect the debtors estate,holding that congress jurisdictional grant to bankruptcy courts to hear proceedings related to a bankruptcy case suggests a grant of some breadth and includes inter alia suits between third parties which have an effect on the bankruptcy estate
7,"illegal. Section 5G1.2 of the Sentencing Guidelines generally directs the district court to impose a sentence for each count of conviction when initially sentencing a defendant. See U.S.S.G. § 5G1.2 (dictating the manner in which the district court should impose a sentence “on each such count” or “sentences on all counts”). But the imposition of a sentence upon revocation of supervised release is not governed by § 5G1.2. Instead, it is governed by Chapter Seven of the Guidelines, which contains no provision similar to § 5G1.2. See generally U.S.S.G. Ch. 7. Indeed, we’ve previously declined to extend some requirements under U.S.S.G, § 5G1.2 to restrict the district court’s discretion under Chapter 7 of the Guidelines. See United States v. Quinones, 136 F.3d 1293, 1295 (11th Cir. 1998) (<HOLDING>). When a term of supervised release is revoked,",5130,788,4,case_hold_mc,holding that the revocation of one term of supervised release did not automatically terminate another,holding that there is no significant conceptual difference between the revocation of probation or parole and the revocation of supervised release,holding that reasonableness review applies to a sentence imposed upon a revocation of supervised release,holding the district courts revocation of defendants term of supervised release did not end the courts jurisdiction over defendants release,holding that  5g12 did not limit the district courts authority to impose consecutive terms of imprisonment upon revocation of supervised release since the policy statements in chapter 7 governed revocation sentences
8,"Bain’s brief, at 29. To the extent that Bain argues that. HKH held out to the public that the emergency-room physicians working in the hospital were HKH employees because it operated a full-service hospital with an emergency room that was “open for business,” we must conclude that this evidence is not sufficient, in itself, to meet the requirement that HKH held out its emergency-room physicians as its employees. .Cer tainly, the mere existence of an emergency department in a hospital cannot be evidence of an affirmative act by HKH from which we could conclude that HKH . held itself out as employing the physicians who worked in the emergency department. See Brown, 899 So.2d at 237 (quoting Birmingham News Co. v. Birmingham Printing Co., 209 Ala. 403, 405, 96 So. 336, 339 (1923) (<HOLDING>)). -Further, to the-extent that Bain'contends",5990,925,0,case_hold_mc,holding that the injured partys mere belief at the authority existed without cause is notenough,holding that there can be no common liability upon which to base a contribution claim between a third party and an injured partys employer because the exclusive remedy provision means that the employers liability is not based on negligence so that application of the common liability rule deprives a third party of the opportunity to secure contribution from the injured partys employer,holding that standing existed,holding that the test for good faith is the actual belief of the party and not the reasonableness of that belief,holding that a party must at least have a subjective belief that litigation was a real possibility and that belief must have been objectively reasonable
9,"that the same sentence would have been levied had the UUMV conviction not been considered. Again, the trial court twice alluded to the state jail felony when sentencing appellant, and the prosecution had moments earlier solicited a particular sentence applicable only to a first degree felony. Additionally, the term of imprisonment levied approached the maximum authorized for a second degree felony. Consequently, we are not convinced that the error did not have a substantial and injurious effect or influence on the outcome. So, we cannot find that the trial court’s consideration of the state jail felony in enhancing, appellant’s punishment was harmless under Texas Rule of Appellate Procedure 44.2(b). Fite v. State, 60 S.W.3d 314, 320 (Tex.App.—Houston [14th Dist.] 2001, pet. ref'd) (<HOLDING>). Accordingly, the motion for rehearing is",6841,1065,4,case_hold_mc,holding that defendant should be resentenced where district court imposed a sentence under an erroneously calculated guidelines range  even where the sentence imposed fell within the correct range,holding that trial courts failure sua sponte to give reasonabledoubt in struction during punishment phase about pen packets offered during punishment was harmless error because sentence imposed was well within punishment range and prosecutor had asked for greater sentence,holding that consideration by a sentencing court of acquitted conduct was appropriate in establishing the applicable guideline range or in determining the sentence to impose within the guideline range,holding that the trial judges failure to admonish the appellant regarding the range of punishment was harmless because the record was replete with statements by the parties concerning the punishment range and because there was nothing in the record to indicate that the appellant was unaware of the range of punishment,holding that consideration of a state jail felony to enhance punishment was not harmless even though the sentence actually assessed fell within the lawful range
10,"” and therefore should be dismissed. Id. (quoting Fed.R.Civ.P. 8(a)(2)). In other words, if after taking the complaint’s well-pleaded factual allegations a d to perform under the contract for three years until the end of September 2012 when Defendant breached the contract by terminating it two years prematurely. These allegations are sufficient to state a claim for breach of contract under North Carolina law. Defendant’s contention that the five-year term was part of an oral agreement does not require dismissal. Under North Carolina law, a valid contract may be partially written and partially parol. McMichael v. Borough Motors, Inc., 14 N.C.App. 441, 444, 188 S.E.2d 721, 722 (1972); see also Beal v. K.H. Stephenson Supply Co., Inc., 36 N.C.App. 505, 508, 244 S.E.2d 463, 465 (1978) (<HOLDING>). The Statute of Frauds does not apply to",7693,1195,1,case_hold_mc,holding parol evidence is admissible to show mistake,holding that when a contract is partially parol and partially written parol evidence may prove the parol terms,holding the parol evidence rule presumes finality with respect to the written terms of the agreement only and does not prevent consideration of parol evidence concerning the duration of contract,holding that parol evidence can be presented when the terms of the agreement are ambiguous,holding that parol evidence is admissible to determine intent of parties
11,"In mitigation, the trial judge found no statutory mitigating circumstances had been established. The trial judge considered the following nonstatutory mitigating factors: (1) Reynolds was gainfully employed at the time the crimes were committed (little weight); (2) Reynolds exhibited appropriate courtroom behavior (little weight); (3) Reynolds had a difficult childhood (little weight). The trial court found that the evidence did not establish that Reynolds had the ability to adjust easily to prison life. Additionally, the trial court refused to consider residual or lingering doubt as a nonstatutory mitigating circumstance. The circumstances of this case are similar to other cases in which this Court has upheld the death penalty. See Butler v. State, 842 So.2d 817, 833 (Fla.2003) (<HOLDING>); Singleton v. State, 783 So.2d 970, 979",8544,1331,2,case_hold_mc,holding in asapplied challenge that death is the statutory maximum sentence for firstdegree murder,holding death sentence proportional in a case where the aggravators were murder committed during the course of enumerated felony prior violent felony and hac and the following nonstatutory mitigating factors were found remorse unstable childhood positive personality traits and acceptable conduct at trial,holding the death sentence proportional for the firstdegree murder conviction where only the hac aggravator was found,holding that where both firstdegree and felony murder were possible bases for a murder conviction a jury instruction that suggested the jury could rely on felony murder as the predicate offense for a conviction for conspiracy to commit murder was improper because under arizona law a conviction for conspiracy to commit firstdegree murder requires a specific intent to kill,holding the death sentence proportional for the firstdegree murder conviction where the aggravators included prior violent felony conviction and hac
12,"has been permitted to use the “Blessed Day” phrase with coworkers, to hang objects containing various religious phrases in her work area, to read the Bible on her work break and to listen to a religiously oriented radio station at her work station. Thus, despite the language of the company policy, the district court held that Anderson was reasonably accommodated in practice. This accommodation was sufficient to satisfy the company’s obligations under Title VII. We agree. The fact that the company policy, as stated, would not reasonably accommodate her religious practice is not controlling. In many cases, a company must modify its stated policies in practice to reasonably accommodate a religious practice. Cf. Minkus v. Metro. Sanitary Dist. of Greater Chicago, 600 F.2d 80 (7th Cir.1979) (<HOLDING>). In this case, U.S.F. disregarded its stated",9392,1457,0,case_hold_mc,holding that the municipal employer failed to accommodate a jewish applicant when it followed its stated policy and scheduled civil service examinations only on saturdays,holding that an employer need not accommodate with indefinite leave an employee who is unable to return to work in any role,holding that a failure to accommodate claim is separate and distinct from a claim of discriminatory treatment under the ada and pointing out that a failure to accommodate claim and a claim of discriminatory treatment under the ada are not like or reasonably related to one another and one cannot expect a failure to accommodate claim to develop from an investigation into a claim that an employee was terminated because of a disability,holding that the decision of the appellate court establishes the law of the case and it must be followed by the trial court on remand,holding that when an employer takes steps to accommodate an employees restrictions it is not thereby conceding that the employee is disabled under the ada or that it regards the employee as disabled
13,"first since that is the most straightforward. “Virtually every court to consider the issue has concluded that pension and retirement plans are perquisites of seniority. Accordingly, employers must make contributions and grant vesting on the returning employee’s behalf.” 132 Mil. L.Rev. 175, 190. For example, the court in Alabama Power held that “pension payments are predominantly rewards for continuous employment with the same employer” and required that the employer pay the veteran employee “the pension to which he would have been entitled by virtue of his lengthy service if he had not” entered the military, 431 U.S. at 594, 97 S.Ct. 2002; see also Bunnell v. New England Teamsters and Trucking Industry Pension Fund, 486 F.Supp. 714 (D.Mass., 1980), aff'd 655 F.2d 451 (1 Cir., 1981)(<HOLDING>). Thus, I find that the Town must make",10252,1592,3,case_hold_mc,recognizing that pension plan administrators have the ability to fashion their own plan formulas,holding that the defendant withheld pension benefits in breach of the plan,holding that discriminatory act occurred when employer amended its plan in response to pda but did not amend service credit for pension purposes,holding that appropriate remedy was to compute service credit for veterans in accordance with vrra rather than pursuant to employers pension plan and requiring retroactive pension plan payments to be made,holding that the family courts award to exwife of interest in 387 of debtors military pension payable directly from the plan was not subject to discharge because interest in pension plan was not a debt rather it was considered exwifes separate ownership interest
14,"the risk,” as Loesel asserts, they were nonetheless “human lives placed at substantial risk of harm.” See U.S.S.G. § 2D1.1 cmt. n.20(A); cf. United States v. Davidson, 409 F.3d 304, 314 (6th Cir.2005) (not applying the enhancement where the defendants tried once to make meth in a remote, locked barn, and the operation did not: involve “an unusually large quantity of hazardous materials”; exist “for an unusually long period of time”; or “actually result[ ] in the disposal of the materials in a way harmful to human life or the environment”). Also, manufacturing occurred in residential areas and in a moving vehicle, placing additional lives at substantial risk. Considering the scope of meth activity, the district court did not err in applying the enhancement. See Pinnow, 469 F.3d at 1157 (<HOLDING>). III. Loesel claims the district court should",11101,1727,3,case_hold_mc,holding that under iowa code  7098 the offense of lascivious acts with a child was a crime of violence because it involved a substantial risk that physical force would be used against the child victim in the course of committing the offense,holding that the opposing party must show substantial harm,holding that because the crime of rape involved a nonconsensual act there was a substantial risk that physical force may be used in committing the offense,holding the offense created a substantial risk of harm where the defendant staying in various hotels possessed a substantial quantity of pseudoephedrine enough to manufacture fifty grams of pure meth plus other chemicals and equipment used in the lithium ammonia reduction method,holding that a court may issue injunctive relief only when the movant demonstrates four factors substantial likelihood of success on the merits irreparable harm no substantial injury to the other party and furtherance of the public interest
15,"to another jurisdiction, section 23-1-215 was enacted in 1987 to expressly address crimes that occur in multiple jurisdictions, and section 23-20-50 was enacted in 2000 to authorize law enforcement to assist other jurisdictions with certain public safety concerns. Notably, the drafters of these agreements appear to recognize this interrelationship as the agreements usually include a reference to all of these sections. 2. Propriety of NET Agreement under sections 23-1-210 and 23-1-215 Even though Boswell is not dispositive of the instant case, it is nonetheless instructive because it stands for the proposition that statutes governing multi-jurisdictional agreements must be strictly complied with to ensure the validity of the agreement. See Boswell, 391 S.C. at 602, 707 S.E.2d at 270 (<HOLDING>). Applying this principle to the instant case,",11961,1866,4,case_hold_mc,recognizing this rule,holding that as to the scope of court review substantial evidence is a stringent limitation,holding that while a magistrate lacked the authority to enter an order granting a motion to correct error and thus that the order was defective for failing to contain the judges signature or another indication it was approved or adopted by the trial court the city waived any challenge to the validity of the order by failing to make a timely objection and observing that the indiana supreme court has long held that defects in the authority of a court officer as opposed to the jurisdiction of the trial court itself to enter a final order will be waived if not raised through a timely objection and more recently this court has applied the same principle to civil proceedings and clarified that any objection to the authority of an adjudicative officer must be raised at the first instance the irregularity occurs or at least within such time as the tribunal is able to remedy the defect,recognizing a split of authority on this issue,recognizing the significance of territorial jurisdiction and concluding that a more stringent approach needs to be followed in order to confer this type of authority
16,"844. As discussed below, in ordering a probable cause showing, I am not issuing a “retroactive warrant” as KindHearts contends. Rather, I am ordering a probable cause showing as a remedy for the warrantless seizure and prolonged and continuing retention of KindHearts’ assets. I thus find that it is within the scope of my power to remedy constitutional violations to order this post-hoc probable cause showing. I recognize that this is an unusual and atypical remedy, but this is an unusual and atypical situation. b. Post-Seizure Review I find the analogy the government draws to forfeiture law instructive. Civil forfeiture implicates both the Fourth and Fifth Amendments. See U.S. v. James Daniel Good Real Prop. (James Daniel Good), 510 U.S. 43, 48-49, 114 S.Ct. 492, 126 L.Ed.2d 490 (1993) (<HOLDING>); see also One 1958 Plymouth Sedan v.",12818,1993,1,case_hold_mc,holding discovery rules apply to civil forfeiture proceedings,holding that both fourth amendment warrant and probable cause and fifth amendment due process requirements apply to civil forfeiture proceedings,holding that exclusionary rule does apply to civil forfeiture proceedings,holding that the exclusionary rule under the fourth amendment applies to civil forfeiture proceedings,holding that under fourth amendment standards for determining probable cause for arrest and probable cause for search and seizure are same
17,"to have his claim adjudicated in accordance with the VBA Letter duty to request SMRs and VA medical records, notwithstanding that that Letter was dated in August 1999, subsequent to the December 1997 BVA decision on appeal. See Karnas v. Derwinski, 1 Vet.App. 308, 313 (1991) (“where the law or regulation changes after a claim has been filed or reopened but before the administrative or judicial appeal process has been concluded, the version most favorable to the appellant should apply unless Congress provided otherwise or permitted the [Secretary] to do otherwise and the Secretary did so”); see also Dippel, 12 Vet.App. at 473 (“the Court has applied Kamas to process-oriented administrative issuances that are binding on the Board” (citing Bernard v. Brown, 4 Vet.App. 384, 393-94 (1993) (<HOLDING>)). “[T]he Court has repeatedly applied Kamas to",13669,2131,3,case_hold_mc,recognizing a divergence of opinion regarding the retroactive application of mennonite,holding that any inherent power to remand to the bia for the consideration of additional evidence should not be exercised where i the basis for the remand is an instruction to consider documentary evidence that was not in the record before the bia and ii the agency regulations set forth procedures to reopen a case before the bia for the taking of additional evidence,holding that the court will not remand if i the basis for the remand is an instruction to consider documentary evidence that was not in the record before the bia and ii the agency regulations set forth procedures to reopen a case before the bia for the taking of additional evidence,holding that remand required for application of va gen coun prec opinion 1692 regarding bva procedures which was issued before appeal process was completed,holding that the boards order to remand a claim to a va regional office that neither denied nor granted relief is not reviewable on appeal
18,"construction is to ascertain and effectuate the intent of the legislature.” Hawkins v. Bruno Yacht Sales, Inc., 353 S.C. 31, 39, 577 S.E.2d 202, 207 (2003). The words of the statute must be given their plain and ordinary meaning without resorting to subtle or forced construction to limit or expand the statute’s operation. Hitachi Data Sys. Corp. v. Leatherman, 309 S.C. 174, 178, 420 S.E.2d 843, 846 (1992). “The construction of a statute by the agency charged with its administration will be accorded the most respectful consideration and will not be overruled absent compelling reasons.” Brown v. South Carolina Dep’t of Health & Envtl. Control, 348 S.C. 507, 515, 560 S.E.2d 410, 414 (2002); see Nucor Steel v. South Carolina Pub. Serv. Comm’n, 310 S.C. 539, 543, 426 S.E.2d 319, 321 (1992) (<HOLDING>). Furthermore, “[t]he language of a tax",14529,2267,0,case_hold_mc,recognizing that where an agency is charged with the execution of a statute the agencys interpretation should not be overruled without cogent reason,holding that deference to an agency interpretation is not appropriate where a statute is administered by more than one agency,holding that when a court is asked to construe an ambiguous statute it must defer to the interpretation set out in a regulation promulgated by the agency charged with administering the statute so long as the agencys interpretation is reasonable,recognizing that deference to an agencys interpretation of the written law is appropriate only when that interpretation is within the written laws language,holding that where multiple agencies are charged with administering a statute a single agencys interpretation is generally not entitled to chevron deference but concluding that there would be no comparable concern if all three agencies charged with administering the statute in question pressed the same interpretation before this court
19,"exactly what the black material was before it became black, and that he had not chemically analyzed the material. The defense pathology expert disputed Dr. Cunha’s opinions. At the second trial, Dr. Cunha admitted that the material in Meadows’s stomach was not soot, but did not retreat from his opinion about the esophagus, and was not asked whether he retreated from his opinion about whether Meadows was alive when set on fire. Because Dr. Cunha did not substantially retract his earlier opinion, and because the defense was able to rigorously cross-examine and present its own expert at the first trial, we cannot agree that Tholmer’s trial was infected with constitutional error because of this testimony. See United States v. Frady, 456 U.S. 152, 170, 102 S.Ct. 1584, 71 L.Ed.2d 816 (1982) (<HOLDING>) (emphasis in original). Tholmer alleges",15382,2407,0,case_hold_mc,holding that to show actual prejudice petitioner must show that the errors at trial worked to his actual and substantial disadvantage infecting his entire trial with error of constitutional dimensions,holding that to show prejudice in a claim of ineffective assistance of appellate counsel the petitioner must show a reasonable probability that but for counsels errors the result of the proceeding would have been different,holding that to establish prejudice the defendant must show a reasonable likelihood that the sentencing courts obvious errors affected his sentence,holding that a defendant must show actual prejudice to succeed on an ineffective assistance of counsel claim,holding that a defendant must not only show actual prejudice as opposed to mere speculative prejudice  but also  any actual prejudice was substantial  that he was meaningfully impaired in his ability to defend against the states charges to such an extent that the disposition of the criminal proceeding was likely affected
20,"(10th Cir.2013) (“A district court’s factual finding is clearly erroneous when it is without factual support in the record or if, after reviewing all the evidence, we are left with a definite and firm conviction that a mistake has been made.”). Having reviewed the dash-cam video, which is consistent with Trooper Riches’s testimony, we can easily conclude that the district court’s factual finding is not clearly erroneous. Second, McCoy argues that both the district court and Trooper Riches misinterpreted the left-lane statute, thereby rendering the district court’s reasonable-suspicion-finding objectively unreasonable. Importantly, however, McCoy did not specifically raise a mistake-of-law argument before the district court. See United States v. Burke, 633 F.3d 984, 987 (10th Cir.2011) (<HOLDING>). Although there is a narrow good-cause",16236,2545,2,case_hold_mc,holding that an affidavit did not provide probable cause sufficient to validate a warrant where the affidavit stated an incorrect date uncontradicted by any other specific fact in the affidavit,holding the government waived its argument on appeal that the defendant did not have standing to challenge a search when it failed to raise the argument to the district court,holding that the defendant who filed a timely motion to suppress evidence based on an alleged fourth amendment violation in the district court but failed particularly to argue that the detectives affidavit was inadequate to provide the magistrate judge with probable cause waived his affidavit argument on appeal pursuant to fedrcrimp 12e,holding that affidavit is inadequate if it fails to disclose facts which would enable the magistrate to ascertain from the affidavit that the event upon which the probable cause was founded was not so remote as to render it ineffective,holding that a defendant who fails to raise a specific issue as the basis for suppression in a motion to suppress to the district court has waived the right to raise that issue on appeal
21,"one half-hour after the ‘startling event’ only under extreme and continuing stress.” Davenport v. State, 749 N.E.2d 1144, 1149 (Ind.2001) (citing Yamobi v. State, 672 N.E.2d 1344, 1346-47 (Ind.1996)). Furthermore, an excited utterance can be made in response to a question so long as the statement is unrehearsed and is made under the stress of excitement from the event. Yamobi, 672 N.E.2d at 1346 (“A declaration does not lack spontaneity simply because it was an answer to a question.”); Williams v. State, 782 N.E.2d 1039, 1046 (Ind.Ct.App.2003). In addition, we have considered if the declarant is crying, appears to be under stress, is injured, or is exhibiting other physical or psychological conditions that indicate stress. See e.g., Fowler v. State, 829 N.E.2d 459, 463-64 (Ind.2005) (<HOLDING>), cert, denied, abrogated on other grounds by",17089,2668,0,case_hold_mc,holding that statements made while the declarant was in pain crying bleeding and having trouble breathing were properly admissible as excited utterances,holding that the statements of a recently assaulted very upset and crying assault victim were excited utterances,holding that the statements of a scared to death declarant whispering help me to police officers twenty hours after being assaulted were excited utterances,holding that testimonial statements are subject to the requirements of the confrontation clause even if they are otherwise admissible under the hearsay exception for excited utterances,holding statements qualified as excited utterances where declarant was scared and tired and her statements were in response to questions twenty hours after the event
22,"and provide reliable information. The Charitable Solicitations Ordinance, however, does not appear to allow “ample alternatives for communication.” Indeed, in the absence of a permit, the ordinance shuts down all means of solicitation in Davidson County. The ordinance is unlike the ordinance at issue in Thomas, where applicants had to obtain a permit to use a park for a gathering of fifty or more persons. In Thomas, unlike in the case at bar, an unsuccessful applicant could use any location other than the park and could use whatever method of communication it wanted. In this case, an unsuccessful applicant may not solicit at any location in Davidson County by any means. The Charitable Solicitations Ordinance also does not appear to be narrowly tailored. First, the statute aff Ct. 826 (<HOLDING>). Third, although the plethora of information",17946,2802,1,case_hold_mc,holding that a rico plaintiff must allege at a minimum the time place and content of the alleged misrepresentations on which he or she relied the fraudulent scheme the fraudulent intent of the defendants and the injury resulting from the fraud,holding that a local ordinance enacted to prevent fraud by prohib iting solicitations by charities not using at least 75 of its receipts for charitable purposes is not narrowly tailored partly because the municipality could simply outlaw fraudulent misrepresentations and punish such activity directly,holding direct misrepresentations were not required for mail fraud conviction,holding that fiduciaries may not sue for benefits simply by using section 502a2,holding that if the alleged misrepresentations are material a plaintiff is entitled to recovery whether or not the misrepresentations caused the alleged damage
23,"is a reasonable time to wait before forcing entry. What is a reasonable time depends on the circumstances of each case. See United States v. Chambers, 382 F.2d 910, 916 (6th Cir.1967). The Sixth Circuit has stated that it will carefully scrutinize cases in which officers make a forced entry seconds after announcing their authority or purpose. See Bates, 84 F.3d at 794; United States v. Nabors, 901 F.2d 1351, 1355 (6th Cir.1990). In Nabors, the Sixth Circuit upheld a forced entry “moments” after knocking because of the existence of exigent circumstances: (1) Nabors was suspected of trafficking in drugs which could easily have been disposed of; (2) Nabors was known to be in possession of firearms; (3) Nabors was known to habitually wear a bullet proof (D.C.Cir.1993) (Ginsburg, J.) (<HOLDING>); United States v. Garcia, 983 F.2d 1160, 1168",18804,2939,3,case_hold_mc,holding warrantless entry of residence was justified by need to search for intruders or injured occupants,holding that proof of the discovery of illegal drugs in plain view in the presence or two or more joint occupants of the premises is sufficient to support a conviction for constructive possession,holding that regardless of whether the defendant actually had a right to monies claimed defendants demands under the contract were not extortion because they were motivated by the defendants interpretation of the agreement,holding failure of occupants to respond within 15 seconds of announcement even when they claimed they were unable to hear the knock justified inference of constructive refusal of admittance,holding defendants could not be guilty as parties when the state failed to show they knew the criminality of the conduct they assisted
24,"Co., 394 U.S. 404, 415, 89 S.Ct. 1144, 22 L.Ed.2d 371 (1969)). Abruska’s common-law negligence claim involves only one dimension of this generalized duty of care, the turnover duty of safe condition, which requires “exercising ordinary care under the circumstances to have the ship and its equipment in such condition that an expert and experienced stevedore will be able by the exercise of reasonable care to carry on its cargo operations with reasonable safety to persons and property.” Id. at 167, 101 S.Ct. 1614. The vessel therefore owed Abruska a duty to turn over the Baranof Trader in such condition that Northland Services, acting in its capacity as the employer, would be able to pursue its stevedoring operations with reasonable , 241 U.S. 344, 351, 36 S.Ct. 668, 60 L.Ed. 1037 (1916) (<HOLDING>); cf. Torres v. Johnson Lines, N.Y.K., 932 F.2d",19658,3079,3,case_hold_mc,holding that district courts failure to hold evidentiary hearing to ascertain whether defendant breached plea agreement was harmless when it was clear defendant breached agreement,holding that in the absence of a product malfunction a plaintiff cannot establish that a defendant breached any duty owed,recognizing that whether a duty exists is a question of law for the courts,holding that question of whether defendant breached duty under applicable safety statutes was not one for experts,holding that at a minimum the defendant must have breached some duty created by a labor contract to be liable for a violation under section 301a
25,"court explains the ration.1e for its property division, we will not disturb it on appeal unless the court abused its discretion. Wade, 2005 VT 72, ¶ 13. Section 751 provides that the court may consider “all relevant factors” in deciding how to divide a marital estate, including the nonfinancial contributions of the parties as homemakers and their respective merits. 15 V.S.A. § 751(b). ¶ 29. Here, the court found that the marriage was a short-term marriage and that most of the assets were acquired through mother’s parents. However, it noted that mother would likely continue to be supported by her family and her prospects of acquiring additional wealth through inheritance were substantially better than father’s. See Billings v. Billings, 2011 VT 116, ¶ 23, 190 Vt. 487, 35 A.3d 1030 (<HOLDING>). It found that father had made significant",20519,3221,4,case_hold_mc,holding in a chapter 7 consumer debt case the nondebtor spouses income is not  rendered liable for the debts of the debtor but rather is simply  considered in determining whether the debtor himself has available discretionary income by virtue of the fact that he and the nondebtor spouse share a joint household,holding that a trial judge should not consider a spouses anticipated social security benefits as a factor in distributing the marital assets,holding that employers refusals either to consider whether the plaintiff deserved a promotion or to provide the employee with training opportunities thereby decreasing future promotion opportunities were not ultimate employment decisions,holding that the corpus of an inheritance is not included in a parents gross income but that the interest generated by an inheritance is,holding that 15 vsa  751b8 permits the court to consider a spouses possible future inheritance in determining opportunities of each spouse to acquire capital assets and income in the future
26,"record establishes that the trial court actually considered appellant’s habitual offender conduct as a ground for revocation only at this May 21, 2010 hearing. The trial court appropriately relied on this conviction as a basis for revoking appellant’s suspended sentence at that hearing under Canty because, while appellant’s misconduct was committed “before [appellant’s] most recent revocation hearing,” that misconduct was “not previously found to be ‘no cause’ for revocation.” Canty, 57 Va.App. at 173, 177, 699 S.E.2d at 527, 529 (emphasis in original). It is appellant’s burden to provide this Court with a record from which it can decide the issues in the case. See Commonwealth v. Williams, 262 Va. 661, 669, 553 S.E.2d 760, 764 (2001) (citing Justis, 202 Va. at 632, 119 S.E.2d at 257 (<HOLDING>)). The record on appeal before this Court",21371,3360,1,case_hold_mc,holding rule pertaining to time for taking an appeal to supreme court from an order judgment or decree of the lower court is mandatory and jurisdictional,holding on appeal the judgment of the lower court is presumed to be correct and the burden is on the appellant to present to us a sufficient record from which we can determine whether the lower court has erred in the respect complained of,holding that in appellate proceedings the decision of the trial court has the presumption of correctness and the burden is on the appellant to demonstrate error,recognizing that an appeal has never been an evidentiary proceeding so appellate court will not consider evidence not presented to the lower tribunal because function of appellate court is to determine whether lower tribunal committed error based upon the issues and evidence before it,holding that the lower court was not required to hold a hearing on a motion to transfer
27,"2568-69, 45 L.Ed.2d 648 (1975); Seagram & Sons v. Hostetter, 384 U.S. 35, 41, 86 S.Ct. 1254, 1258, 16 L.Ed.2d 336 (1966); Castlewood International Corp. v. Miller, 626 F.2d 1200 (5th Cir. 1980); Blatnik Co. v. Ketola, 587 F.2d 379, 381-82 (8th Cir. 1978); Richter v. Department of Alcoholic Beverage Control, 559 F.2d 1168, 1170 (9th Cir. 1977), cert. denied, 434 U.S. 1046, 98 S.Ct. 891, 54 L.Ed.2d 797 (1978); Woods v. Alcoholic Beverage Appeals Board, 502 F.Supp. 528, 530 (C.D.Cal.1980); Dunagin v. City of Oxford, 489 F.Supp. 763, 772 (N.D. Miss. 1980), appeal pending, No. 80-2762 (5th Cir. 1981); DieBurg, Inc. v. Underhill, 465 F.Supp. 1176, 1177 (M.D.Fla.1979); Felix v. Milliken, 463 F.Supp. 1360, 1375 (E.D.Mich. 1978). 14 . See The Licenses Cases 5 How. 504, 579, 12 L.Ed. 256 (1847) (<HOLDING>); Joseph S. Finch & Co. v. McKittrick, 305 U.S.",22225,3496,1,case_hold_mc,recognizing a state agencys powers are limited to 1,recognizing broad powers of state government to regulate alcohol within their borders,holding that state court could regulate the practice of law in federal courts located in the state,recognizing the municipal authority to regulate traffic implies broad authority,recognizing that the exercise of zoning authority within a home rule citys municipal borders is a matter of local concern
28,"that, though addressing facts and legal issues different from the ones here, provide basic insight into the relationship between the insured and insurer under Virginia law. See Autumn Ridge, L.P. v. Acordia of Va. Ins. Agency, Inc., 270 Va. 83, 613 S.E.2d 435, 438 (2005) (“The risk undertaken by the insurer is an essential element of a contract of insurance, and no premium is due from the insured unless the risk attaches.""); Ingrams v. Mut. Assur. Soc., 40 Va. 661, 668 (Va.1843) (""For the premium paid by the insured, and the risk which the insurer takes upon himself, are considerations each for the other; they are correlatives, whose mutual operation constitutes the essence of the insurance contract.”); see also Foremost Guar. Corp. v. Meritor Sav. Bank, 910 F.2d 118 (4th Cir.1990) (<HOLDING>). Not surprisingly, the axiom also finds",23086,3639,3,case_hold_mc,holding that an insurance company does not act in bad faith solely because it fails to accept a settlement offer within the deadline set by the injured persons attorney but that a jury question on the reasonableness of the insurers actions arose when an insurance company failed to respond to a deadline to settle a claim within policy limits when the company had knowledge of clear liability and special damages exceeding the policy limits,recognizing an insurers right to rescind an insurance contract where the insured has made fraudulent or material misrepresentation in insurance application,holding that insureds failure to list his brother as a member of the household was a material misrepresentation that provided the insurance company with grounds to rescind the policy,holding an insurance company waived the right to rescind coverage when it continued to accept premiums with knowledge of grounds for rescission,holding that the employer created an erisa plan when it 1 paid for the employees insurance 2 contracted with the insurance company for coverage and eligibility requirements and 3 collected and remitted the employees dependents premiums
29,"of the market for the peak season of December through February. Given that from January 2005 through November 27, 2005, AHC had sales of $938,333 and was manufacturing 360 hats per day at the time of the fire, the projected completed manufacture and sale of 5,262 stage-two hats (263 per day assuming only twenty work days in December) during a peak sales month is in line with past production. And to ensure the overall reasonableness of his 2005 December “but-for” sales figure, Shipp compared his projected 2005 sales to AHC’s actual 2006 sales, accounting for AHC’s then-diminished operational capacity, and concluded that his 2005 assessment, including December, was accurate. Shipp’s use of AHC’s past profits to forecast future ones was appropriate. See Helena Chem. Co., 47 S.W.3d at 504 (<HOLDING>); Tex. Instruments, Inc., 877 S.W.2d at 279",23937,3778,2,case_hold_mc,holding that an unestablished business may recover lost prospective profits,holding that lost profits were covered where the insureds product a motor used in a treadmill was defective and caused lost profits on the sale of the treadmills,holding past profits coupled with other facts and circumstances may establish lost profits,holding that a business owners testimony was insufficient to establish lost profits where he was not able to specify which contracts they lost how many they lost how much profit they would have had from the contracts or who would have awarded them contracts and explaining that the plaintiffs could have supported their lost profits with testimony that they had lost out on specific contracts but failed to do so,holding that the plaintiffs attempted to recover lost profits which under the facts of the case were consequential damages
30,"in this cause. In an Order issued November 26, 1996, this Court denied that motion but directed the Clerk to treat that motion for leave to intervene as a separate lawsuit. On December 12, 1996, Gipson filed a motion for joinder of his separate lawsuit and this one. The Magistrate Judge recently denied that request. III. Plaintiff’s Motion for Default Judgment On June 25, 1997, some six days after the defendant filed a timely original answer herein, the plaintiff filed a motion for default judgment in which he took issue with the degree of specificity contained in the defendant’s original answer. “A party is not entitled to a default judgment as a matter of right, even where , 911 F.2d 1167; 1168 (5th Cir.1990), cert. denied, 498 U.S. 1050, 111 S.Ct. 760, 112 L.Ed.2d 779 (1991), (<HOLDING>); Jackson v. Cain, 864 F.2d 1235, 1251 (5th",24794,3916,1,case_hold_mc,holding that a violation of a state statute regarding the swearing of criminal complaints does not give rise to constitutional liability,holding that alleged violations of a state statute did not give rise to federal constitutional claims,holding that a state agencys violations of its own internal regulations did not establish a due process violation or otherwise give rise to a constitutional claim,holding that a state securities claim which alleged federal mail wire and securities violations as the predicate acts did not arise under federal law and thus did not create federal jurisdiction,holding that these regulatory violations do not give rise to a viable fca action
31,"Title VII’s charge-filing requirement when he filed an unverified Intake Questionnaire within the statutory time period for filing a charge and then filed a verified formal charge outside that time period. (Unlike the ADEA, Title VII requires a charge to be filed under oath or affirmation. See 42 U.S.C. § 2000e-5(b).) Relying on the EEOC regulations that allow a charge to be amended to cure technical defects including the lack of verification, the court reached the ""inescapable conclusion that the completed Intake Questionnaire, in the context of both the amendment procedures and the liberality to be ascribed to procedural requirements, is sufficient to constitute a charge."" Id. at 1443. Contra Profit v. Keycom Electronic Publishing, 625 F.Supp. 400, 403-04 (N.D.Ill.1985) (Shadur, J.) (<HOLDING>), overruled on other grounds, Gilardi v.",25645,4062,2,case_hold_mc,holding that such a theory is viable under title vii,holding that there is no individual liability under title vii,holding that until a document is submitted under oath or affirmation there is no title vii charge to be amended,holding individual employees may be liable under title vii,holding that relief granted under title vii is against the employer not individual employees whose actions constituted a violation of title vii emphasis in original
32,"The risk of multiple recoveries is very real, indeed. At oral argument, the Funds pointed to Firestone v. Galbreath, 976 F.2d 279 (6th Cir.1992), as well as Witzman v. Gross, 148 F.3d 988 (8th Cir.1998), and argued that there was no risk of multiple recoveries because, under principles of trust law, the participants, as beneficiaries of a trust fund, could not bring suit. These cases are distinguishable. In both, the courts refused to allow a beneficiary to sue a tortfeasor for misconduct levied at the trust fund because the beneficiary was only indirectly injured. See Firestone, 976 F.2d at 286 (finding that the beneficiaries did not have standing to recover for a decrease in the trust corpus because the misconduct was visited upon the creator of the trust); Witzman, 148 F.3d at 990 (<HOLDING>). Under the theory of recovery being pressed",26499,4192,0,case_hold_mc,holding that beneficiaries could not sue attorneys of the trust for legal malpractice because beneficiaries are not direct recipients of the attorneys services,holding that plaintiffs could not sue attorneys for legal malpractice so long as underlying medical malpractice action out of which legal malpractice claim arose was still pending on appeal,holding that the settlor could divest the beneficiaries of their vested interests only by completely revoking the trust because she had limited her ability to eliminate the beneficiaries interests by including language in the trust stating that the interests of the beneficiaries  shall continue until this trust is revoked or terminated internal quotation marks omitted,holding that trust beneficiaries have no authority to maintain an action as third party beneficiaries of contracts between the trustee and agents of the trustee concerning the internal affairs of the trust,holding that plaintiffs are normal judgment creditors not trust beneficiaries with respect to contractual fees
33,"In its response to the plaintiffs writ of error to this Court, the defendant did not raise the jurisdictional defect in the court of appeals. Nevertheless, we held that fundamental error applied, reaffirming the definition from Ramsey. 304 S.W.2d at 265. We expanded on the definition, holding that “[w]hen the record affirmatively and conclusively shows that the court rendering the judgment was without jurisdiction of the subject matter, the error will also be regarded as fundamental.” Id. at 266. Accordingly, we held that this Court had the power to reverse the court of appeals’ judgment, and we dismissed the appeal on the unassigned jurisdictional error. Id. Ramsey and McCauley were watershed decisions, establishing that fundamental-error review is not barr S.W.2d 677, 678 (Tex.1990) (<HOLDING>); McCauley, 304 S.W.2d at 265-66 (applying",27356,4334,0,case_hold_mc,holding that lack of appellate jurisdiction is fundamental error,holding that it is a fundamental principle of appellate law that appeal jurisdiction is only available to parties,recognizing plain or fundamental error,holding that appellate courts assumption of jurisdiction over interlocutory order when not expressly authorized to do so by statute is fundamental jurisdictional error,holding lack of subjectmatter jurisdiction is fundamental error that this court may properly raise and recognize sua sponte
34,"was relevant to proving a number of the counts in the indictment. See United States v. Moore, 376 F.3d 570, 574 (6th Cir.2004) (noting that testimony in a bank robbery trial establishing that a defendant met a co-conspirator while in prison was not improper inasmuch as it proved a “prior relationship” that “was relevant in proving that the [co-conspirators] had a common plan”); see also United States v. Harris, 165 F.3d 1062 (6th Cir.1999) (upholding conviction where government witness made passing reference to defendant’s prior arrest). Moreover, the statements regarding Kuehne’s time in prison appear to have gone unexplored by the AUSA and thus were relatively isolated within the context of the overall trial. See United States v. Stotts, 176 F.3d 880, 886-87 (6th Cir.1999) (<HOLDING>). Second, even if the AUSA’s questioning was",28212,4465,3,case_hold_mc,holding that defendant could not claim error in part because he did not request the district court to review the witness reports in question which would allow the district court to review the statements and excise incriminating information,holding that district courts dismissal of state law claims was proper where the district court had properly dismissed all of the federal questions that gave it original jurisdiction,holding that the district court did not commit plain error in admitting physical evidence of the defendants prior drug arrest in addition to the fact of the arrest itself when the evidence was relevant under rule 404b and the district court gave a limiting instruction,holding that a district court properly denied the defendants request for a mistrial following a witness statement that the defendant had  an extensive criminal record  because the remark was isolated and the district court gave an immediate curative instruction,holding that the district court acted within its discretion when it denied plaintiffs request for counsel
35,"conclusion, the Court posited: Regardless of knowledge, a tenant who ‘cannot control drug crime, or other criminal activities by a household member which threaten [the] health or safety of other residents, is a threat to other residents and the project.’ With drugs leading to ‘murders, muggings, and other forms of violence against tenants,’ and to the ‘deterioration of the physical environment that requires substantial government expenditures,’ it was reasonable for Congress to permit no-fault evictions in order to ‘provide public and other federally assisted low-income housing that is decent, safe, and free from illegal drugs[.]’ Id. at 134, 122 S.Ct. 1230 (internal citations omitted); see also Powell v. Housing Authority of the City of Pittsburgh, 571 Pa. 552, 812 A.2d 1201 (2002) (<HOLDING>). ¶ 15 Congress, in enacting section 1437d,",29060,4599,2,case_hold_mc,holding that it was appropriate for the trial court to find that lack of a prior criminal record was not a mitigating factor in light of the violent nature of the crime committed,holding that for recovery under the mississippi tort claims act to be barred because of a victims criminal activity at the time of the injury it must beshown that the criminal activity has some causal nexus to the wrongdoing of the tortfeasor,holding that a public housing authority may terminate benefits conferred by section 8 of the united states housing act of 1937 42 usc  1437f for the violent criminal activity of a family member without having to prove that the violent criminal activity threatens the health safety or right to peaceful enjoyment of the premises by other residents,holding that the illinois crime of failure to report for imprisonment is not a violent felony for purposes of the armed career criminal act,holding that g l c 127  133 established two classifications of criminal activity  violent and nonviolent  with respect to parole eligibility
36,"or demand required or permitted by law to be served on the entity.” Tex. Bus. Orgs.Code Ann. § 5.201(b)(1) (West 2012). Because the law permits WCT to be sued in its assumed name, CT Corp. could be served with process using WCT’s assumed name, and the record reflects that service was effected on CT Corp., and thereby on WCT, on November 26, 2012, prior to the expiration of the limitations period. See PNS Stores, Inc. v. Rivera, 379 S.W.3d 267, 274 ( suit filed naming “Morton Hyson, M.D.” as defendant was suit against Morton Hyson, M.D., P.A. which used Morton Hyson, M.D. as an assumed or common name and association was served through its only officer and director who did business under the same name); Northwest Sign Co. v. Jack H. Brown & Co., Inc., 680 S.W.2d 808, 808-09 (Tex.1984) (<HOLDING>). Conclusion Because we hold service was",29915,4730,2,case_hold_mc,recognizing south carolina as a jurisdiction where service on statutory agent is exclusive,holding service of process defective when the receipt card was signed by someone who was not the registered agent,holding service on registered agent jack h brown was service on jack h brown  company dba signgraphics even though jack h brown was also the registered agent for signgraphics inc,holding that service is not avoided by service on a partys attorney as service on an attorney is ineffective unless he has been authorized to accept such service,holding service on hospital corporation of america dba tidelands general hospital was service on the assumed name and constituted service on hca health services inc dba tidelands general hospital because ct corporation system was the registered agent for both
37,"It was therefore not “silent” on the issue of damages, and the Franklin presumption is consequently inapplicable. For the foregoing reasons, the court holds that Plaintiffs’ individual capacity RFRA claim against the Esmor Guards for money damages may stand. Neither the text nor the legislative history of RFRA indicates that Congress intended in that statute to abrogate the qualified immunity to which executive officials were entitled under common law. The court thus finds that the defense would have been available to the INS officials under RFRA had they remained parties to this action. However, the defense of qualified immunity is not available to the Esmor guards, because they are not executive officials. Richardson v. McKnight, 521 U.S. 399, 117 S.Ct. 2100, 138 L.Ed.2d 540 (1997) (<HOLDING>). For reasons similar to those discussed above,",30767,4878,3,case_hold_mc,holding that defendants are not entitled to qualified immunity,holding that employees of a private prison management firm are not entitled to qualified immunity from suit by prisoners charging a violation of 42 usc  1983,holding that prison disciplinary hearing committee members are entitled to qualified immunity,holding that prison guards who are employees of a private prison management firm are not entitled to a qualified immunity from suit brought by prisoners under  1983,holding that prison conditions are those aspects of prison life affecting the entire prison population
38,"tending to undermine the statements therein. B. Scienter The PSLRA requires a complaint to “state with particularity facts giving rise to a strong inference that the defendant acted with the required state of mind,” or scienter. 15 U.S.C. § 78u-4(b)(2); see Ernst & Ernst v. Hochfelder, 425 U.S. 185, 194, 96 S.Ct. 1375, 47 L.Ed.2d 668 (1976). The required state of mind is either that the defendant acted intentionally or with “deliberate recklessness.” Daou Sys., 411 F.3d at 1014-15. In a securities claim under § 10(b), “recklessness only satisfies scienter” when it “reflects some degree of intentional or conscious misconduct.” In re Silicon Graphics Sec. Litig., 183 F.3d 970, 977 (9th Cir. 1999); see also DSAM Global Value Fund v. Altris Software, Inc., 288 F.3d 385, 389 (9th Cir.2002) (<HOLDING>) (citations omitted). Significantly, “where the",31627,5012,1,case_hold_mc,recognizing that the defense must be given the opportunity to crossexamine a witness and explore any motive to falsely testify in order to assist government,holding that in order to allege a strong inference of deliberate recklessness a plaintiff must state facts that come closer to demonstrating intent as opposed to mere motive and opportunity,holding that a plaintiff must allege facts that distinguish him from the typical person the ban applies to in order to state an as applied claim,holding that the burden to allege facts sufficient to establish jurisdiction resides with plaintiff,holding that the burden is on the plaintiff to allege facts sufficient to establish jurisdiction
39,"nor listed as a creditor. Similarly, in Virginia v. Collins (In re Collins), 173 F.3d 924, 929 (4th Cir.1999), cert. denied, — U.S. -, 120 S.Ct. 785, 145 L.Ed.2d 663 (2000), the court found that there was no Eleventh Amendment suit where the debtors asked for their bankruptcy case to be reopened — but did not directly sue the state — for a determination that certain debts owed the state were discharged pursuant to a previous discharge order. The Walker court noted, however, that “commencement of certain adversary proceedings directly against a state that has not filed a proof of claim in a bankruptcy case would” come within the scope of the Eleventh Amendment. Walker, 142 F.3d at 823; see also Maryland v. Antonelli Creditors’ Liquidating Trust, 123 F.3d 777, 786-87 (4th Cir.1997) (<HOLDING>). The Mitchells’ contention that Count 1 did",32488,5148,2,case_hold_mc,holding that a notice of appeal filed in an adversary proceeding could not appeal the main proceeding,holding that a workers compensation proceeding is a legal proceeding,holding that while an original bankruptcy proceeding where the state is not named as a defendant is not a suit an adversary proceeding directly against the state would be,holding that where an action is brought by the debtors at the initial proceeding the appeal of that action is not a continuing proceeding against the debtors,holding a suit against an agency of the state is a suit against the state
40,"Beaumont’s own nurses and nurses employed by the other hospitals, the settlement cannot be characterized as disgorgement. The district court properly denied Federal’s motion to compel discovery. IV. Conclusion For the foregoing reasons, we AFFIRM the judgment of the district court. 1 . The Policy defines bolded terms elsewhere in the document. 2 . Federal does not argue that this court should look at the clause ""any amount reimbursed by any Insured Person” (R. 11-2 PAGE ID 244) in making its decision. As the district court correctly held, under the terms of the Policy, an insured person encompasses only individuals, not companies. R. 46 PAGE ID 2327 n. 9. 3 . Other courts have distinguished Level 3 on this ground. See Genzyme Corp. v. Fed. Ins. Co., 622 F.3d 62, 70 (1st Cir.2010) (<HOLDING>); Virginia Mason Med. Ctr. v. Exec. Risk",33341,5290,4,case_hold_mc,holding the eleventh amendment barred the retroactive payment of state benefits wrongfully withheld,holding that proceeds of a litigation settlement were an identifiable fund and thus a proper subject of a misappropriation and conversion claim,holding that plaintiffs security deposit was not improperly withheld when home applied the deposit amount to rent in arrears,holding that because the settlement agreement here specifically did not contain any admission of liability the plaintiff must therefore prove some liability on the part of defendant,holding that defendant obtained no identifiable asset and therefore the underlying settlement payment cannot represent the restoration to the plaintiffs of some amount the defendant had improperly taken and withheld
41,"“Clipper” is descriptive and not generic, as adopted by the district court, to be clearly erroneous. Judgment reversed and remanded with directions to dissolve the preliminary injunction and to dismiss the complaint. The mandate shall issue forthwith. 1 . Under section 45 of the Trademark Law Revision Act of 1988, ""the term ‘service mark' means any word, name, symbol, or device, or any combination thereof— ... [used] to identify and distinguish the services of one person ... from the services of others and to indicate the source of the services....” 15 U.S.C. § 1127 (1988). 2 . The district court stayed the issuance of the preliminary injunction for 90 days during pend-ency of an expedited appeal. 3 . See also Miller Brewing Co. v. G. Heileman Brewing Co., 561 F.2d 75 (7th Cir.1977)",34190,5432,3,case_hold_mc,holding the same with respect to an apartment,holding to that effect with respect to rule 64,holding any claim that alleges generic manufacturers should have acted differently with respect to warnings is preempted,holding lite generic when used with respect to low calorie mild tasting beer,holding that under privacy act federal government waived its sovereign immunity with respect to actual damages but not with respect to damages for mental or emotional distress
42,"or even unlawful or unconstitutional.” Id. With regard to Arshad’s alleged detentions and mistreatment by Pakistani authorities, the BIA agreed with the IJ that Arshad fa es that Arshad was an excellent employee who resigned of his own accord; Arshad presented no evidence, other than his unsupported assumptions, that Pakistani officials forced his employer to terminate him. Arshad also argues that his encounter with Shabaz Sharif at JFK Airport, in which Sharif advised him not to return to Pakistan, undermines the agency’s determination that he failed to demonstrate a likelihood of future persecution or torture. However, we lack jurisdiction to entertain that claim because he failed to exhaust the issue before the BIA. See Lin v. Att’y Gen., 543 F.3d 114, 120 & n. 6 (3d Cir.2008) (<HOLDING>). A petitioner may exhaust an issue by raising",34990,5566,1,case_hold_mc,holding that exhaustion is mandatory and jurisdictional,holding that exhaustion of issues is jurisdictional,holding that the ftcas exhaustion requirement is jurisdictional,recognizing that exhaustion is mandatory and jurisdictional,recognizing that issue exhaustion is a mandatory although not jurisdictional requirement
43,"proffered for the truth of the matter asserted. Fed.R.Evid. 801(c). P.I. Lawrence’s Investigation Report is not a sworn statement and, as such, does not qualify as admissible evidence. Fed.R.Civ.P. 56(e) (requiring sworn statements in opposing summary judgment). Significantly, Plaintiff fails to point to any exception to the hearsay rule available under the Federal Rules of Evidence to support the admissibility of the Travis Affidavit or the P.I. Lawrence Investigation Report Plaintiff filed in opposition to summary judgment. Moreover, even assuming, arguendo, that Plaintiffs proffered evidence could be admitted to establish circumstantial evidence that Defendants were providing negative employment references to prospective employers considering hiring Plaintiff, Jute, supra, at 179 (<HOLDING>), Plaintiff still fails to establish the",35845,5703,1,case_hold_mc,holding that a prima facie case plus disbelief of employers asserted justification for employment action is not necessarily sufficient to establish a violation and that in such cases summary judgment is appropriate unless the plaintiff presents adequate evidence that the employer unlawfully discriminated,holding circumstantial evidence that defendant former employer was providing negative employment reference to plaintiffs prospective employers was sufficient to defeat summary judgment on the causation element of prima facie case,holding that summary judgment was appropriate where plaintiffs statistical evidence which lacked specific analytical foundation and thus failed to show that employer maintained discriminatory intent was insufficient to establish prima facie case or pretext,holding that a petitioner is certainly permitted to use evidence eliminating other potential causes to help carry the burden on causation and may find it necessary to do so when the other evidence on causation is insufficient to make out a prima facie case and in such instances clearly the special master must evaluate what evidence a claimant presents as part of determining whether the claimant makes a prima facie case,holding reliance on statistical evidence of inexorable zero was sufficient to establish prima facie case notwithstanding plaintiffs failure to reference appropriate workpool
44,"518, 524 (Fla. 4th DCA 2010) (quoting Cox v. State, 819 So.2d 705, 712 (Fla. 2002)). “Although the failure to conduct a Richardson hearing is not per se reversible error, see [State] v. Schopp, 653 So.2d [1016,] 1020 [(Fla. 1995)], harmful error is presumed when a Richardson inquiry is not conducted.” Portner v. State, 802 So.2d 442, 446 (Fla. 4th DCA 2001) (citing Mobley v. State, 705 So.2d 609, 611 (Fla. 4th DCA 1997)). If the reviewing court finds that there is a reasonable possibility that the discovery violation prejudiced the defense or if the record is insufficient to determine that the defense was not materially affected, the error must be considered harmful. In other words, only if the appellate court can say beyond a reasonable doubt that the defense was not procedural 14) (<HOLDING>); Kipp v. State, 128 So.3d 879 (Fla. 4th DCA",36697,5820,4,case_hold_mc,holding any error in admitting testimony of expert witness was harmless because it was cumulative of same testimony given by six other expert witnesses who testified at trial,holding that the proffered changes in strategy would not have altered trial courts judgment,holding that defendant failed to show that his trial counsel rendered ineffective assistance by not objecting to the states leading questions when there was no evidence that such failure was not based on trial strategy,holding that the defendant could not establish prejudice for trial counsels failure to hire an expert when the experts testimony would not have changed the nature of the states evidence,holding that the states failure to designate its expert witnesses was not harmless in trial for sexual battery and lewd and lascivious molestation where it was reasonably possible that defendant would have altered his trial preparation or strategy and that defendant would have deposed experts and possibly procured his own expert
45,"class-of-one theory is not legally cognizable where ... a public employee claims that she has been treated differently than other employees.”); Duprey v. Twelfth Judicial Dist. Court, No. CIV 08-0756 JB, 2009 WL 2105955, at *5 (D.N.M. June 22, 2009) (Browning, J.)(“In this case, Duprey, who is a public employee, is alleging that she was denied a promotion and was demoted. Because her lawsuit arises in the public-employee context, she cannot proceed on the class-of-one theory.”). Moreover, in these class-of-one claims, where discrimination is not alleged against a class of persons, “[t]he allegation that a plaintiff was treated differently from those similarly situated is an essential element of an equal protection action.” Hennigh v. City of Shawnee, 155 F.3d 1249, 1257 (10th Cir.1998) (<HOLDING>)(citing Norton v. Vill. of Corrales, 103 F.3d",37553,5965,2,case_hold_mc,holding that a plaintiff who did not show that he was paid at a lower rate than similarly situated employees could not survive summary judgment,holding that to assert a viable equal protection claim plaintiffs must first make a threshold showing that they were differently treated from others who were similarly situated to them,holding that the plaintiff who alleged he was subjected to discipline and a disciplinary proceeding not applicable to any other police officer under the collective bargaining agreement but not alleging any classbased discrimination failed to state a claim as the plaintiff did not show how he was treated differently from others similarly situated emphasis added,holding that caucasian employees who engaged in the same act as the plaintiff but it did not result in injury to others were not similarly situated,holding that black residents failed to state an equal protection claim where they did not allege the existence of a similarly situated group of white residents who were treated differently
46,"a verdict and judgment against Zierle comprised of $15,000 in compensatory damages and $50,000 in punitive damages. Allstate proceeded to satisfy the compensatory component of the judgment only. As to the punitive-damages portion, Wolfe and Zierle entered into an agreement whereby Wolfe committed to forbear from executing in exchange for an assignment from Zierle of all claims arising under the policy which he might possess against Allstate. Relying upon this assignment, Wolfe proceeded to commence a civil action against Allstate in a Pennsylvania common pleas court, alleging that Allstate’s refusal to settle reflected bad faith on the carrier’s part. Wolfe sought damages under common-law contract theory, see Cowden v. Aetna Cas. & Sur. Co., 389 Pa. 459, 468, 134 A.2d 223, 227 (1957) (<HOLDING>), and per Section 8371 of the Judicial Code, 42",38413,6097,1,case_hold_mc,recognizing common law cause of action as thirdparty beneficiary,recognizing a cause of action grounded in contract theory for badfaith refusal by an insurer to settle a thirdparty action,recognizing cause of action,recognizing wrongful adoption cause of action grounded in fraud and fraudulent misrepresentation,recognizing the cause of action
47,"936, 938 (W.D. Mich. 1985) (explaining that Federal Rule of Criminal Procedure 33 and 28 U.S.C. § 2255 do not “provide an effective means of collateral attack in all cases” and that coram nobis “fill[s] the gaps”). We reach a similar conclusion. Because the Vermont PCR statute and the criminal rules are silent on the issue, we conclude that the common ving his 1993 sentence, his allegation that the 1993 sentence is being used to enhance a current federal sentence puts him within the ambit of our PCR statute. In the context of a PCR proceeding, defendant can raise the issues referred to in his motion, including the adequacy of the Rule 11 colloquy and the effectiveness of trial counsel. See In re Laws, 2007 VT 54, ¶ 9, 182 Vt. 66, 928 A.2d 1210; Boskind, 174 Vt. at 192, 807 A.2d at 365 (<HOLDING>). Because an alternative remedy was available",39273,6231,1,case_hold_mc,holding that courts of appeals should review all aspects of the district courts rule 11 determination for abuse of discretion and noting that the district court has broad discretion to impose rule 11 sanctions,holding that challenge to district courts compliance with rule 11 in prior pleas should be done through a pcr proceeding,recognizing district courts wide range of discretion in setting amount of rule 11 sanctions,holding that substantial compliance with notice is sufficient,holding rule 11 sanction proceeding was exempt from automatic stay
48,"to “willfully and unlawfully entering] a building with the intent to commit theft” where the building was an “inhabited dwelling house [or other residential building] ... within the meaning of Penal Code section 460.” By pleading guilty, Rodriguez admitted the factual allegations in the indictment. See United States v. Velasco-Medina, 305 F.3d 839, 852 (9th Cir.2002); United States v. Williams, 47 F.3d 993, 995 (9th Cir.1995). Because Rodriguez’s conviction included the unlawful entry requirement absent in California’s statutory definition of burglary, his conviction meets the definition of “burglary of a dwelling” under Taylor and is, therefore, a “crime of violence” under the Sentencing Guidelines. See U.S.S.G. § 2L1.2, cmt. n. l(B)(iii); see also Velasco-Medina, 305 F.3d at 852-52 (<HOLDING>). Rodriguez’s alternate argument, that his",40132,6383,2,case_hold_mc,holding that possession of burglary tools is an offense separate from burglary,holding that virginia burglary statute comes within definition of generic burglary,holding that a california burglary conviction was burglary under a modifiedcategorical approach because velascomedina pled guilty where the indictment alleged unlawful entry,holding that a conviction under a divisible statute could not qualify as acca burglary pursuant to the modified categorical approach when there were no shepard documents to show that the crime of conviction was generic burglary,holding that iowa burglary is not categorical burglary as the elements of iowa burglary law are broader than those of generic burglary
49,"to “external” influences over the jury’s deliberations. Tanner v. United States, 483 U.S. 107, 117, 107 S.Ct. 2739, 2746, 97 L.Ed.2d 90 (1987). “External” influences are factors that come to the jury’s attention from outside of the proceedings in the trial court. See, e.g., Parker v. Gladden, 385 U.S. 363, 363-64, 87 S.Ct. 468, 470, 17 L.Ed.2d 420 (1966) (per curiam) (bailiff making disparaging comments about the defendant to the jurors); Remmer v. United States, 347 U.S. 227, 228-230, 74 S.Ct. 450, 450-451, 98 L.Ed. 654 (1954) (bribe offered to juror). “Internal” influences, on the other hand, include actions during court proceedings and internal jury deliberations. Prohibiting testimony into these areas does not violate the constitution. Tanner, 483 U.S. at 126-27, 107 S.Ct. at 2751 (<HOLDING>). This is because other procedural devices",40987,6508,0,case_hold_mc,holding that rule 606b does not violate the sixth amendment,holding district court did not violate sixth amendment by admitting defendants outofcourt statement,holding that the court lacks jurisdiction over sixth amendment claims because the sixth amendment is not moneymandating,holding that exclusion of defense witness does not violate sixth amendment where defendant failed to comply with discovery rule requiring that witnesses be identified before trial,holding that forfeiture of funds to be used for legal fees does not violate the fifth or sixth amendment
50,"v. Barberena-Jimenez, 1996 WL 83002, *2 (8th Cir., Feb.28, 1996) (defendant was observed crossing over the fog line several times; the Court explained: “The evidence indicates that Barberena did not maintain his automobile in a single lane of traffic. This constitutes an offense in Arkansas.”); see also United States v. Ozbirn, 189 F.3d 1194, 1198 (10th Cir.1999) (finding probable cause for a traffic stop when a vehicle drifted onto the shoulder twice in less than a quarter of a mile; the applicable Kansas statute states that “[wjhenever any roadway has been divided into two (2) or more clearly marked lanes for traffic ... [a] vehicle shall be driven as nearly as practicable entirely within a single lane”); cf. Smith v. City of Little Rock, 305 Ark. 168, 806 S.W.2d 371, 373 (Ark.1991) (<HOLDING>). Pulliam suggests that Byrd targeted him",41843,6641,4,case_hold_mc,holding that a violation of the hearsay rule was harmless,holding that in determining whether a discovery violation warrants the sanction of exclusion of evidence a court must look to whether the violation was substantial the timing of the violation the reason for the violation the degree of prejudice to the parties whether such prejudice may be cured by a postponement and the desirability of a continuance,holding that violation of state law was not a per se constitutional violation,holding that the time appliances were at a distribution center within the state did not break the continuity of interstate movement the subsequent delivery from the distribution center was the last phase in the interstate shipment,holding that weaving left of the center line was a violation of  2751302
51,"was enclosing checks totaling that amount. Those statements cannot be reconciled. Perhaps Martinis intended to agree to the terms in the accused’s offer ($1,400 and return of the horse). Perhaps Martinis intended to offer $2,210 and provide for Driscoll to keep the horse. Or, Martinis might have meant to agree to return the horse and offer an extra $810 to make up for his client’s refusal to pay attorney fees. In short, Martinis’s intentions were not clear from his November 25,1996, letter. When the accused realized that Martinis was under the mistaken impression that Martinis had tendered the amount on which the parties had agreed, the accused had a duty to clarify Martinis’s offer before disbursing all the proceeds from the checks. See In re Benett, 331 Or 270, 278, 14 P3d 66 (2000) (<HOLDING>); In re Zumwalt, 296 Or 631, 635-36, 678 P2d",42698,6781,2,case_hold_mc,holding that a payment made by certified check rather than the customary regular check was outside the ordinary course of dealings between the parties,holding that drawer of check is liable only for the amount originally stated by drawer on check even though the drawers negligence facilitated the wrongful alteration of the amount on the check and the payment of a larger amount to the payee,holding that accused lawyer violated dr 1102a3 by negotiating extra settlement checks after failing to correct opposing counsels belief that prior settlement check had not cleared when accused knew that check had cleared,holding that investigation was insufficient prior to prosecution for forgery of check,holding that accused lawyer violated dishonesty rule by retaining double payment of settlement amount when second settlement check had been sent in error
52,"to negate Ms. Madanes’ interest in the Artworks, to issuing false denials regarding his status as the Trustee of Baltimore and Westchase— are of the type that “logically would lead him to suspect” that he was part of a larger conspiracy. Id. at 44-45. That is, unlike the defendant in Viola who committed two isolated sales of stolen goods and had no reason to know he was part of a larger conspiracy, Ortoli’s alleged acts all had the common theme of enriching the Madanes Brothers at the expense of Ms. Madanes. Given the knowledge Ortoli possessed, especially in light of his status as the family attorney since 1984, the Court finds that the present allegations are sufficient to establish Ortoli’s conspiratorial liability. See, e.g., Morin v. Trupin, 835 F.Supp. 126, 133-36 (S.D.N.Y.1993) (<HOLDING>); cf. A.I. Credit Corp. v. Hartford Computer",43556,6926,3,case_hold_mc,holding that although plaintiffs failed to adequately allege  1962c claim against professional broker and its officer based on operating or managing enterprise they adequately alleged rico conspiracy to violate  1962a against same defendants,holding that state courts have concurrent jurisdiction over rico claims and that plaintiffs federal rico claim was barred by res judicata since he failed to bring his rico claim along with his state fraud claims in prior state court action,holding that the person charged with violating  1962c must be distinct from the rico enterprise,holding that although plaintiffs failed to state  1962c claim against outside attorneys for directing principals in rico enterprise to sign various legal documents allegations that these same outside attorneys knowingly agreed with promoter of tax shelter to violate rico and personally agreed to commit racketeering acts stated valid cause of action for conspiracy under  1962d,holding that plaintiffs cannot claim that a conspiracy to violate rico existed if they do not adequately plead a substantive violation of rico
53,"280 S.W. 759, 760-61 (Tex.Com.App.1926) (no ambiguity exists about legislature’s intent to grant exclusive control to incorporated cities over highways within their borders, and this power operates against counties). Because the transportation code defines “highway” as “including] a tolled ... bridge,” we interpret a home-rule city’s “exclusive control” as extending to toll bridges within its borders. See Tex. Transp. Code Ann. § 221.001 (West Supp. 2006); see also City of Houston v. Goings, 795 S.W.2d 829, 882 (Tex.App.-Houston [14th Dist.] 1990, pet. denied) (city was responsible for injury arising from bridge construction because “public bridge forming a connecting link in a [municipal] street or highway is part of that street or highway”); Op. Tex. Att’y Gen. No. H-936 (1977) (<HOLDING>). This case does not present the first",44414,7067,3,case_hold_mc,holding that a city charter is a law under the whistleblower act,holding that the city had standing to challenge the constitutionality of a statute allowing certain communities within the same county as the city to incorporate as towns without the citys consent,holding that a city was equitably estopped from denying the accuracy of blueprints and specifications given to a party who had been contracted to build a sewer for the city,recognizing even before enactment of statute specifically granting power that homerule city bordering rio grande had authority to build international bridge connecting city with mexico based on citys general rights of selfgovernment as granted in incorporating charter and fact that there had been no expression of legislative intent to limit such power,holding that city electors who rendered property to city assessor after time fixed by statute were qualified to vote at city election on issuance of bonds for construction of an electric light and power system
54,"to the diversity jurisdiction statute, 28 U.S.C. § 1332. Because federal courts have jurisdiction in this case under the federal question jurisdiction statute, 28 U.S.C. § 1331, the district court erred by applying the domestic relations exception. Nonetheless, we affirm the district court’s dismissal of this case because Plaintiff has not exhausted his tribal court remedies. AFFIRMED. 1 . The record is not entirely clear on the status (Indian or non-Indian) of Defendant Hanson and of Lexie’s maternal grandmother. Determination of those factual questions is unnecessary to the resolution of the issue before us. 2 . Because we have subject matter jurisdiction under § 1331, we need not determine whether an alternative basis for jurisdiction also exists. See Boozer, 381 F.3d at 934 n. 2",45261,7195,1,case_hold_mc,recognizing that every theory of relief must raise federal issue for claim to arise under federal law,holding that jurisdiction exists under federal common law and declining to address the plaintiffs alternative jurisdictional theory,recognizing the common enterprise theory of marriage,holding that no scholars privilege exists under the first amendment or common law,holding that plaintiffs are ordinarily entitled to instructions consonant with their theory of the case where evidentiary support for the theory exists
55,"death sentence when the offense of kidnapping with bodily injury was committed while the defendant was engaged in the commission of the capital felonies of murder and armed robbery. Id. at 726. In this case, Sears was indicted for kidnapping Ms. Wilbur and inflicting bodily injury upon her by striking her with brass knuckles, and stabbing her to death with a knife. There is no basis for Sears’ contention that the stabbing could not constitute part of the bodily injury in the kidnapping charge. As a matter of law, bodily injury does not have to be inflicted at the same moment as the initial abduction. Potts, 261 Ga. at 720 (victim seized in one county and bodily injury inflicted in another). See also Pryor, 238 Ga. at 701-702; cf. Diamond v. State, 267 Ga. 249, 250 (477 SE2d 562) (1996) (<HOLDING>). The jury found beyond a reasonable doubt that",46061,7321,4,case_hold_mc,holding that virginia burglary statute comes within definition of generic burglary,holding that possession of burglary tools is an offense separate from burglary,holding that iowa burglary is not categorical burglary as the elements of iowa burglary law are broader than those of generic burglary,holding that direct evidence of defendants dna found at the scene was direct evidence merely of a circumstance that suggested his participation in the burglary and theft but was not direct evidence of his participation in the burglary,holding that defendant was still in the commission of a burglary despite its technical completion when she caused the death of three persons during a police chase that began at the scene of the burglary
56,"on the petition date — because the terms of the Agreement would have applied only if the debtor had retired, resigned, or otherwise terminated his employment with VMG while the Agreement was in effect, and that he did not do so. The defendants contend that, under any of the generally accepted methods of valuation, the fair market value of the VMG stock on the petition date was zero. IV. DISCUSSION A. RELEVANCE OF THE AGREEMENT The trustee’s reliance on the formulas contained in the Agreement is mis placed. Shareholder agreements which impose, under certain circumstances, obligations on a shareholder to sell and ultimately on the corporation to buy shares are executory contracts for purposes of the Bankruptcy Code. See In re Parkwood Realty Corp., 157 B.R. 687, 689 (Bankr.W.D.Wash.1993) (<HOLDING>). Section 365(d)(1) gives the Chapter 7 trustee",46923,7471,1,case_hold_mc,holding that an action for tortious interference with prospective economic advantage may not be directed against an individual who is an officer and the sole stockholder of a corporation which is a party to the economic relationship at issue,holding that stockholder agreement is an executory contract,holding that the transfer of stock in an insolvent corporation did not constitute fair consideration to support conveyance of property to its stockholder,holding that federal law determines definition of executory contract but that state law determines whether a material breach of the contract could occur,holding that an arbitration agreement is separable from the underlying agreement
57,"necessities such as the beds, bedding, the refrigerator, dishes, cooking utensils, and most of the furniture — all of which figure into the calculus of the circumstances to which Charles was accustomed during Wanda’s life. At the time of trial, Charles had spent $3,700 on necessities to “get back to where [he] could just exist” in the marital home. Moreover, he testified that before her death, Wanda contributed $2,000 per month to their joint checking account. To the extent the $50,000 of property removed from the marital home reflects the circumstances to which Charles was accustomed beyond mere necessities, his $1,136 per month — $13,632 per year — surplus income was inadequate to return him to those circumstances in the year following Wanda’s death. See Churchill, 780 S.W.2d at 916 (<HOLDING>). Charlotte and Trenton rely on Noble v. Noble,",47785,7609,4,case_hold_mc,holding that the maximum statutory damages available to plaintiffs under the fdcpa is limited to 100000 per plaintiff per proceeding,holding evidence legally sufficient,holding that evidence was insufficient to support conviction for vehicular homicide where the defendant was driving 60 miles per hour in a 30 mile per hour zone before the collision and a minimum of 50 miles per hour at the time of impact,holding evidence legally sufficient under sections d and e,holding evidence legally and factually sufficient to support allowance of 30000 when widow had separate annual income of 34161 per year but was accustomed to spending 1800024000 per year on golf tournaments
58,"the appellate court until almost three years later. It was not until another six months later that the appellate court remanded the case. However, the remand was solely to determine whether Lee was still in custody. It then took almost a year for the lower court to reinstate its dismissal. As far as we know the appellate court still has not ruled on this dismissal. The arguments made in Petitioner’s initial PCRA petition have still not been considered by any court. This ping-pong game the state court was playing with Lee’s petition would almost be comical if Lee had not been in custody this entire time awaiting resolution. In deciding whether a delay is excessive, we do consider the degree of progress made in state court. See, e.g., Cristin v. Brennan, 281 F.3d 404, 411 (3d Cir.2002) (<HOLDING>). In this case, however, we do not believe that",48646,7749,4,case_hold_mc,holding that a 13 month delay was unreasonable,holding that a six month delay was unreasonable,holding that a five month delay was unreasonable,holding that a 14 month delay was unreasonable,holding that a 27 month delay was not excessive given that a hearing was held and the petition was ruled upon
59,"period for purposes of Plaintiff's federal Title VII retaliation claim, which is discussed at section III.B.l. infra. 16 . Louisiana's Employment Discrimination statute is analyzed under the same standards as Title VII. See Nichols v. Lewis Grocer, 138 F.3d 563, 566-67 (5th Cir.1998); Deloach v. Delchamps, Inc., 897 F.2d 815, 818 (5th Cir.1990); Devillier v. Fidelity & Deposit Co. of Md., 709 So.2d 277, 280 (La.Ct.App.1998). 17 . Only three of the remaining events asserted by the Plaintiff in support of her sex discrimination claim are within the definition of adverse employment action, namely, (1) the August 1999 leave rescheduling, (2) disparate treatment with regard to Greg Stephens’ pay, and (3) the November 1999 termination. See Dollis v. Rubin, 77 F.3d 777, 781-82 (5th Cir.1995)(<HOLDING>). Therefore, for the remainder of this ruling,",49506,7897,1,case_hold_mc,holding that such a theory is viable under title vii,holding that title vii was only meant to address ultimate employment decisions such as hiring granting leave discharging promoting and compensating,holding that a claim for discrimination in private employment is not preempted by title vii,holding that title vii does not address samesex harassment,recognizing title vii does not provide the exclusive remedy for all employment discrimination claims even if the title vii and section 1983 claim factually overlap
60,"as aggravating circumstances. Thus, the trial court found “that counsel made a reasonable strategic decision not to present this nonstatutory, non-mental health mitigation.” Trial counsel will not be held to be deficient when she makes a reasonable strategic decision to not present mental mitigation testimony during the penalty phase because it could open the door to other damaging testimony. See Ferguson v. State, 593 So.2d 508, 510 (Fla.1992) (finding that counsel’s decision to not put on mental health experts was a “reasonable strategy in light of the negative aspects of the expert testimony” because the experts had indicated that they thought that the defendant was malingering, a sociopath, and a very dangerous person); see also State v. Bolender, 503 So.2d 1247, 1250 (Fla.1987) (<HOLDING>). It is apparent from the record that the",50365,8030,1,case_hold_mc,recognizing a constitutional claim for ineffective assistance of counsel,holding that sjtrategic decisions do not constitute ineffective assistance if alternative courses of action have been considered and rejected,holding that defendant may raise claim of ineffective assistance of counsel on direct appeal only if ineffective assistance is conclusive from the record,holding where defendant challenged jury instruction and also claimed ineffective assistance of counsel based upon his counsels failure to object to instruction because we find no error in the instructions defendants claim for ineffective assistance of counsel must also be rejected,holding that the failure to raise a futile issue does not constitute ineffective assistance of counsel
61,"599 A.2d 289, 300 (1991) (en banc) (“To force every aggrieved taxpayer to assume the task of appealing, when the larger question can be expeditiously and efficiently resolved in a single action, would be unnecessarily burdensome on both property owners and the judicial system.”). The statutory appeals process is also not designed to provide the declaratory or in-junctive relief Appellants seek, and moreover, strict adherence to it would implicate many of the concerns highlighted in Kow-enhoven pertaining to piecemeal litigation .and the inadequacy of the statutory remedy. This undermines any suggestion that the present controversy is an inappropriate one for the exercise of equity jurisdiction. Cf. Fry v. Napoleon Cmty. Schs., 580 U.S. _, _, 137 S.Ct. 743, 754, 197 L.Ed.2d 46 (2017) (<HOLDING>). As for our recent decision in Lemer, that",51218,8163,2,case_hold_mc,holding that by its terms the idea does not require exhaustion where the relief sought is unavailable in an administrative proceeding under the idea monetary damages are not available so exhaustion is not required,holding that exhaustion is not required for plaintiffs seeking money damages because damages are unavailable through the administrative process and because all other relief available to the plaintiffs under the idea had already been provided through a settlement agreement,holding that exhaustion was not required under a federal education statute where the gravamen of the complaint was not that the plaintiff had been denied the type of education the statute guarantees and hence the relief sought was not available through the statutory appeals process,holding that the title of the statute did not limit the reach of the statute,holding that exhaustion is required even where the relief sought is not available in the administrative process
62,"policies could give rise to a claim of sex discrimination. An airline's policy of hiring only attractive female flight attendants provides one such example. See Wilson v. Southwest Airlines Co., 517 F.Supp. 292 (N.D.Tex.1981). The Northern District of Texas rejected Southwest Airlines's defense that ""it may discriminate against males because its attractive female flight attendants and ticket agents personify the airline's [image]."" Id. at 293, 304. See also Diaz v. Pan Am. World Airways, Inc., 442 F.2d 385, 387-88 (5th Cir.1971). 52 . Because we hold that all of the foregoing claims are not viable, we need not discuss the matters of class certification, the supplemental affidavit, and the supplements to the record because t , Inc., 705 So.2d 680, 680-81 (Fla.4th DCA 1998) (<HOLDING>). 61 . 3 Moors, supra note 55, at § 15.14{1].",52073,8296,0,case_hold_mc,holding that the trial court abused its discretion when it failed to grant leave to the moving party to amend their complaint before final summary judgment was entered,holding district court abused discretion in denying leave to amend complaint to add claim when party opposing motion made no showing of prejudice from delay,holding that a court may deny leave to amend when the moving party had the opportunity to amend earlier but waited after judgment to do so,holding the district court is not required to grant a plaintiff leave to amend his complaint sua sponte when the plaintiff who is represented by counsel never filed a motion to amend nor requested leave to amend before the district court,holding that district court had not abused its discretion in denying plaintiffs motion to amend complaint
63,"enforcing a final judgment represented by a child support order in Superior Court. See Sevison v. Sevison, 396 A.2d 178, 182 (Del.Super.1978) (giving full faith and credit to New Jersey decree ordering alimony and support and enforcing money judgment for arrearages). 7 . See In re Estate of Getchell, 1994 WL 469153, at *4 (Del.Ch. Aug. 4, 1994) (accepting jurisdiction over and deciding case that involved a dispute over the distribution of a deceased husband’s deferred compensation plan pursuant to a separation agreement); Calvin v. Calvin, 1985 WL 22037, at *5 (Del. Ch. Aug. 19, 1985) (accepting jurisdiction over and deciding case that included claim for specific performance of separation agreement against estate of deceased husband); Green v. Saulsbury, 33 A. 623, 630 (Del.Ch.1880) (<HOLDING>). See generally D.B. v. N. E., 2011 WL 5346098,",52919,8432,2,case_hold_mc,holding the real estate sale proceeds,holding that psc had primary jurisdiction to pass upon rates and whether same were reasonable consequently court found it improper to pass upon the reasonableness of the charges complained of by appellant,holding that once the court of chancery acquired subject matter jurisdiction under the statute authorizing the sale of real property by an estate the court had jurisdiction to pass upon all matters either legal or equitable necessary and proper to a just determination in respect to those matters,holding that the district court was not divested of subject matter jurisdiction upon the dismissal of the plaintiffs federal claims,holding that the trial court had continuing jurisdiction over all subsequent custody orders once the trial court acquired jurisdiction
64,"state prisoner, ""[wjhile the state court judgment is neither reversed nor vacated, the prisoner is released and the state court judgment authoritatively declared void."" Rimmer v. Fayetteville Police Department, 567 F.2d 273, 277 (4th Cir.1977). Again, it is clear that habeas may favorably terminate a criminal proceeding. See supra note 27 and accompanying text. 30 . It is important to note that allowing pardons or expungement orders to serve as favorable terminations has no bearing on the finality of the criminal proceedings. Rather, giving certain pardons or expungement orders this effect operates at most to extend the time during which a person may be exposed to liability for malicious prosecution. 31 . See 28 U.S.C. §§ 2254, 2255; Leonard v. Hammond, 804 F.2d 838, 842 (4th Cir.1986) (<HOLDING>). It is well settled that such ""custody” is not",53778,8567,1,case_hold_mc,holding that a habeas petitioner must be in custody under the conviction or sentence under attack at the time his petition is filed,recognizing that federal habeas statutes require petitioner to be in custody when petition filed,holding that a petitioner should be permitted to seek habeas review in state court even if there were doubt that the states substantive law would permit a habeas petition,holding that active jurisdiction arose when the petitioner was detained for purposes of habeas corpus when the petition was filed,holding that petitioner was dili gent for equitable tolling purposes where petitioner filed state petition two months after conviction was final and filed federal petition seven days after discovering state had denied petition on the merits
65,"argument that pool did not fall within the HRUS requiremerits because it was not open to the general public); Stout v. United States, 696 F.Supp. 538, 539 (D.Haw.1987) (stating that the “statute appears to apply even if the military base was closed to the general public”). The fact that Holder Dock was closed to everyone except the instructors and students of the sailing course on the day of Howard’s injury does not strip the Government of its HRUS immunity. The Government limited access to the dock on that day to prevent injury to novicé sailors and/or because of the rough weather conditions. The Government can exercise such control and discretiori over who uses its land for recreational purposes without forfeiting the immunity that the HRUS provides. See Stout, 696 F.Supp. at 539 (<HOLDING>). C. Applicability of HRUS Immunity to Business",54640,8705,4,case_hold_mc,holding that whether the public invitee may have some commercial purpose in mind was irrelevant to recreational immunity instead by opening up the lands for recreational use without a fee the landowner brought itself under the protection of the immunity statute,holding contractors could not claim recreational immunity because they had no continuing authority to determine whether the land should be open to the public,holding that for purposes of initial seizure warrant in forfeiture action the government may seize land according to the description contained in the deed,recognizing that land owners using industrialzoned land for other uses have not given up their right to any of the heavy industrial uses so come tomorrow they could flip a switch and start operating a sawmill if they so chose,recognizing that a landowner cancontrol who uses his land for recreational purposes and that sjuch discretion should not result in the forfeiture of the immunity that thehrus provides
66,"appeal that order. Having reviewed plaintiffs pleadings, this court believes that the time expended on their preparation was reasonable. Most puzzling is the district court’s award of only 3 of the 3.2 hours requested for work performed in 2001. The Commissioner did not specifically object to any of the time spent in 2001, nor did the district court explain the reduction. Perhaps the court was adjusting for the mathematical error the Commissioner made when she sought a total reduction of 33.8 hours but listed particular reductions that totaled only 33.6 hours. In any event, we see no basis for the reduction. In summary, we have independently reviewed the fees sought and find them well within the bounds of reasonableness. See also Ohlander v. Larson, 114 F.3d 1531, 1538 (10th Cir.1997) (<HOLDING>). Accordingly, the district court’s fee orders",55498,8846,2,case_hold_mc,holding that district judges failure to recuse was harmless error where the underlying question was patently clear and so there was no need to vacate the district courts decision and to remand to another district court judge to make the same clear determination,holding that the appellate court had jurisdiction despite a remand to the bankruptcy court for more specific findings of fact and for further proceedings to apply the correct burden of proof,holding that remand not necessary although district court failed to apply correct legal standard because no dispute as to underlying facts and interests of judicial economy and efficiency support deciding matter,holding that district court has no jurisdiction to take further action where there was no remand order,holding that no remand is necessary  where no additional facts need be developed and any district court decision of the issue would be reviewed de novo
67,"authority to bind the church when he induced Mukes to travel to New York. Only when Thomas wanted some documents signed did Mukes inform Thomas that he “did not have the final say-so.” Thus, the evidence at trial would support an inference that when Thomas induced Mukes to come to New York, he thought Mukes had the authority to bind the church. Mukes’s travel was indeed essential to Thomas’s scheme — without convincing Mukes of the viability of the investment program, Thomas would never have met Pastor Holmes or have had the opportunity to defraud the church. Moreover, a reasonable inference from the evidence is that Thomas’s overall plan was to use Mukes, Pastor Holmes, and anyone else necessary to effectuate his scheme. Cf. United States v. Kelly, 569 F.2d 928, 935-36 (5th Cir.1978) (<HOLDING>). Mukes’s statements or beliefs on his capacity",56358,8984,4,case_hold_mc,holding that the statute requires actual intent to hinder delay or defraud creditors or the trustee constructive intent to defraud does not suffice,holding other acts evidence that was permissible to demonstrate a plan to defraud was also admissible to establish intent knowledge and absence of mistake,holding that actual intent to defraud is not necessary to finding of constructive fraud,holding that a finding of specific intent to defraud necessarily excludes a finding of good faith,holding that  2314 does not require specific intent to defraud a certain person a general intent to defraud any person who might fall victim to the schemers plan is sufficient
68,"was tainted by the presence of the altered document, that determination was subject to deferential review on a record that contained the document, and the document was not removed from the record in subsequent proceedings. 576 F.3d at 1299-1300. The Federal Circuit remanded for a de novo determination of the veteran’s 1977 claim, implicitly declaring the April 1980 Board decision nonfinal. Id. at 1300. Hence, if a prejudicial due process violation occurred in this case, the 1983 Board decision may not stand in the way of a possible grant of service connection for left hip bursitis effective as early as the date of his original claim for those benefits in April 1982. R. at 929-30; see Cushman, 576 F.3d at 1300; see also Gambill v. Shinseki, 576 F.3d 1307, 1311 (Fed.Cir.2009) (<HOLDING>). Turning to the merits of Mr. Hime’s argument,",57219,9127,1,case_hold_mc,holding that harmless error analysis is inappropriate in a powers case,holding that the denial of due process in a particular case is subject to harmless error analysis,holding trial errors are subject to a harmless error analysis,holding that the omission of an element is subject to harmless error analysis,holding improper vouching is subject to harmless error analysis
69,"U.S. 368, 380, 99 S.Ct. 2898, 61 L.Ed.2d 608 (1979) (“Orneases have uniformly recognized the public trial guarantee as one created for the benefit of the defendant.”). “The knowledge that every criminal trial is subject to contemporaneous review in the forum of public opinion is an effective restraint on possible abuse of judicial power.” In re Oliver, 333 U.S. 257, 270, 68 S.Ct. 499, 92 L.Ed. 682 (1948); accord DePasquale, 443 U.S. at 412, 99 S.Ct. 2898 (Blackmun, J., concurring in part and dissenting in part) (“The public trial is rooted in the ‘principle that justice cannot survive behind walls of silence[.]’ ” (quoting Sheppard v. Maxioell, 384 U.S. 333, 349, 86 S.Ct. 1507, 16 L.Ed.2d 600 (1966))); Cox Broad. Corp. v. Cohn, 420 U.S. 469, 492, 95 S.Ct. 1029, 43 L.Ed.2d 328 (1975) (<HOLDING>). The public trial right unquestionably extends",58069,9268,4,case_hold_mc,recognizing that laws and regulations may bear upon the existence of a constitutional interest,holding that the summary rejection of a witness as noncredible is prejudicial and the proper administration of justice requires more,holding that the extension of judicial immunity to witnesses attorneys and parties  was regarded by us as necessary to the proper administration of justice,holding first amendment guarantees access to criminal trials and limitations on access are subject to strict scrutiny,holding that publicity serves to guarantee the fairness of trials and to bring to bear the beneficial effects of public scrutiny upon the administration of justice
70,"argument and belief that the party’s actions were not in violation of a bankruptcy stay); Fidelity Mortg. Investors v. Camelia Builders, Inc., 550 F.2d 47, 51, 57 (2d Cir.1976) (allowing imposition of costs, including reasonable attorney’s fees under civil contempt powers for acts which bankruptcy judge found were done with “knowledge” of automatic stay and “deliberate[ ]” disregard of bankruptcy rules regarding requirements for relief), cert. denied, 429 U.S. 1093, 97 S.Ct. 1107, 51 L.Ed.2d 540 (1977); Drywall Tapers, Local 1974 v. Local 530, 889 F.2d 389, 394-95 (2d Cir.1989) (knowledge of violation and terms of injunction required to hold party in civil contempt), cert. denied, — U.S. -, 110 S.Ct. 1478, 108 L.Ed.2d 615 (1990); see also In re First RepublicBank Corp., 113 B.R. at 279 (<HOLDING>); In re Brilliant Glass, Inc., 99 B.R. at 18",58928,9410,3,case_hold_mc,recognizing power of bankruptcy court to impose sanctions on parties and counsel who willfully abuse the judicial process but not finding sanctions appropriate against debtor and his attorney for their repeated bankruptcy filings,holding that  105 authorizes bankruptcy courts to impose sanctions for civil contempt to compel compliance with a court order or compensate parties for losses caused by noncompliance,recognizing district courts authority to dispose of contempt action for violation of automatic stay of bankruptcy,recognizing power of bankruptcy court under  105 of the code and bankruptcy rule 9020 to impose contempt sanctions for violations of automatic stay,holding that section 105 grants statutory contempt powers in the bankruptcy context that may be used to award monetary and other forms of relief for automatic stay violations to the extent such awards are necessary and appropriate to carry out the provisions of the bankruptcy code
71,"judgment.”); Eastern Books v. Bagnoni, 446 F.Supp. 643, 645 (W.D.Pa.1978) (though “nothing ha[d] been threatened and no other prosecution or other action ha[d] yet been taken,” holding that “in view of ... past harassment by the [c]ity ..., the seeds of a ripening controversy are pending[,] and ... this would be a proper ease for declaratory ... relief if a cause of action is otherwise made out”); cf. Younger v. Harris, 401 U.S. 37, 41-42, 91 S.Ct. 746, 27 L.Ed.2d 669 (1971) (where none of the plaintiffs “ha[d] been indicted, arrested, or even threatened by the prosecutor,” declining “to bring the equitable jurisdiction of the federal courts into play to enjoin a pending state prosecution”); Gay & Lesbian Advocates & Defenders v. Attorney Gen., 436 Mass. 132, 763 N.E.2d 38, 41 (2002) (<HOLDING>). Whereas the majority would apply the same",59787,9548,2,case_hold_mc,holding that it is not,holding that if a declaratory judgment will not end the controversy it is not proper,holding that actual controversy requirement not met where prior to exhibition distribution or any threat of prosecution the plaintiff sought a declaration that a film was not obscene and that it would not be subject to prosecution if it exhibited or distributed it,holding that the requirement of an actual case or controversy is a jurisdictional prerequisite under the constitution,holding that it may not
72,"as statements of a party opponent. 2. Sixth Amendment Right of Confrontation Because the messages did not constitute “hearsay,” their introduction did not violate the Confrontation Clause of the Sixth Amendment. Id. at 182, 107 S.Ct. 2775. B. Text Messages Mr. Brinson also argues that the district court erroneously admitted text messages from Mr. Brinson’s cellphone. This argument has not been adequately developed. Mr. Brinson states in his headings and issue statements that the court “erred in admitting ... text messages.” See Mr. Brinson’s Opening Br. at 2, 42. But Mr. Brinson has not identified the text messages erroneously admitted. Because Mr. Brinson has not adequately developed this argument, we deem it waived. See United States v. Cooper, 654 F.3d 1104, 1128 (10th Cir.2011) (<HOLDING>) (quoting Adler v. Wal-Mart Stores, Inc., 144",60643,9689,0,case_hold_mc,holding that arguments inadequately briefed in the opening brief are waived,holding that arguments not raised in the opening brief are waived,holding that an inadequately briefed assertion is waived on appeal,holding that arguments not briefed are abandoned,recognizing that arguments not briefed on appeal are waived
73,"damages was not justified. On appeal, Modern Woodmen argues that even if Mr. Webb’s “conduct was tantamount to willful, wanton, or reckless,” Modern Woodmen should not have to pay punitive damages because they did not authorize or ratify the misconduct. In Syllabus Point 3, Warden v. Bank of Mingo, 176 W.Va. 60, 341 S.E.2d 679 (1985), we stated: “To sustain a claim for punitive damages, the wrongful act must have been done maliciously, wantonly, mischievously, or with criminal indifference to civil obligations. A wrongful act, done under a bona fide claim of right, and without malice in any form, constitutes no basis for such damages.” Syl. pt. 3, Jopling v. Bluefield Water Works & Improvement Co., 70 W.Va. 670, 74 S.E. 943 (1912). See Hayseeds, supra 177 W.Va. at 330, 352 5.E.2d at 80 (<HOLDING>); Syllabus Point 1, Shamblin v. Nationwide Mut.",61499,9822,4,case_hold_mc,holding that a refusal to sign an implied consent form is not a refusal to submit to a breathalyzer test for purposes of section 1547,holding that a further finding that the insured intended to injure the defendant would preclude any liability for the insurer for indemnification of compensatory or punitive damages,holding refusal to sign hospital waiver of liability form is not a refusal under section 1547,holding that a refusal to grant such a petition should nevertheless be accompanied by reasons therefore,holding that an insurer is not liable for punitive damages by its refusal to pay a claim unless such refusal is accompanied by a malicious intent to injure or defraud
74,"which mandates that the State demonstrate that an interested adult was present during an interrogation, has been statutorily adopted in ten states. Those statutes render inadmissible any statement made during interrogation by a juvenile outside the presence of an interested adult and prohibit the waiver of the right to counsel by a juvenile unless that waiver is accompanied by a waiver of a parent or 972) (adopting rule that child may not waive right to counsel until child has had opportunity to consult with interested adult); G.J. v. State, 716 N.E.2d that child must be represented by parent, guardian or counsel during interrogation for statement to be admissible; child’s right to counsel cannot be waived by unrepresented child); Eddings v. State, 842 P.2d 759 (Okla.Crim. App.1992) (<HOLDING>); In re L.M., 993 S.W.2d 276 (Tex.App.1999)",62361,9965,0,case_hold_mc,holding that statements elicited during custodial interrogation of child are inadmissible unless parents are present,holding parents custodial rights are a fundamental interest guaranteed due process protection,holding that a statement given after miranda warnings have been administered may be inadmissable when police have elicited a previous unwarned statement during a custodial interrogation,holding that voluntary statements to police initiated by witness are not interrogation and therefore are nontestimonial,holding that miranda does not apply to statements of the defendant which are voluntary and unsolicited and not the product of custodial interrogation
75,"to prove a value of more than $100. The value of articles stolen from a stock of merchandise may be established by proof of the price at which the articles and other like articles are being offered and sold at the place where the articles were stolen. Robinson v. State, 107 Neb. 591, 186 N.W. 977 (1922). In Robinson, the court held that “[a]s to the proof of value, there is no better way of showing the market value of any article than the price at which it and others of its class are being offered and sold on the market.” 107 Neb. at 592, 186 N.W. at 978. However, in the case at hand, as' in State v. Garza, 241 Neb. 256, 487 N.W.2d 551 (1992), there is no evidence that the merchandise was actually sold for that value. See, also, State v. Sexton, 240 Neb. 466, 482 N.W.2d 567 (1992) (<HOLDING>). The Garza court held that price tags alone do",63216,10100,4,case_hold_mc,holding that evidence that the defendant and a witness sold drugs together was relevant to prove how the witness knew the defendant,holding that plaintiff was entitled to sue under rule 10b5 for the difference between the price and the value received from the sale of the security where as here the evil is not the price at which plaintiff bought but the fact of being induced to buy,holding that evidence was sufficient where there was testimony that appellant was seen threatening the victim and that other people were afraid,holding that evidence was sufficient to establish aggravated assault where appellant was seen pointing and firing a gun at two women,holding that police officers testimony that defendant was seen dragging sack toward parking garage with tag reflecting price at which item was being bought and sold on day of offense was sufficient evidence to prove value
76,"Needless to say, we do not generally consider points raised for the first time at oral argument. See United States v. Ulloa, 94 F.3d 949, 952 (5th Cir.1996), cert. denied, — U.S. -, 117 S.Ct. 1338, 137 L.Ed.2d 497 (1997); Zuc-carello v. Exxon Corp., 756 F.2d 402, 407-08 (5th Cir.1985) (“[W]hen an appellant raises an issue for the first time at oral argument, the Court ordinarily will not consider it; failure to satisfy the requirements of Rule 28 constitutes a waiver of the issue”); Fed. R.App. P. 28. Obviously, a party is bound by, or limited to, the relief it seeks on appeal. Fed. R.App. P. 28(a)(7) (appellant’s brief must contain “[a] short conclusion stating the precise relief sought”); see Johnson v. New York, N.H. & H.R. Co., 344 U.S. 48, 54, 73 S.Ct. 125, 97 L.Ed. 77 (1952) (<HOLDING>); MacArthur v. University of Texas Health",64073,10263,3,case_hold_mc,holding that trial court has no power to allow party to amend motion for new trial more than thirty days after trial court signed the final judgment and that denial of amended motion for new trial filed more than thirty days after judgment preserved nothing for appellate review,holding that party may not appeal summary judgment in favor of opponent when grounds opposing summary judgment asserted on appeal were not raised before trial court,holding that motion to dismiss should not  be granted unless the moving party has established that there is no material issue of fact to resolve and that it is entitled to judgment in its favor as a matter of law,holding that failure to move for judgment after verdict entitled party only to a new trial not a judgment in its favor,holding that a grant of summary judgment in favor of one party creates a final judgment allowing appellate review of denial of opposing partys summary judgment motion
77,"conducted laboratory procedures might therefore be approached more properly as an issue not going to the admissibility, but to the weight of the DNA profiling evidence”). 8 . Fed.R.Crim.P. 12.1(a) states: Upon written demand of the attorney for the government stating the time, date, and place at which the alleged offense was committed, the defendant shall serve within ten days, or at such different time as the court may direct, upon the attorney for the government a written notice of the defendant's intention to offer a defense of alibi. Such notice by the defendant shall state ... the names and addresses of the witnesses upon whom the defendant intends to rely to establish such alibi. Fed.R.Crim.P. 12.1(a). 9 . See also United States v. White, 583 F.2d 899, 901-02 (6th Cir.1978)",64924,10410,2,case_hold_mc,holding that death of potential alibi witness did not cause actual prejudice because defendant failed to relate the substance of the testimony of the missing witness in sufficient detail and to show witness testimony not available from other sources,holding that promises made by the prosecution to a witness in exchange for that witness testimony relate directly to the credibility of the witness,holding that defendant is under an obligation to give the government notice of an alibi witness even if defendant is unable to locate the witness,holding that evidence that the defendant and a witness sold drugs together was relevant to prove how the witness knew the defendant,holding that effort to locate witness was reasonable where inter alia the prosecutions investigator checked police records and attempted to locate witness at his home and his parents home
78,"investors to testify as to the value of their investment); Neff v. Kehoe, 708 F.2d 639, 643-44 (11th Cir.1983) (reversing, in an action alleging misrepresentations in sale of a coin collection, the exclusion of testimony of the plaintif&'buyer, • who was determined competent to give lay opinion testimony as to the value of the coins, even though such testimony was self-serving and unsupported by other evidence); Garis v. Massey, 270 Ark. 646, 606 S.W.2d 109, 112 (App.1980) (allowing owner of similar pr etti Corp. of America, 762 F.2d 843, 845-46 (10th Cir.1985) (permitting admission of testimony as to lost future profits from company’s president/treasurer with personal knowledge of company’s operations, sales, and profits); State v. Johnson, 221 Mont. 503, 719 P.2d 1248, 1256-57 (1986) (<HOLDING>); Schmidt v. J.C. Robinson Seed Co., 220 Neb.",65721,10542,4,case_hold_mc,holding police officer had probable cause to believe defendant was operating a motor vehicle under the influence of alcohol,holding that it was error to allow a police officer who was admitted as a lay witness after a prosecution motion to admit him as an expert was denied for lack of timeliness to give testimony as to a matter about which he had no personal knowledge,holding that in order to state a claim for ineffective assistance of counsel based on the failure to call a witness to testify the claimant must allege 1 the identity of the potential witness 2 that the witness was available to testify at trial 3 the substance of the witnesss testimony and 4 an explanation of how the omission of the testimony prejudiced the case,holding no abuse of discretion where judge had personal relationship with government witnesses but had not had contact with them for over ten years,holding that in a prosecution for driving under the influence of alcohol a police officer was properly allowed to testify as a lay witness on the basis of his own experience as to what generally happens to a car when its power steering fails where he had worked on vehicles of all kinds for over ten years and had experienced power steering failure several times
79,"words be given their fair and ordinary meaning applies to penal as well as non-penal statutes, and giving statutory words their full meaning in the context in which they are used does not violate the rule of lenity.” People v. District Court, 713 P.2d 918, 922 (Colo.1986); see also Alonzo Terry, 791 P.2d at 377 n. 4 (“[C]courts may not apply the rule of lenity to defeat the evident intent of the legislature.”). As explained above, the defendant’s interpretation of these statutes fails to give any meaning to the 1995 enactment of section 18-2-201(4.5). Thus, applying the rules of statutory construction to this case, we believe the defendant’s view of the statutes is contrary to the evident intent of the legislature, and we reject his interpretation. See Alonzo Terry, 791 P.2d at 376-77 (<HOLDING>); District Court, 713 P.2d at 922 (same). Based",66581,10676,4,case_hold_mc,holding rule of lenity in the penal context to be a rule of last resort,recognizing that the rule of lenity applies only after courts exhaust all other evidence of congressional meaning,holding that the rule of lenity applies to sentencing guidelines,holding an administrative interpretation cannot change the meaning of a statute or control the courts interpretation of it,holding the rule of lenity inapplicable where the defendants interpretation failed to give meaning to each statutory provision
80,"with the ulterior purpose of tempting them to yield, that purpose may be effectively frustrated by the simple expedient of not yielding. Id. at 482, 43 S.Ct. 597 (emphasis added). Determining that Massachusetts had failed to demonstrate that the Maternity Act had caused it any particularized and concrete burden, the Court held 'that the Commonwealth had “present[ed] no justiciable controversy, either in its own behalf or as the representative of its citizens.” Id. at 480, 43 S.Ct. 597. The iCourt concluded that Massachusetts’ challenge was ultimately “political, and not judicial in character, and therefore [was] not a matter which admits of the exercise of the judicial power.” Id. at 483, 43 S.Ct. 597; see also New Jersey v. Sargent, 269 U.S. 328, 337, 46 S.Ct. 122, 70 L.Ed. 289 (1926) (<HOLDING>). Nearly one hundred years later, West Virginia",67442,10819,4,case_hold_mc,holding that a commission is a body with special and limited power and it can only exercise the power expressly or impliedly granted to it and any reasonable doubt of existence of any power must be resolved against the exercise thereof,holding that the exercise of judicial power under article iii of the united states constitution requires an actual case or controversy,recognizing a distinction between the power of a federal court to hear statelaw claims and the discretionary exercise of that power,holding that the federal power act did not evince an intent to permit states to prohibit export of hydroelectric power out of state,holding that the states allegation that the congressional act at issue that went beyond the power of congress and impinged on that of the state  did not suffice as a basis for invoking an exercise of judicial power
81,"was timely and specifically preserved). {34} To the extent Defendant’s argument implies fundamental or plain error, we find no basis under either theory. First, there was no error. Defense counsel objected and moved to strike the testimony which the district court sustained. Defendant requested nothing further from the district court and thus obtained the relief requested. See In re Crystal L., 2002-NMCA-063, ¶ 19, 132 N.M. 349, 48 P.3d 87 (stating that closing statements by the State, while improper, did not constitute reversible error without evidence of substantial prejudice where defense counsel objected and the district court sustained the objection, but the defense did not request curative instruction or other remedy); State v. Woodward, 121 N.M. 1, 5, 908 P.2d, 231, 235 (1995) (<HOLDING>). {35} Further, there was more than substantial",68304,10958,1,case_hold_mc,holding that a district court has discretion to caution a witness about selfincrimination so long as the court does not actively encourage the witness not to testify or badgerf a witness into remaining silent,holding that the defendant waived objection to hearsay statement by asking the district court to caution witness and having failed to request other relief relief sought was obtained,holding that the defendants objection did not suggest that the objected to statement was hearsay and therefore concluding that the defendant waived appellate review of the hearsay argument,holding because the district court refused to grant plaintiff reinstatement or any other injunctive relief the damage award was neither incidental to nor intertwined with any other relief,holding that defendant who introduced hearsay statement waived objection to admission of another part of same statement
82,"798 n. 7 (3d Cir.1994) (concluding that defendant’s age of 57 offered no basis for downward departure). Marin-Castaneda does not assert any extraordinary condition other than the fact that he was 67 years old at the time of sentencing. He does not seem to suffer from any unusual impairments for a man his age; certainly nothing suggesting that home confinement would be as effective as incarceration. In fact, he had never been hospitalized before his stay at the Bayonne Medical Center. Appendix at 98 (referring to Presentence Investigation Report ¶ 37). Absent some extraordinary infirmity, we cannot conclude that the bare fact that Marin-Castaneda was 67 years old would have justified a downward departure by the district court. See United States v. Goff, 20 F.3d 918, 921 (8th Cir.1994) (<HOLDING>); United States v. Tucker, 986 F.2d 278, 280",69164,11090,0,case_hold_mc,holding that section 5h11 does not permit downward departure for 67yearold defendant in good health,holding that a defendants substance abuse or addiction does not justify a downward departure,holding that despite the defendants status as the sole supporter of his wife and three children the district court erred when it gave a downward departure for familial obligations because departure downward in sentencing is not justified for family reasons except in unusual circumstances,holding that the district courts denial of a downward departure was an exercise of discretion and therefore not reviewable,holding that district court had authority to grant section 5k20 downward departure despite governments opposition
83,"that the Board abused its discretion when it sustained the penalty imposed by the agency because the deciding official, Mr. Anderson, failed to consider all the relevant Douglas factors. See Douglas v. Veterans Admin., 5 MSPB 313, 5 M.S.P.R. 280, 305-06 (1981). One Douglas factor that the agency did not consider is the consistency of the penalty with those imposed on other employees for the same or similar offense. Mr. Powe, however, did not present any evidence of penalties imposed on other employees for similar misconduct. Without such evidence, the absence of which is unsurprising given the uniqueness of Mr. Powe’s offense, neither the agency nor the Board was required to consider this factor. See Nagel v. Dep’t of Health & Human Servs., 707 F.2d 1384, 1386-87 (Fed.Cir.1983) (<HOLDING>). Mr. Powe also argues that the agency failed",70021,11229,1,case_hold_mc,recognizing that district court is presumed absent contrary indication to have considered relevant factors when ruling on  3582c2 motion,holding that only relevant factors must be considered,recognizing that a 11 evidence must be relevant to be admissible,holding that there must be sufficient evidence in the record to affirmatively demonstrate the courts consideration of the relevant section 3553a factors,holding counsel must only provide relevant facts of the crime
84,"what an accused must defend against.” Jones, 68 M.J. at 472. We recognize the preceding language addressed general article 134, but its logic is equally applicable to any element which can be satisfied in multiple fashions, regardless of the punitive article to which the element pertains. See United States v. Morgan, 72 M.J. 398 (C.A.A.F.2013) (summary disposition analyzing lesser-included offenses of Article 120 specifications but citing to an article 133 case, United States v. Palager, 66 M.J. 294 (C.A.A.F.2002)). However, before conducting the elements test, we must first consider whether Congress has expressed its intent regarding convictions for both indecent liberties with a child and indecent exposure when the offenses arise from the same criminal act. See Teters, 37 M.J. at 377 (<HOLDING>). The very statutory language of Article 120,",70873,11367,4,case_hold_mc,holding that convictions for multiple offenses arising from the same act or transaction are authorized absent congressional intent to the contrary,holding that a double jeopardy violation does not result from prosecutions by different sovereigns arising from the same act,holding that a bargainedfor plea waives the right to attack multiple convictions on double jeopardy grounds,holding that all claims arising from the same employment relationship constitute the same transaction or series of transactions for claim preclusion purposes,holding the first question for purposes of a double jeopardy analysis is whether congress expressed its intent concerning multiple convictions at a single trial for different statutory violations arising from the same act or transaction
85,"Ambalal Chandubhai Patel petitions for review of the Board of Immigration Appeals’ summary affirmance of an immigration judge’s (“IJ”) order denying his motion to reopen deportation proceedings conducted in absentia. Because the transitional rules apply, see Kalaw v. INS, 133 F.3d 1147, 1150 (9th Cir.1997), we have jurisdiction under former 8 U.S.C. § 1105a(a). We review for abuse of discretion. Garcia v. INS, 222 F.3d 1208, 1209 (9th Cir.2000) (per curiam). We deny the petition for review. The IJ did not abuse his discretion in denying Patel’s motion to reopen because the record shows that his former counsel of record received proper notice of Patel’s deportation hearing held on August 24, 1995. See 8 C.F.R. § 1008.26 (formerly 8 C.F.R. § 3.26); Garcia, 222 F.3d at 1209 (<HOLDING>). The remaining contentions lack merit.",71733,11498,0,case_hold_mc,holding that notice to the attorney of record constitutes notice to the petitioner,holding that actual notice fulfills a notice requirement that an applicable federal regulation be conspicuously posted because actual notice is the best notice,holding that notice to original attorney not formally withdrawn comprised proper notice,holding that a defendant is not entitled to relief from default judgment because notice to an attorney of filing of motions and orders is constructive notice to the client even when the client did not have actual notice,holding that notice to supervisor is notice to city
86,"to the formation of the contract. Thus, they do not address any action taken by Defendants during performance which had the effect of preventing Plaintiffs from receiving the benefits of their lease, and therefore do not support a claim for breach of the duty of good faith and fair dealing. Arguably, the third claim alleging a breach resulting from omissions could be interpreted to allege a non-disclosure occurring after formation of the contract. However, even so construed, the claim is still not legally sufficient. To demonstrate a breach of the covenant of good faith and fair dealing, parties must generally show that they have been deprived of a contract right by an affirmative act, not merely a failure to act. See, e.g., M/A-COM Sec. Corp. v. Galesi, 904 F.2d 134, 136 (2d Cir.1990) (<HOLDING>) (emphasis added); Leberman v. John Blair &",72572,11632,1,case_hold_mc,holding that the implied covenant of good faith and fair dealing is limited to performance under a contract,holding that under the implied covenant of good faith neither party to a contract shall do anything which has the effect of destroying or injuring the right of the other party to receive the fruits of the contract,holding that a promisor impliedly pledges that it shall not do anything which will have the effect of destroying or injuring the right of the other party to receive the fruits of the promise,holding that where a city enters contract in excess of its statutory power the mere fact that the municipality has received the benefits of the contract which has been performed by the other party does not make the municipality liable either on the theory of ratification estoppel or implied contract in order to do justice to the other party by paying the reasonable value of the property or services,recognizing an implied covenant of good faith and fair dealing by all parties in the performance of a contract for the sale of real estate
87,"as an offense in which a person “assaults, resists, opposes, impedes, intimidates, or interferes with [a federal employee] engaged in or on account of the performance of official duties.” 18 U.S.C. § 111(a)(1). Subsection (b) of the statute provides for an enhanced. penalty if the perpetrator “inflicts bodily injury” during “the commission of any acts described in subsection (a).” Id. § 111(b). Thus, in order to convict a defendant for a violation of § 111(b), the government must prove all the elements of a violation of § 111(a) and the additional element of actual bodily injury. See United States v. Gutierrez, 745 F.3d 463, 471 n. 9 (11th Cir.2014); see also United States v. Siler, 734 F.3d 1290, 1296 (11th Cir.2013), cert. denied, — U.S. -, 134 S.Ct. 1563, 188 L.Ed.2d 574 (2014) (<HOLDING>). Here, defendant Clayton fails to show any",73430,11774,4,case_hold_mc,holding that any fact that increases the penalty for a crime beyond the prescribed statutory maximum must be submitted to a jury and proved beyond a reasonable doubt,holding that other than the fact of a prior conviction any fact that increases the penalty for a crime beyond the prescribed statutory maximum must be submitted to a jury and proved beyond a reasonable doubt,holding that the determination whether a crime is a necessarily included lesser offense of another crime is made by examining the elements of the crimes that must be proved in order to sustain a conviction,holding that other than fact of prior conviction any fact that increases penalty for crime beyond prescribed statutory minimum must be submitted to jury and proved beyond reasonable doubt,holding that  111 establishes three separate crimes each consisting of the elements of the preceding category of crime but adding an element or elements that must be proved to the jury beyond a reasonable doubt resulting in an increased penalty
88,"“should be held jointly and severally liable for any award of damages under 29 U.S.C. § 1132”); see also Doc. 27 at 6 (“Caudle’s contention is that Cigna vicariously does business in Alabama using subsidiaries like LINA as proxies.”) (emphasis in original)). Further, while Ms. Caudle has referred to some ERISA-based authorities that have permitted limited jurisdictional discovery from a parent corporation such as Cigna, she has not pointed to any cases that have ultimately allowed a parental holding company to be held jointly and severally liable for the actions of its subsidiary in denying a plaintiffs benefits claim under an ERISA co-conspirator, vicarious liability, and/or alter ego theory. Cf. Flanigan’s Enters., Inc. v. Fulton County, Ga., 242 F.3d 976, 987 n, 16 (11th Cir.2001) (<HOLDING>); Ordower v. Feldman, 826 F.2d 1569, 1576 (7th",74283,11916,0,case_hold_mc,holding that a party waives an argument if the party fails to elaborate or provide any citation of authority in support of the argument,holding that an issue is waived when a party fails to provide adequate citation to authority,recognizing that where a party fails to provide any authority for an argument we will presume that none exists,holding party must support argument with legal authority,holding that a party waives an argument that it raises in the background section of its brief but not in the argument section
89,"2005) (citation omitted). 10 . Josephine B. v. State, Dep't of Health & Social Servs., Office of Children's Servs., 174 P.3d 217, 222 (Alaska 2007). 11 . N.W. Cruiseship Ass'n of Alaska, Inc. v. State, Office of Lieutenant Governor, Div. of Elections, 145 P.3d 573, 576 (Alaska 2006) (citing Guin v. Ha, 591 P.2d 1281, 1284 n. 6 (Alaska 1979)). 12 . Romero v. Cox, 166 P.3d 4, 8 (Alaska 2007) (citing N. Pac. Processors, Inc., 113 P.3d at 579). 13 . Derr argues that the contract was fully integrated and thai examining extrinsic evidence to determine the meaning of the contract was inappropriate. The August 14, 2006 agreement was not integrated making this argument inapplicable. 14 . 666 P.2d 33 (Alaska 1983). 15 . 535 P.2d 1188 (Alaska 1975). 16 . Alaska N. Development, 666 P.2d at 39 (<HOLDING>). 17 . Lewis, 535 P.2d at 1197. 18 . Id. 19 .",75142,12051,1,case_hold_mc,holding that if the contract can be given a definite and certain meaning or interpretation the contract is not ambiguous and will be construed by the court as a matter of law,holding as a general rule of contract law if no other meaning is reasonable the court shall rule as a matter of law that the meaning is established,holding that where the language of the contract is unambiguous and conveys a definite meaning the court may decide the meaning of the contract as a matter of law,holding that exclusionary rule to be applied as a matter of state law is no broader than the federal rule,holding that under illinois law interpreting the meaning of a contract is a question of law determined by the court
90,"not comply with the more informative notice requirements of customs law. See supra at 9122. We do not consider here whether the notice furnished under customs law comports with due process and reserve judgment on that question. All we decide here is that the notice used by the INS does not. We also reserve judgment as to what process, in addition to reasonable notice, is due in an administrative forfeiture context. To the extent, however, that out-of-circuit cases suggest that notice of the forfeiture proceedings prescribed by statute is a property owner's only due process interest in an administrative forfeiture proceeding, that argument is clearly inconsistent with Goldberg v. Kelly, 397 U.S. 254, 267, 90 S.Ct. 1011, 1019, 25 L.Ed.2d 287 (1970), and we decline to follow such cases (<HOLDING>). 21 . See supra Pari III. 22 . Rule 23",75997,12204,4,case_hold_mc,holding that constitution requires  an opportunity  granted at a meaningful time and a meaningful manner  for a hearing appropriate to the nature of the case,recognizing that the essential requisites of procedural due process are notice and meaningful opportunity to be heard,holding that procedural due process requires adequate notice and a meaningful opportunity to be heard,holding plaintiff must prove that he or she was deprived of  an opportunity  granted at a meaningful time and in a meaningful manner for a hearing appropriate to the nature of the case,holding that due process requires at a minimum an opportunity to be heard at a meaningful time and in a meaningful manner
91,"hands, one grasping something, toward officers); Fraire, 957 F.2d at 1275 (suspect fled from police in car, then defied police orders and drove straight at officer); Ramirez, 542 F.3d at 127 (suspect exited car holding gun and brought his hands together in front of his waist, all the time failing to comply with officer commands); Owens, 259 Fed.Appx. at 622-23 (suspect refused to allow himself to be handcuffed, then accelerated car with officer’s arms trapped inside so that officer was dragged along). 22 .Rockwell’s mental illness may have restricted his choices once cornered, but police did not. See Rockwell, 664 F.3d at 989. 23 . Edmond v. City of New Orleans, 20 F.3d 1170, 1994 WL 144782, at *2 (5th Cir.1994) (precedential under 5th Cir. R. 47.5.3); see also Bazan, 246 F.3d at 493 (<HOLDING>). 24 . See, e.g., Billington v. Smith, 292 F.3d",76848,12345,3,case_hold_mc,holding events occurring after trial are not grounds for a new trial,holding that defendants claiming qualified immunity to  1983 action were entitled to summary judgment where factual disputes were not material,holding that this court has jurisdiction to review the legal issues concerning whether the factual disputes a are genuine and b concern material facts,holding that earlier events set the stage for what followed and that factual disputes regarding those events were material,holding that factual disputes regarding circumstances of traffic stop were pertinent to deciding legal issues in motion to suppress and thus hearing was necessary
92,"to impound vehicles in violation of parking regulations. 15 . Plaintiffs direct the Court to this decision from the Supreme Court of Louisiana which, in 1985, found some form of mailed notification of a proposed boot order and ""a brief period for informal discussion or other communication prior to the issuance of the immobilization order” necessary to satisfy due process. Wilson v. City of New Orleans, 479 So.2d 891, 901 (La. 1985). That case concerned a vehicle that was parked legally at the time it was immobilized, which does not appear to be the case before the Court. See Mandujano Aff. ¶ 5 (""another parking ticket was issued to my vehicle and a 'boot' device was place [sic] on it ...”). But see, City of Los Angeles v. David, 538 U.S. 715, 123 S.Ct. 1895, 155 L.Ed.2d 946 (2003)(<HOLDING>) 16 . To be sure, the Court does not believe",77708,12490,4,case_hold_mc,holding that parked police vehicle could not constitute other traffic,holding that delay of several hours after the vehicle was seized was reasonable,holding that towing of illegally parked vehicles without opportunity for prior hearing did not violate due process,holding thirtyeight day preappearance detention violated due process,holding that due process was not violated in a twentyseven day delay in holding a hearing after an illegally parked vehicle was towed
93,"at 42 Pa.C.S. § 9545(b)(l)(i)-(iii). 6 . One of Appellee's ineffectiveness claims challenged trial counsel’s effectiveness for failing to object and move for a mistrial on the ground that the Commonwealth exercised its peremptory strikes in violation of Batson. We concluded that because Appellee had failed to develop the requisite r 125 S.Ct. 2514, 161 L.Ed.2d 1114(2005). 8 . Appellee asserts that the Commonwealth did not appeal the new trial awarded to Spence. Appellee’s Brief at 22. 9 . Appellee also alleged that his supplemental PCRA petition was filed within sixty days of the order of the Third Circuit Court of Appeals, which denied reargument in Holloway v. Horn, 355 F.3d 707 (3rd.Cir.2004), cert. denied, Beard v. Holloway, 543 U.S. 976, 125 S.Ct. 410, 160 L.Ed.2d 352 (2004) (<HOLDING>). The PCRA court did not base its grant of",78561,12640,2,case_hold_mc,holding that a prima facie case is subject to independent review,recognizing that there is a preference for habeas corpus proceedings over remand when the record on appeal does not establish a prima facie case of ineffective assistance of counsel,holding that this courts procedural requirements regarding the development of a complete record to establish a prima facie case of a batson violation is an unreasonable application of federal law,holding to establish a prima facie case of racial discrimination a plaintiff must show he 1,holding that close temporal proximity is sufficient to establish a prima facie case of retaliation
94,"substitute their evaluation of legislative facts for that of the legislature.”); Ferguson v. Skrupa, 372 U.S. 726, 729, 83 S. Ct. 1028, 10 L. Ed. 2d 93 (1963) (“Under the system of government created by our Constitution, it is up to legislatures, not courts, to decide on the wisdom and utility of legislation.”). The courts are not in a position to agree or disagree with our legislature’s balancing of public policy interests or its determination as to which animals will be protected and in what manner this protection will be afforded. See Rousso, 170 Wn.2d at 84. Indeed, the judiciary’s making such public policy decisions would not only ignore the separation of powers, but would stretch the practical limits of the judiciary. See Brown v. Owen, 165 Wn.2d 706, 718-19, 206 P.3d 310 (2009) (<HOLDING>). This court is not equipped to legislate what",79412,12779,2,case_hold_mc,recognizing that the judicial rewriting of a statute would violate the separation of powers doctrine,recognizing separation of powers doctrine,recognizing the separation of powers implicit in the washington constitution and the relevance of justiciability concerns like those addressed by the federal political question doctrine citing baker v carr 369 us 186 217 82 s ct 691 7 l ed 2d 663 1962,recognizing that standing doctrine is fundamentally rooted in respect for the separation of powers of the independent branches of government,holding that the presidential privilege is inextricably rooted in the separation of powers under the constitution
95,"860 P.2d at 1007. ""An expectation of privacy is a question of intent, which may be inferred from words spoken, acts done, and other objective facts."" State v. Matison, 875 P.2d 584, 587-88 (Utah Ct.App.1994) (quotations and citations omitted). Second, we determine whether the defendant's expectation was objectively reasonable-that is, ""whether society is 'willing to recognize the individual's expectation of privacy as legitimate."" "" Id. at 588 (quoting State v. Taylor, 818 P.2d 561, 565 (Utah Ct.App.1991) (other quotations and citations omitted)). The burden is on the defendant to show Fourth Amendment standing. See State v. at car passengers have a legitimate expectation of privacy in their purses left in cars. See United States v. Buchner, 7 F.3d 1149, 1151, 1154 (5th Cir.1993) (<HOLDING>); United States v. Welch, 4 F.3d 761, 764 (9th",80272,12923,4,case_hold_mc,holding that the defendants statements disclaiming ownership of bag constitute a surrender of any legitimate expectation of privacy,holding that a car passenger had a legitimate expectation of privacy in his closed plastic shopping bag found on the floor of the car,holding the opening and inventory of a shoulder bag was reasonable despite the possible alternative of securing the bag as a whole,holding that car passenger had legitimate expectation of privacy in his jacket found crumpled on the back seat of car,holding that the owner of a shoulder bag located on the front seat of his girlfriends car had a legitimate expectation of privacy in the bag and its contents
96,"whether the malicious prosecution claim survived the qualified immunity defense, the district court expressly found that it ""need not address the question” because of its ruling that Moore's allegations were otherwise deficient. JA 355. 11 . See Sami v. United States, 617 F.2d 755, 773 (D.C.Cir.1979) (citing with approval cases holding that ""it takes more than a false arrest or malicious prosecution claim to rise to the dignity of a constitutional violation”); see also McLaughlin v. Alban, 775 F.2d 389, 392 (D.C.Cir.1985) (concluding that plaintiff must ""show not merely a mistaken prosecution or even a common law tort, but the violation of a constitutional right” to establish section 1983 claim); Torres v. Superintendent of Police of Puerto Rico, 893 F.2d 404, 409 (1st Cir.1990) (<HOLDING>) (citations omitted). 12 .See, e.g.,",81127,13057,2,case_hold_mc,holding that there is no substantive due process right under the fourteenth amendment to be free from malicious prosecution,holding plaintiffs allegations defendant acted under col or of state law to violate rights secured by the fourteenth amendment are sufficient to defeat summary judgment of plaintiffs section 1983 claim,holding section 1983 provides remedy only if plaintiff proves elements of malicious prosecution under state law and establishes that misuse of the legal proceedings was so egregious that he suffered deprivation of rights secured by fourteenth amendment,holding that section 1983 claims alleging due process violations stemming from malicious prosecution are unavailable when a state malicious prosecution action exists,holding that the fourteenth amendment protects property interests however only from a deprivation by state action
97,"for untruthfulness); State v. Hall, 120 Conn.App. 191, 991 A.2d 598, 604 (2010) (allowing misdemeanor convictions if defendant ""open[s] the door to the admission of the evidence”); State v. Bergerud, 155 Idaho 705, 711-12, 316 P.3d 117 (Idaho Ct.App.2013) (allowing ""inquiries into specific instances of the witness's conduct during cross-examination of that witness if the conduct is probative of truthfulness or untruthfulness"" but barring ""evidence of the misdemeanor conviction itself”); Allen v. Commonwealth, 395 S.W.3d 451, 463-64 (Ky.2013) (allowing ""simple inquiry” about the conduct involved in a misdemeanor conviction, “so long as a proponent does not attempt to prove the conduct involved ... by extrinsic evidence”); State v. Martin, 279 Mont. 185, 926 P.2d 1380, 1389 (1996) (<HOLDING>); Butler v. State, 120 Nev. 879, 102 P.3d 71,",81971,13188,2,case_hold_mc,holding that the admission of a report was not hearsay because it was not offered to prove its truth but to impeach the veracity of the witnesss direct testimony,holding no confrontation right violation where the district court limited crossexamination to basic information about the witnesss convictions and prohibited inter alia descriptions of the witnesss conduct during the incidents leading to his convictions emphasis added,holding that crossexamination about whether witness previously provided false information clearly was admissible as probative of the witnesss veracity,holding that limitation on scope and breadth of crossexamination did not significantly curtail effectiveness of witness crossexamination because crossexamination was lengthy and extensive,holding that a trial witnesss testimony as to the credibility of another witness was prejudicial error
98,"the loss to the owner of the houses destroyed, is a doctrine well established in the common law.""); Hale v. Lawrence, 21 N.J.L. 714, 730 (N.J.1848) (""[In a densely populated town, all may unite in destroying a building to stop a conflagration which threatens destruction to the rest.""); Respublica v. Sparhawk, 1 U.S. (1 Dall.) 357, 363, 1 L.Ed. 174 (Pa.1788) ('Houses may be razed to prevent the spreading of fire, because [of] the public good.""); The Case of the King's Prerogative in Saltpetre, (1606) 77 Eng. Rep. 1294 (K.B.) (analogizing taking saltpeter from a private landowner during wartime to destruction to prevent the spread of fire). 50 . See Muller, supra note 44, at 508-10; see also Lucas v. S.C. Coastal Council, 505 U.S. 1003, 1029 n. 16, 112 S.Ct. 2886, 120 LEd.2d 798 (1992) (<HOLDING>). 51 . 101 U.S. 16, 18, 25 L.Ed. 980 (1879). 52",82824,13316,0,case_hold_mc,recognizing that there is no compensable taking when the states destruction of property is done  in cases of actual necessity to prevent the spreading of a fire or to forestall other grave threats to the lives and property of others,holding that provocation is a proper defense to the charge of malicious destruction of property,holding that the fact that the fire was communicated to other property may reasonably be inferred from common knowledge of the operation of the established laws of nature in the familiar forms of combustion  and the effects of wind on fire ,holding person is at grave risk of death when directly in the line of fire or when in a zone of danger,holding that a taking occurred where flooding of the plaintiffs property amounted to an almost complete destruction of the value of the land
99,"not be construed to authorize suits against such federal agency on claims which are cognizable under [the FTCA, 28 U.S.C. § 1346(b) ], and the remedies provided by [the FTCA] in such cases shall be exclusive. 28 U.S.C. § 2679(a). “Thus, if a suit is ‘cognizable’ under § 1346(b) of the FTCA, the FTCA remedy is ‘exclusive’ and the federal agency cannot be sued ‘in its own name,’ despite the existence of a sue-and-be-sued clause.” Id. (quoting FDIC v. Meyer, 510 U.S. 471, 476, 114 S.Ct. 996, 127 L.Ed.2d 308 (1994) (first alteration in Meyer) (citation omitted from Meyer)). The court further correctly explained that plaintiffs’ suit is “cognizable” under § 1346(b): it is a straightforward state-law tort suit. See id. (citing In re Cedar Vale State Bank, 257 Kan. 497, 894 P.2d 816 (1995) (<HOLDING>)). The court also rejected the argument, which",83684,13465,1,case_hold_mc,holding that a bank receiver by filing a claim permits challenge to the secured portion of its claim,recognizing claim against bank receiver,holding that an africanamerican investment advisor who accompanied two clients into a bank could assert a  51 claim alleging discrimination against the bank even though his clients were the actual customers of the bank,recognizing that a bank customer may have a tort claim against a bank for the wrongful dishonor of a check,holding successor national bank liable for punitive damages judgment against bank that merged into successor national bank
100,"of the Tenth Amendment” and statutes were valid exercise of Congress’s Commerce Clause power); see also United States v. Brown, 72 F.3d 96, 97 (8th Cir.1995) (per curiam) (noting interstate drug trade affects interstate commerce and § 841(a)(1) is a valid exercise of congressional power), cert. denied, 518 U.S. 1033, 116 S.Ct. 2581, 135 L.Ed.2d 1095 (1996). Finally, in a supplemental brief, Deering argues that the government violated 18 U.S.C. § 201(c)(2) when it promised defense witness Cynthia Henderson a sentence reduction in exchange for her testimony at trial against him. Deering did not raise this issue in the district court, and the court did not commit plain error by failing to suppress Henderson’s testimony. See United States v. Johnson, 169 F.3d 1092, 1098 (8th Cir.1999) (<HOLDING>); United States v. Herron, 97 F.3d 234, 238",84542,13609,3,case_hold_mc,holding prosecutions failure to disclose promise of leniency to witness provided in exchange for that witnesss testimony violated due process,holding that the fact that a prosecutor afforded favorable treatment to a government witness standing alone does not establish the existence of an underlying promise of leniency in exchange for testimony,holding that  201c which penalizes an individual for giving anything of value in exchange for testimony does not apply to the united states government,holding that  201 does not sweep so broadly as to prevent prosecutors from offering leniency to an individual in exchange for truthful testimony,holding that agreements which afford cooperating accomplices leniency in exchange for testimony do not violate  201c2
101,"S00.1, which provides definitions relevant to the Bureau of Prisons. Section 500.1(c) defines “inmate” as ""all persons in the custody of the Federal Bureau of Prisons or Bureau contract facilities, including persons charged with or convicted of offenses against the United States.” The Court is not convinced that this is the relevant definition for the term ""inmate"" in § 1791. However, even if it is, it demonstrates that § 1791 applies only to those who are in Bureau of Prisons or Bureau contract facilities, or ""persons charged with or convicted of offenses against the United States."" Thus, the term “inmate” does not apply to persons charged with purely state offenses who are held in state, local or private facilities. 22 . United States v. Blake, 228 Fed.Appx. 791, 795-96 (3d Cir.2007) (<HOLDING>); United States v. Bush, No. 07-00072-CG, 2007",85395,13745,0,case_hold_mc,holding that rational jury could have found that defendant was an inmate of a prison for  1791 purposes where defendant was held at a local facility pending federal charges pursuant to an agreement between the facility and united states,holding that an inmate had no liberty interest in avoiding transfer to a more restrictive facility,holding that court would not imply a bivens cause of action for a prisoner held in a private prison facility,holding that possession was obtained when goods were received at the debtors facility and was not dependent on the contractual terms between the parties,recognizing that a patients choice of a health care facility does not render the facility a beneficiary under 502a1b
102,"constitutional amendment and the tort claims act, we hold that the Georgia Ports Authority is a state “department or agency” that is entitled to the defense of sovereign immunity under Art. I, Sec. II, Par. IX of the Georgia Constitution. Because the state has waived its immunity by enacting the Georgia Tort Claims Act, the Georgia Ports Authority may be liable for the torts of state officers and employees while acting within the scope of their official duties or employment. Judgment affirmed. All the Justices concur, except Sears and Carley, JJ., who dissent. 1 OCGA §§ 50-21-20 to 50-21-37 (1994). 2 Miller v. Ga. Ports Auth., 217 Ga. App. 876 (460 SE2d 100) (1995). 3 Ga. Const., Art. I, Sec. II, Par. IX (Supp. 1995). 4 See Scarlett v. Ga. Ports Auth., 223 Ga. 417 (156 SE2d 77) (1967) (<HOLDING>); Intl. Longshoremen’s Assn. v. Ga. Ports",86256,13885,3,case_hold_mc,holding that party timely objected to appointment of special master and did not waive its right to object when it objected to appointment several days before it participated in proceedings before special master,holding that because the special master saw the witnesses and heard the testimony he has broad discretion in determining credibility,holding that courts have inherent authority in special circumstances to stay adjudication,holding that ports authority was not a condemning body as defined in the special master act,holding that reviewing court should accord deference to special masters decision and may not substitute its own judgment for that of the special master
103,"an employee’s eligibility for, receipt of, plan benefits. See Stiltner v. Beretta, U.S.A. Corp., 74 F.3d 1473, 1480-81 (4th Cir.1996)(en banc.) (intentional infliction of emotion distress claim based upon employer’s alleged termination of employee to avoid paying her benefits was preempted); (4) state laws that conflict with the provisions of ERISA or operate to frustrate its objectives. See Boggs v. Boggs, 520 U.S. 833, 117 S.Ct. 1754, 138 L.Ed.2d 45 (1997) (preempting application of Louisiana’s community property law which would have allowed first wife to make a testamentary transfer of her interest in participant’s retirement benefits and survivor’s annuity); and (5) state laws that require employers to provide certain benefits. See Metropolitan Life 471 U.S. 724, 105 S.Ct. 2380 (<HOLDING>). Plaintiffs claims in the instant case fall",87111,14032,1,case_hold_mc,holding that federal common law of erisa preempts state law in the interpretation of erisa benefit plans,holding that a state law requiring benefit plans to include minimum benefits related to erisa plans,holding that statute related to erisa plans pursuant to  514a because it prohibited plans from being structured in a manner requiring reimbursement in the event of a recovery from a third party,recognizing that it was beyond dispute that a state statute that required all insured benefit plans to submit to an extra layer of review for certain benefit denials had a substantial effect on erisa plans,holding that a termination of an erisa plans benefits must be based upon the plans terms and language
104,"that the state court’s decision conflicts with this Court’s precedents.”). Our dissenting colleague makes one bare-bones reference to the fair-minded-jurist standard at the end of his opinion. Dissenting Op. at 310. The dissent instead emphasizes that the Michigan Court of Appeals simply ignored, misapplied, or failed to consider the relevant legal principles. Id. at 303-04, 307-08. But the Michigan Court of Appeals in fact cited cases from our sister circuits that have interpreted the FECA’s preemption clause, discussed the purposes of the FECA, and weighed the competing federal-state considerations. See, e.g., Thornburgh, 39 F.3d at 1280-81. Indeed, the cases cited by the Michigan Court of Appeals directly address the various theories of preemption in the context of the FECA. See id. (<HOLDING>); see also Stern v. Gen. Elec. Co., 924 F.2d",87966,14160,3,case_hold_mc,holding that erisa preemption is an affirmative defense where erisas preemptive effect would result only in a change of the applicable law and would not subject the claim to exclusive federal jurisdiction,holding that when erisas preemptive effect results in change of applicable law rather than choice of forum preemption is an affirmative defense that must be set forth in defendants answer or it is waived,holding that the ada preemption clause expresses a broad preemptive purpose,holding that courts have given section 453 a narrow preemptive effect in light of its legislative history and rejecting an argument based on conflict preemption,recognizing conflict
105,"of the trial court’s order in Case No. A16A2193. Judgment affirmed in Case No. A16A2192. Judgment affirmed in part and reversed in part in Case No. Al 6A2193. Dillard, P. J., and Bethel, J., concur. 1 The court’s order also granted summary judgment to CML-GA as to the liability of Redcedar’s co-defendants, Georgia Timber, LLC, and its agent, Barry Bedingfield. In addition, the court denied cross-motions for summary judgment filed by Redcedar and Bedingfield. Although Bedingfield initially appealed from the summary judgment order, this Court granted his motion to withdraw the appeal on August 19, 2016. Georgia Timber and CML-GA settled the case after the court entered summary judgment against the former on the issue of liability. Thus, Georgia Timb 93, 896 (5) (553 SE2d 181) (2001) (<HOLDING>); Southern Land & Cattle Co. v. Simmons, 202",88825,14292,4,case_hold_mc,holding that while safety improvements to public golf course were both feasible and highly desirable the citys failure to take such steps did not create a dangerous condition on the golf course for purposes of the cgia,holding that a person who cut and removed timber pursuant to the direction of the person in possession of the property but without the written consent of the company holding legal title to the land could be held liable under the gtccs,holding that a company that cut removed and sold timber from land that secured a debt held by the plaintiff was liable as a matter of law under the gtccs because it had not first obtained the written consent of the plaintiff,holding that a company that cut and removed timber from land that secured a debt held by the plaintiff was liable as a matter of law under an earlier version of the gtccs because it had not first obtained the written consent of the plaintiff,holding that a person who cut and removed timber from a golf course was liable to the owners of the course as a matter of law under the gtccs regardless how the person subsequently disposed of the timber ie by using selling or discarding it
106,"it is independent of the risk of injury attributable to the road-whether caused by lack of maintenance or inadequate design-and therefore does not contribute to a determination of the overall risk of injury from the road. 7 . We also note that Mr. Andrew's conclusion that it was the design of Highway 6 and not construction or lack of maintenance that allowed the rock to reach the traveled portion of the highway is arguably a legal determination. Yet, there is no indication that this geologist was even aware of the applicable legal definitions of maintenance and design. It would therefore be inappropriate to find a waiver of immunity as a matter of law based on nothing but the conclusory opinion of the state's expert. Quintana v. City of Westminster, 8 P.3d 527, 530-31 (Colo.App.2000) (<HOLDING>). 8 . Section 24-10-103(1) provides that ""[a]",89679,14429,4,case_hold_mc,holding that an experts opinion must be based on facts in evidence or within his or her knowledge and that the admission of an experts opinion is reviewed for an abuse of discretion,holding that an expert witnesss testimony on an ultimate issue was admissible recognizing that the expert did not specifically testify that the defendant was guilty or that as a matter of law the facts satisfied the applicable legal standard,holding that the supreme court will not issue advisory opinion on issue not before the court,holding even though experts are permitted to give an opinion they may not offer an opinion regarding the credibility of others,holding that the trial court erred by not making a finding as to whether officer endangered life or property pursuant to section 4241082c 11 crs 1999 and that therefore experts opinion that officer was reckless was not relevant to the issue to be decided to determine jurisdiction because allthough opinion testimony is not objectionable merely because it embraces an ultimate issue of fact cre 704 an expert may not usurp the function of the court by expressing an opinion of the applicable law or legal standard
107,"court did not abuse its discretion in admitting the firearms evidence because “the guns were probative of the intent to extort.” United States v. Gilley, 836 F.2d 1206, 1214 (9th Cir.1988). Because the firearms evidence did not “lure the factfinder into declaring guilt on a ground different from proof specific to the offensefs] charged,” there was no unfair prejudice. United States v. Gonzalez-Flores, 418 F.3d 1093, 1098 (9th Cir.2005) (citation omitted). 8. There was neither a material variance nor a constructive amendment of the indictment because the government did not argue a set of facts distinctly different from those alleged in the indictment. See United States v. Shipsey, 363 F.3d 962, 974 (9th Cir.2004); see also United States v. Fernandez, 388 F.3d 1199, 1218 (9th Cir.2004) (<HOLDING>) (citation omitted). 9. The evidence",90537,14572,3,case_hold_mc,holding that the government can satisfy the hobbs act interstate commerce requirement by showing that the robbery resulted in the closure of a business engaged in interstate commerce,recognizing that  the interstate nexus requirement is satisfied by proof of a probable or potential impact on interstate commerce,holding that robbery of nationwide checkcashing company affected interstate commerce in violation of hobbs act,holding that in the context of hobbs act prosecutions  an indictment need not set forth facts alleging how interstate commerce was affected nor otherwise state any theory of interstate impact,holding after lopez that the interstate nexus element of the hobbs act still requires the government to show only a minimal connection to interstate commerce
108,"One of this court has addressed whether failing to verbally articulate a desire to remain silent can invoke the right to remain silent. Hodges, 118 Wn. App. at 672. There, the court held that “[sjilence in the face of repeated questioning over a period of time may constitute an invocation of the right to remain silent.” Id. at 673. Under Hodges, the request “need not be articulated so long as it is clear and unequivocal.” Id. ¶15 Cases from other jurisdictions have addressed whether nonverbal conduct can be unequivocal. In United States v. Gordon, 173 F.3d 761, 766 (10th Cir. 1999), for example, the court held that “[n] on-verbal conduct, considered with other factors, can constitute voluntary consent to search.” See also United States v. Tutino, 883 F.2d 1125, 1138 (2d Cir. 1989) (<HOLDING>); People v. Martinez, 106 Cal. App. 3d 524,",91386,14705,2,case_hold_mc,holding that fair use is an affirmative defense,recognizing laches as an affirmative defense,recognizing an affirmative nod of the head is evidence of an unequivocal expression of understanding,holding that the running of the statute of limitations is an affirmative defense,holding that refusal to join guerrilla group is itself not affirmative expression of political opinion
109,"on the job.” Gillespie v. Washington, 395 A.2d 18, 20 (D.C.1978) (citing Black Indus., Inc. v. EMCO Helicopters, Inc., 19 Wash.App. 697, 577 P.2d 610 (1978), and Maltman v. Sauer, 84 Wash.2d 975, 530 P.2d 254 (1975) (en banc)). The policy behind this rule is that “the professional rescuer is held to have assumed the risks attending his [or her] work. 'Those dangers which are inherent in professional rescue activity, and therefore foreseeable, are willingly submitted to by the professional rescuer when he [or she] accepts the position and the remuneration inextricably connected therewith.' ” Id. (quoting Maltman, supra, 530 P.2d at 257; citing Spencer v. B.P. John Furniture Corp., 255 Or. 359, 467 P.2d 429 (1970)). See also Young v. Sherwin-Williams Co., 569 A.2d 1173, 1175 (D.C.1990) (<HOLDING>). It is an open question in this jurisdiction,",92239,14848,4,case_hold_mc,holding that the worsening test was met where a fateful error of a coast guard message center lulled a wouldbe rescuer into believing a fishing vessel was safe,holding that where the employment of the injured employees was the occasion of the injury the injuries arose out of employment,holding that defendants were not prejudiced by amendments to an employment discrimination claim because the original claim gave notice of the nature of the case,recognizing that an injury arises out of the employment relationship if it can be traced to the nature of employment or the workplace environment,holding that professional rescuer assumes the inherently risky nature of the employment
110,"was not to consider the fingerprints as evidence of guilt. Id. In the case at bar, defendant’s request did not go to the proper consideration of the evidence; rather, defendant’s requested instruction would have required the jury to return a verdict of not guilty if it found the fingerprint evidence to be unreliable. That instruction is simply not a correct statement of law where there was additional evidence, albeit contradicted by further testimony, that defendant was present on the night of the robbery. Had defendant requested an instruction, such as that seen in Moore, which pertained to the consideration of the evidence, the trial court would have been required to give that instruction in substance, but that is not the case here. See Bradley, 65 N.C. App. at 363, 309 S.E.2d at 513 (<HOLDING>). In sum, because the requested instruction was",93098,14986,0,case_hold_mc,holding that the trial court committed prejudicial error by failing to give a requested instruction on the probative value of fingerprint evidence where the state relied primarily on that evidence,holding probative value of evidence must be balanced against any prejudicial effect,holding that the district court committed plain error by admitting evidence obtained in violation of the fourth amendment where the error did affect a substantial right of the defendants and the admission of evidence which should have been excluded did have a prejudicial impact on the jury,holding that the trial court committed prejudicial error when it excluded expert testimony on false confessions,holding refusal to give pretext instruction was error but not prejudicial
111,"statement offered as evidence at trial is not considered heai'say if “[t]he statement is offered against a party and is ... a statement by the party’s agent or servant concerning a matter within the scope of the agency or employment, made during the existence of the relationship.” Fed. R.Evid. 801(d)(2)(D). There is no dispute that the statements Webb made to the government informant (a co-employee) and to the law enforcement agents concerned Webb’s billing practices and procedures at PDS while he was employed as the manager of the photogram department. Thus, the statements concerned matters within the scope of Webb’s employment with PDS, made during the existence of the employment relationship, and were admissible against PDS under Rule 801(d)(2)(D). See Brothers, 219 F.3d at 309-311 (<HOLDING>). Indeed, PDS seemingly agrees that Webb’s",93960,15128,0,case_hold_mc,holding that grand jury testimony of officer and inhouse counsel for corporate defendant was properly admitted as admission against the corporate defendant,holding that a fraudulent transfer claim against a corporate debtors control person belongs to the corporate debtor not to specific creditors,holding that to establish an attorneyclient privilege a corporate officer must make it clear that he is consulting the inhouse counsel on a personal basis and the counsel must accept the representation,holding that a corporate officer signing a contract in his corporate capacity is generally not liable for damages under the contract,holding that the general corporate laws are incorporated into the corporate charter
112,"action.”); see also Albert v. Wesley Health Services, 2001 WL 503241, *2, 2001 U.S. Dist. LEXIS 6119, *6-8 (D.Kan.2001). 3 . 422 U.S. 405, 421, 95 S.Ct. 2362, 45 L.Ed.2d 280 (1975). 4 . See Hillman v. United States Postal Service, 2002 U.S. Dist. LEXIS 363, *5 (D.Kan.2002), citing Sanchez v. Philip Morris Inc., 774 F.Supp. 626, 629 (W.D.Okla.1991). 5 . See Acrey v. American Sheep Inds. Ass’n, 981 F.2d 1569, 1576 (10th Cir.1992). 6 . See Wulf v. City of Wichita, 883 F.2d 842, 871 (10th Cir.1989). 7 . See Godinet v. Management & Training Corp., 56 Fed.Appx. 865 (10th Cir.2003). 8 . See Plaintiffs Trial Exhibit No. 6. 9 . See Estate of Pitre v. Western Electric Co., 975 F.2d 700, 704 (10th Cir.1992), see also Whatley, 707 F.2d at 1138; Sears v. Bennett, 645 F.2d 1365, 1378 (10th Cir.1981) (<HOLDING>). 10 . See Rahn v. Junction City Foundry, Inc.,",94816,15261,4,case_hold_mc,holding that a district court has wide discretion to modify an injunction based on changed circumstances or new facts,holding that trial justice has wide discretion to determine relevancy of evidence,holding that trial court has wide discretion in determining sufficiency of foundation for opinion testimony,holding family court has wide discretion in determining how marital property is to be distributed,holding that the court has wide discretion in fashioning remedies to make victims of discrimination whole
113,"by the district court are also debatable or wrong. See Miller-El v. Cockrell, 537 U.S. 322, 338, 123 S.Ct. 1029, 154 L.Ed.2d 931 (2003); Slack v. McDaniel, 529 U.S. 473, 484, 120 S.Ct. 1595, 146 L.Ed.2d 542 (2000); Rose v. Lee, 252 F.3d 676, 683 (4th Cir.2001). We have independently reviewed the record and conclude that Step-light has not made the requisite showing. Accordingly, we deny a certificate of appealability, deny leave to proceed in forma pauperis, deny Steplight’s motion for appointment of counsel, and dismiss the appeal. We dispense with oral argument because the facts and legal contentions are adequately presented in the materials before the court and argument would not aid the decisional process. DISMISSED * See Reid v. Angelone, 369 F.3d 363, 367-70 (4th Cir.2004)",95678,15414,2,case_hold_mc,holding that order denying motion to dismiss a bankruptcy petition is final under 28 usc  1291,holding that managing conservator while in texas to seek return of child by writ of habeas corpus may not be served with civil process and is subject to jurisdiction of court in which habeas corpus is pending and only for purpose of prosecuting writ of habeas corpus,holding that order denying relief under fedrcivp 60b in a habeas setting is the final order in a habeas corpus proceeding subject to the certificate of appealability requirement of 28 usc  2253c1a 2000,holding that  2253c1a applies when a state habeas petitioner proceeds under  2241,holding that a certificate of appealability is unnecessary where a district court dismisses a rule 60b motion as an unauthorized successive habeas motion
114,"in this case was objectively unreasonable. The evidence in this case is a far cry from being “too powerful to conclude anything but [the petitioner’s factual claim],” Miller-El II, 545 U.S. at 265, 125 S.Ct. 2317, nor is the state court’s finding close to “clearly erroneous,” Wiggins, 539 U.S. at 529, 123 S.Ct. 2527. Our conclusion that the state court’s factual determination was not unreasonable is bolstered by the apparent disagreement among our sister circuits on the extent to which § 2254(d)’s deference is conditioned, if at all, on the state court’s fact-finding procedures, and whether procedures like those used in Alabama’s courts in this case result in factual determinations that satisfy § 2254(d)(2)’s standard. Compare Earp v. Ornoski, 431 F.3d 1158, 1168-70 (9th Cir.2005) (<HOLDING>), and Taylor v. Maddox, 366 F.3d 992, 1001 (9th",96474,15543,4,case_hold_mc,holding that review under  2254d1 is limited to the record before the state court that adjudicated the claim on the merits rejecting the petitioners claim that the federal habeas court could consider evidence introduced in an evidentiary hearing,holding that probable cause hearing under wis stat  980092 was not intended to be an evidentiary hearing but rather a review of the paper record with argument allowed by counsel,holding that the state courts rejection of the petitioners ineffective assistance of counsel claim was an unreasonable determination of the facts in light of the evidence before the state court,holding that credibility determinations are for the jury,holding that a state courts rejection of petitioners habeas claim was unreasonable under  2254d2 where the court made credibility determinations on the basis of a paper record without an evidentiary hearing
115,"for agents to assume that owner of apartment had authority to grant consent to search adult tenant’s unlocked bedroom). Although plaintiff asserts that she was the owner of the guns, Florence Ostroski signed the receipts regarding the seized weapons, and so the defendant officers reasonably believed that she was permitting them to seize the guns. See Perez, 948 F.Supp. at 1201 (finding seizure of items reasonable, where owner of house displayed apparent authority to authorize seizure by signing receipts). Since the defendant officers had the reasonable belief that they had obtained sufficient consent for the search and seizure of the guns, they are at the very least entitled to qualified immunity on this claim. See, e.g. Ehrlich v. Town of Glastonbury, 348 F.3d 48, 61 (2d Cir.2003) (<HOLDING>); see also Simms v. Village of Albion, N.Y.,",97331,15679,1,case_hold_mc,holding officers engaged in search entitled to immunity,holding that officers were entitled to qualified immunity where defendant officers could have reasonably believed that they were given sufficient third party consent to search,holding that defendant officers were entitled to qualified immunity as a matter of law where they relied upon consent of property owner to perform search,holding that defendants are not entitled to qualified immunity,holding that officers were entitled to qualified immunity because they did not know the residence for which they obtained a warrant actually contained multiple units
116,"the Engle class. As in this case, proving class membership often hinges on the contested issue of whether the plaintiff smoked cigarettes because of addiction or for some other reason (like the reasons of stress relief, enjoyment of cigarettes, and weight control argued below). Once class membership is established, individual plaintiffs use the Phase I findings to prove the conduct elements of the six causes of action this Court upheld in Engle-, however, for the strict liability and negligence claims at issue here, they must then prove individual causation and damages.[ ] If an individual plaintiff receives a favorable verdict, it is then subject to appellate review. Therefore, the Engle defendants receive the same process as any civil defendant. See Waggoner, 835 F.Supp.2d at 1273-74 (<HOLDING>). Id. at 432 (emphasis added). Though the Court",98186,15816,0,case_hold_mc,recognizing that giving the phase i findings res judicata effect does not arbitrarily deprive the engle defendants of their property because to gain the benefit of these findings individual plaintiffs must first prove class membership and then after clearing that hurdle must prove the remaining elements of a prima facie case all of which is subject to judicial review,holding that the trial courts putting its findings on the record at the conclusion of the states case was sufficient to satisfy  152538 because that section does not specifically limit the time within which the court must state the findings,holding that a prima facie case is subject to independent review,holding that because the plaintiff was not disabled for the purposes of the ada this court need not to address the other elements of the prima facie case,holding that appellants must provide a precisely focused summary of all the evidence supporting the findings they challenge  and then convince us that the trial court erred in the assessment of that evidence to its findings
117,"Because we found these provisions to be non-punitive, we held that the full panoply of due process protections that attach where punishment is in the offing, see Apprendi v. New Jersey, 530 U.S. 466, 120 S.Ct. 2348, 147 L.Ed.2d 435 (2000), are not constitutionally required. Therefore, we found no constitutional flaw with the prescribed SVP assessment procedure, which requires only that the prosecution demonstrate to the court (rather than a jury) by clear and convincing evidence (rather than proof beyond a reasonable doubt) that the offender suffers a “mental abnormality or personality disorder that makes the person likely to engage in predatory sexually violent offense.” 42 Pa.C.S. § 9792; see G. Williams, 832 A.2d at 984; of. Commonwealth v. Killinger, 585 Pa. 92, 888 A.2d 592 (2005)(<HOLDING>). In G. Williams, however, this Court expressed",99048,15951,2,case_hold_mc,holding that statutory notice provisions for notice of default and opportunity to cure were waived by provisions of note as to one obligor though provisions applied to coobligor who used property as residence,holding that mandatory minimums do not implicate apprendi,holding that the registration and community notification provisions applicable to nonsvp offenders also do not implicate apprendi because those provisions attach automatically upon conviction of a predicate offense and require no judicial factfinding by a diminished standard of proof,holding that the hearing provisions of the ina supersede the provisions of the apa,holding that congress incorporation of jury provisions of the fair labor standards act into the age discrimination in employment act necessarily ratified and adopted longstanding judicial construction of those provisions
118,"federal habeas claims to allow the petitioner to exhaust his claims in state court, we cannot say that “the sole purpose and effect of the stay is precisely to surrender jurisdiction of a federal suit to a state court,” Moses H. Cone, 460 U.S. at 10 n. 11, 103 S.Ct. 927. Rather, such a stay “merely has ‘the practical effect of allowing a state court to be the first to rule on a common issue.’ ” Swanson v. DeSantis, 606 F.3d 829, 834 (6th Cir.2010) (quoting Moses H. Cone, 460 U.S. at 10 n. 11, 103 S.Ct. 927). Because the district court’s order does not put Stanley “effectively out of court,” we are without appellate jurisdiction to determine the propriety of its order. See Cofab, Inc. v. Phila. Joint Bd., Amalgamated Clothing & Textile Workers’ Union, 141 F.3d 105, 109 (3d Cir.1998) (<HOLDING>). C. Mandamus “We have authority to issue a",99909,16086,0,case_hold_mc,holding that moses h cone did not apply where the district court had no intention to  deep six the suit,holding that amendment to the challenged statute mooted the claim when the state had expressed no intention to reenact the prior law,holding that the district court had no right to apply the statute of limitations sua sponte because it had been waived,holding that plaintiff had no standing because he had no intention of seeking further medical advice or treatment from defendant,holding that there was no prejudice where had the district court allowed the moving party the proper opportunity to respond the evidence would have been properly in front of the district court
119,"to legislation regulating abortion. The Attorney General notes that the Supreme Court applied the Salerno standard in the abortion context prior to Casey, see, e.g., Ohio v. Akron Ctr. for Reprod. Health, 497 U.S. 502, 514, 110 S.Ct. 2972, 111 L.Ed.2d 405 (1990), and urges us to follow the Fifth Circuit’s decision in Barnes v. Moore, 970 F.2d 12, 14 n. 2 (5th Cir.1992), that Casey does not displace Salerno’s “no set of circumstances” test for facial challenges to abortion regulation. See also Causeway Med. Suite v. Ieyoub, 109 F.3d 1096, 1102-03 (5th Cir.1997) (declining to reverse Barnes). The overwhelming majority of circuits to address this issue, however, have disagreed with the Fifth Circuit. See, e.g., Planned Parenthood of Cent N.J. v. Farmer, 220 F.3d 127, 142-43 (3d Cir.2000) (<HOLDING>); Planned Parenthood of S. Ariz. v. Lawall, 180",100763,16238,0,case_hold_mc,holding undue burden standard instead of salerno standard applies in abortion context after casey,holding that a finding of accommodation is reviewed under the clearly erroneous standard of review instead of under a de novo standard,holding that even if the standard for waiver is clear the standard was not met,holding that the standard of proof for dischargeability actions is the preponderance of the evidence standard,recognizing that the federal pleading standard is a less stringent standard than the delaware pleading standard
120,"Conditions of Participation, it loses Medicare and Medicaid funding. 10 . Section 330(a)(1) authorizes the court, after notice and a hearing and subject to §§ 326, 328 and 329, to award an ombudsman appointed under § 333 reasonable compensation for actual, necessary services rendered by the ombudsman and reimbursement for actual, necessary expenses. 11 U.S.C. § 330(a)(1). Compensation and reimbursement awarded under § 330(a) is an administrative expense under § 503(b)(2) entitled to second priority under § 507(a)(2). 11 U.S.C. §§ 503(b)(2) & 507(a)(2). Sections 503 and 507(a)(2) are incorporated into chapter 9 by virtue of § 901(a), but § 901(a) does not incorporate either § 330 or § 333. 11 U.S.C. § 901; see, e.g., In re E. Shoshone Hosp. Dist., 226 B.R. 430, 431 (Bankr.D.Idaho 1998) (<HOLDING>); In re County of Orange, 179 B.R. 195, 200",101624,16377,2,case_hold_mc,holding that once counsel was appointed defendant spoke to the court through counsel and thus the court was not required to respond to defendants request for a speedy trial,holding  1325b is not incorporated into  1329,holding that a chapter 9 debtor was not required to obtain court approval for the employment of counsel because  327 328 330 and 331 are not incorporated into  901,holding that a previously unemployed spouse was not required to obtain immediate employment upon divorce,holding that plaintiff entitled to recover for changes not incorporated into contract under theory of breach
121,"of Johnson City, 473 U.S. 172, 194-95, 105 S.Ct. 3108, 87 L.Ed.2d 126 (1985). In any event, Colaprete does not argue that the alleged theft constituted a taking, let alone that the applicability of the Takings Clause in this situation is clearly established. The Fourth Amendment, however, does protect against conduct of this nature. A seizure of property within the meaning of the Fourth Amendment occurs “when there is some meaningful interference with an individual’s possessory interests in that property.” United States v. Jacobsen, 466 U.S. 109, 113, 104 S.Ct. 1652, 80 L.Ed.2d 85 (1984). The Fourth Amendment regulates all such interference, and not merely the initial acquisition of possession. See United States v. Place, 462 U.S. 696, 706, 709-10, 103 S.Ct. 2637, 77 L.Ed.2d 110 (1983) (<HOLDING>). Because theft by a police officer extends a",102481,16516,3,case_hold_mc,holding that analysis of seizures under the fourth amendment applies only to an initial seizure and subsequent conditions of detention are properly examined under the fourteenth amendment,holding detention of passenger for warrant check violated fourth amendment absent reasonable suspicion,holding that impoundment of a vehicle can be a seizure under the fourth amendment,holding that the initial seizure of a suitcase was valid but that the ninetyminute detention of the suitcase violated the fourth amendment,holding seizure of evidence in plain view reasonable under fourth amendment
122,"Id. Here, the applicable statute, Ind.Code § 35-42-2-1, is similar to the applicable statute in Francis, and provides, in pertinent part: A person who knowingly or intentionally touches another person in a rude, insolent, or angry manner commits battery ... a Class A felony if it results in the death of a person less than fourteen (14) years of age and is committed by a person at least eighteen (18) years of age. In Francis, the Indiana Supreme Court assigned weight in the low to medium range for the aggravating cireumstance of the young age of the victim but did not require such a weight. We conclude that the trial court did not abuse its discretion by assigning the aggravating factor of Blake's age significant weight. See, e.g., Warlick v. State, 722 N.E.2d 809, 813-814 (Ind.2000) (<HOLDING>). B. In Need of Correctional or Rehabilitative",103341,16653,0,case_hold_mc,holding that the trial court did not abuse its discretion when it gave aggravating factors considerable weight,holding trial court did not abuse its discretion by ruling based only on affidavits,holding that trial court retains wide discretion to apply or reject mitigating and aggravating factors as well as to interpret meaning of individual factors and its determination must be upheld absent abuse of discretion,holding that the relative weight or value assignable to aggravating and mitigating factors properly found is not subject to review for abuse of discretion,holding that a trial courts weighing of mitigating and aggravating factors will not be disturbed absent a showing that the trial court abused its discretion
123,"claim finding that insurance is not a “service”); Estate of Migliaccio v. Midland Nat’l. Life Ins. Co., 436 F.Supp.2d 1095, 1108-09 (C.D.Cal.2006) (dismissing CLRA claim on the ground that annuities, which are defined in the California Insurance Code as part of life insurance, are not “goods” or “services”); Bacon ex rel. Moroney v. Am. Int'l Group, 415 F.Supp.2d 1027, 1035-36 (N.D.Cal.2006) (same); Newland v. Progressive Corp., No. CIV-S-05-01405 DFL PAN, 2006 WL 2536625 at *5 (E.D.Cal. Aug. 31, 2006) (insurance is neither a “good” nor a “service” within the meaning of the CLRA); Bufano v. State Farm Gen. Ins. Co., No. B166899, 2004 WL 2526422, at *7 (Cal.Ct.App. Nov. 9, 2004) (same); Lynch v. Commercial Union Ins. Co., No. A094846, 2001 WL 1660035 at *7 (Cal.Ct.App. Dec. 28, 2001) (<HOLDING>). As the parties have pointed out, the",104199,16798,2,case_hold_mc,holding that plaintiff could recover medical fees not actually paid by the insurance company pursuant to an insurance contract,holding that under minnesota law an insurance policy or provision not filed with the commissioner of insurance is unenforceable,holding that insurance is not a good or service and noting that insurance is a contract by which indemnification is provided for loss arising from a contingent or unknown event,holding that additional free title insurance provided a benefit to class members regardless of whether they made a claim on that insurance,holding that new yorks public policy does not bar insurance coverage for disparate impact employment discrimination but noting that the state of new york insurance department has stated that it is against public policy to provide insurance coverage for intentional acts of discrimination
124,"Edgewood IV, 917 S.W.2d at 738 (""Although financial incentives for property-poor districts and the desire to maintain previous levels of revenue in the property-rich districts may encourage districts to tax at the maximum allowable rate, the State in no way requires them to do so.”); id. at 765 (Hecht, J., dissenting) (""[School districts] will move immediately to the maximum rate, either out of desire to maximize the funds they receive from the State, or out of necessity to obtain funds essential to their present level of operation _Both the district court and all parties acknowledge that every school district in Texas will move as quickly as possible to the maximum $1.50 rate because of the provisions of Senate Bill 7.”). 68 . 176 S.W.3d at 797. 69 . See Edgewood IV, 917 S.W.2d at 739 (<HOLDING>). 70 . See 917 S.W.2d at 759 (Hecht, J.,",105049,16936,1,case_hold_mc,holding that transfer rule denying eligibility to students transferring from public to private schools did not violate the students rights to due process or equal protection of the laws as provided by the fourteenth amendment,holding schoolfinance system did not violate article viii by allowing taxpayers to choose whether to pay for education of nonresident students purchase average daily attendance credits or contract for the education of nonresident students,holding that records of students evaluation by school psychologist were not subject to the psychologistpatient privilege because the student and his mother did not expect the communications to remain confidential and because the purpose of the interview was to  assess  the students need for special education services not for the purpose of treatment or counseling,holding that university students redacted disciplinary records were not education records,holding that a school districts policy requiring fulltime attendance by all students did not establish a system of individualized exceptions that give rise to the application of a subjective test when the exceptions to the policy were confined to strict categories of students such as fifthyear seniors and special education students
125,"28 U.S.C. § 2254(d)(2). 2. Further, although the appellate court identified the three-step inquiry for identifying purposeful discrimination under Batson, it unreasonably applied Bat-son’s third prong in determining that the trial court had fulfilled its duty to determine whether Collins had established purposeful discrimination. See Andrade, 123 S.Ct. at 1174 (citing Williams v. Taylor, 529 U.S. 362, 120 S.Ct. 1495, 146 L.Ed.2d 389 (2000)). It is well-established that “once the prosecutor offers a race-neutral basis for his exercise of peremptory challenges, the trial court then has the duty to determine if the defendant has established purposeful discrimination.” Hernandez, 500 U.S. at 363, 111 S.Ct. 1859 (emphasis added) (internal quotation marks omitted); id. at 359, 111 S.Ct. 1859 (<HOLDING>) (emphasis added); Batson, 476 U.S. at 98, 106",105904,17082,2,case_hold_mc,holding that the burden of proving lack of negligence is on the owner,holding that the burden of proving that the employee did not make reasonable efforts is on the defendant,holding that the trial court must determine whether the defendant has carried his burden of proving purposeful discrimination,holding that the defendant bears the burden of proving outside contact with the jury,holding that the government must satisfy its burden of proving contract damages
126,"people.” (PL’s Ex. K.) The Court disregards this letter realizing it was written, in part, to ensure a congenial departure and the prospect of favorable recommendation letters, yet conversely, there has been no evidence provided that could reasonably lead to the conclusion that HP’s actions were carried out with the specific intent of inducing Victory’s resignation. Thus, where an employee is not satisfied with the terms a 6 F.Supp. 218, 228-29 (S.D.N.Y.1997) (upholding arbitrators’ decision that no constructive discharge occurred where employee’s responsibilities were diminished by over 20 percent and no bonus was paid which represented 40-50 percent of prior two years gross earnings); Bauman v. North Am. Graphics, Inc., No. 94 Civ. 5975, 1997 WL 278057, at *4 (S.D.N.Y. May 22, 1997) (<HOLDING>). Accordingly, Plaintiffs claim of constructive",106765,17209,1,case_hold_mc,holding that employee who resigned left voluntarily where employer accepted resignation told employee not to come to work anymore and paid employee through end of notice period,holding employee resigned and was not constructively discharged because there was no evidence that employer deliberately created working conditions that led to her resignation,holding that although there was evidence of discrimination by the employer based on race there was insufficient evidence to support a finding that the employer had constructively discharged the plaintiff,recognizing constructive discharge where employer rather than acting directly deliberately makes employees working conditions so intolerable that a reasonable employee would be forced into involuntary resignation,holding that defendant interfered with plaintiffs right when the employer forced her to choose between resignation and working without leave
127,"(treating defense of self and defense of others together for purposes of reviewing trial counsel’s refusal to tender proposed jury instructions). Rondeau’s self-defense claim was unsuccessful, and he has failed to establish that a different outcome was reasonably likely if a jury instruction had been given on defense of a third party. [42] Speedy trial. Finally, we turn to Rondeau’s claim that trial counsel should have filed Rondeau’s requested motion for a speedy trial, and that counsel was ineffective in failing to do so. During the pendency of his trial proceedings, Rondeau pro se submitted a request for a speedy trial; the trial court did not entertain the motion because Rondeau was at that time represented by counsel. See Underwood v. State, 722 N.E.2d 828, 832 (Ind.2000) (<HOLDING>). Rondeau then requested that his trial counsel",107626,17339,2,case_hold_mc,recognizing a defendants right to dismiss retained counsel in favor of appointed counsel,holding that in determining whether there exists a valid waiver of the right to counsel in the criminal setting the court may consider a defendants lack of good faith in working with appointed counsel including an unreasonable refusal to cooperate with counsel or an unreasonable request for substitution of appointed counsel and the timeliness of defendants request for new counsel particularly when a defendant makes an untimely request for new counsel  under circumstances which are likely to result in a continuance,holding that once counsel was appointed defendant spoke to the court through counsel and thus the court was not required to respond to defendants request for a speedy trial,holding in situation of appointed counsel that if nonfrivolous issues may exist new counsel must be appointed,holding that the defendants prior conviction was not obtained in violation of his right to counsel because he had the opportunity for appointed counsel at public expense
128,"than in the precise and legalistic language usually found in an indictment, a presentment or an arrest warrant.” Carratt v. Commonwealth, 215 Va. 55, 59, 205 S.E.2d 653, 656 (1974), cert. denied, 420 U.S. 973 (1975). The purpose of this requirement ‘ ‘is to apprise the subject of the search of the offense being investigated and the evidence sought, and to advise the officers in advance as to what they are to be searching for.” Id. at 60, 205 S.E.2d at 656. Here, the affidavit specifically describes the offenses being investigated as breaking and entering, grand larceny, and possession of stolen property. This language “substantially” alleges, in general terms, the offenses that are the basis of the search. Compare Moore v. Commonwealth, 211 Va. 569, 570, 179 S.E.2d 458, 459-60 (1971) (<HOLDING>). Furthermore, the affidavit describes the",108479,17475,1,case_hold_mc,holding that where jury was instructed on both a greater offense and lesserincluded offense and the jury convicted on the lesserincluded offense the double jeopardy provision prohibited retrial on the greater offense,holding that no offense alleged where affidavit described offense as felony,holding that a felony drug offense is an offense punishable by more than one year as defined in 21 usc  80244 2000 regardless of whether the state of conviction classified the particular offense as a misdemeanor or felony,holding that reversal of conviction for felony murder was required where jury failed to find the defendant guilty of the underlying felony as essential element of the felony murder offense,holding that counsel was not ineffective in failing to request a charge on the lesserincluded offense when the evidence showed either the commission of the completed offense as charged or the commission of no offense such that the defendant was not entitled to a charge on the lesser offense
129,"years old and that he was meeting its legitimate expectations, but disputes that Dunn suffered an adverse employment action or was replaced by someone substantially younger. a. Adverse Employment Action The parties’ main dispute under this element concerns whether the Board’s nonrenewal of Dunn’s contract constitutes an adverse employment action. The School District argues that the nonrenewal was not an adverse employment action because once Dunn retired he became a nontenured employee with no expectation of a continuing contract and could therefore be nonrenewed without cause. See S.D. Codified Laws (SDCL) § 13-43-6.3 (stating that a school is not required to give a reason for nonrenewal to a nontenured teacher); Wirt v. Parker Sch. Dist. No. 60-4, 689 N.W.2d 901, 905-07 (S.D.2004) (<HOLDING>). The School District argues further that",109334,17613,2,case_hold_mc,holding that an employee who did not present evidence that she could have returned to work prior to the expiration of her fmla leave allowance was not entitled to additional leave merely because her employer had not properly provided her with notice that the leave was designated as fmla leave,holding that employee who resigned left voluntarily where employer accepted resignation told employee not to come to work anymore and paid employee through end of notice period,holding that teacher who voluntarily resigned cashed out her sick leave and was then rehired on a oneyear contract no longer had tenure,holding employee resigned and was not constructively discharged because there was no evidence that employer deliberately created working conditions that led to her resignation,holding that appellants complaint on appeal that the environment was coercive did not change the fact that he was not in custody when he voluntarily went to the police station was told several times he could leave and did leave after the interrogation
130,"sought visitation rights with respect to the child. Florida law, however, does not allow a non-parent to seek custody or visitation. See generally Wakeman v. Dixon, 921 So.2d 669 (Fla. 1st DCA 2006). Therefore, Appellant’s civil action was dismissed. Appellant then sought to force visitation by filing a dependency action. Her petition alleged that M.N.B. is dependent within the meaning and intent of chapter 39, Florida Statutes, in that Appellee abused and/or neglected the minor child by cutting off all contact between the child and Appellant, causing the child significant harm. Hearings were held on the matter during which Appellant presented the testimony of Dr. Deborah Day, a licensed psychologist. Dr. Day testified that there could be psychological damage inflicted on the child i ) (<HOLDING>). Therefore, the petition for dependency was",110187,17743,4,case_hold_mc,holding care custody and control of children is a fundamental right,recognizing parents fundamental liberty interest in the care custody and management of their children,holding that once juvenile court found children dependent it had exclusive jurisdiction to determine their custody,holding that the failure to attach a custody order was not reversible error because there was no showing of prejudice where there was no indication that the respondent was unaware of the placement or custody of the children at any time the motion to terminate stated that dss was given legal custody of the minor children and the record included a copy of an order in effect when the motion was filed that awarded dss custody of the children,holding testimony relating to childrens expressed apprehensions over custody fight and charges parents were making against each other and concerning the atmosphere of turmoil created by a custody battle was insufficient to declare children dependent
131,"of acquittal should have been granted. In order for the trial court to grant a motion for acquittal, there must be no substantial evidence from which the jury could find for the nonmoving party, and there must be no way that reasonable minds could reach any other conclusion. See Larimore v. State, 309 Ark. 414, 833 S.W.2d 358, 359 (1992); McGalliard v. State, 306 Ark. 181, 813 S.W.2d 768, 769 (1991). Circumstantial evidence may constitute substantial evidence warranting the denial of a motion for acquittal. See Davasher v. State, 308 Ark. 154, 823 S.W.2d 863, 868, cert. denied, — U.S. —, 112 S.Ct. 2948, 119 L.Ed.2d 571 (1992). This court must consider whether the evidence in this case warranted a j 93, 695 (1981) (same). But see Olles v. State, 260 Ark. 571, 542 S.W.2d 755, 758 (1976) (<HOLDING>), overruled on other grounds by White v. State,",111046,17876,2,case_hold_mc,holding that the property owners testimony alone placed the value of the stolen property above the amount necessary to constitute grand larceny,recognizing distinction made in maynard that one accomplices outofcourt statement may corroborate the incourt testimony of another accomplice but outofcourt testimony of a testifying accomplice cannot be used to corroborate his own testimony,holding possession alone cannot sufficiently corroborate the testimony of an accomplice when the stolen property was not sufficiently identified at trial,holding that recovery of trash containing stolen property from outside appellants apartment is factor that tends to corroborate accomplice testimony,holding jury cannot return any verdict except acquittal when evidence is insufficient to corroborate accomplice witness
132,"Notification Guidelines required Mathews to notify Giant that he would miss his shift within two hours of that shift starting. See Def.’s Ex. 3. Mathews concedes that he violated this policy on three separate occasions. See Mathews’ Dep. at 78, 83-84, 87-88, 96, 123-127. Mathews’ violation of Giant’s policy indicates that his performance was not satisfactory. See Blair v. Colonnas Shipyard Inc., 52 F.Supp.2d 687, 694 (E.D.Va.1999), aff'd mem., 203 F.3d 819 (4th Cir.2000) (“Accordingly, since [employee] violated policies that the [employer] considered ‘very important,’ he did not perform his job satisfactorily and cannot establish a prima facie case of race discrimination.”); see also Farasat v. Pauli-kas, 32 F.Supp.2d 249, 255 (D.Md.1998), aff'd mem., 166 F.3d 1208 (4th Cir.1998) (<HOLDING>). Mathews argues that Giant’s policies do not",111907,18024,2,case_hold_mc,holding that the sentence was reasonable in part because it was well below the statutory maximum,holding that prior positive performance evaluations are not dispositive as to whether the employer was satisfied with the employees performance by the time of the termination,holding that employees performance was unsatisfactory in part because he was tardy on a regular basis,holding that employees insubordination and continued unsatisfactory work performance provided just cause for employees removal where employee failed to complete or make progress on the project given to him even though he was capable of doing such project was offered help on the project was relieved of certain duties in order to complete the project and had been reprimanded for not having completed the project,holding that a review of an employees 1989 performance was irrelevant to a determination of whether his performance was satisfactory at the time of his termination in august of 1990
133,"officers did not know the precise “use” to which Hobbs’s confession would put at the time they solicited it is of little consequence. See Stoot, 582 F.3d at 927 (“The question ... is not whether a reasonable officer could have discerned the precise meaning of ‘use’ in a criminal case under Chavez, but rather whether the officer obtained the allegedly coerced statements so that they could later be used against the suspect in a criminal case.”). In May 2005, “a reasonable public official interrogating a criminal suspect would have recognized that coercing a confession by abusive language and physical contact, along with coaching the suspect as to the details of the confession, clearly violates the suspect’s constitutional right against self-incrimination.” Hill, 2009 WL 174994, at *8 (<HOLDING>); see also Alvarado v. Litscher, 267 F.3d 648,",112761,18152,3,case_hold_mc,holding that the defendants were entitled to qualified immunity where the plaintiff failed to demonstrate that speech was public concern,holding that officers were entitled to qualified immunity where defendant officers could have reasonably believed that they were given sufficient third party consent to search,holding that prosecutors who soon after arrest of suspect allegedly directed police to coerce confession from suspect were not entitled to absolute immunity because interrogation is ordinarily a police activity,holding that police officers were not entitled to qualified immunity where they used threats and physical violence against the plaintiff in march 1992 to coerce a confession that was later used to convict him of murder,holding that defendants are not entitled to qualified immunity
134,"their fault; affording them a second opportunity in which to litigate the matter, with the benefit of hindsight, would contravene the very principles upon which collateral estoppel is based and should not be allowed.”), cert. denied, 409 U.S. 1125, 93 S.Ct. 938, 35 L.Ed.2d 257 (1973). In situations where the same parties are involved, the rationale behind these cases makes no exception for prior decisions that were wrongly decided because of insufficient or unavailable evidence. While we recognize that Missouri courts have not clearly indicated how to resolve the fairness and accuracy versus efficiency and finality conundrum, most courts require more to avoid issue preclusion than simply an assertion that the previous decision was wrong. See, e.g., Brown, 442 U.S. at 132, 99 S.Ct. 2205 (<HOLDING>); SEC v. Monarch Funding Corp., 192 F.3d 295,",113618,18288,0,case_hold_mc,recognizing that by promoting repose and stability in judgments collateral estoppel often blockades unexplored paths that may lead to truth,holding collateral estoppel elements met considering changed circumstances in the context of an exception to the general rule of collateral estoppel,recognizing that the doctrines of technical res judicata and collateral estoppel serve as important means of promoting certainty and efficiency,recognizing the doctrine of collateral estoppel in agency proceedings,holding that collateral estoppel applies to  1983 claims
135,"of marijuana), and 18 U.S.C. § 1956(a)(1)(A)© (money laundering). Petitioner contends that he is eligible for a sentence reduction of up to one year for having completed a residential drug abuse program. He complains that the Bureau of Prisons (“BOP”) is illegally denying him eligibility for this sentence credit based on its erroneous determination that his conviction under 18 U.S.C. § 922(g)(1) is not a “nonviolent offense,” as required for eligibility under 18 U.S.C. § 3621(e)(2)(B). 1. STANDARD OF REVIEW Significant deference is due regulations promulgated in accordance with the notice and comment requirements of the Administrative Procedure Act (“APA”). See Chevron U.S.A., Inc. v. Natural Resources Defense Council, Inc., 467 U.S. 837, 843-44, 104 S.Ct. 2778, 81 L.Ed.2d 694 (1984) (<HOLDING>). However, Congress explicitly excluded 18",114478,18423,3,case_hold_mc,holding the court will not disturb the decision of the abcmr unless it was arbitrary capricious contrary to law or unsupported by substantial evidence,holding that regulations promulgated pursuant to an express congressional grant of rulemaking authority will be upheld unless they are arbitrary capricious or manifestly contrary to the statute,holding that policies whether governmental or private are not contrary to the disparateimpact requirement unless they are artificial arbitrary and unnecessary barriers,holding that legislative regulations are given controlling weight unless they are arbitrary capricious or manifestly contrary to the statute,holding that under chevron step two courts may not disturb an agency rule unless it is arbitrary or capricious in substance or manifestly contrary to the statute internal quotations omitted
136,"investment strategy (Ex. 96) and involved most of the money invested in the transaction (i.e., $2.9 million (2012 WL 129801, *4)); (iii) did not analyze the transaction’s economics; (iv) did not ask his financial advisors to analyze the transaction’s economics or otherwise evaluate the transaction; (v) decided to participate in the transaction based on two one-hour discussions with his tax advisor; and (vi) did not monitor the transaction. Appellee Br. 37 (citation omitted). KPMG’s engagement letter explicitly warned Mr. Blum that he needed a “reasonable expectation” of profit if OPIS was to withstand IRS scrutiny, and that he ought to “seek independent advice concerning the investment aspects of the proposed transactions.” Ex. 12; ef. Sacks v. Comm’r, 82 F.3d 918, 920 (9th Cir.1996) (<HOLDING>). Mr. Blum did not seek independent advice, and",115333,18551,4,case_hold_mc,holding that an officer was not entitled to qualified immunity from suit when a minimal further investigation would have exonerated the suspect,holding that there is no constitutional duty to do a better investigation and that a decision not to conduct a more thorough investigation does not invade an accuseds rights,holding that under oklahoma law a bad faith claim  premised on inadequate investigation must be supported by a showing that material facts were overlooked or that a more thorough investigation would have produced relevant information,holding that the requested materials a copy of a report or anything put on record regarding the commissions investigation into a tree stand that was allegedly too close to a house fell within noncriminal investigation exemption,holding that where promotional materials provided warnings that would have warranted further investigation by a prudent investor failure to do so was unreasonable
137,"93 S.Ct. at 2632 n. 1. The Texas obscenity statute provides in pertinent part as follows: ""A person commits an offense if, knowing its content and character, he: (1) promotes or possesses with intent to promote any obscene material.... ” Tex. Penal Code Ann. § 43.23(c)(1). ""Promote” means ""to manufacture, issue, sell, give, provide, lend, mail, deliver, transfer, transmit, publish, distribute, circulate, disseminate, present, exhibit, or advertise, or to offer or agree to do the same.” Id. § 43.21(a)(5). 32 . Paris Adult Theatre I, 413 U.S. at 57-58, 93 S.Ct. at 2635; Roth, 354 U.S. at 485, 77 S.Ct. at 1309. ""There is a 'right of the Nation and of the States to maintain a decent society. ...’ ” Paris Adult Theatre I, 413 U.S. at 59, 93 S.Ct. at 2636; see also Yorko, 690 S.W.2d at 265 (<HOLDING>); Extreme Assocs., Inc., 431 F.3d at 154, 159",116193,18684,2,case_hold_mc,holding that the protect act amendments to the standard of review apply retroactively,recognizing that a state has a legitimate interest in all insurance policies protecting its residents against risks an interest which the state can protect even though the state action may have repercussions beyond state lines,holding based on paris adult theatre i and roth that it is appropriate for the state to act to protect the social interest in order and morality or decency ,holding adjudication order based upon a determination on the merits in juvenile court is a final and appealable order,holding the order on appeal fails to address likelihood of success on the merits or considerations of public interest the order also fails to require a bond accordingly we remand with instructions to the trial court to either enter an order that satisfies all requirements for entry of a temporary injunction or if appropriate an order denying the injunction
138,"(“It is clear that Congress intended the FMLA to cover illnesses lasting more than a few days.”). Consistent with the legislative history, the regulations provide that “[a] period of incapacity of more than three consecutive calendar days” may qualify as a serious health condition, depending on the other factors present. 29 C.F.R. § 825.114(a)(2)(i) (1996) (emphasis added). Because the terms “serious health condition” and “continuing treatment” are ambiguous, the court must limit its inquiry to “whether the agency’s answer is based upon a permissible construction of the statute.” Chevron USA, Inc. v. Natural Resources Defense Council, Inc., 467 U.S. 837, 843, 104 S.Ct. 2778, 2781-82, 81 L.Ed.2d 694 (1984). “Administrative regulations promulgated in response to expre 28 (M.D.Tenn.1995) (<HOLDING>). As is clear from the legislative history and",117051,18833,3,case_hold_mc,holding that when the plaintiffs child was examined only once by a physician and was not required to be absent from day care for more than three days he had no serious medical condition within the meaning of the fmla,holding that statute of limitations barred title vii claim where the plaintiff would have been aware of discrimination more than 300 days before eeoc charge filed,holding that a plaintiff who was unable to return to work before his fmla leave expired did not allege any denial of an fmla right but noting that ragsdale left open the possibility that employees could recover for notice violations on a casebycase basis if there was actual harm resulting from the violations,holding that proof of incapacitation for more than three days was required before plaintiff could qualify for fmla protection,holding that more than notice to a defendant is required
139,"1158, 1165 (App.1994) (“Preventing the jury from considering evidence which might negate the mens rea of the crime would seriously undermine the protections embodied within the sixth amendment’s jury trial provision.”). Harmless Error ¶22 The State contends that even if the trial court’s instruction misstated the law of temporary intoxication, the misstatement was inconsequential because the trial court found that McKeon’s intermittent use of his medications was abusive. The record, however, contains no such finding. Moreover, because the question of abuse of medications turned on the resolution of disputed facts and inferences, the question was one within the province of the jury, not the trial court, to resolve. See, e.g., State v. Neal, 143 Ariz. 93, 97, 692 P.2d 272, 276 (1984) (<HOLDING>). ¶ 23 The question remains, however, whether",117911,18961,0,case_hold_mc,holding that defendants truthfulness and the credibility of and weight to be given expert medical testimony are issues of fact for jury,holding the resolution of questions regarding credibility and the weight given to testimony is a function of the family court judge who heard the testimony,holding that the jury is the judge of the weight and credibility given to witness testimony,holding the question of whether an accomplice is credible and the weight to be given to the testimony are issues for the jury to determine,holding that the weight and credibility to be given to the opinions of expert witnesses is uniquely within the province of the fact finder  in this instance the trial court citation omitted
140,"1998)). Whether a duty is owed to a party under Florida law is a question of law for the court rather than a jury. Virgilio v. Ryland Group, Inc., 680 F.3d 1329, 1339 (11th Cir.2012) (citing McCain v. Florida Power Corp., 593 So.2d 500, 502 (Fla.1992)); Insua v. JD/BBJ, LLC, 913 So.2d 1262, 1263 (Fla. 4th DCA 2005) (affirming summary judgment for manufacturer who had no duty to warn electrician of danger of electrocution, explaining that “[wjhether a duty exists is a question of law for the pp.3d 854, 864, 2014 WL 905115, *6 (M.D.La. March 7, 2014) (“Louisiana does not hold that a manufacturer is compelled to warn sophisticated purchasers of dangers of which the buyer either knows or should be aware.”) (citation omitted); Duane v. Oklahoma Gas & Elec. Co., 833 P.2d 284, 287 (Okl.1992) (<HOLDING>). Trinity argues (and pled as an affirmative",118767,19092,2,case_hold_mc,holding that an organization had no duty to warn of potential danger from sexual abuse of one of its volunteers where injured child was not associated with organizations programs,holding that a grocery store employer had no duty to warn an employee that placing his hand in the doorjamb of a customers car is an obvious danger,holding that oil suppliers had no duty to warn of danger to commercial customer whose negligence or oversight resulted in explosion that injured its employee,holding that a pharmacist has a duty to warn when he or she knows of a risk to that particular customer,holding that a general contractor owed no duty to an employee of a subcontractor to warn of dangers of electrocution
141,"in that case. As to the searches conducted to locate item 3 records from years other than 1971 to 1975, the Court does not have sufficient information to evaluate the parties’ arguments. To be granted summary judgment, an agency must demonstrate that its search was “reasonably calculated to uncover all relevant documents.” Stein-berg, 23 F.3d at 551 (quoting Weisberg, 745 F.2d at 1485) (internal quotation marks omitted). The affidavits or declarations submitted to meet this burden must “explain in reasonable detail the scope and method of the agency’s search.” Defenders of Wildlife v. U.S. Border Patrol, 623 F.Supp.2d 83, 91 (D.D.C.2009) (citing Judicial Watch, Inc. v. U.S. Dep’t of Justice, 185 F.Supp.2d 54, 63 (D.D.C.2002)); see also Morley v. CIA, 508 F.3d 1108, 1121 (D.C.Cir.2007) (<HOLDING>); Steinberg, 23 F.3d at 551-52 (finding a",119625,19238,2,case_hold_mc,holding that acquiescence to a strip and body cavity search did not extend the scope of defendants consent to search his person because of the highly intrusive nature of the search,holding that although search of passenger compartment was legal search of trunk was not,holding that the cias de scription of a search was inadequate where the declaration provided no information about the search strategies of the components charged with responding to plaintiffjs foia request and did not provide any indication of what each directorates search specifically yielded,holding that while search incident to arrest could not justify search in that case probable cause plus exigency justified search,holding that search of backpack constituted a search of defendants person and was not authorized by search warrant for premises
142,"Rugg and Dean Forrester contend that there is no evidence concerning their alleged discriminatory intent in the decision not to hire Dr. Koch for the temporary full-time faculty position in the Political Science Department. Like Johnson, this statement of their pretrial, qualified immunity appeal implicates examination of circumstantial evidence and places the threshold question of our jurisdiction at issue. See Mueller v. Tinkham, 162 F.3d 999, 1002 (8th Cir.1998) (“We have jurisdiction to review the denial of summary judgment based on qualified immunity, but that jurisdiction is limited to abstract issues of law and does not extend to arguments concerning the sufficiency of the evidence.”); see also GJR Invs., Inc. v. County of Escambia, Fla., 132 F.3d 1359, 1366 (11th Cir.1998) (<HOLDING>). Our jurisdiction to review a denial of",120480,19372,1,case_hold_mc,holding that second element of qualified immunity test is whether the law violated was clearly established,recognizing that pretrial appellate jurisdiction in cases where qualified immunity is denied extends solely to legal issues concerning whether the complaint sufficiently alleged the violation of a clearly established right,holding that defendant is entitled to qualified immunity because plaintiff failed to allege the violation of a clearly established constitutional right,holding that in determining whether a state officer is entitled to qualified immunity for  1983 purposes courts may not consider whether the constitutional right was clearly established before determining first that a constitutional right was violated,holding that the court evaluating a claim of qualified immunity must first determine whether the plaintiff states a claim of a constitutional violation at all and then must determine whether the claimed right was clearly established before proceeding to the qualified immunity question
143,"barred plaintiff’s subsequent lawsuit premised on the allegation that Mr. Linares (Frankenmuth’s insured) was negligent in causing the auto accident at issue in this case. This case may more properly come within the scope of the doctrine of collateral estoppel, given that plaintiff seeks recovery of alleged damages not covered by his insurance policy with Liberty Mutual. Here, however, the distinction is not determinative because, through either doctrine, the trial court ruled that the arbitration panel’s decision in favor of Frankenmuth was binding on plaintiff as Liberty Mutual’s insured. Preclusive effect is not limited to court proceedings; it arises in the same manner from arbitration awards. See Murakami v. Wilmington Star News, Inc., 137 N.C. App. 357, 360, 528 S.E.2d 68, 70 (<HOLDING>), disc. review denied, 352 N.C. 148, 544 S.E.2d",121330,19502,2,case_hold_mc,holding that collateral estoppel applies to  1983 claims,holding that res judicata and collateral estoppel apply to arbitration award,holding doctrine of collateral estoppel may apply to unconfirmed arbitration award,recognizing the doctrine of collateral estoppel in agency proceedings,holding collateral estoppel elements met considering changed circumstances in the context of an exception to the general rule of collateral estoppel
144,"its judgment based upon fraud, mistake, duress, undue influence or lack of capacity. For the purposes of this chapter, an owner of a home shall include a sole owner, joint tenant, tenant by the entirety or tenant in common; provided, that only one owner may acquire an estate of homestead in any such home for the benefit of his family; and provided further, that an estate of homestead may be acquired on only one principal residence for the benefit of a family. For the purposes of this chapter, the word ""family” shall include either a parent and child or children, a husband and wife and their children, if any, or a sole owner. Mass. Gen. Laws ch. 188, § 1. See Patriot Portfolio, LLC v. Weinstein, 164 F.3d 677 (1999), cert. denied, 527 U.S. 1036, 119 S.Ct. 2394, 144 L.Ed.2d 794 (1999)(<HOLDING>); In re Leicht, 222 B.R. 670 (1st Cir. BAP",122188,19634,0,case_hold_mc,holding inter alia that the bankruptcy code preempts massachusetts homestead acts exceptions for preexisting liens and prior contracted debts,holding that erisa preempts a plaintiffs claims for violation of the state insurance code and consumer protection act,holding inter alia that the bond requirement of section 60b does not violate the right to a jury trial guaranteed by the massachusetts declaration of rights,holding inter alia that common law claims were preempted,recognizing that even evidence of a defendants and a witnesss prior bad acts was admissible to show inter alia the defendants familiarity with the witness
145,"Hill v. Lockhart, 474 U.S. 52, 59, 106 S.Ct. 366, 88 L.Ed.2d 203 (1985). In his petition, LaVoll raises five grounds for finding ineffective assistance of counsel, all of which were rejected by the Nevada Supreme Court and the district court. We reject each ground as well and will discuss each in turn. First, LaVoll contends that his trial counsel coerced him into pleading guilty by advising him that because he was a black man and the alleged victims were white, he would be convicted. The Nevada Supreme Court did not specifically address this allegation in its opinion, but the court, relying on the written plea agreement and plea canvass, concluded that LaVoll was not coerced into entering the plea. See Blackledge v. Allison, 431 U.S. 63, 74, 97 S.Ct. 1621, 52 L.Ed.2d 136 (1977) (<HOLDING>). The plea agreement specifically provides: “I",123040,19786,0,case_hold_mc,holding that representations made by the defendant during a plea hearing carry a strong presumption of verity,holding that a defendant is bound by representations made during a guilty plea absent a valid reason for controverting those statements,recognizing a presumption that a plea of guilty is final and binding if the plea was made during a properly conducted hearing pursuant to rule 11 of the federal rules of criminal procedure,holding no evidentiary hearing was required where the affidavits of the defendant and his wife were directly contradicted by the defendants sworn testimony during the plea hearing,holding that absent clear and convincing evidence to the contrary a defendant is bound by his representations made during a plea colloquy
146,"as required by Faretta v. California, 422 U.S. 806, 835, 95 S.Ct. 2525, 45 L.Ed.2d 562 (1975). The district court agreed that the lack of such warnings violated the Sixth Amendment but concluded that the error was harmless. Dallio v. Spitzer, 170 F.Supp.2d at 336-38. We affirm the district court’s judgment without reaching the question of harmless error. See Boule v. Hutton, 328 F.3d 84, 92 (2d Cir.2003) (noting our ability to affirm a judgment on any ground appearing in the record, whether or not relied on by the district court). Although explicit warnings as to the dangers and disadvantages of self-representation are certainly advisable to ensure knowing and intelligent waivers of the right to counsel, see Johnson v. Zerbst, 304 U.S. 458, 468, 58 S.Ct. 1019, 82 L.Ed. 1461 (1938) (<HOLDING>), we conclude that it is not clearly",123894,19929,1,case_hold_mc,recognizing the right to waive a jury trial,holding that accused must competently and intelligently waive the right to counsel,recognizing that the sixth amendment guarantees a defendant the right to counsel and the right to waive counsel,holding that one must voluntarily and intelligently waive the right to counsel,holding that a death row inmates statutory right to competent counsel does not really mean counsel that performs competently
147,"at 13. The Savages’ argument is that the district court’s interpretation “simply excises Section 43-104.06 from the statute books.” Brief for appellants at 13. The Savages claim that the parental preference rule in Stuhr v. Stuhr, 240 Neb. 239, 481 N.W.2d 212 (1992), was abrogated when Martin invoked § 43-104.06(2) in his request for custody. We cannot agree with this argument. The Stuhr court held that in the absence of a statutory provision to the contrary, in a child custody controversy between a biological or adoptive parent and one who is neither a biological nor an adoptive parent of the child involved in the controversy, a fit biological or adoptive parent has a superior right to custody of the child. See, also, Cavanaugh v. deBaudiniere, 1 Neb. App. 204, 493 N.W.2d 197 (1992) (<HOLDING>). We are convinced that § 43-104.06 does not",124740,20069,4,case_hold_mc,holding that publicagency adoption termination of mentallyill biological parents rights that mandated visitation between biological parent and child inappropriate because applicable termination statutes spoke in absolute terms noting however that continued contact between biological parent and child possible on voluntary basis without court order,holding that unmarried father is entitled to show that he could not have reasonably expected his biological child to be born in utah after biological mother left california immediately prior to childs birth without informing father where birth would occur,holding that the issue of custody was foreign to the dissolution action because the husband was not the natural father but that the husband could seek to intervene to assert a thirdparty custody claim in a pending custody modification proceeding between the childs natural parents,holding that biological parents have a prima facie right to custody over third persons,holding that although husband and wife were both fit and proper persons to have custody of the child custody in a dissolution action should have been awarded to wife the biological parent in light of blood test showing that husband was not the childs biological father
148,"see Glover, 596 F.2d at 865. Here, none of these considerations are present. Garibay was not given a written waiver to sign in either English or Spanish nor was he advised of his rights in Spanish. Garibay’s rights were recited to him only in English. Although translators were available at the time of Garibay’s arrest, they were not brought in to help question him. The prosecution offered no evidence that Agent Burke individually explained each constitutional right to Garibay or repeated the explanation. Moreover, Garibay had no previous experience with the criminal process. Thus, Gari-bay’s personal life experiences do not indicate that he was familiar with his Miranda rights and his option to waive those rights. See e.g., Cooper v. Griffin, 455 F.2d 1142, 1144-45, (5th Cir.1972) (<HOLDING>). The prosecution, however, contends that",125597,20212,0,case_hold_mc,holding that in view of armed robbery defendants mental retardation poor reading comprehension and no prior experience with the criminal process confessions obtained after defendants orally waived right to counsel and signed written waiver forms were inadmissable,recognizing that a criminal defendants right to counsel is the right to the effective assistance of counsel,holding that a defendants statements were voluntary after defendant initially refused to sign waiver but later initiated the contact with police and signed the waiver,holding that the defendants prior conviction was not obtained in violation of his right to counsel because he had the opportunity for appointed counsel at public expense,holding that defendants have a right to counsel in criminal proceedings
149,"Court’s holding in Sullivan to support the proposition that a statute prohibiting discrimination should be construed to confer an “[i]mplicit ... cause of action protecting people from private retaliation for refusing to violate other people’s rights under § 1981 or for exercising their own § 1981 rights.” Fair Employment Council v. BMC Mktg. Corp., 28 F.3d 1268, 1280 (D.C.Cir.1994) (discussing 42 U.S.C. § 1981, which broadly prohibits discrimination in contracting). However, interpreting the Supreme Court’s recent decision in Alexander v. Sandoval, 532 U.S. 275, 121 S.Ct. 1511, 149 L.Ed.2d 517 (2001), other circuits have split on the question of whether a private cause of action for retaliation exists under Title VI and Title IX. Compare Peters v. Jenney, 327 F.3d 307 (4th Cir.2003) (<HOLDING>) with Jackson v. Birmingham Board of Educ., 309",126448,20346,4,case_hold_mc,holding that because the proper defendant in a title vi case is an entity rather than an individual plaintiff could not be sued in his individual capacity under title vi,holding that a plaintiff can prove illegal retaliation under   1981 in the same manner as he establishes retaliation under title vii,holding that a claim for retaliation does not lie under title ix,recognizing that standards of liability under title vi are different from traditional agency principles or the general standards of liability under title vii,holding that a plaintiff can sue for retaliation under title vi
150,"an administrative charge with the EEOC,” Pijnenburg v. W. Ga. Health Sys., Inc., 255 F.3d 1304, 1305 (11th Cir.2001); 42 U.S.C. § 2000e-5(e)(l), and therefore, although Lewis undoubtedly filed an initial EEOC charge claiming racial discrimination, she never filed a subsequent EEOC charge claiming retaliation for the earlier charge, and, as such, she cannot now bring the retaliation claim this lawsuit. But, contrary to the defendants’ contention, it is settled law that “it is unnecessary for a plaintiff to [file a subsequent EEOC charge before raising in federal court] a retaliation claim growing out of an earlier charge.” Baker v. Buckeye Cellulose Corp., 856 F.2d 167, 169 (11th Cir.1988) (quotation marks and citation omitted); see also Nealon v. Stone, 958 F.2d 584, 590 (4th Cir.1992) (<HOLDING>); Houston v. Army Fleet Services, L.L.C., 509",127308,20479,1,case_hold_mc,holding that an issue raised for the first time on appeal will not be considered by this court,holding as such and noting that all other circuits that have considered the issue have determined that a plaintiff may raise the retaliation claim for the first time in federal court,holding that a party may not raise an issue for the first time on appeal,holding court did not have jurisdiction to hear plaintiffs retaliation claim where plaintiff did not check the retaliation box or describe anything that indicates such a claim in the eeoc complaint,holding that a claim not raised before the trial court will not be considered for the first time on appeal
151,"Kalu’s “having devised or intending to devise” a scheme, while the jury was instructed it could find him guilty if he “knowingly participated” in the scheme. Because the Tenth Circuit has construed the phrase “devised or intending to devise” to include knowing participation in a scheme, Mr. Kalu has not shown the district court broadened the charge in the indictment. “[U]nder well-established Tenth Circuit precedent a defendant may be convicted under [§ 1341] if the government shows that the defendant joined a scheme devised by someone else, as long as the defendant possessed the intent to defraud.” Prows, 118 F.3d at 692; see also United States v. Washita Constr. Co., 789 F.2d 809, 817 (10th Cir.1986); Gamble, 737 F.2d at 856; United States v. Gann, 718 F.2d 1502, 1505 (10th Cir.1983) (<HOLDING>). The use of the term “knowingly participated”",128168,20613,1,case_hold_mc,holding that a person violates the bank fraud statute when he knowingly executes a scheme to obtain money from a financial institution by means of false or fraudulent representations if a defendant knowingly provided materially false information in order to induce the loan the crime is complete and it is irrelevant whether or not he intended to repay or was capable of repaying it,holding a defendant may be convicted of mail fraud if he knowingly and willfully participates in a fraudulent scheme created and set in motion by others,holding that a defendant can be held liable when it knowingly participates in the creation of a false or misleading statement,recognizing that a mailing must be sufficiently related to the fraudulent scheme to support a charge of mail fraud,holding that the first element of mail fraud  knowing participation in a scheme to defraud  can extend beyond the specific mailing and that the loss calculation for a mail fraud conviction may include any loss from the fraudulent scheme that the mailing furthered
152,"That leaves § 1336.05. Under this provision, a transfer constitutes a constructive fraudulent transfer with respect to the Debtor’s existing creditors (such as her medical providers) if it was made — as the Transfer was — for less than reasonably equivalent value, and if the debtor was insolvent at the time of the transfer or became insolvent as a result of the transfer. A crucial issue, therefore, is which party bears the burden of proof on the insolvency issue under Ohio law. Consistent with the general rule that the plaintiff bears the burden of proof on the elements of a cause of action, many courts in this district, including this Court, have held that the trustee bears the burden of proving the debtor’s insolvency at the time of the transfer. See Canyon Sys., 343 B.R. at 647 (<HOLDING>); Kovacs v. Berger (In re Berger), 2007 WL",129029,20753,1,case_hold_mc,holding that the government bears the burden of proof with respect to the issue of whether termination for default was justified,holding that the trustee bears the burden of proof with respect to the issue of insolvency under ohio law,holding that the defendant bears the burden under plainerror review,holding that the plaintiff bears the burden of proof for all elements of section 523a15,holding that the defendant bears the burden of proof and that such a disposition does not violate the due process clause
153,"improper encroachment on the judicial branch’s regulatory authority by the Washington Legislature. While it is true that the Washington Supreme Court “has an exclusive, inherent power to admit, enroll, discipline and disbar [Washington] attorneys,” Short v. Demopolis, 103 Wash.2d 52, 62, 691 P.2d 163, 169 (1984), this power does not preclude the Washington Legislature from regulating the “entrepreneurial aspects” of the practice of law which implicate the public interest. Id. at 65, 691 P.2d 163, 170. Indeed, requiring attorneys to comply with the DAA and CPA when providing debt-adjustment services “is no different than applying other generally applicable statutes, such as the criminal laws, to attorneys.” See Lang v. Daniel N. Gordon, PC, 2011 WL 62141, at *3 (W.D.Wash. Jan. 6, 2011) (<HOLDING>). Thus, the Court concludes that requiring",129881,20900,4,case_hold_mc,recognizing a referendum on a court judgment would violate separation of powers,holding that adam walsh act does not violate procedural due process require excessive bail or violate separation of powers,recognizing separation of powers doctrine,holding that the act does not violate separation of powers is not void for vagueness and does not violate principles of due process by allowing a victim veto precluding application of the act,holding that requiring attorneys to comply with the washington collection agency act and the cpa when attempting to collect debts on behalf of a third party does not violate separation of powers principles
154,"commingled in its corporate bank accounts, all Enterprise funds, up to the value of property subject to forfeiture, qualify as commingled substitute property pursuant to 21 U.S.C. § 853(p)(E). And because there is probable cause to believe that Enterprise generated visa fraud proceeds significantly in excess of $125,000, the approximate total amount held in the two Bowman accounts, these funds are subject to restraint in their entirety. Nor does it matter that the funds were subsequently transferred from Enterprise to third parties, ie., movants, as § 853(c) makes clear that title vests in the United States upon the commission of the crime and that funds cannot then be immunized from forfeiture by transfer to a third party. See 21 U.S.C. § 853(c); McHan, 345 F.3d at 271-72 (<HOLDING>). The funds were transferred to the Bowman",130737,21030,2,case_hold_mc,holding that scope of property subject to forfeiture is defined by the instrument creating an interest in the property,recognizing that the government may seek a personal judgment specific property or substitute property,holding that governments title to substitute property like subsection a property relates back to date of acts giving rise to forfeiture,holding that the governments precluding plaintiff from building a mitigation bank on his property was not a taking because the governments authority predated plaintiffs property right,holding that plaintiffs may have a property interest in real property
155,"realities of the subject addressed by the legislation,’ and thus cannot be credited as rational.” Perry II, 671 F.3d at 1088, 2012 WL 372713, at *22 (citing Heller, 509 U.S. at 321, 113 S.Ct. 2637). Accordingly, the Court finds that Congress’ stated justification of encouraging responsible procreation and child-rearing bears no rational relationship to the classification which burdens same-sex married couples. b. Nurturing the institution of traditional, opposite-sex marriage. BLAG contends that the institution of opposite-sex marriage is deeply rooted in American law, embedded in history and tradition, and has been defined both by Black’s Law Dictionary and the Bible. (BLAG Motion to Dismiss at 23-24, citing Marsh v. Chambers, 463 U.S. 783, 792, 103 S.Ct. 3330, 77 L.Ed.2d 1019 (1983) (<HOLDING>) and Baker v. Nelson, 291 Minn. 310, 191 N.W.2d",131581,21166,0,case_hold_mc,holding that traditional marriage is deeply embedded in the history and tradition of this country and has become part of the fabric of our society,recognizing the common enterprise theory of marriage,holding that the law to be applied in determining the validity of  an outofstate marriage is the law of the state in which the marriage occurred,holding husband could not have marriage annulled because wife was pregnant by him at time of marriage,recognizing that basis for deportation was aliens misrepresentation about his marriage not the validity of his marriage
156,"Dist.] 1997, no writ); Linton v. Airbus Industrie, 934 S.W.2d 754, 757 (Tex.App.—Houston [14th Dist.] 1996, w , 457 S.W.2d 649, 651-52 (Tex.Civ.App.—Beaumont 1970, writ ref’d n.r.e.), cited with approval in U-Anchor Adver., 553 S.W.2d at 764 (noting that jurisdiction existed over an Arizona wholesaler, even though the parties' contract was solicited in Arizona by the Texas manufacturer, because payments were to be made in Texas, the Arizona wholesaler placed several orders with the Texas manufacturer, the goods were delivered F.O.B. Houston, and some orders were to he delivered directly to Texas retailers, indicating the Arizona wholesaler's expectation of profits from Texas); and J.D. Fields & Co. v. W.H. Streit, Inc., 21 S.W.3d 599, 604-05 (Tex.App.—Houston [1st Dist.] 2000, no pet.) (<HOLDING>). However, the fact that a state’s law governs",132442,21298,0,case_hold_mc,holding that jurisdiction existed over nonresident guarantor of debt to texas creditor based only on sending a guaranty agreement to texas and discussing the general pattern of texas cases holding likewise,holding that jurisdiction existed over two georgia residents who leased a machine from a texas resident because they 1 solicited and negotiated the lease agreement by two telephone calls to texas 2 sent correspondence and payments by mail to texas 3 paid for the transfer of the machine from texas and 4 caused their insurance agent to contact the texas resident in texas to arrange coverage for the machine,holding that where the entity was incorporated in texas and the shareholders reside in texas and the bankruptcy case is pending in texas texas law  not arizona law  should be applied,holding that jurisdiction existed over nonresident printing customer despite the fact that texas printer solicited the business in alabama and nonresident sent no personnel to texas because nonresident placed additional orders from which it expected to profit sent payments to texas sent and received printing materials to and from texas paid for shipping of printed goods from texas and sent payments to texas the transactions were governed by texas law and substantial part of performance occurred in texas,holding sending two employees to work in texas and using an office in texas for limited purposes did not support finding of general jurisdiction
157,"by discrimination either when it declined to promote him or when it discharged him. First, in claiming discriminatory termination .3d 326, 331 (3d Cir.1995) (“[T]he factual dispute at issue is whether a discriminatory animus motivated the employer, not whether the employer is wise, shrewd, prudent, or competent.” (internal quotation marks and citation omitted)). Indeed, Duviella has not identified any evidence indicating that the actions of either Julia Gomez, who investigated the harassment claims and recommended termination, or Barbara Shea, who made the ultimate termination decision, were motivated by Du-viella’s age or race. In Gomez’s case, the only record evidence indicates that she was unaware of that information. See Woodman v. WWOR-TV, Inc., 411 F.3d 69, 87 (2d Cir.2005) (<HOLDING>). Second, although Duviella identified one",133303,21429,4,case_hold_mc,holding that summary judgment was appropriate where plaintiffs admissions in her deposition undermined her claims,holding that the plaintiff failed to raise an issue of fact regarding her retaliation claim because she failed to offer any evidence of a causal relationship between her involvement in protected activity and the adverse employment action,holding that the plaintiffs conclusory statement that the student who was hired instead of her had less experience and education could not defeat summary judgment because absent supporting facts  a jury would be in no position to assess her claim of superiority,holding that the plaintiffs evidence of pretext which included but was not limited to her supervisors statement that she had enough of the plaintiff going to her supervisor about her was not sufficient to preclude summary judgment,holding that to defeat summary judgment plaintiff was obliged to offer evidence indicating that persons who actually participated in her termination decision had  knowledge of her protected characteristics
158,"complaint asserts retaliatory discharge “ 374, 391-92, 400, 115 S.Ct. 961, 970-71, 974-75, 130 L.Ed.2d 902 (1995) (noting in dictum that the statutory provision that Amtrak “will not be an agency or establishment of the United States government” “no doubt ... deprives Amtrak of sovereign immunity from suit,” but holding that Amtrak is “part of the Government” for First Amendment purposes (internal quotation marks and citation omitted)). Although certainly relevant to the issue of sovereign immunity, the Institute’s nonprofit corporate status is hardly dispositive. Relying on the Institute’s status alone would ignore the governmental nature of its responsibilities and the extensive control the government exerts over Institute operations. Cf. Lebron, 513 U.S. at 400, 115 S.Ct. at 974-75 (<HOLDING>). Indeed, the Institute has no role other than",134154,21554,1,case_hold_mc,holding that amtrak is an agency of the government  for purposes of the constitutional obligations of government,holding that amtrak is part of the government for purposes of the first amendment because the government created amtrak by special law to further governmental objectives and retained authority to appoint a majority of amtraks corporate directors,holding agencies of state government are part of the state for purposes of sovereign immunity,holding that where the government inter alia retains for itself permanent authority to appoint a majority of the directors of a corporation the corporation is part of the government for purposes of the first amendment,holding that because the government of puerto rico did not appoint any directors to aeelas board the plaintiffs failed to satisfy the third prong of the lebron test therefore aeela was not a government actor
159,"as a class action ... the propriety of that inquiry is limited only by concerns of whether the class determination should be postponed until after the merits determination.” C. Wright, A. Miller, and M. Cane, 7 Federal Practice & Procedure, 1785 at 128 (footnote omitted) (1986). Indeed ... the class action litigation may be halted by a ... motion to dismiss or by a ... motion for summary judgment. Id. (citations omitted); see also Marx v. Centran Corp., 747 F.2d 1536, 1552 (6th Cir.1984) (“It has never been doubted that a complaint asserting a class action could be dismissed on the merits before determining whether the suit could be maintained as a class action.”), cert. denied, 471 U.S. 1125, 105 S.Ct. 2656, 86 L.Ed.2d 273 (1985); Wright v. Schock, 742 F.2d 541, 543-44 (9th Cir.1984) (<HOLDING>). In Finberg v. Sullivan, 634 F.2d 50, 64 (3d",135014,21682,0,case_hold_mc,holding that district court has discretion under appropriate circumstances to rule on summary judgment motion before addressing pending class certification motion,holding that under wilkerson it was error for district court to deny class action certification motion of named plaintiffs whose claims were resolved after filing motion for class certification but before district court decided motion,holding that the district court did not err in dismissing the named plaintiffs claims on summary judgment before reaching the issue of class certification,holding that district court has discretion when deciding to convert a defendants motion to dismiss to a motion for summary judgment,holding that the court was precluded from considering whether the district court had abused its discretion in ruling on defendants summary judgment motion before allowing plaintiff to conduct requested discovery where the plaintiff had not filed an affidavit pursuant to rule 56f and stating that  when a party does not avail himself of relief under rule 56f it is generally not an abuse of discretion for the district court to rule on the motion for summary judgment  citation omitted
160,"‘virtually unanimous’ precedents construing the implied waiver provision narrowly.” Id. (quoting Shapiro v. Republic of Bolivia, 930 F.2d 1013, 1017 (2d Cir.1991)). Courts have found implied waiver where a foreign state has filed a responsive pleading without rais ing the defense of sovereign immunity. Id. at 123. They have also found implied waiver where the state has agreed to arbitrate or to adopt a particular choice of law, under circumstances not present in this case. Id.; see id. at 122 ("" '[M]ost courts have refused to find an implicit waiver of immunity to suit in American courts from a contract clause providing for arbitration in a country other than the United States.’ "" (quoting Frolova v. Union of Soviet Socialist Republics, 761 F.2d 370, 377 (7th Cir.1985))); id. at 126 (<HOLDING>). As we have also noted, "" ‘courts have been",135873,21828,4,case_hold_mc,holding that an act of legislature may be required to waive sovereign immunity,holding that a state may waive its sovereign immunity,holding that removal to federal court does not waive tribal sovereign immunity,holding that the lanham act did not waive states sovereign immunity,holding that qatar did not by agreeing to arbitrate in france waive its sovereign immunity under  1605a1
161,"to perform. Section Four of the contract provides that Lowe’s is not obligated to lease the premises if Lowe’s determines that the site is not suitable for its intended purposes. Under Michigan law, mutuality of obligation is an essential element of a valid contract. Thomas v. Leja, 187 Mich.App. 418, 468 N.W.2d 58, 60 (1991). Mutuality of obligation means that both parties to an agreement must be bound by the contract, or neither is bound. Domas v. Rossi, 52 Mich.App. 311, 217 N.W.2d 75, 77 (1974). However, cancellation or termination clauses do not void a contract for lack of mutuality of obligation, so long as both parties are relieved of their respective obligations in the event the contract is cancelled or terminated. Jaye v. Tobin, 42 Mich.App. 756, 202 N.W.2d 712, 714-15 (1972) (<HOLDING>). The language cited by LL in Section Four of",136729,21969,3,case_hold_mc,holding mutuality of obligation is essential to the formation of a bilateral contract,holding that a contract need not have mutuality of obligation as long as it is supported by consideration,holding that the consent of both parties is required to annul their contract,holding a cancellation clause that releases both parties from their obligations does not render contract void for lack of mutuality of obligation,holding that a contract without a minimum quantity term is unenforceable for lack of consideration and mutuality
162,"its discretion in dismissing [the post-conviction count for intoxication manslaughter] as a double jeopardy violation.” “Habeas corpus is by definition an extraordinary writ in which the restraint of one’s liberty is challenged as illegal.” Saucedo v. State, 795 S.W.2d 8, 9 (Tex.App.—Houston [14th Dist.] 1990, no pet.). When “the premise of a habeas corpus application is destroyed by subsequent developments, the legal, issues raised thereunder aré rendered moot.” State v. Golding, 398 S.W.3d 745, 747 (Tex.App.—Houston [1st Dist.] 2011, pet. ref'd) (quoting Saucedo, 795 S.W.2d at 9 and citing Ex parte Branch, 553 S.W.2d 380, 381 (Tex.Crim.App.1977)); see Ex parte Norvell, 528 S.W.2d 129, 131 (Tex.Crim.App.1975); Ex parte Horton, 305 S.W.3d 200, 201 (Tex.App.—Waco 2009, pet. ref'd) (<HOLDING>). We cannot give any opinion on the merits",137588,22113,0,case_hold_mc,holding that because defendants community supervision was revoked habeas challenge of community supervision was moot,holding that challenge to oneyear order for protection was not moot even though it had expired,holding that the challenge to a university regulation was moot because the regulation had been substantially amended,holding that a challenge to the disbursement of attorneys fees was not equitably moot,holding that universitys amendment of regulation made moot a challenge to regulations
163,"single source — in this case, the defendants’ used car operation with the CarMax mark. Proof of “secondary meaning” is required for the protection of marks perceived by the public to be “personal names.” See 2 J. Thomas McCarthy, McCarthy on Trademarks & Unfair Competition § 13.2 (4th ed.1998). The District Court held that proof of secondary meaning was necessary because CarMax was a personal name since it was “constructed from the names of Philip Artz’s children.” We disagree. In In re Standard Elektrik Lorenz Aktiengesellschaft, 54 C.C.P.A. 1043, 371 F.2d 870, 873 (1967), the Court held that a composite mark consisting of two personal names is not necessarily a personal name as well. This rule was later elaborated in In re Hutchinson Technology, Inc., 852 F.2d 552, 554 (Fed.Cir.1988) (<HOLDING>). No evidence was offered during trial that the",138439,22240,0,case_hold_mc,holding that the issue presented by a composite mark consisting of personal names is what the purchasing publie would think when confronted with the mark as a whole,holding limited use of a mark did not constitute prior use in commerce sufficient to establish rights in the mark,holding that mark had not acquired secondary meaning even with advertisements costing 4400000 over five years because it did not lead consumers to associate plaintiffs mark with its products,holding that the essential wrong of trademark infringement the appropriation of the good will of anothers established mark may be effectively accomplished by advertising matter associating that others distinguishing mark with the product of defendant,holding that 350 million dollars expended in advertising the mark three billion units bearing the mark having been sold and the units bearing the mark having been sold in all fifty states and throughout the work supported a finding that hot wheels was famous
164,"it would be artificial to deny coverage by constructing a distinction between injuries arising from the marketing of infringing goods and injuries arising from the display or advertising of the goods. Furthermore, the counterclaim alleges that actual confusion was caused by DeLorme’s advertising activities. Thus, the counterclaim, .viewed from the perspective of an average person untrained in either the law or the insurance field, as required under Maine law, see Union Mut. Fire Ins. Co., 521 A.2d at 310, alleges that the infringement occurred in the course of DeLorme’s advertising activities. The majority of courts that have considered whether a trademark infringement claim arose out of an “advertising injury” under the same form policy agree. See Gemmy Indus. Corp., 1998 WL 804698 *3 (<HOLDING>); Dog-loo, Inc., 907 F.Supp. at 1391 (in",139301,22380,0,case_hold_mc,holding that it is impossible to allege a lanham act claim without the infringing mark being used to identify the goods or services to the public,holding that  43a of the lanham act is confined to remedy injuries to a competitor,holding that the government can restrict a public officials speech if it is necessary to the effective delivery of public services,holding lanham act applies only to tangible goods offered for sale not the author of any idea concept or communication,holding that the commercial use requirement of section 1125c is virtually synonymous with the in connection with the sale offering for sale distribution or advertising of goods and services requirement of the lanham act
165,"an abstract question of wide public significance. For similar reasons, we affirm. I. BACKGROUND This appeal involves a challenge to the constitutionality of Tennessee Code §§ 17-4-101 through 17-4-116, known commonly as the Tennessee Plan, which governs the way in which judges of the Tennessee appellate courts are initially selected and thereafter stand for election. By now, the Tennessee Plan is no stranger to legal challenge, both at the federal and state level. See, e.g., Johnson v. Bredesen, 356 Fed.Appx. 781 (6th Cir.2009) (affirming district court’s dismissal of a federal constitutional challenge to the Tennessee Plan as it related to the election of state supreme court justices); Hooker v. Haslam, No. M2012-01299-SC-R11-CV, 437 S.W.3d 409, 2014 WL 1010367 (Tenn. Mar. 17, 2014) (<HOLDING>). The Tennessee Plan provides that if a vacancy",140156,22512,3,case_hold_mc,holding that deprivation of personal property does not violate the constitution if there are adequate state remedies available,holding that where it is alleged that state has violated rights conferred by constitution governmental immunity is not available in state court action but declining to infer a right to sue the state for damages on the basis of a violation of the michigan constitution,recognizing exception under state constitution,holding that the tennessee plan as it relates to state appellatecourt judges does not violate the state constitution,recognizing that oath taken to honor state constitution makes it the justices duty to apply the state constitution when it does not conflict with the federal constitution
166,"Refusal by the claimant to accept treatment generally bars further compensation. Id. However, the full commission, when it deems it necessary, may override the employer’s choice of providers and order a change in the medical or hospital service provided. Gattis v. Murrells Inlet VFW # £10420, 353 S.C. 100, 114, 576 S.E.2d 191, 198 (Ct.App.2003). The full commission is further empowered to order payment of medical bills in such cases. Id. at 111, 576 S.E.2d at 196-97. Generally, a claimant may obtain compensation only by accepting services from the employer’s choice of providers. However, a claimant is not required to sacrifice much-needed treatment merely to comply with an employer’s choice of physicians. See Risinger v. Knight Textiles, 353 S.C. 69, 73, 577 S.E.2d 222, 224-25 (2002) (<HOLDING>). The full commission is empowered to order",141016,22644,0,case_hold_mc,holding that the language of sccode ann  421560 does not allow an employer to dictate the medical treatment of injured employees,holding employee could proceed against employer in action for fraudulent misrepresentation where employees complaint alleged inter alia employee was regularly exposed to lead fumes and dust at place of employment employer tested employees blood to monitor lead levels employer willfully and intentionally withheld employees test results which showed employee had developed leadrelated diseases and employer subsequently altered those results to induce employee to continue working for employer employee further alleged employers concealment of employees condition prevented employee from reducing his exposure to lead and obstructed him from receiving appropriate medical treatment and that delay in treatment resulted in aggravation of employees injury,holding that employee was consumer of medical insurance purchased by employer for employees benefit,holding that a tortfeasor is required to pay the expenses of over treatment or unnecessary medical treatment unless such treatment was incurred by the victim in bad faith ,holding that an employer is not financially responsible for medical and surgical treatment obtained by an employee for conditions unrelated to an accident arising out of and in the course of the employees employment
167,"(“IJ”) order denying Woldemariam’s motion to reopen deportation proceedings conducted in absentia. We have jurisdiction under 8 U.S.C. § 1252. We review for abuse of discretion the denial of a motion to reopen, Singh v. INS, 213 F.3d 1050, 1052 (9th Cir.2000), and we deny the petition for review. The BIA did not abuse its discretion in denying Woldemariam’s motion to reopen because Woldemariam failed to comply with all of the procedural guidelines set forth in Matter of Lozada, 19 I. & N. Dec. 637 (BIA 1988). See Reyes v. Ashcroft, 358 F.3d 592, 597 (9th Cir.2004). Contrary to Woldemariam’s contention, the alleged ineffectiveness of the attorney who represented him before the immigration court is not plain from the record. Cf. Escobar-Grijalva v. INS, 206 F.3d 1331, 1335 (9th Cir.2000) (<HOLDING>). PETITION FOR REVIEW DENIED. ** This",141872,22779,4,case_hold_mc,holding that failure to comply with the hozada requirements is not fatal where the alleged ineffective assistance is plain on the face of the administrative record,holding that an ineffective assistance of counsel claim must be raised on direct appeal when the facts supporting the claim are presented on the face of the record,holding that defendant may raise claim of ineffective assistance of counsel on direct appeal only if ineffective assistance is conclusive from the record,holding ineffective assistance of counsel claims may be decided on direct appeal where the district court has developed a record on the ineffectiveness issue,holding that the bias reasonable rules for the normal ineffective assistance claim do not apply where facts demonstrating an attorneys ineffectiveness are not plain on the face of the administrative record
168,"are not properly before the court and generally need not be addressed.” United States v. Castillo-Garcia, 117 F.3d 1179, 1197 (10th Cir.1997). See also Resolution Trust Corp. v. Greif 906 F.Supp. 1446, 1456-57 (D.Kan. 1995) (noting a motion to reconsider is not a mechanism to raise arguments that should have been raised in the first instance or to rehash arguments previously considered and rejected by the court). 2. Analysis Although plaintiff suggests that the court made numerous errors in its May 8, 2002, M & O, the vast majority of plaintiffs arguments are merely a recitation of her previous positions. At best, these contentions reshuffle plaintiffs arguments previously considered and rejected by the court. See Voelkel v. General Motors, Corp., 846 F.Supp. 1482, 1483 (D.Kan.1994) (<HOLDING>). As such, the court declines to revisit",142724,22917,4,case_hold_mc,holding that merely reiterating arguments previously presented to the bia does not constitute specifying errors of fact or law as required for a successful motion to reconsider alteration omitted,holding that an attorneys arguments are not evidence,holding that the bia does not abuse its discretion by denying a motion to reconsider where the motion merely repeats arguments that the bia has previously rejected,holding that the bia does not abuse its discretion by denying a motion to reconsider when the motion merely repeats arguments that the bia has previously rejected,holding that a motion to reconsider is not a second opportunity for the losing party to make its strongest case to rehash arguments or to dress up arguments that previously failed
169,"if the ALJ finds, and the record supports the finding, that the nonexertional impairment does not diminish the claimant’s residual functional capacity to perform the full range of activities listed in the Guidelines. Id. 5 . Both obesity and pain are examples of non-exertional impairments that might significantly restrict a claimant’s ability to perform the full range of sedentary work. See, e.g., Lucy, 113 F.3d at 908 (obesity); Reynolds v. Chater, 82 F.3d 254, 258 (8th Cir.1996) (pain). 6 . Conn v. Secretary, 51 F.3d 607, 610 (6th Cir.1995) (finding that ALJ may rely solely on a VE’s testimony even if it directly contradicts DOT); Logan v. Shalala, 882 F.Supp. 755, 764 (C.D.Ill.1995) (finding DOT’S requirements not controlling); Johnson v. Shalala, 60 F.3d 1428, 1436 (9th Cir.1995) (<HOLDING>); but see Porch v. Chater, 115 F.3d 567, 572",143576,23051,3,case_hold_mc,holding the record must demonstrate that the alj considered all of the evidence and the alj must discuss  the evidence supporting his decision  the uncontroverted evidence he chooses not to rely upon and significantly probative evidence he rejects,holding that an alj is entitled to rely on vocational experts testimony that is based on assumptions that are supported by evidence in the record,holding discrepancies should be resolved in favor of the dot particularly when the alj simply appears to have made a mistake by relying on the ve testimony over an inconsistent description in the dot,holding alj may rely on ve contradicting dot but only insofar as the record contains persuasive evidence to support the deviation,holding that while the information in the dot is not dispositive the alj may take administrative notice of reliable job information available from various governmental and other publications such as the dot
170,"approach is untenable because the court made no explicit findings before closing the courtroom), the reasons identified therein are insufficient to justify the closure. Delaney affirmed that, at the court’s direction, he excluded Gupta’s brother and girlfriend from the courtroom during voir dire because of “the large number of jurors in the venire panel” and the need “to protect the panel from hearing anything about the case from any member of the public pres ent.” See J.A. at 238-39. As we have previously held, such justifications are inadequate — a point the Government has conceded. See Original Appellee Br. at 25 & 25 n.* (“[T]he District Court’s exclusion of members of the public from the courtroom during voir dire violated the four-factor Waller test.”); Gibbons, 555 F.3d at 117 (<HOLDING>). Because the closure here was unjustified, the",144433,23189,2,case_hold_mc,holding that only the most compelling reasons can justify the total foreclosure of public and professional scrutiny to a courts basis for the adjudication,holding that the fourth waller factor was satisfied despite the lack of specific findings of fact where the information gleaned from the record was  sufficient to support the partial temporary closure of petitioners trial,holding that under waller insufficient space because of the size of the venire and the risk of tainting the jury pool are not compelling reasons for closure,holding that fourth waller factor is satisfied where information gleaned from the record is sufficient to support the partial temporary closure of petitioners trial,holding outofcourt statements relating to reasons for investigation are not admissible where the reasons for the investigation are not at issue
171,"of heroin into the United States, but his actions were minor relative to the other participants in the international drug smuggling scheme. The sentencing court refused to consider Isienyi’s role in comparison to the conduct of other participants in the drug smuggling scheme because Isienyi was charged and held accountable only for the drugs that he personally transported into the United States. Isienyi concedes that the law of this Circuit is firmly established against him. We recently rejected an identical argument in United States v. Griffin, 150 F.3d 778 (7th Cir.1998), where we reiterated that “[i]n determining the applicability of § 3B1.2, ‘the relevant inquiry is whether the defendant was a minor participant in the crime for which he was convicted, not wh 36, 240 (3d Cir.1998) (<HOLDING>); United States v. Snoddy, 139 F.3d 1224,",145293,23327,2,case_hold_mc,holding that when the indictment charges that a certain minimum quantity of drugs is involved in the offense proof of that quantity is a fourth element of the offense,holding that uncharged amounts of drugs may be included as relevant conduct even if the defendant never actually possessed or distributed the drugs,holding that even if a courier is charged with importing only the quantity of drugs that he actually carried the sentencing court must examine the relative conduct of other participants in the scheme in assessing the couriers relative culpability,holding that the quantity of drugs involved in an offense does not support a downward departure because the legislature intended the quantity of drugs to be a determining factor in varying penalties,holding that minor participant determination must be made relative to all participants in the criminal scheme for which the defendant is charged
172,"force and does not have a duty to retreat if [h]e ... reasonably believes that such force is necessary to prevent imminent death or great bodily harm to himself .. or to prevent the imminent commission of a forcible felony” (emphasis added), and this court held in Garrett v. State, 148 So.3d 466, 471 (Fla. 1st DCA 2014), that “[t]he fact that [the defendant] was a convicted felon in unlawful possession of a firearm did not apply to the jury’s consideration of whether [he] had a duty to retreat under section 776.012(1).” Accord Dorsey v. State, 149 So.3d 144, 147 (Fla. 4th DCA 2014) (Dorsey II); Rios v. State, 143 So.3d 1167, 1169-70 (Fla. 4th DCA 2014); Hardison v. State, 138 So.3d 1130, 1134 (Fla. 1st DCA 2014); see also Hill v. State, 143 So.3d 981, 984 (Fla. 4th DCA 2014) (en banc) (<HOLDING>); Little v. State, 111 So.3d 214, 219-22 (Fla.",146147,23463,0,case_hold_mc,holding that the defense provided in section 7760121 is available to persons engaged in an unlawful activity and explaining that the addition of the words and does not have a duty to retreat to section 776012 had the effect of abrogating the common law duty to retreat before using deadly force outside the home under the circumstances indicated therein,holding that the application of section 776012 is not limited to persons not engaged in unlawful activity,holding it was fundamental error to instruct the jury using the pre2005 duty to retreat instruction when the incident occurred after the enactment of the current stand your ground law,holding the trial court erred in failing to instruct the jury that defendant claiming selfdefense had no duty to retreat,holding that defendant need not establish that he was not engaged in unlawful activity under section 776012
173,"“tending to prove”) as to each essential element of the offense charged. Dunn v. State, 454 So.2d 641, 649 n. 11 (Fla. 5th DCA 1984) (Cowart, J., concurring specially); accord Lonergan v. Estate of Budahazi, 669 So.2d 1062, 1064 (Fla. 5th DCA 1996). In De Groot v. Sheffield, 95 So.2d 912, 916 (Fla.1957), the supreme court de fined competent substantial evidence as “such evidence as will establish a substantial basis of fact from which the fact at issue can be reasonably inferred.” The supreme court stated that “the evidence relied upo o support a finding that a violation occurred. See, e.g., C.B.H. v. State, 117 So.3d 450 (Fla. 2d DCA 2013) (reversing revocation where only evidence of violation was hearsay, which, without nonhearsay evidence, was insufficient); Cerny, 65 So.3d at 613 (<HOLDING>); Gaddy v. State, 23 So.3d 1258, 1259 (Fla. 2d",147007,23616,0,case_hold_mc,holding that the circuit court erred in revoking mr cernys probation based on that alleged new law violation where no evidence supported trial courts finding that a battery occurred,holding trial court abused its discretion in finding violation where state presented no evidence that defendant ever received the instruction from probation officer and thus knew about the condition,holding that the district courts finding of no discrimination was not clearly erroneous because the finding was supported by the record,holding that the trial court did not abuse its discretion in revoking the defendants probation before the defendant completed his executed sentence,holding trial court abused its discretion in revoking probation where greater weight of evidence did not show violation was willful
174,"that Ridgely created a hostile work environment starting in 2003 and that the hostility manifested itself through isolation, subjection to public ridicule and harmful treatment that was so severe it caused psychological illness. Compl. ¶¶ 10, 12-13. In addition, following her first formal EEO complaint in March 2005, the plaintiff alleges that Ridgel/s treatment toward her became “more hostile and hurtful.” Id. ¶ 12. The plaintiff has alleged some conduct in support of her claim, specifically Ridgely’s actions toward her and overall negative treatment in the workplace, and thus, the facts in the plaintiffs complaint support.her hostile work environment claim. Powell v. Castaneda, 390 F.Supp.2d 1, 11 (D.D.C.2005); see also Kriesch v. Johanns, 468 F.Supp.2d 183, 187-88 (D.D.C.2007) (<HOLDING>). Therefore, the court denies the defendant’s",147866,23758,2,case_hold_mc,holding that the plaintiffs complaint was valid because despite general allegations it provided notice,holding reasonable suspicion is based on totality of circumstances,holding that under the totality of the circumstances the facts provided sufficient support to defeat a motion to dismiss despite being broad allegations,holding that the government bears the burden of proving voluntary consent under the totality of the circumstances,recognizing inferential factual allegations to defeat a motion to dismiss
175,"underinsured and the motion court correctly determined that the Bowdens are not entitled to recover pursuant to their underinsured vehicle policy. The entry is: Judgment affirmed. 1 . The driver’s parents live separately. 2 . A person who is vicariously liable for the tort of another is not a joint tortfeasor subject to separate liability; rather she or he shares in the liability of the tortfeasor because of a special relationship with the tortfeasor. See BLACK'S LAW DICTIONARY 927 (7th ed. 1999) (defining vicarious liability as ""[ljiability that a supervisory party (such as an employer) bears for the actionable conduct of a subordinate or associate (such as an employee) because of the relationship between the two parties”); York v. Day’s, Inc., 153 Me. 441, 140 A.2d 730 (1958) (<HOLDING>). 3 . The underinsured vehicle policy provides,",148720,23884,2,case_hold_mc,holding the fact that an exempt owner who acquired legal title after date when liability for current taxes had accrued was the equitable owner did not make the exemption applicable,holding that vehicle owner not present in the vehicle when it was stopped had not suffered interference with his possessory interest and could not challenge the constitutionality of the stop,holding that a statute imposing joint and several liability on a vehicle owner for a minors conduct while driving the vehicle with permission imputed financial liability rather than fault to the vehicles owner,holding that unlicensed driver who was driving vehicle with permission of owners permittee could reasonably believe that permittee had authority to permit him to drive vehicle and thus driv er was entitled to liability coverage notwithstanding auto policy exclusion for any person using a vehicle without a reasonable belief that person is entitled to do so driver could have reasonable belief that he was entitled to use vehicle even though he was unlicensed where he was doing so at specific request of permittee and actual owner never instructed driver not to drive vehicle nor instructed permittee not to allow others to drive vehicle,holding that to be convicted under dwi statute a person must be driving or in actual physical control of the vehicle but motion of the vehicle is not necessary
176,"the requisite intent. The credibility of the evidence and whether in fact defendant did or did not possess the requisite intent is for the jury to decide. Id. Here, unlike in Barlowe, no conflicting evidence was offered as to defendant’s intent to commit a felony, in this case, first degree burglary, upon entering the home. “The intent to commit the felony must be present at the time of entrance, and this can but need not be inferred from the defendant’s subsequent actions.” State v. Montgomery, 341 N.C. 553, 566, 461 S.E.2d 732, 739 (1995). The State presented clear evidence of each element of the crime, including defendant’s intent, as evidenced by defendant’s subsequent actions in attempting to cash Charles Patterson’s check. See Montgomery, 341 N.C. at 568, 461 S.E.2d at 740 (<HOLDING>). As the State’s evidence was sufficient to",149574,24021,0,case_hold_mc,holding that the states evidence that defendant stole money from a purse after he entered the apartment was substantial evidence that he had the intent to commit larceny when he entered the apartment and finding no error in the trial courts failure to submit the lesserincluded offense of misdemeanor breaking and entering to the jury,holding that statements by defendant and apartment manager that defendant lived in the apartment where drugs were found demonstrated his control over the apartment even though no documents personal effects or keys were found,holding that it was error to direct entry of a conviction for a permissive lesserincluded offense based on the fact that it was supported by the evidence because the greater crime was not charged in a manner that encompassed the intent element of the permissive lesserincluded offense and the jury did not make a finding regarding that intent element,holding that conviction for a crime that required breaking and entering also required the state to prove that defendant had actually entered the premises,recognizing common law grand larceny as separate and distinct from the statutory offense of breaking and entering with intent to steal
177,"court’s review of the nature of the debt in question for purposes of determining its dischargeability.”); Peerless Ins. v. Swanson (In re Swanson), 231 B.R. 145, 149 (Bankr.D.N.H.1999) (concluding that a debt, which was owed by a chapter 7 debtor in her capacity as a court-appointed guardian of a probate estate, to an insurance company, which had posted a bond for the debtor and ultimately paid out sums when a probate court determined that the debtor failed to properly account for property entrusted to her, was a debt for defalcation while acting in a fiduciary duty within the meaning of § 523(a)(4), even though the debt was embodied in an otherwise unsecured promissory note executed by the debtor in favor of the insurance company); In re Bryer, 227 B.R. 201, 202-03 (Bankr.D.Me.1998) (<HOLDING>); Roy v. United States (In re Roy), 189 B.R.",150425,24161,3,case_hold_mc,holding punitive damages nondischargeable under  523a6 when such damages are based on the same conduct as the underlying nondischargeable judgment,holding that in a chapter 7 case postpetition interest on a nondischargeable tax claim is also nondischargeable,holding that security interest was not perfected since debtor conducted business only in one town in the state and creditor did not file financing statement in that town,holding that a nondischargeable restitutionary obligation imposed on a chapter 13 debtor as a part of his sentence in the prosecution for theft of town funds did not lose its character as a nondischargeable restitutionary debt under  1328a3 following the debts assignment from the town to its sureties,holding nondischargeable postpetition interest on debt that was determined to be nondischargeable under section 523a2 as obtained by fraud
178,"its immunity to counterclaims, including compulsory ones. Potawatomi, 498 U.S. at 509, 111 S.Ct. 905; see also United States v. U.S. Fid. & Guar. Co., 309 U.S. 506, 513, 60 S.Ct. 653, 84 L.Ed. 894 (1940) (“Possessing [ ] immunity from direct suit, we are of the opinion [that a tribe] possesses a similar immunity from cross-suits.”); McClendon, 885 F.2d at 630 (“[W]e consistently have held that a tribe’s participation in litigation does not constitute consent to counterclaims asserted by the defendants in those actions.”). And we have held that a tribe’s voluntary participation in administrative-proceedings does not waive its immunity in a subsequent court action filed by another party seeking review of the agency proceedings. See Kescoli v. Babbitt, 101 F.3d 1304, 1310 (9th Cir. 1996) (<HOLDING>); Quileute Indian Tribe v. Babbitt, 18 F.3d",151282,24304,4,case_hold_mc,holding that tribes voluntary participation in administrative proceedings is not the express and unequivocal waiver of tribal immunity that we require in this circuit,holding that the waiver of sovereign immunity must be clear and unequivocal,holding that a state may waive its sovereign immunity,holding that a tribes agent who has apparent authority may waive immunity without board approval,holding that tribes did not waive their immunity by intervening in  administrative proceedings because any waiver must be unequivocal and may not be implied
179,"an additional instance in which Cameco purposefully and knowingly availed itself of a business opportunity in Colorado. Cameco argues that Mr. Benton’s presence in Colorado is a mere coincidence that is inadequate to confer specific jurisdiction over Cameco. However, we do not agree that “[t]he quality and nature” of Cameco’s contact with Colorado was “so ... random, fortuitous, [and] attenuated that it cannot fairly be said that [Cameco] should reasonably anticipate being haled into court” in Colorado. Burger King, 471 U.S. at 486, 105 S.Ct. 2174 (citations and quotation marks omitted). This is not a case in which the defendant’s only contacts with the forum resulted from “the mere unilateral activity” of the plaintiff. See World-Wide Volkswagen, 444 U.S. at 298, 100 S.Ct. 559 (<HOLDING>); Hanson, 357 U.S. 235, 78 S.Ct. 1228, 2",152139,24440,2,case_hold_mc,holding consumers unilateral act of taking product to forum state insufficient to subject manufacturer to jurisdiction there,holding that unilateral activity of a third party is not an appropriate consideration in determining what contacts are sufficient for personal jurisdiction purposes,holding that personal jurisdiction over defendant car manufacturer was inappropriate when defendants only contacts with the forum resulted from plaintiffs unilateral activity of driving defendants product into another state,holding that personal jurisdiction over defendant trustee was inappropriate when defendants only contacts with the forum resulted from plaintiffsettlors unilateral activity of moving to florida,holding that court did not have personal jurisdiction over nonresident defendant where defendant assignee received patents from assignor over whom court had personal jurisdiction in part because the unilateral activity of those who claim some relationship with a nonresident defendant cannot satisfy the requirement of contact with the forum state
180,"argued that there was insufficient evidence for a grand jury to conclude that he had used his hands and fists as dangerous weapons. This Court previously has held that a defendant can be convicted of assault with a dangerous weapon by beating another with his or her hands if the hands were used in “such a manner as to be likely to produce substantial bodily harm.” State v. Zangrilli, 440 A.2d 710, 711 (R.I.1982) (citing State v. Mercier, 415 A.2d 465, 467 (R.I.1980)). Before this Court, the state argued that the motion to dismiss was filed nearly seven months after defendant’s arraignment and was not timely; and therefore, the hearing justice’s refusal to entertain the motion may be sustained on the ground that the filing was out of time. State v. Acquisto, 463 A.2d 122, 128 (R.I.1988) (<HOLDING>). This argument was not raised before the",152986,24574,1,case_hold_mc,holding that trial court did not abuse its discretion by determining expert witness was qualified to testify,holding that the trial court did not abuse its discretion in determining that a tenmonth delay in filing a dismissal motion was reasonable,holding that superior court did not abuse its discretion in finding that rule 60b6 motion was made within a reasonable time,holding that a fivemonth delay in filing a motion to disqualify did not bar the motion where there was a reasonable explanation for the delay,holding that trial court did not abuse its discretion in overruling motion for new trial on perjury grounds
181,"move to dismiss this action because Indelicato failed to exhaust his administrative remedies before filing a complaint in this Court. The PLRA provides that “[n]o action shall be brought with respect to prison conditions under ... Federal law, by a prisoner ... until such administrative remedies as are available are exhausted.” 42 U.S.C. § 1997(e)(a). In Porter v. Nussle, 534 U.S. 516, 122 S.Ct. 983, 992, 152 L.Ed.2d 12 (2002), the Supreme Court held that the PLRA’s exhaustion requirement applies to all inmate suits related to prison conditions. This requirement extends to cases, such as this one, where a plaintiff seeks a remedy not available through the administrative process, such as monetary damages. See Booth v. Churner, 532 U.S. 731, 733-34, 121 S.Ct. 1819, 149 L.Ed.2d 958 (2001) (<HOLDING>). The purpose of the exhaustion requirement is",153842,24720,3,case_hold_mc,holding that exhaustion is required even where the relief sought is not available in the administrative process,holding that damages are not relief that is available under the idea,holding that exhaustion is not required for plaintiffs seeking money damages because damages are unavailable through the administrative process and because all other relief available to the plaintiffs under the idea had already been provided through a settlement agreement,holding that exhaustion is required under the plra even if the plaintiff seeks only money damages and money damages are not available as relief,holding that action for lien seeks money damages because its goal is to seize or attach money in the hands of the government as compensation  
182,"to justify a warrantless search.” Id. at 492, 351 S.E.2d at 571-72 (citing California v. Carney, 471 U.S. 386, 105 S.Ct. 2066, 85 L.Ed.2d 406 (1985)). Thus, “the inherent mobility of automobiles provides the requisite exigency.” Id. at 492, 351 S.E.2d at 572. In this case, the State met its burden to prove probable cause and the existence of circumstances to support the warrantless search under the automobile exception. During their investigation at the crime scen 475, 477 (1978) (finding probable cause existed to conduct warrantless search of vehicle based on Carroll doctrine where police stopped vehicle after receiving information from confidential informant that defendant was driving vehicle containing marijuana); State v. Hayden, 268 S.C. 214, 218, 232 S.E.2d 889, 891 (1977) (<HOLDING>); State v. Frank, 262 S.C. 526, 531-33, 205",154703,24857,3,case_hold_mc,holding that although the automobile exception is based in part on exigence where police have probable cause to search a ear they need not get a search warrant even if they have the time and opportunity,holding that absent consent or exigent circumstances law enforcement officers cannot legally search for the subject of an arrest warrant in the home of a third party without first obtaining a search warrant,holding warrantless search of defendants automobile four days after impoundment was permissible under requirements of fourth amendment and state constitution where officers had probable cause to search vehicle when it was impounded and that probable cause continued between the time of the impoundment and the search,holding probable cause and exigent circumstances justified warrantless search of automobile where officers received information from an informant that defendants would be traveling in a vehicle containing illegal drugs and due to the lateness of the hour it would have been impractical to get a search warrant,holding that a totality of circumstances standard was proper for determining probable cause for issuance of a search warrant based on information from an informant
183,"of certain crimes and to recommend a sentence reduction. His petition named as defendants the United States government, the Federal Bureau of Prisons (BOP), the Atlanta Division of the United States Attorney’s Office in the Northern District of Georgia, and two individual BOP officers, “Essinburn” and “Riverra.” The magistrate judge issued a report and recommendation concluding that Davis’ § 1361 mandamus petition should be dismissed for failure to state a claim. Over Davis’ objections, the district court adopted the magistrate judge’s report and dismissed the petition. This appeal followed. II. We review a district court’s refusal to issue a writ of mandamus for abuse of discretion. See Schlagenhauf v. Holder, 379 U.S. 104, 111 n. 8, 85 S.Ct. 234, 239 n. 8, 13 L.Ed.2d 152 (1964) (<HOLDING>). Because Davis is proceeding pro se, we",155554,24989,1,case_hold_mc,holding that to grant a writ of mandamus a court in the exercise of its discretion must be satisfied that the writ is appropriate under the circumstances,recognizing that the issuance of a writ of mandamus is itself generally a matter of discretion,holding that an execution may not run against the property of a political subdivision of the state and thus the only procedure available to a judgment creditor is the issuance of a writ of mandamus,holding that common pleas erred in setting aside the writ of execution on the basis that the union erroneously filed a writ of execution instead of filing a writ of mandamus,recognizing that laches is a proper ground for refusing to issue a writ of mandamus
184,"exception to Younger abstention. See J. & W. Seligman, 2007 WL 2822208, at *4 n. 4 (“Although the Second Circuit has not spoken on this issue, it is likely that it would adopt the [“facially conclusive”] exception.”); Terminix Int’l Co. v. Rocque, 210 F.Supp.2d 97, 102 (D.Conn.2002) (assuming the Second Circuit would follow other circuits in applying the “facially conclusive” exception). The “facially conclusive” exception to Younger abstention applies only where there exists no unresolved questions of fact or law in deciding the preemption question. See NOPSI, 491 U.S. at 367, 109 S.Ct. 2506 (“[W]hat requires further factual inquiry can hardly be deemed ‘flagrantly’ unlawful for purposes of a threshold abstention determination.”); Colonial Life & Accident Ins., 572 F.3d at 29 (<HOLDING>). In particular, courts have found the",156403,25124,1,case_hold_mc,holding it is a question of fact,holding preemption defense not facially conclusive when it turned on an unsettled question of law,holding that statements at plea hearing that facially demonstrate pleas validity are conclusive absent compelling reason why they should not be,holding that trial courts resolution of disputed facts are conclusive on appeal when supported by substantial evidence,holding that an expert opinion on a question of law is inadmissible
185,"sympathy to Fowler for the consequences of this holding, which will apparently deprive him of the use of the truck by which he generates most of his income. This result apparently could have been avoided by liquidating the corporation before filing for bankruptcy. As the matter stands now, we cannot breath[e] life into an equitable interest that followed the shares of stock Fowler v. Shadel, 400 F.3d at 1019. 3. An exemption in a tenancy at will would not hold up against the trustee, who manages the true ownership interest as part of the bankruptcy estate. Finally, for the sake of being thorough, we should note that the Wisconsin homestead exemption does apply to “any estate less than a fee.” Wis. Stat. Ann, § 815.20(1) (West 2012); see also In re Kaufmann, 142 F. 898 (E.D.Wis.1906) (<HOLDING>). However, all the debtor would have in this",157247,25253,4,case_hold_mc,holding that where the will did not provide the life tenant with the power to sell and it was not necessary to sell the property for the payment of estate expenses the life tenant was not entitled to the proceeds from the sale of the property instead the proceeds became a part of the residuary estate,holding that an easement cannot be created in favor of an estate for years extending beyond the life of the estate,holding that the debtor lacked standing to bring a claim against the internal revenue service for the improper assessment of a tax deficiency because the cause of action was the property of the estate and had not been abandoned to the debtor,holding that a debtor in bankruptcy may claim as exempt the cash surrender value of a life insurance policy insuring the life of the debtor that is payable to a beneficiary other than the debtor under dccode ann  314716a2001 despite the absence of the term cash surrender from the statute,holding that a life estate was a sufficient tenure to the debtor within the protection of the statute
186,"Hummel saying “wait here” to Butler. The court also found that Deputy Hummel was conducting a preliminary crime scene investigation, not a custodial interrogation, when he spoke to Butler. The Nebraska Supreme Court has said that Miranda procedures are not meant to preclude law enforcement personnel from performing their traditional investigatory functions, such as general on-the-scene questioning as to the facts surrounding a crime or other general questioning of citizens in the factfinding process. State v. Bennett, 204 Neb. 28, 281 N.W.2d 216 (1979) (defendant interviewed as material witness at hospital, after he had directed police to murder victim at scene; defendant was not then viewed as suspect and was not in custody). See State v. Lopez, 249 Neb. 634, 544 N.W.2d 845 (1996) (<HOLDING>). However, Butler argues that once Deputy",158103,25399,2,case_hold_mc,holding that custodial interrogation by police must not occur prior to suspect being informed of his or her right to counsel and against selfincrimination,holding that newspaper had sufficient interest to obtain access to police investigative files and autopsy report regarding suspect who had been shot to death while in police custody,holding that general onthescene questioning as to facts surrounding crime does not constitute custodial interrogation in case where police who arrived at scene of murder and were greeted by owner of mobile home with news that victim had been shot had not taken defendant in custody when they asked her for her name and date of birth,holding wife did not have a duty to warn a police officer who was shot while escorting her home that her husband had threatened to kill any police officer,recognizing that not all statements obtained by the police after a person has been taken into custody are to be considered the product of interrogation
187,"ultimately entered by Arbitrator Coleman. Any amendment to plaintiffs complaint making this allegation would therefore be futile. J.A. at 51 (Mem.Op.). Because the district court cited only one reason for denying Local 519’s request to amend — futility—we review this decision de novo. For the reasons discussed in Part A, supra, we reject the district court’s reasoning about the futility of amendment. Although the arbitrator did not base his award on a finding of physical violence, the alleged fraud may have impacted his decision. We remand to the district court to consider whether there are any other grounds for denying Local 519’s motion to amend its complaint, such as undue delay or undue prejudice to UPS. See Foman v. Davis, 371 U.S. 178, 182, 83 S.Ct. 227, 9 L.Ed.2d 222 (1962) (<HOLDING>). III. THE COLLECTIVE BARGAINING AGREEMENTS",158955,25531,3,case_hold_mc,holding leave to amend should be freely granted absent a showing of undue delay bad faith undue prejudice or futility,holding that court may refuse leave to amend because of undue delay,holding that futility prejudice or bad faith may justify refusing to grant leave to amend,recognizing as legitimate grounds for denying a partys motion to amend undue delay bad faith or dilatory motive on the part of the movant repeated failure to cure deficiencies by amendments previously allowed undue prejudice to the opposing party by virtue of allowance of the amendment and futility of the amendment,holding that it is abuse of discretion to deny leave to amend absent a clear or declared reason such as delay bad faith prejudice or a repeated failure to cure a problem in the complaint
188,"personal account statements, Ms. Jarvis contends that Lumenite failed to provide a summary plan description and summary annual reports as required by § 1024(b). Section 1132(c), on which count II of Ms. Jarvis’ counterclaim is premised, provides statutory penalties for failure or refusal “to comply with a request” for information required under ERISA. Here, while Ms. Jarvis’ letters may have been requests for information regarding her personal account statements, they cannot be read as requests for summary plan descriptions or summary annual reports. Thus, Lumenite is not hable for statutory penalties under § 1132(c) for failing to provide that information. Cf. Balzanto v. Nicholas Cuda, Ltd. Profit Sharing Plan, No. 01 C 294, 2002 WL 63519, at *3 (N.D.Ill. Jan. 17, 2002) (Kocoras, J.) (<HOLDING>). Ms. Jarvis also references two additional",159808,25669,4,case_hold_mc,holding that a plan administrator was arbitrary and capricious in denying a plan participants claim that use of prescription narcotics rendered the participant disabled from the performance of his occupation and thus eligible for benefits under the plan without investigating the claim,holding that retirement benefits are accrued benefits under erisa,holding that plan administrator of an erisa health plan did not have to anticipate the confusion of a plan participant,recognizing that the plan may deduct amounts owed by a participant from future benefits to which the covered person or an immediate covered family member may otherwise be entitled until the amount due the plan has been satisfied emphasis added,holding that requests for statement of accrued benefits fell under  1025a and did not put plan on clear notice that participant was requesting documents of the type covered by  1024b
189,"to claims already barred by the previous statute of limitations at the time the Act was enacted. The majority of courts addressing this issue have found that the Sarbanes-Oxley Act does not revive claims which expired under the previous, one-year statute of limitations. See In re Enter. Mortgage Acceptance Co., LLC, Sec. Litig., 295 F.Supp.2d 307, 312-17 (2003) (dismissing plaintiffs’ claims because Congress did not intend for the Act to revive previously time-barred action); In Re Heritage Bond Litig., 289 F.Supp.2d 1132, 1148 (C.D.Cal.2003) (finding the Act did not apply to § 10(b) and § 20(a) claims already barred at the time of the Act’s enactment); In re Enron Corp. Sec. Derivative & “Erisa” Litig., No. MDL-1446, Civ.A.H-01-3624, 2004 WL 405886, at *17 (S.D.Tex. Feb. 25, 2004) (<HOLDING>); Glaser v. Enzo Biochem, Inc., 303 F.Supp.2d",160666,25801,0,case_hold_mc,holding that because the act lacked an expression of specific intent to apply retroactively the extended limitations period did not revive claims,holding 1997 sra amendment does not apply retroactively to revive appellants previously washed out juvenile adjudications,holding that apprendi does not apply retroactively,holding that even though statute of limitations on claims brought by the kansas public employees retirement system explicitly applied retroactively it was not intended to revive lapsed actions,holding that the protect act amendments to the standard of review apply retroactively
190,"For claims involving tort law, Kansas follows the rule of lex loci delicti, which means the law of the state where the tort occurred controls. Ling v. Jan’s Liquors, 237 Kan. 629, 703 P.2d 731, 735 (1985). Here, the alleged trespass occurred in Texas. Thus, unless Kansas law dictates otherwise, Texas law applies to this case. B. Standing “[A] person has standing to sue only when he or she is personally aggrieved by an alleged wrong.” Denman v. SND Operating, L.L.C., No. 06-04-00061-CV, 2005 WL 2316177, at *3 (Tex.App. 2005). A cause of action for injury to property belongs to the person who owns the property at the time of the injury and, without express assignment, does not pass to a subsequent purchaser. Id.; In re Premcor Refining Group, Inc., 233 S.W.3d 904, 908 (Tex.App.2007) (<HOLDING>). Thus, the court must determine when the",161522,25937,2,case_hold_mc,holding that the cause of action accrued on the date of sale,holding that a cause of action for damages to property resulting from a permanent nuisance accrues to the owner of the land at the time the injury begins to affect the land and mere transfer of the land by deed does not transfer the claim for damages,holding that the plaintiffs lacked standing to pursue a permanent nuisance action for injury to property because none of the plaintiffs were the owners of the land when the cause of action accrued with the first injury,recognizing the cause of action,holding that plaintiffs lacked standing to sue
191,"and right arm, injuring herself. I The defendant first claims that the trial court improperly failed to instruct the jury that the plaintiff was required to prove that the defendant had actual or constructive notice of the specific defect and that the defendant also had sufficient time to remedy the defect. We disagree. In the present case, the plaintiff claimed that the defendant breached its duty of care when its employees created the dangerous condition that caused her injury. It is well established that a plaintiff does not have to prove that a defendant had actual or constructive notice of a dangerous condition when the plaintiff claims that the defendant’s employees created the condition. See Fuller v. First National Supermarkets, Inc., 38 Conn. App. 299, 300, 661 A.2d 110 (1995) (<HOLDING>); Holody v. First National Supermarkets, Inc.,",162373,26081,4,case_hold_mc,holding that delay caused by or consented to by a defendant is not unreasonable,holding that an owner or occupant of properly is not liable to pedestrians for injuries resulting from a fall caused by the natural accumulation of snow and ice on a sidewalk in front of the property ,holding supermarket employees caused plaintiffs injury by stacking cartons in dangerous manner,holding that claim against hospital regarding patients fall caused by defective footboard on hospital bed constituted health care liability claim,holding supermarket caused fall by leaving pricing stickers on floor
192,"42 U.S.C. § 1985(3). 12 . In this circuit, a § 1985(3) claim must allege that ""(1) the defendants conspired (2) for the purposes of depriving, either directly or indirectly, any person or class of persons of the equal protection of the laws, or of equal privileges and immunities under the laws, and (3) one or more of the conspirators committed some act in furtherance of the conspiracy; whereby (4) another person is injured in his person or property or deprived of having and exercising any right or privilege of a citizen of the United States; and (5) the action of the conspirators is motivated by a racial animus.” Wong v. Stripling, 881 F.2d 200, 202-03 (5th Cir. 1989). 13 . See Great Am. Fed. Sav. & Loan Ass'n v. Novotny, 442 U.S. 366, 378, 99 S.Ct. 2345, 60 L.Ed.2d 957 (1979) (<HOLDING>). 14 . See also Newberry v. E. Tex. State",163234,26219,3,case_hold_mc,holding that a title vii violation could not be asserted by way of 42 usc  19853 the conspiracy counterpart to  1983,holding that individual defendants may not be held liable for violations under title vii,holding individual employees may be liable under title vii,holding that   19853 may not be invoked to redress violations of title vii,holding that arbitration agreement that did not provide for award of attorney fees to successful title vii claimant was unenforceable because the right to attorneys fees  is central to the ability of persons to seek redress from violations of title vii
193,"conveyed property as a” World War I memorial and that “[i]f the Secretary determines that the conveyed property is no longer being maintained as a war memorial, the property shall revert to the ownership of the United States.” In effect, the government has tightly restricted the VFW’s use of the subject property for one purpose and, more importantly, has reserved the right to reassert ownership and repossess the subject property any time the Secretary of the Interior makes the discretionary determination that the VFW is not adequately maintaining the Latin cross as a World War I memorial. Such a reversionary clause defeats Defendants’ contention that the government has given up control over the subject property. See Hampton v. City of Jacksonville, 304 F.2d 320, 322-23 (5th Cir.1962) (<HOLDING>); see also Downs v. Sawtelle, 574 F.2d 1, 8",164081,26372,3,case_hold_mc,holding that the city had standing to challenge the constitutionality of a statute allowing certain communities within the same county as the city to incorporate as towns without the citys consent,holding that a city may be held liable on account of the unconstitutional conduct of city officials only if the citys policy or custom played a part in the violation,holding that open space restrictions agreed to by a golf course developer were properly treated as zoning restrictions and serve to reduce value under public interest rule discussed in tualatin development 256 or 323 473 p2d 660 1970,holding that where the citys conveyance of a segregated golf course to private parties included a reversionary clause which provided that the city could retake the property if it were no longer used for a golf course the city had complete present control over the golf course and state action existed under the fourteenth amendment,holding that citys enforcement of the entire state penal code would not constitute a city policy because the city was required to follow state law
194,"Real Estate Investors, Inc. v. Columbia Pictures Indus., Inc., 508 U.S. 49, 113 S.Ct. 1920, 123 L.Ed.2d 611 (1993)). See also Dixon v. International Broth. of Police Officers, 504 F.3d 73, 86 (1st Cir.2007). Defendants argue, correctly in the court’s view, that there is no reason these same principles would not also apply in the present context, where plaintiff seeks to hold defendants liable for exercising their First Amendment right to initiate litigation. See Sosa v. DIRECTV, Inc., 437 F.3d 923, 931 (9th Cir.2006) (“[W]e conclude that the Noerr-Pennington doctrine stands for a generic rule of statutory construction, applicable to any statutory interpretation that could implicate the rights protected by the Petition Clause”) (citing White v. Lee, 227 F.3d 1214, 1231 (9th Cir.2000) (<HOLDING>)); Zemenco, Inc. v. Developers Diversified",164937,26510,2,case_hold_mc,holding that state official english law violated the first amendment and the fourteenth amendments guarantee of equal protection under a strict scrutiny analysis because it impinges upon both the fundamental right to participate equally in the political process and the right to petition the government for redress,holding that noerrpennington doctrine exempts from antitrust liability any legitimate use of the political process by private individuals even if their intent is to eliminate competition,holding before be  k that because it is based on and implements the first amendment right to petition the noerrpennington doctrine is not limited to the antitrust context but applies equally in all contexts,holding that an individual is immune from antitrust liability for exercising first amendment right to petition the government,holding that there must be a causal connection between the alleged antitrust violation and the antitrust injury for there to be antitrust standing
195,"homicide was admissible as similar fact evidence. Id. at 628. In that case, the defendant was convicted of three counts of first-degree murder and sexual battery for the strangulation murders of three women. Id. at 619. The defendant admitted to killing all three victims, but his defense was that “the killings ‘just happened’ when he ‘lost it’ during consensual sex.” Id. at 628. This Court concluded that the third, similar homicide was relevant to the issues of lack of consent, premeditation, intent, and absence of mistake, which that evidence that twenty-three days before the murder, defendant had beaten the victim, with whom he was living, to the point that she became unconscious was “proper as evidence of premeditation”); see also Dennis v. State, 817 So.2d 741, 761 (Fla.2002) (<HOLDING>). However, trial courts should be cautious and",165791,26640,4,case_hold_mc,holding evidence of prior drug use admissible to show motive and the nature of the defendants relationship with coconspirators,holding evidence of sexual assault relevant to show defendants motive in kidnapping victim,holding that evidence of uncharged incest with the same victim is admissible to illustrate the relationship existing between the defendant and the victim,holding that trial court did not abuse its discretion by allowing the state to introduce direct evidence of the controlling nature of defendants relationship with the victim,holding that evidence that the defendant had stalked threatened and assaulted the victim his exgirlfriend was evidence as to the nature of the defendants relationship with the victim and that it was relevant to establish motive
196,"45, 822 N.E.2d 748 (2005) (denying summary judgment based, inter alia, on expert testimony that parking lot had improper pitch). Consequently, no reasonable jury could conclude from the plaintiffs observations alone that the parking lot was designed or maintained in a defective condition. Plaintiffs photographs also provide him little solace. Notably, most of the photographs were taken in August, 2008, or later. The condition of the. parking lot four years after plaintiffs accident sheds no light on whether it was in a defective and unsafe condition in December, 2004. Although photographs taken soon after the accident show puddling, the existence of puddles, without more, could not lead a reasonable jury to conclude that the parking lot design was defective. See Athas, 904 F.2d at 81 (<HOLDING>). Because the plaintiff has failed to present",166646,26777,4,case_hold_mc,recognizing that a prosecutors office is an entity and that information in the possession of one attorney in the office must be attributed to the office as a whole,holding that the district where the defendant attorneys office was located was the proper venue because the defendants omissions related to their failure to communicate from their office in savannah the details of the ongoing case,holding that an employee had a legitimate expectation of privacy in his office even though the papers seized from the office were not the property of the employee,holding that when a judicial office is created by legislative act or municipal ordinance  the office is regarded as a de facto office until the act or ordinance is declared invalid,holding post office could not be liable to patron who fell on its property because there was no evidence that the wet spots on the post office platform resulted from a defect or unnatural condition
197,"in question ... [is a] question! ] of state law.”); Barbier v. Shearson Lehman Hutton Inc., 948 F.2d 117, 122 (2d Cir.1991) (“the measure of damages is a matter of state substantive law”); Carota v. Johns Manville Corp., 893 F.2d 448, 450 (1st Cir.1990) (“The law of damages ... is substantive since it prescribes what, if any, money a plaintiff will receive as compensation for injury. Damages are an element of plaintiffs case.”) (internal quotation marks omitted); In re Air Crash Disaster Near Chicago, Ill., 701 F.2d 1189, 1194 (7th Cir.1983) (“[T]he state’s view of the measure of damages, which is inseparable from the substantive right of action, ... binds a federal court sitting in diversity.”); cf. Garcia & Maggini Co. v. Washington Dehydrated Food Co., 294 F. 765, 767 (9th Cir.1924) (<HOLDING>). Our holding today, that the Oregon Oil Spill",167504,26911,0,case_hold_mc,holding in conflict of laws analysis that it was proper to apply the law of the state of washington as to the measure of damages which involved the substantive rights of the parties,holding that in cases of a false conflict of law a court may apply the law of the forum state,holding that in interpreting a contract we look to the conflict of laws rules of  the forum state  to determine which states laws will be controlling,holding in the conflict of laws context that district courts sitting in diversity jurisdiction must apply the substantive law of the forum state,holding failure to raise issue of improper measure of damages in trial court waived review of complaints that proper measure of damages was not submitted to jury and that plaintiff failed to present evidence on the proper measure
198,"alleges that the defendants unnecessarily and unreasonably used not only excessive force against him, but also deadly force. He asserts that the latter type of force was used when Officer Quinn ordered the police canine to attack him. In Tennessee v. Garner, 471 U.S. 1, 105 S.Ct. 1694, 85 L.Ed.2d 1 (1985), the Supreme Court held that a police officer may not use deadly force ""unless it is necessary to prevent escape and the officer has probable cause to believe that the suspect poses a significant threat of death or serious physical injury to the officer or others."" Id. at 3, 105 S.Ct. 1694. Thus, where a suspect threatens an officer with a weapon such as a gun or a knife, the officer is justified in using deadly force. See, e.g., Billington v. Smith, 292 F.3d 1177, 1185 (9th Cir.2002) (<HOLDING>); Reynolds v. County of San Diego, 84 F.3d",168365,27053,3,case_hold_mc,holding that an officer may use deadly force when a fleeing suspect threatens the officer with a weapon,recognizing that deadly force is only justified where a suspect poses an immediate threat,holding that use of deadly force was justified when suspect in vehicle repeatedly refused orders to raise his hands and the officer perceived that he was holding something,holding that deadly force was justified where a suspect violently resisted arrest physically attacked the officer and grabbed the officers gun,holding that deadly force was unreasonable where the suspect possessed a gun but was not pointing it at the officers and was not facing the officers when they shot
199,"told about the note. However, the court accepted the trial judge’s statement that an attempt to contact counsel was made because the trial judge directed the sheriff to call counsel, and Crockett does not provide us with clear and convincing evidence that the judge did not give the sheriff this direction. See 28 U.S.C. § 2254(e)(1). Armed with that conclusion, the Illinois Appellate Court then assessed whether the delay in responding to the jury was unreasonable. The affidavits of the jurors show that the trial judge received the note from the jury and did not respond for fifteen minutes to one hour. The Illinois Appellate Court cited several cases in which a judge did not respond to a jury’s question: People v. Sims, 166 Ill. App.3d 289, 116 Ill.Dec. 706, 519 N.E.2d 921, 935 (1987) (<HOLDING>); People v. Chandler, 110 A.D.2d 970, 971, 487",169222,27203,4,case_hold_mc,holding appellant could not obtain a new trial so that jury could answer liability question because the charge instructed the jury not to answer the question based on its answer to a prior question and because appellant did not object to this instruction,holding that it was reversible error for a trial court to fail to answer a jurys question on the burden of proof for two hours after which the jury returned a verdict,holding that it was not reversible error for a trial court to fail to answer a jurys question for fifty minutes after which the jury returned a verdict,holding that it was error for the trial judge to answer a jurys question without giving defendants counsel an opportunity to be heard before the trial judge responded,holding that it was not reversible error to fail to answer the jurys question where the trial judge was presiding over closing arguments in a codefendants case when the question was asked and the jury reached a result before the judge could confer with the parties
200,"of release amount to “home detention” under RCW 9.94A.030, the defendant is entitled to receive credit against his sentence for the time spent on home detention pending appeal. State v. Anderson, 132 Wn.2d 203, 212-13, 937 P.2d 581 (1997). ¶8 The right to receive credit for time spent on postconviction electronic home detention is not statutory. Although Washington’s Sentencing Reform Act of 1981 (SRA), chapter 9.94A RCW, mandates that defendants receive credit against their sentence for time served under pretrial electronic home detention, it does not mandate credit for posttrial electronic home detention. See RCW 9.94A.505(6) (granting defendants credit for “all confinement time served before the sentencing”); see also State v. Speaks, 119 Wn.2d 204, 208-09, 829 P.2d 1096 (1992) (<HOLDING>). However, in Anderson, this court held that",170080,27348,0,case_hold_mc,holding that electronic home monitoring constitutes confinement under the sra,holding electronic home monitoring is not time spent in custody because there is a difference in restrictions between electronic home monitoring and jail,holding as a matter of law pretrial electronic monitoring and home confinement merits sentencing credit under its statute,holding confinement to home and work through electronic supervision does not equate to custody,holding the legislatures approval of granting a defendant credit against his sentence in a statute governing postsentence 17electronic monitoring by the department of correction but omission of that approval in a separate statute relating to pretrial electronic monitoring is evidence that the legislature did not intend for credit to be given for electronic monitoring while a defendant is awaiting trial
201,"and in order for that risk to be shifted to the contractor, the clause must unambiguously express that intention.” Id. at 273 (emphasis supplied). As written, American Drilling is authority for the proposition that if a “pay if paid” provision is clear and unambiguous, it will be interpreted as setting a condition precedent to the general contractor’s obligation to pay. Conversely, if such a provision is ambiguous, it will be interpreted as fixing a reasonable time for the general contractor to pay. American Drilling also teaches, at least inferentially, that when a general contractor puts a risk-shifting provision in a subcontract, the burden of clear expression is on the general contractor. See Graue v. Missouri Property Ins. Placement Facility, 847 S.W.2d 779, 785[20] (Mo.banc 1993) (<HOLDING>); DEC Elec., Inc. v. Raphael Const. Corp., 558",170934,27477,0,case_hold_mc,holding an ambiguous contract will be construed against the party drafting the same,holding that ambiguous agreement between attorney and client must be construed in the clients favor,holding that if the contract can be given a definite and certain meaning or interpretation the contract is not ambiguous and will be construed by the court as a matter of law,recognizing ambiguous terms of plea agreement are construed against government,holding agreed judgments are construed in same manner as contract
202,"had properly filed an Amended Complaint in state court on August 13, 2002. Therefore, on August 21, 2002, Defendant filed an Amended Notice of Removal to which the Defendant attached, among other exhibits, the Plaintiffs' Amended Complaint of August 13, 2002. 2 . However, Plaintiffs’ Amended Complaint states that Plaintiffs ""believe [the amount of damages] does not exceed the sum of $75,000.00, exclusive of interest and costs."" (Am. Notice of Removal, Ex. A at 9). To resolve the issues presented, the Court need not determine at this time whether a request for damages in a specific amount less than $75,000 is relevant evidence in making the jurisdictional valuation and/or triggers a more stringent standard. See, e.g., Burns v. Windsor Ins. Co., 31 F.3d 1092, 1095 (11th Cir.1994) (<HOLDING>). 3 . In support of this proposition Defendant",171795,27612,3,case_hold_mc,holding that the stipulation included in the plaintiffs petitionthat the maximum amount of damages sought or that would be accepted wpuld not exceed 75000 exclusive of costs and interest bound the plaintiff and was sufficient to defeat diversity jurisdiction,holding that defendants claim that the cost of injunctive relief would exceed 75000 was too speculative,holding that the debtor must request attorneys fees in the answer to a complaint in a  523a case,holding that where plaintiff has set forth in the complaint a specific request for damages and attorneys fees that on its face is an amount less than the jurisdictional minimum the defendant must prove to a legal certainty that plaintiffs claim must exceed 75000,holding that court of appeals erred by rendering judgment for full amount of attorneys fees sought after reversing 0 fee award because jury awarded less in damages than amount sought and therefore uncontroverted attorney testimony on amount of attorneys fees did not establish amount of reasonable and necessary fees as a matter of law
203,"stated, “The Defendant is not required to prove his innocence. The burden of proof remains on the State to prove guilt beyond a reasonable doubt.” Additionally, the circuit court instructed, “The presumption of innocence is like a robe of righteousness placed about the shoulders of the Defendant[,] which remains with the Defendant until it has been stripped from the Defendant by evidence satisfying you of the Defendant’s guilt beyond a reasonable doubt.” Thus, our review of the record and the entire charge reveals no prejudice sufficient to warrant reversal. See Beaty, No. 1 at 16 (reviewing the trial court’s comments and the entire trial record and concluding there was no prejudice from the trial court’s error sufficient to warrant reversal); Simmons, 384 S.C. at 178, 682 S.E.2d at 36 (<HOLDING>); id. (“If, as a whole, the charges are",172648,27749,3,case_hold_mc,holding that because trial court actually gave part of a jury charge that appellant claimed was improperly omitted and because remainder of courts charge adequately defined one of the legal terms at issue the courts jury charge taken as a whole was not misleading and did not constitute reversible error,holding that trial courts jury charge did not amount to reversible error given that plaintiff failed to show she was prejudiced by inapplicable portion of trial courts charge,holding that although portion of trial courts jury charge was inapplicable any error in providing it was harmless in light of the fact that charge considered as a whole was not likely to confuse or mislead the jury,holding appellate courts must consider the trial courts jury charge as a whole,holding that where both the appellate and trial courts are reviewing the paper record  there is no reason for the appellate courts to defer to the trial courts finding
204,"of the Bureau of Engraving and Printing, and Jacob J. Lew, Secretary of the Treasury, moved to dismiss the case in its entirety. Judge Baer granted the motion and appellants timely filed the instant appeal. We have never addressed the question of whether the inclusion of the words “In God We Trust” on United States currency violates the Constitution or RFRA and write today to clarify the law on this issue. Four other circuit courts have ruled on this question, however, and have found that the statutes at issue do not contravene the Constitution. See Kidd v. Obama, 387 Fed.Appx. 2 (D.C.Cir.2010) (per curiam) (affirming the district court and holding that the printing of the motto on currency does not violate the First Amendment); Gaylor v. United States, 74 F.3d 214, 216 (10th Cir.1996) (<HOLDING>); O’Hair v. Murray, 588 F.2d 1144 (5th",173502,27888,4,case_hold_mc,holding such statutes are not analogous statutes of limitation for erisa purposes,holding that the determination and assessment of damages are not the primary purpose of a declaratory action,holding that cemetery owned and operated by association of churches was not entitled to unemployment compensation tax exemption because services it provided were the same as those of secular cemeteries and therefore its primary purpose was not religious,recognizing that the doctrine of in pari materia requires that statutes relating to the same subject be construed together to harmonize the statutes and give effect to legislative intent,holding that the statutes establishing the national motto and directing its reproduction on us currency clearly have a secular purpose and that the mottos primary effect is not to advance religion instead it is a form of ceremonial deism  and therefore the statutes do not violate the establishment clause
205,"1076 (5th Cir.1997), cert. denied sub nom. Monroe v. Johnson, 523 U.S. 1041, 118 S.Ct. 1342, 140 L.Ed.2d 502 (1998). Effective December 1, 2009, Rule 11(a) of the Rules Governing Section 2254 Cases in United States District Courts requires this Court to issue or deny a CoA when it enters a final order adverse to a federal habeas corpus petitioner. Under the AEDPA, before a petitioner may appeal the denial of a habeas corpus petition filed under Section 2254, the petitioner must obtain a CoA. Miller-El v. Cockrell, 537 U.S. 322, 335-36, 123 S.Ct. 1029, 1039, 154 L.Ed.2d 931 (2003); 28 U.S.C. § 2253(c)(2). Likewise, under the AEDPA, appellate review of a habeas petition is limited to the issues on which a CoA is granted. See Crutcher v. Cockrell, 301 F.3d 656, 658 n. 10 (5th Cir.2002)(<HOLDING>); Jones v. Cain, 227 F.3d 228, 230 n. 2 (5th",174355,28031,4,case_hold_mc,holding the scope of appellate review of denial of a habeas petition limited to the issues on which coa has been granted,holding that appellate review is limited to the issues specified in the coa,holding that appellate review in a habeas ease is limited to the issues specified in the coa,holding that on appeal from the denial of a  2255 motion appellate review is limited to the issues specified in the coa,holding a coa is granted on an issuebyissue basis thereby limiting appellate review to those issues
206,"Cir.1996); McDonald v. Pennsylvania Dept. of Public Welfare, 62 F.3d 92, 94 (3d Cir.1995); Duffy v. Riveland, 98 F.3d 447, 455 (9th Cir.1996), except that it is limited to programs that receive federal financial assistance — which the Indiana prison system admittedly does. Since the ADA has a broader scope, we shall confine our discussion to it. The district court dismissed the suit on the pleadings, on the ground that the Act is inapplicable to prison inmates — a question of first impression in this circuit, having been expressly left open in Bryant v. Madigan, supra, and Love v. Westville Correctional Center, 103 F.3d 558, 559 (7th Cir.1996). The circuits that have addressed the question disagree about the proper answer. Compare White v. Colorado, 82 F.3d 364, 367 (10th Cir.1996) (<HOLDING>), and Torcasio v. Murray, 57 F.3d 1340, 1344-52",175210,28179,3,case_hold_mc,holding that the mcdonnell douglas framework applies equally to ada and rehabilitation act cases,holding that exemption under the ada does not preclude liability under the rehabilitation act,holding that the same standards apply to claims under the ada and under the rehabilitation act,holding that neither the ada nor the rehabilitation act applies to prison employment,holding the ada and the rehabilitation act applicable
207,"Graham, this court concludes that defendants have read [Graham ] too broadly. The Supreme Court in Graham did not hold that all prearrest excessive force claims are to be analyzed exclusively under the Fourth Amendment. ... As the plaintiffs [sic] claim is not encompassed by some other enumerated right, plaintiffs' allegations are sufficient to state a substantive due process claim under the Fourteenth Amendment.”). Further, those cases which hold that excessive force claims by pretrial detainees, to whom the Eighth Amendment does not apply, are to be analyzed under substantive due process, are consistent with the idea that Graham only requires a Fourth Amendment claim when that is the constitutional right truly implicated. See Brogsdale v. Barry, 926 F.2d 1184, 1187 (D.C.Cir.1991) (<HOLDING>); Fields v. City of South Houston, 922 F.2d",176068,28319,3,case_hold_mc,recognizing pretrial detainees constitutional right to be from excessive force,recognizing  1983 substantive due process claim,recognizing that plaintiff can bring action under due process clause of state constitution,holding that pretrial detainees can bring substantive due process claim,holding that pretrial detainees have at least the same protections under the fourteenth amendment as posttrial detainees have under the eighth amendment
208,"remedy provided by § 1821(d)(5) for claimants has been construed as requiring only actual notice of the receivership, rather than mailed individual notice. Substitution of the receiver into a pending lawsuit has been held to be sufficient actual notice to parties in that action. See Tri-State Hotels v. FDIC, 79 F.3d 707, 716 (8th Cir.1996) (exhaustion of administrative remedies not required when claimant had actual notice); Freeman, 56 F.3d at 1404 (actual notice of receivership put plaintiffs on inquiry notice of claims bar date); and Intercontinental Travel Mktg., 45 F.3d at 1281 (stipulation of substitution provided notice of receivership). Publication in local newspapers is sufficient notice of the receivership. Tillman v. Resolution Trust Corp., 37 F.3d 1032, 1036 (4th Cir.1994) (<HOLDING>). Further, notice was given to class counsel",176922,28451,1,case_hold_mc,holding that lack of objection at trial precludes appellate review of allegedly misused evidence,holding that evidence of publication in local newspapers precludes defense of lack of notice of receivership,holding that substantive changes made by administrative agencies in regulations are required to comply with certain notice and comment requirements which include publication of a notice of proposed rulemaking in the federal register an opportunity for interested persons to comment on that notice and after consideration of these comments publication of the final rule with a general statement of its basis and purpose citing 5 usc  553b c,holding publication in local and national editions of the new york times sufficient notice to claimant in pennsylvania,holding that the lack of evidence of the alleged principals control over the alleged agent precludes the finding of an agency relationship
209,"New Jersey Constitution which this Court has read to provide greater protection than is provided by its federal counterpart. In cases presenting an issue implicating Fourth Amendment and Article I, Paragraph 7 rights, this Court has considered whether our State Constitution is to be interpreted more expansively “than may be required by the [United States] Supreme Court’s prevailing interpretation of the Fourth Amendment.” State v. Bruzzese, 94 N.J. 210, 216, 463 A.2d 320 (1983), cert. denied, 465 U.S. 1030, 104 S.Ct. 1295, 79 L.Ed.2d 695 (1984). We have, in certain circumstances, found that Article 1, Paragraph 7 affords greater protection against unreasonable searches and seizures than does the Federal Constitution. See, e.g., State v. Pierce, 136 N.J. 184, 208-15, 642 A.2d 947 (1994) (<HOLDING>); Hempele, supra, 120 N.J. at 200-15, 576 A.2d",177779,28580,0,case_hold_mc,holding that vehicular search incident to arrest for traffic offense is unreasonable under state constitution,holding that while search incident to arrest could not justify search in that case probable cause plus exigency justified search,holding that an officer may search a suspects vehicle incident to a lawful arrest,holding that strip search incident to arrest was not per se unreasonable but holding that search was performed in an unreasonable manner when conducted in view of the public,holding that a search incident to a lawful arrest does not violate the fourth amendment
210,"briefs, on the issues, and (3) failing to consider that the plaintiffs have the burden of proof to show that a step was taken in the prosecution. Ultimately, the defendants’ position rests on their submission that the last step taken in the case toward prosecution sufficient to interrupt the running of the three-year abandonment period occurred on October 31, 2013, when the trial court entered the protective order. Under the terms of Article 561(B), they argue that the letter requesting a subpoena duces tecum cannot be deemed a step in the prosecution, because notice of same was not “served on all the parties, whether or not filed of record.” Citing Mosley v. Missouri Pacific R.R. Co., 36,907 (La.App. 2 Cir. 3/5/03), 839 So.2d 1218, writ denied, 03-989 (La. 5/30/03), 845 So.2d 1055 (<HOLDING>). The defendants even note that, to date, they",178640,28713,4,case_hold_mc,holding that notice to counsel may be waived,holding that counsel could be disqualified from opposing plaintiffs claims of unfair competition and misappropriation of trade secrets where counsel had represented plaintiff as general counsel during the relevant time period,holding that the clients right to its chosen counsel superseded the opposing partys right to call that counsel as a witness when there were other witnesses available to testify to the same facts,holding that a defendant who seeks to retain private counsel must receive proper notice of the date by which counsel must enter his appearance,holding notice of informal discovery must be served on opposing counsel to constitute a step in the prosecution
211,"regarding the Board’s relocation decision anywhere in the opening brief. Thus, any claim of error with respect to the BIA’s relocation decision is not properly before this Court. Rodriguez-Tevez’s failure to contest the BIA’s rulings on relocation and on his failure to demonstrate that his past persecution was on account of his membership in the proposed social group renders the Board’s decision on these matters final. Laborers’ Int’l Union, 26 F.3d at 398. Next, Rodriguezr-Tevez argues that the IJ and the Board denied CAT relief based on the wrong legal standard for determining “acquiescence” on the part of the government. He claims that the IJ (and the Board) erroneously relied on the definition of “acquiescence” adopted in Matter of S-V-, 22 I. & N. Dec. 1306, 1312 (BIA 2000) (<HOLDING>). We have held that the Board’s definition in",179497,28855,3,case_hold_mc,holding that the defendant failed to demonstrate government acquiescence in part because he never reported alleged gang incidents to the government and therefore could not prove that the government was even aware of a problem,holding that the failure to properly instruct the jury on the burden of proof required a new trial,holding that to establish that a defendant willfully violated the antislructuring law the government must prove that the defendant acted with knowledge that his conduct was unlawful and stating that specific intent to commit the crimes  might be negated by eg proof that defendant relied in good faith on advice of counsel internal quotation marks omitted,holding that acquiescence required proof that the government willfully accepted the torturous activity or consented to it,holding that proof of an explicit agreement is not required
212,"CURIAM: In 2011, James Edward Camp, Texas prisoner # 1411093, filed a civil rights complaint pursuant to 42 U.S.C. § 1983, asserting that in 2006 the defendants had drugged him, kidnaped him, and implanted a transmitter device in him without his consent. After determining that Camp’s complaint was untimely, the district court dismissed Camp’s complaint pursuant to 28 U.S.C. § 1915A(b)(1) as frivolous and for failure to state a claim. Camp has filed a timely appeal from the district court’s ruling. Our case law is unclear as to whether we review a district court’s § 1915A dismissal de novo or for abuse of discretion. See Ruiz v. United States, 160 F.3d 273, 275 (5th Cir.1998) (de novo review); Martin v. Scott, 156 F.3d 578, 580 (5th Cir.1998) (<HOLDING>). We need not resolve this discrepancy, as",180350,28994,1,case_hold_mc,recognizing that a district courts dismissal of an independent action under rule 60b is reviewed for abuse of discretion,holding that a  1915a dismissal as frivolous is reviewed for abuse of discretion,holding that the dismissal of a frivolous action reviewed for abuse of discretion,holding that denial of joinder motion is reviewed for abuse of discretion,holding that the imposition of sanctions is reviewed for abuse of discretion
213,"assistance claims fall within the scope of the waiver, (2) the defendant knowingly and voluntarily waived his right to collateral review, and (3) enforcement of the waiver would not result in a miscarriage of justice. United States v. Hahn, 359 F.3d 1315, 1325 (10th Cir.2004) (en banc); United States v. Parker, 720 F.3d 781, 787 (10th Cir.2013). B. The Scope of the Waiver The waiver covers the ineffective-assistance claims regarding the sentencing and the failure to file an appeal. See United States v. Cockerham, 237 F.3d 1179, 1188 (10th Cir.2001) (because the defendant’s claim of ineffective assistance at sentencing did not relate to the validity of the plea or the waiver, the right to challenge the sentence was waived); United States v. Viera, 674 F.3d 1214, 1217-18 (10th Cir.2012) (<HOLDING>). The sentence fell below the guideline range,",181162,29130,4,case_hold_mc,holding that defendants failure to appeal the voluntariness of a plea constitutes waiver of the issue on subsequent appeal,holding that the validity of a collateral waiver is a threshold issue,holding that a plea agreement with a waiver of direct appeal rights does not include a waiver of collateral remedies because the government could have included a waiver of collateral rights in the plea agreement and chose not to do so,holding that the failure to object to an instruction constitutes a waiver of error,holding that a failure to file an appeal is within the scope of the waiver because the failure does not undermine the validity of the plea or waiver
214,"claim, we hold that we lack jurisdiction to review the BIA’s determination that Shao failed to file an asylum application within one year of arrival in this country, see Xiao Ji Chen v. United States Dep’t of Justice, 434 F.3d 144, 154-55 (2d Cir.2006); 8 U.S.C. § 1158(a)(3), including the BIA’s determination that Shao’s claim of ineffective assistance of counsel faded to constitute exceptional circumstances for late filing, see id.; see also Ismailov v. Reno, 263 F.3d 851, 854-55 (8th Cir.2001). As to Shao’s withholding of removal claim, we agree with the government that it was error for the IJ to equate the burden of proof required for asylum with the burden of proof required for withholding of removal. See INS v. Cardoza-Fonseca, 480 U.S. 421, 107 S.Ct. 1207, 94 L.Ed.2d 434 (1987) (<HOLDING>); Carranza-Hernandez v. INS, 12 F.3d 4, 7 (2d",182022,29268,3,case_hold_mc,holding that the asylum standard for past persecution or wellfounded fear of future persecution is lower than the clear probability standard to show eligibility for withholding of removal,holding that the clear probability standard applies in withholding of deportation actions,holding that the standard for withholding of removal is a showing that it is more likely than not that a petitioner will face persecution upon her return,holding that the clear probability standard for withholding of removal is higher than the standard for asylum which requires only a reasonable possibility of persecution,holding that the standard for withholding of removal is more demanding than the standard for asylum
215,"light-duty. Moreover, plaintiff acknowledges in his deposition that, his managers told him that he “probably” would be demoted to a Route Assistant position upon his return from disability leave. (McCollough Depo. at 63.) Despite the apparent dispute as to which position plaintiff held upon his return from leave, no evidence before the Court suggests that either party ever considered the possibility that plaintiff still held a light-duty position after he took disability leave. Finding no issue of fact on this question, the Court concludes that plaintiff has not demonstrate ed that he was in a light duty position when he was terminated. The Court need not consider, therefore, the question of whether plaintiff was qualified for such a light-duty position. See Taylor, 820 F.Supp. at 939 (<HOLDING>). Additionally, it is clear that defendant is",182880,29411,1,case_hold_mc,holding the plaintiff failed to make a prima facie case that the defendants failure to promote him was discriminatory where the plaintiff failed to that show he was qualified for the relevant position,holding that where an employee is discharged while on lightduty the relevant inquiry must be whether he was qualified for that lightduty position as opposed to his former position,recognizing that an employers decision to eliminate a position is a legitimate nondiscriminatory reason for terminating a position or employee,holding appellants reassignment from a command position to an investigative position where he reported to an officer with a lower rank and no longer served as a direct report to the chief of police supported a conclusion that appellant was transferred to a less prestigious position,holding that attendance can be an essential function of a position and that excessive absenteeism rendered an employee unqualified for such a position
216,"be, and hereby is, denied without prejudice; and it is further ORDERED that plaintiff shall have thirty days from the date of this Opinion and Order in which to seek leave to amend its complaint according to USCIT Rule 15(a). In the absence of a timely motion for leave to amend the complaint, the court will issue a further order giving notice of the pending dismissal of this action according to USCIT Rule 41(b)(3). 1 . A false statement made upon entry has been held to be material under section 592 of the Tariff Act of 1930, 19 U.S.C. § 1592 (2006), even though the false statement had the potential to affect a determination to be made by an agency other than U.S. Customs and Border Protection. United States v. Daewoo Int’l (America) Corp., 12 CIT 889, 895, 696 F.Supp. 1534, 1540 (1988) (<HOLDING>). 2 . The exhibits attached to plaintiffs",183739,29546,1,case_hold_mc,holding the itc may reasonably interpret the subject to investigation provision to mean that imports covered by a suspension agreement in which an investigation is temporarily terminated are not subject to investigation while under that agreement emphasis added,holding that overvaluation of steel imports that did not result in duty underpayment nevertheless was material in disguising actual entered value on which depended the administration of the trigger price mechanism implemented to identify potential situations in which the us department of commerce would selfinitiate an antidumping duty investigation,holding that police officers have a duty to conduct an investigation into the basis of the witness report,holding that the record here fails to establish the first two elements which the court identified as the duty of care and a breach of that duty and as a result a directed verdict  on the issue of liability was warranted,holding that the essential elements of any cause of action are the existence of a legal right in plaintiff with a corresponding duty in defendant coupled with a violation of that duty which results in injury or damages to the plaintiff
217,"created nor expansively construed, for they are in derogation of the search for truth.” United States v. Nixon, 418 U. S. 683, 710 (1974) (emphasis added). Adherence to that principle has caused us, in the Rule 501 cases we have considered to date, to reject new privileges, see University of Pennsylvania v. EEOC, 493 U. S. 182 (1990) (privilege against disclosure of academic peer review materials); United States v. Gillock, 445 U. S. 360 (1980) (privilege against disclosure of “legislative acts” by member of state legislature), and even to construe narrowly the scope of existing privileges, see, e. g., United States v. Zolin, 491 U. S. 554, 568-570 (1989) (permitting in camera review of documents alleged to come within crime-fraud exception to attorney-client privilege); Trammel, supra (<HOLDING>). The Court today ignores this traditional",184595,29698,0,case_hold_mc,holding that voluntary testimony by spouse is not covered by husbandwife privilege,holding that marital communications which arise from an act of violence by a spouse committed against the children of either spouse should constitute an exception to the marital privilege because such communications fail to satisfy the conditions underlying the creation of the privilege,holding that the information is not protected by attorneyclient privilege,holding that the initial disclosure of a crime to one spouses without more is covered by the marital communications privilege,recognizing privilege
218,"smoked it, testified that appellant’s “crack” always made him “high” when he smoked it. Additionally, the substance at issue was bought and sold in countless transactions conducted over the course of a year. None of the experienced dealers or users who obtained the substance from appellant complained that it was not real crack. Likewise, none of the dealers who subsequently divided and sold the same substance received any such complaints from their customers. The jury could reasonably infer from this evidence that the substance these experienced drug dealers and users repeatedly purchased from appellant was indeed real crack. Also instructive is the fact that “a high price was paid in cash for the substance.” Hill, 8 Va.App. at 63, 379 S.E.2d at 136; see also Uwaeme, 975 F.2d at 1020 (<HOLDING>). Here, the evidence established that appellant",185452,29832,4,case_hold_mc,holding that quantity of the controlled substance does not have to be measurable to support a conviction for possession of such controlled substance particularly when the immeasurable amount of the substance is found on an implement used to consume the substance,holding that a reasonable jury could have concluded based on repeated references to the substance as cocaine and testimony from witnesses who had used the substances which they believed to be cocaine that substance was cocaine,holding that possession of a controlled substance is a crime only if the defendant knowingly possesses the substance and has knowledge of the nature of that substance,holding to prove possession the state must show that a defendant possessed a certain substance the substance was illegal and he had knowledge of the presence of the substance,recognizing that evidence regarding the high price the defendant had paid for the substance in question was relevant to show the substance was cocaine
219,"district court similarly dismissed Plaintiffs’ reinstatement claim due to impossibility. Plaintiffs admit “[i]t was an artifact of this case proceeding years beyond possible reinstatement that left backpay and restoration of benefits as the only remedies.” (Aple’s Br. at 24 (emphasis added)). Notwithstanding the unfortunate delays inherent in modern litigation, see Ford Motor Co., 458 U.S. at 221, 102 S.Ct. 3057, the fact remains in this case “the only remedy sought is a request for compensatory damages representing baek-pay[J” Terry, 494 U.S. at 570, 110 S.Ct. 1339. Consequently, the facts necessary to support the incidental to or intertwined with exception are “clearly absent from the case.” Id. at 571, 110 S.Ct. 1339; see also Hopkins v. Saunders, 199 F.3d 968, 977 (8th Cir.1999) (<HOLDING>). Plaintiffs also attempt to “re-classify”",186312,29970,0,case_hold_mc,holding because the district court refused to grant plaintiff reinstatement or any other injunctive relief the damage award was neither incidental to nor intertwined with any other relief,holding that injunctive relief was unwarranted when the jurys award already included prospective relief,holding that a court may award injunctive relief against a state officer,holding that a request for injunctive relief was merely incidental to a prayer for damages where it was designed to facilitate and ensure the satisfaction of any monetary relief the court might award,holding that neither injunctive nor declaratory relief is available to private litigants under the fdcpa
220,"something more than a mere finding of guilt; otherwise, the second definition would be superfluous. The petitioner says that the “something more” is a sentence. In his view, he received no sentence for the shoplifting crime, and, therefore, that charge did not result in a “formal judgment of guilt” under the first definition. The facts of this case do not demand that we test the petitioner’s hypothesis because his argument fails on its own terms. We explain briefly. At the time that the state court found the petitioner guilty of shoplifting, it ordered him to pay a $250 fine. The finding of guilt coupled with the imposition of a pecuniary sanction constituted a formal judgment of guilt by any measure. See Mejia Rodriguez v. U.S. DHS, 629 F.3d 1223, 1226-27 (11th Cir.2011) (per curiam) (<HOLDING>); Singh v. Holder, 568 F.3d 525, 530-31 (5th",187166,30099,4,case_hold_mc,holding that a guilty plea for which the defendant received a deferred adjudication counted as a conviction under federal law for purposes of ussg  4b11,holding that a district court may accept a defendants guilty plea despite an absence of admission to criminal wrongdoing,holding that petitioners prior guilty plea and deferred adjudication for forgery did not amount to a conviction within the meaning of the immigration reform and control act 8 usc  1255a,holding that a conviction vacated under ohio revised code  2943031 for the trial courts failure to advise the alien defendant of the possible immigration consequences of a guilty plea is no longer a valid conviction for immigration purposes,holding that to establish a conviction for immigration purposes a court must accept a guilty plea or jury verdict make an adjudication and impose a sentence
221,"doctrine, poverty is not a suspect classification. Suspect classifications are those based on alienage, nationality or race. Adler v. Montefiore Hospital Ass’n. of Western Pennsylvania, 453 Pa. 60, 311 A.2d 634 (1973), cert. denied 414 U.S. 1131, 94 S.Ct. 870, 38 L.Ed.2d 755 (1974). Appellant also argues that driving a motor vehicle is a fundamental right, requiring strict scrutiny of any law unduly burdening that right. Massachusetts Board of Retirement v. Murgia, supra. We cannot agree. Although possession of a driver’s license is an important interest, see Bell v. Burson, 402 U.S. 535, 91 S.Ct. 1586, 29 L.Ed.2d 90 (1971), it does not rise to the level of a fundamental right. See Commonwealth Department of Transportation v. Slater, 75 Pa.Cmwlth. 310, 462 A.2d 870 (1983) (<HOLDING>). When no suspect class or fundamental right",188024,30243,2,case_hold_mc,holding right to be fundamental,holding that the right to vote is fundamental,holding that operators permit for bus not fundamental right,holding that the right to drive is not a fundamental right,holding that there is no fundamental right to run for office
222,"future same sex marriage widows or widowers. The legal attack raises hard questions regarding sophisticated legal concepts like standing and ripeness. In simplified sum, Defendant argues that now that Messers. Arthur and Ives have died, there exists no live controversy for the Court to adjudicate and that Mr. Grunn’s attempt to take up the challenge is without legal basis. Upon close review and careful analysis, the Court disagrees. A. First-Party Claim A plaintiff cannot sue based on “a generalized grievance against [assertedly] illegal government conduct[.]” United States v. Hays, 515 U.S. 737, 743, 115 S.Ct. 2431, 132 L.Ed.2d 635 (1995). “The rule against generalized grievances applies with as much force in the equal protection context as in any other.” Id. at 743-44, 115 S.Ct. 2431 (<HOLDING>); see also Parker v. Ohio, 263 F.Supp.2d 1100,",188869,30377,0,case_hold_mc,recognizing that the injury from discrimination relates to the person actually denied equal treatment,recognizing that discrimination causes injury to the whole community,recognizing that a workers compensation insurer is responsible for covering any injury caused by the treatment of an industrial injury,recognizing that the equal protection clause proscribes discrimination against whiteanglos,holding ec is not responsible for medical treatment required independently by the subsequent noncompensable injury when the removal of a hindrance to recovery from the compensable injury is merely an incidental effect of such treatment
223,"abandonment caused by extrinsic factors is voluntary for purposes of the abandonment statute is a question of Iaw that has been answered by the Indiana appellate courts. See Barnes, 378 N.E.2d at 843 (""For an abandonment to be considered voluntary, it must in no way be attributable to the influence of extrinsic cireumstances."") (emphasis added). It is well-established that while the jury is to determine both the law and the facts in criminal cases, the trial court's instructions are the best source of the law, and in determining the law, jurors are required to stay within the law as it exists. Malone v. State, 660 N.E.2d 619, 632 (Ind.Ct.App. 1996), overruled on other grounds by Winegeart v. State, 665 N.E.2d 893 (Ind.1996); see also Johnson v. State, 518 N.E.2d 1073, 1076 (Ind.1988) (<HOLDING>). The trial court did not improperly emphasize",189730,30512,1,case_hold_mc,holding no error in rejecting the appellants proffered instruction even though that statement was based on language from case law when the amci instruction was a proper statement of the law,holding that instruction stating that the instructions of the court are the best sources as to the law applicable to this casel  is a correct statement of law,recognizing that instructions must be correct and complete,holding that the requested instruction was not required under rule 4325c because even assuming that the requested instruction was a correct statement of law the trial judge exercised his discretion properly,holding that if jury instructions viewed as a whole fairly state the applicable law to the jury the failure to give particular instructions will not be error
224,"inequitable to do so, it makes inimitable sense to preserve and use whatever firm judicial decisions have been made previously on a particular issue. To accomplish that, however, the power to determine the preclusive effect of judgments must not be left in the hands of parties who are interested in avoiding such effects. Although no other circuit courts have addressed the precise issue whether a partial summary judgment order can support issue preclusion, several courts have implied that they take a less formalistic approach to the finality requirement than the Fifth Circuit. Dyndul v. Dyndul, 620 F.2d 409, 412 (3d Cir.1980) (advocating a “pragmatic approach with reference to judicial policy rather than to finality in a technical sense”); In re Brown, 951 F.2d 564, 568-70 (3d Cir.1991) (<HOLDING>); Morrell & Co. v. Local Union 304A, 913 F.2d",190589,30653,4,case_hold_mc,holding that a state court judgment did not have a preclusive effect where the record failed to demonstrate that the state court conducted a hearing in which the party was required to meets its burden of proof,holding that a federal court acting under its federal as opposed to diversity jurisdiction may also give greater preclusive effect to a state court judgment than the state courts would give,holding that state court judgment settling shareholders state and federal claims had preclusive effect in federal court even though shareholders could not have pressed their federal claims in state court,holding that courts must look to the state that rendered the judgment to determine whether the courts of that state would afford the judgment preclusive effect,holding that state court summary judgment order should be given preclusive effect even though it was not yet appealable because state court showed no intention of reversing its decision and demonstrated knowledge of the applicable facts and law
225,"Exs. AC.] In this same vein, defendants have offered no evidence to refute the Board’s contention that St. Ben’s did not have sufficient net revenue in its operating budget to pay for the broader traveling tuition remission benefit. [Ardolf Supp. Aff., Ex. A-C.] The fact that the two schools are now amalgamated does not support plaintiffs’ assertion that their combined funding was sufficient to support the more generous traveling tuition benefit. While defendants have conceded they are a joint employer for purposes of this motion, their merger for the purpose of faculty hiring and management does not prove they are so entangled that each entity’s assets are now available to the other for any purpose. See NLRB v. Browning-Ferris Indus, of Pa., Inc., 691 F.2d 1117, 1123 (3rd Cir.1982) (<HOLDING>). Even if an employer can demonstrate a valid",191449,30791,4,case_hold_mc,holding that 1 the njcfa applies to corporations and other business entities when they are acting as consumers because business entities are considered a person under the act and no reason exists to treat it differently and 2 to be a consumer in respect to a transaction the business entity must be one who uses the goods and thereby diminishes their economic utility,recognizing concept of joint employer when separate entities share or eodetermine conditions of employment,holding that a company exercising substantial control of the terms and conditions of the work of the employees is an employer under the flsa,recognizing ability of one or more joint tortfeasors to settle on behalf of themselves and another joint tortfeasor and then pursue that joint tortfeasor for its share of the settlement payment,holding that the joint employer concept recognizes that business entities involved are in fact separate but  they share or codetermine those matters governing the essential terms and conditions of employment
226,"chill political speech, the Court noted that disclosure of the advocates’ identity at the point of contact with voters could weaken the effectiveness of the speech: “[A]n advocate may believe her ideas will be more persuasive if her readers are unaware of her identity.” Id. at 342, 115 S.Ct. 1511; see also ACLU of Nev. v. Heller, 378 F.3d 979, 994 (9th Cir.2004) (“[F]ar from enhancing the reader’s evaluation of a message, identifying the publisher can interfere with that evaluation by requiring the introduction of potentially extraneous information at the very time the reader encounters the substance of the message.”). We have adopted the Court’s skepticism of an informational interest in the identity of the advocate at the point of contact with voters. See Heller, 378 F.3d at 995 (<HOLDING>); (WIN) Wash. Initiatives Now v. Rippie, 213",192306,30930,1,case_hold_mc,holding that a mere passing reference or even references however to a document outside the complaint does not on its own incorporate the document into the complaint itself citation omitted,holding that an informational interest in allowing the public to evaluate the advocacy document is not sufficiently important to sustain compelled disclosure of an advocates identity on the document itself,holding that in connection with a motion to dismiss the court may consider a document not attached to the pleadings where the plaintiffs claim depends on the contents of a document the defendant attaches the document to its motion to dismiss and the parties do not dispute the authenticity of the document even though the plaintiff does not explicitly allege the contents of that document in the complaint,holding that an informational interest is not sufficiently important to sustain compelled disclosure of advocates identities during the circulation period,holding that if a document falls within the scope of the public records statute then the presumption favoring disclosure applies
227,"ANALYSIS A. Denial of Motion to Suppress Confession Peters appeals the district court’s denial of his motion to suppress his confession, claiming he unambiguously invoked his right to counsel when he said, “I’d like to get to that part now.” “In reviewing the district court’s decision on a motion to suppress, we review questions of law de novo and questions of fact for clear error.” United States v. Ford, 333 F.3d 839, 843 (7th Cir.2003). Peters does not contest on appeal the magistrate judge’s factual findings which were adopted by the district court; rather, Peters disputes the legal effect of his words, arguing he did invoke his right to counsel, a question we review de novo. See id. Because Peters already had been advised of his right to counsel and waived it, Peters’ h Cir.2000) (<HOLDING>); Diaz v. Senkowski, 76 F.3d 61, 63-64 (2d",193160,31068,0,case_hold_mc,holding i might want to talk to an attorney to be ambiguous,holding that doyle applied to statement as regards to what happened this evening i want to talk to my attorney,holding that a defendants statement that he did not want to talk about what he did the night before but was willing to talk about lighter subjects was not an unequivocal invocation of his right to remain silent in part because the defendant previously exhibited willingness to talk with police,holding maybe i should talk to a lawyer to be ambiguous,holding suspects contradictory answers on miranda waiver form that he would answer questions without an attorney and that he wanted to talk to a lawyer to be ambiguous
228,"so Durand could have filed a motion to ask such questions himself on voir dire before the jury’s impanelment. While it may strain credulity to imagine this drug and alcohol evidence was necessary to the government’s case, we reverse “ ‘only when the evidence clearly had no bearing on the case and was introduced solely to show defendant’s propensity to engage in criminal misconduct.’ ” Gant, 721 F.3d at 509 (quoting United States v. Farish, 535 F.3d 815, 819 (8th Cir.2008)). The district court did not abuse its considerable discretion in evidentiary matters by allowing the marijuana testimony. 2. Hypothetical Questions Beckman objects to what he calls the government’s use of “guilt assuming hypotheticals” during trial. See United States v. Barta, 888 F.2d 1220, 1224-25 (8th Cir.1989) (<HOLDING>). Beckman objected to two such questions early",194015,31213,0,case_hold_mc,holding the district court erred by allowing questions premised on an assumption of guilt,holding that the trial court erred in allowing an equitable reduction in the amount required to redeem the subject property,holding that district court erred in dismissing the indictment based on sufficiency of evidence,holding the district court erred by reviewing the evidence and making an evidentiary ruling on secondtier review,holding that trial court erred by not allowing the plaintiff to introduce evidence of prior dealings with the defendant
229,"cross examination. Id. The New York Appellate Division has stated that “there is no need to appoint an interpreter merely because English is not defendant’s first language. Only when a defendant exhibits an inability to understand the proceedings or to communicate with counsel must a court inquire whether an interpreter is needed.” People v. Rivera, 15 A.D.3d 859, 788 N.Y.S.2d 802, 803 (N.Y.App.Div.2005), leave to appeal denied. The Hawaii Supreme Court similarly held that where the record demonstrates that the defendant had a sufficient command of English to understand the questions asked and answers given, the court’s failure to appoint an interpreter is not error. State v. Faafiti, 54 Haw. 637, 513 P.2d 697, 699 (1973); accord Flores v. State, 509 S.W.2d 580, 581 (Tex.Crim.App.1974) (<HOLDING>). We agree with the rationale behind these",194873,31349,3,case_hold_mc,holding that a guilty plea is voluntary and knowing only if the defendant understands the range of allowable punishment,holding that a defendant must have notice that the trial court might sentence him to death,holding that the best practice for a trial court is to question the defendant personally on the record to ensure that the defendant understands the right understands what is lost in the waiver has discussed the issue with defense counsel and voluntarily intends to waive the right,holding that if a defendant understands and communicates reasonably well in english then the mere fact that such defendant might be able to speak another language more fluently does not warrant using an interpreter at trial,holding that the defendant may not state one ground at trial and another on appeal
230,"was entitled to “as a matter of equity and law.” The court’s order did not state that payments could now be made directly to the son, rather than through the county child support registry as previously ordered. In fact, the order granting the credit also ordered Stevens to pay all remaining child support through that same county registry. Thus, we need not decide whether Social Security dependent’s disability benefits could ever be construed as a true child support payment because, here, the court’s order clearly did not treat it as such. We turn, instead, to the issue properly presented before us — namely whether the trial court, in rendering its money judgment, could grant Stevens a $7,200 special credit against his arrearages based on the dependent’s d Texarkana 1996, no writ) (<HOLDING>). We will first look to the Family Code for",195730,31483,3,case_hold_mc,holding that credit for social security old age and survivor benefits does not also include credit for federal disability benefits,holding that use of social security benefits satisfied child support obligation,holding noncustodial parent not entitled to an automatic credit and court could order child support in addition to social security disability dependency benefits,holding parent has right to credit for social security retirement payments made for child,holding parent entitled to credit for any social security disability benefits paid to child as a result of parents disability
231,"runs from the date that proof of loss is required to be submitted to Provident, not from the date that Price knew he had a claim. Provident argues that because the contract required proof of loss within ninety days of the loss, the statute of limitations period expired at the latest three years and ninety days after the death of Price’s son. We reject the argument. “Because the cause of action is federal, ... federal law determines the time at which the cause of action accrues,” and “that time is when the plaintiff knows or has reason to know of the injury that is the basis of the action.” Northern Cal. Retail Clerks Unions v. Jumbo Markets, Inc., 906 F.2d 1371, 1372 (9th Cir.1990) (citations omitted); see also White v. Jacobs Engineering Group, 896 F.2d 344, 350-51 (9th Cir.1989) (<HOLDING>). The injury that is the basis of Price’s",196582,31625,3,case_hold_mc,holding that district courts have jurisdiction to review a claim that a person received inadequate notice of completed administrative forfeiture proceedings,holding that judicial review of decisions of military correction boards is review of the administrative record conducted under the administrative procedure act,holding that settlement notice that failed to detail a distribution plan was not inadequate,holding that inadequate notice did not trigger plans time bar for administrative review,holding that there is no right to habeas review of administrative evidentiary determinations before a district court where direct review of the administrative proceedings is available in the appellate courts
232,"of a fee simple in sections 9 and 10 of the 1845 Charter, and the lack of such a specific grant in section 11. Moreover, several subsequent cases relied upon Ragsdale to find an easement. See Southern Ry. v. Beaudrot, 63 S.C. 266, 41 S.E. 299 (1902)(citing Ragsdale, court concluded it may be conceded railroad obtained only a right of way); Southern Ry. v. Gossett, 79 S.C. 372, 60 S.E. 956 (1908)(citing Beaudrot for proposition that railroad only obtained easement under 1845 charter); Boney v. Cornwell, 117 S.C. 426, 109 S.E. 271 (1921)(under 1848 charter, railroad acquired only an easement, and not a fee simple defeasible title; court cited Ragsdale for proposition that easement right of way rather than fee was created). See also Hill v. Southern Ry., 67 S.C. 548, 46 S.E. 486 (1903)(<HOLDING>); Harman v. Southern Ry., 72 S.C. 228, 51 S.E.",197433,31774,4,case_hold_mc,recognizing private right of action,recognizing a right to contribution,recognizing right to cause of action as property right under navajo due process,recognizing a maritime lien for breach of a partially executed charter party,recognizing railroad acquired only a right of way under 1837 charter
233,"ways for a claimant to prove unjust enrichment (e.g., mistake, coercion, request). The conclusion that wrongful conduct by the owner is not the sine qua non fo case, so the “initiate or encourage the transaction” requirement in Duggan, while relevant, may not be disposi-tive. See Cedar Lane Invs. v. American Roofing Supply of Colorado Springs, 919 P.2d 879, 885 (Colo.App.1996) (distinguishing the rule in Duggan because no statutory scheme was in place in this case). Furthermore, while several out-of-state cases have required some deceitful conduct by the landlord in cases involving restitution claims, see maj. op. at 122-123, several other courts, including our own court of appeals, have not. See Frank M. Hall & Co. v. Southwest Properties Venture, 747 P.2d 688, 691 (Colo.App.1987) (<HOLDING>); Murdock-Bryant Constr., Inc. v. Pearson, 146",198290,31919,0,case_hold_mc,holding that an unjust enrichment claim could exist where landlord took an active role in completion of construction work,holding that the purchaser could sustain a 93a claim against the president and vicepresident of a manufacturing company because they took an active role in the dealings with the plaintiff,holding that claim construction is a matter of law for the court to determine,holding that an employer need not accommodate with indefinite leave an employee who is unable to return to work in any role,holding that claim construction is an issue of law for the court not a question of fact for the jury
234,"by a court of equity, to the extent of his interest”). Consequently, a lender’s equitable interest in secured property is superior to the interest of subsequent judgment lienholders. Taylor Elec. Co., Inc. v. First Mariner Bank, 191 Md. App. 482, 992 A.2d 490, 502 (2010) (“The overwhelming weight of authority is that once a bona fide purchaser or lender for value acquires title by way of execution of a contract for sale or valid mortgage, the purchaser or mortgagee takes title free and clear of any subsequent lien” (emphasis added and omitted)). These principles are not unique to Maryland, which applies traditional equitable principles to traditional real property law. See Hellmann v. Circle C Props. I, Ltd., No. 04-03-00217-CV, 2003 WL 22897220, at *2-3 (Tex.Ct.App. Dec. 10, 2003) (<HOLDING>); Suffolk Cnty. Fed. Sav. & Loan Ass’n v.",199147,32051,3,case_hold_mc,holding that a mortgagee had priority over a subsequent judgment lienholder,holding that a beneficiary under a deed of trust was entitled to reformation of the grantors deed,holding foreclosure of prior deed of trust extinguished subsequent easement,holding that a lender who held a deed of trust had priority over a debtors subsequent judgment creditor,holding that a wifes interest in property has priority over a general creditor
235,"to have Officer Tripp search the motel room and vehicle. Peterson gave his permission to search Baldón, but indicated he would like to be involved in the search and would promptly meet the police officers at the motel. Tripp learned Baldón was staying in room 29. When Peterson arrived, Officer Tripp had been joined by Sergeant Piazza and another Bettendorf police officer. The officers collectively approached room 29 and knocked on the door. Eventually, Baldón opened the door. A young woman, later revealed to be a minor, was observed sitting on the bed. Peterson greeted Baldón and explained that the parole agreement authorized the officers to conduct a search of the motel room and Baldon’s vehicle. The search of the motel room and Bal-don’s person yielded no .2d 999, 1001 (2012) (<HOLDING>); State v. Benton, 82 Ohio St.3d 316, 695",199999,32189,2,case_hold_mc,holding that notwithstanding an agreement the state still must have reasonable grounds for investigating whether a parolee has violated the terms of parole or committed a crime,holding that parole status alone is insufficient to justify search of a parolee,holding parolee consented to search of his email based on the parole agreement,holding that arrest of a parolee for parole violation does not trigger the speedy trial period for the underlying offense,holding parolee waives constitutional searchandseizure rights by voluntarily signing parole agreement
236,"from the charge, without request or objection, and there is factually sufficient evidence to support a finding thereon, the trial court, at the request of either party, may after notice and hearing and at any time before the judgment is rendered, make and file written findings on such omitted element or elements in support of the judgment. If no such written findings are made, such omitted element or elements shall be deemed found by the court in such manner as to support the judgment. Tex.R. Civ. P. 279. Boeran contends the notice requirement of section 2.607(e)(1) is an affirmative defense that was waived because it was not conclusively established at trial. See id., Tex.R. Civ. P. 279; Integrated Title Data Systems v. Dulaney, 800 S.W.2d 336, 342 (Tex.App.-El Paso 1990, no writ) (<HOLDING>). We disagree with the characterization of the",200847,32330,0,case_hold_mc,holding notice requirement of 2607 is affirmative defense,holding that unpleaded affirmative defense was properly considered by the district court where plaintiff had notice of the defense and an opportunity to respond,holding that the running of the statute of limitations is an affirmative defense,holding that laches is an affirmative defense,holding that fair use is an affirmative defense
237,"practice or custom that constitutes a standard operating procedure of the defendant.” ER 11. The series of qualifiers in this definition — “permanent,” “widespread,” “well-settled,” and “standard operating procedure” — emphasize that a practice must be pervasive and of significant duration. This definition is certainly consistent with our Monell decisions, which have recognized that “[l]iability for improper custom may not be predicated on isolated or sporadic incidents” and that “[t]he custom must be so ‘persistent and widespread’ that it constitutes a ‘permanent and well settled city policy.’ ” Trevino v. Gates, 99 F.3d 911, 918 (9th Cir.1996) (quoting Monell, 436 U.S. at 691, 98 S.Ct. 2018); see also Villegas v. Gilroy Garlic Festival Ass’n, 541 F.3d 950, 964 (9th Cir.2008) (<HOLDING>); Webb v. Sloan, 330 F.3d 1158, 1164 (9th",201704,32471,0,case_hold_mc,holding that municipal liability may be established by showing a longstanding practice or custom which constitutes the standard operating procedure of the local government entity  quoting ulrich v city  cnty of san francisco 308 f3d 968 98485 9th cir2002,holding that a policy for purposes of municipal liability may be established by an officials single decision,holding that a municipality may only be held liable under  1983 for a policy practice or custom,holding that a plaintiff must identify a municipal policy custom or practice  to support a claim against a municipality under monell,holding that discrimination against a municipal employee could trigger municipal liability under  1983 through official policy or custom
238,"file post-sentence motions, opting instead to bring this timely direct appeal from his judgment of sentence. ¶ 6 On appeal, Burkett raises the following issues: I.Whether trial counsel was ineffective for failing to file a post verdict motion that the verdict was against the weight of the evidence? II.Whether the verdict was against the weight of the evidence? III.Whether the verdict was contrary to law? Brief and Reproduced Record of Appellant, at 4. II. DISCUSSION ¶ 7 Burkett first argues that trial counsel was ineffective for failing to file a post-verdict motion that the verdict was against the weight of the evidence. We are precluded from reviewing such a claim, which Burkett raises for the first time on direct appeal. Commonwealth v. Grant, 572 Pa. 48, 813 A.2d 726, 738 (2002) (<HOLDING>) (footnote omitted). Accordingly, Burkett’s",202551,32601,3,case_hold_mc,holding that a defendant must generally raise claims of ineffective counsel in a collateral proceeding not on direct review,holding that ineffective assistance of counsel claims should be brought in collateral proceedings not on direct appeal,holding that review of counsel ineffectiveness claims should be deferred until collateral review,holding that as a general rule a petitioner should wait to raise claims of ineffective assistance of trial counsel until collateral review,recognizing that it is the defendants burden to demonstrate a reason to depart from the general practice that a defendant must generally raise claims of ineffective assistance counsel on collateral review
239,"view in the car. The agents knew that Cruz had not carried a purse to the transaction, suggesting that one of the purses and possibly one or more of the phones belonged to Cruz. Further, an agent testified that one of the bags was open and contained “a white envelope with what looked to be a large sum of money kind of like sitting in there.” When asked by agents what she was doing in the car, Pascual responded that she was waiting for her cousin “Hazel,” which the agents confirmed was the name of the woman who had just been apprehended taking delivery of the drugs. Given the cumulative effect of this information, the agents clearly had probable cause to believe that evidence of narcotics offenses would be found in the car. See United States v. Gagnon, 373 F.3d 230, 240 (2d Cir.2004) (<HOLDING>). Second, Pascual argues that the scope of the",203406,32738,2,case_hold_mc,holding that a jury could reasonably infer defendant and his brother engaged in victims murder with deliberation where victims hands and feet were bound expert testimony was that victims injuries were inflicted when he was alive defendants gloves were discarded in victims trailer and defendant and his brother burned the trailer in an attempt to conceal the evidence,holding that the suspect was effectively arrested when police surrounded his trailer with their weapons drawn and ordered him through a bullhorn to leave the trailer and drop to his knees,holding that automobile exception applied to search of defendants tractor trailer where confidential informant who was detained at border with a trailer full of marijuana told agents that he was driving to meet the defendant to exchange trailers and defendant subsequently arrived at the location described at the time described in a tractor with an empty trailer that matched informants description,holding that because defendant only emerged under circumstances of extreme coercion the arrest occurred while he was still inside his trailer,holding that an anonymous tip that described a suspects appearance and location and alleged that he was carrying a concealed weapon was insufficiently corroborated by the officers observation of the appellant who matched the description hanging out at the indicated location
240,"it with pertinent authority. We therefore deem this argument waived pursuant to Federal Rule of Appellate Procedure 28(a)(3) & (a)(6). See Thomas & Betts Corp. v. Panduit Corp., 138 F.3d 277, 301 (7th Cir.), cert. denied,-U.S.-, 119 S.Ct. 336,-L.Ed.2d -(1998) (No. 98-179); see also United States v. Berkowitz, 927 F.2d 1376, 1384 (7th Cir.1991) (stating that ”[w]e repeatedly have made clear that perfunctory and undeveloped arguments, and arguments that are unsupported by pertinent authority, are waived”), cert. denied, 502 U.S. 845, , Main & Co., 996 F.2d 1534, 1539 (3d Cir.1993) (stating that ""[s]imply because one provides goods or services that ultimately benefit the enterprise does not mean that one becomes liable under RICO”); Nolte v. Pearson, 994 F.2d 1311, 1317 (8th Cir.1993) (<HOLDING>); Redtail Leasing, Inc. v. Bellezza, No. 95",204264,32892,3,case_hold_mc,holding even though experts are permitted to give an opinion they may not offer an opinion regarding the credibility of others,holding that false arrest and false imprisonment claim were not duplicative,holding that to prevail under civil rico plaintiff must prove that defendants participated in the conduct of an enterprise through a pattern of racketeering activity,holding that attorneys who prepared allegedly false opinion letters and informational memoranda regarding a music recording leasing program had not participated in operation or management of enterprise,holding that the chief financial officer of a hospital had sufficient access to the allegedly false cost reports resulting from the false invoices to require him to plead at least one example of a false claim with particularity
241,"charge. Even if Ke-kacs’ testimony was as unworthy of belief as the prosecutor tried to demonstrate, that does not in any way lead to the conclusion that Berkowitz was involved in encouraging the witness to testify as he did. In order for improper prosecuto-rial comments to require reversal and remand, the comments must deprive the defendant of a fair trial. See, e.g., Perry v. State, 718 So.2d 1258, 1260 (Fla. 1st DCA 1998); Cooper, 712 So.2d at 1217. Following the Criminal Appeals Reform Act, the burden of demonstrating prejudice is upon the defendant/appellant. See Barnes v. State, 743 So.2d 1105 (Fla. 4th DCA 1999), reh’g denied, 743 So.2d at 1109 (Fla. 4th DCA 1999). We believe that Berkowitz has carried that burden. See Doherty v. State, 726 So.2d 837, 838 (Fla. 4th DCA 1999)(<HOLDING>). Since neither of the K-Mart employees",205118,33024,3,case_hold_mc,holding that where the appellant has failed to demonstrate error the court is not required to search the record for an error,holding that harmless error test is satisfied when there is no reasonable possibility that the error contributed to the conviction,holding that error is considered harmless if it is established beyond a reasonable doubt that the error complained of did not contribute to the verdict or alternatively stated that there is no reasonable possibility that the error contributed to the conviction,holding that where appellant challenges a nonconstitutional error the criminal appeals reform act requires that he demonstrate that there is a reasonable possibility that the error affected the verdict,holding that a nonconstitutional error is harmless where an appellate court has a fair assurance that the error did not substantially affect the verdict
242,"delivery of the required documents and fees to the clerk constituted filing. Id. at 1005 (citing Commonwealth v. O'Bryan, Utley & Company, 153 Ky. 406, 155 S.W. 1126, 1128 (1913)) (""In modern times it is usually held that a paper is filed on behalf of the party who is required to file it when he has presented it at the proper office and left it with the person in charge thereof and paid the fees for filing, if any are required.”). In contrast to the law in Kentucky at the time of Fields Motor, Kentucky law today is clear that actual notation on the title is required before a lien is truly perfected and mere filing or tender is insufficient to constitute notation. See supra Footnote 4; see also Vanderbilt Mortgage & Fin., Inc. v. Griggs (In re Griggs), 965 F.2d 54, 56 (6th Cir.1992) (<HOLDING>); Hiers v. Bank One, West Virginia, Williamson,",205967,33165,1,case_hold_mc,holding that the sensible and popular understanding of what a motor vehicle accident entails necessarily involves the motor vehicle being operated as a motor vehicle ,recognizing that in 1982 kentucky converted to a new title system for motor vehicles under which the secured creditor must perfect its security interest by noting the lien on the certificate of title to the motor vehicle,recognizing kentucky as a state where actual notation of the secured partys lien on the certificate of title is a prerequisite for perfection of a security interest in a motor vehicle,holding that a summons directed to the commissioner of motor vehicles was defective process as against a nonresident defendant in an action arising out of operation of a motor vehicle in this state,holding that normal presumption of ownership in favor of holder of motor vehicle certificate of title may be rebutted despite language of minnstat  168a10 subd 5 providing that the transfer of a motor vehicle is not effective until titling requirements are complied with
243,"Lefrak in the Allman negligence action. However, the holding of Stoney Run and the specifics of the Allman action suggest the opposite conclusion — that the way in which lead paint harmed Ashley Allman is not included in the pollution exclusion. The holding of the Second Circuit in Stoney Run— that the ordinary person could read the words of that policy as the argot of environmental law that applies to environmental pollution only, and that carbon monoxide poisoning in an apartment is not covered by that exclusion — supports the conclusion that the pollution exclusion may not apply in this case. Stoney Run, 47 F.3d at 37; Rapid-American, 80 N.Y.2d at 654, 593 N.Y.S.2d at 973, 609 N.E.2d at 513; see also Weaver v. Royal Ins. Co. of America, 140 N.H. 780, 674 A.2d 975, 977-78 (1996) (<HOLDING>); Sullins v. Allstate Ins. Co., 340 Md. 503,",206825,33319,3,case_hold_mc,holding that inclusion of a general release was merely a suggestion of how to terminate the lawsuit and that acceptance was not qualified on use of the specific release and party was willing to discuss the terms of a release,holding that court must determine intent of parties by reference to language of release turning to extrinsic evidence only when it determines as a matter of law that terms are ambiguous,recognizing that probation officers are mandated to enforce a sentencing courts terms and conditions of supervised release,holding that discharge dispersal release and escape are terms of art of environmental law,holding that release discharges only persons named in or sufficiently described by terms of release
244,"circumstance”); Skinner v. Ry. Labor Executives’ Ass’n, 489 U.S. 602, 624, 109 S.Ct. 1402, 103 L.Ed.2d 639 (1989) (“[A] showing of individualized suspicion is not a constitutional floor, below which a search must be presumed unreasonable.”). Accordingly, the Supreme Court has recognized “limited circumstances in which the usual rule [requiring individualized suspicion] does not apply.” Edmond, 531 U.S. at 37, 121 S.Ct. 447. Individualized suspicion is not needed, for example, in cases involving “an exigency that justifies immediate action on the police’s part.” Georgia v. Randolph, 547 U.S. 103, 117 n. 6, 126 S.Ct. 1515, 164 L.Ed.2d 208 (2006); see also id. (collecting and summarizing exigent circumstances that may justify warrantless searches); Edmond, 531 U.S. at 44, 121 S.Ct. 447 (<HOLDING>); United States v. Harper, 617 F.2d 35 (4th",207679,33466,3,case_hold_mc,holding that suspicion must be individualized,holding that a reasonable suspicion requirement for searches and seizures on the high seas survives fourth amendment scrutiny,holding that circumstances created reasonable suspicion for investigatory stop,recognizing circumstances involving exigencies that permit seizures without individualized suspicion,holding reasonable suspicion is based on totality of circumstances
245,"motion to supplement the appendix. 6 . In light of our review of all the claims together and our disposition of this case after briefing, we will deny the motion for sum-maty action. The motion to supplement the appendix is granted. 4 . Although Voneida did not list the date of his son's federal judgment of conviction, as we stated above, the date was a proper subject for judicial notice. We note, however, that an alternative basis, prosecutorial immunity, supports the dismissal of the claims based on statements made by prosecutors in the grand jury (or other court) proceedings. See Burns v. Reed, 500 U.S. 478, 490-92, 111 S.Ct. 1934, 114 L.Ed.2d 547 (1991) (discussing the scope of prosecutorial immunity); see also Erie Telecomms. v. City of Erie, Pa., 853 F.2d 1084, 1089 (3d Cir.1988) (<HOLDING>). 5 . On appeal, Voneida also presents an",208534,33596,2,case_hold_mc,recognizing this court may affirm for any reason supported by the record,holding that an appellate court may affirm the result reached by a district court on alternative grounds,holding that we may affirm on an alternative basis supported by the record,holding that a district courts ruling may be upheld on an alternative ground supported by the record,holding we may affirm on any grounds supported by the record even those not relied upon by the district court
246,"the property, the tax deed conveyed absolute title to it — free and clear of all liens and encumbrances — and extinguished all former titles, including Stewart’s homestead claim. Collier, ¶ 16; § 15-18-214, MCA. ¶31 Based on the foregoing discussion, we conclude that the homestead exemption statutes set forth in §§ 70-30-201 to -202, MCA, do not apply to property tax hen or property tax deed sales. A majority of jurisdictions agree with our conclusion. 40 Am. Jur. 2d Homestead § 91 (2015) (stating, “In most jurisdictions, liability of homestead property for taxes does not differ from that of other property and the state or municipality can proceed against it as though there were no exemption law in existence.”); Morrison v. Barham, 184 Cal. App. 2d 267, 272 (Cal. Dist. Ct. App. 1960) (<HOLDING>). ¶32 A tax is “an enforced contribution from",209390,33741,1,case_hold_mc,holding that the general rule is that temporary absence from the premises will not itself cause an abandonment of the homestead but to retain the homestead exemption one leaving the homestead must in good faith intend to return albeit the intent to return need not be at any particular time in the future,holding that the general homestead exemption may not be invoked to defeat claims against the holder for taxes and assessments against the homestead property,holding even though debtor would have been entitled to iowa homestead exemption but for former spouses iowa code section 59821 lien debtor could not avoid the lien because it attached to the homestead prior to or simultaneously with debtors acquisition of the interest in the homestead,holding that homestead exemption was unavailable even though claimants were  living on the land and claiming it as homestead with the permission or acquiescence of the owner for they could have no homestead right or interest in land to which they had no title,holding that california law permitted the application of a homestead exemption to property located outside the state
247,"S.W.2d 85, 88 (1939); McBee v. Bowman, 89 Tenn. 132, 140, 14 S.W. 481, 483 (1890); Chapman v. McAdams, 69 Tenn. at 503; Realty Shop, Inc. v. RR Westminster Holding, Inc., 7 S.W.3d 581, 596 (Tenn.Ct.App.1999). Tenn. R.App. P. 13(d)’s presumption of correctness requires appellate courts to defer to a trial court’s findings of fact. Fell v. Rambo, 36 S.W.3d 837, 846 (Tenn.Ct.App.2000); Taylor v. Trans Aero Corp., 924 S.W.2d 109, 112 (Tenn.Ct.App.1995). Because of the presumption, an appellate court is bound to leave a trial court’s finding of fact undisturbed unless it determines that the aggregate weight of the evidence demonstrates that a finding of fact other than the one found by the trial court is more probably true. Estate of Haynes v. Braden, 835 S.W.2d 19, 20 (Tenn.Ct.App.1992) (<HOLDING>). Thus, for the evidence to preponderate",210248,33885,4,case_hold_mc,holding section 768201 is exception to general rule that appellate courts uphold  the trial court even if it failed to make findings on the record whenever it would be reasonable to assume that the court actually made such findings,holding that it is not an appellate courts function to make findings of fact,holding because defendant does not argue in his brief that these findings of fact are not supported by    evidence in the record this court is bound by the trial courts findings of fact,holding that without transcript of trial proceedings appellate court cannot review underlying evidence so as to conclude that trial courts judgment is not supported by evidence,holding that an appellate court is bound to respect a trial courts findings if it cannot determine that the evidence preponderates otherwise
248,"entry and search of appellant’s home was justified by exigent circumstances or that it was consensual. In any event, even if these arguments were preserved, the warrantless entry of appellant's apartment was plainly not consensual, and we cannot deem it justified by exigent circumstances. See Dorman v. United States, 435 F.2d 385, 391-93 (D.C.Cir.1970) (en banc) (noting several factors — absent in this case— establishing sufficient exigency to justify war-rantless entry of a home, including whether ""a grave offense is involved, particularly one that is a crime of violence,” a suspect is ""reasonably believed to be armed,” and there is “a likelihood that the suspect will escape if not swiftly apprehended”). 23 . Payton v. New York, 445 U.S. 573, 590, 100 S.Ct. 1371, 63 L.Ed.2d 639 (1980) (<HOLDING>). 24 . See, e.g., Kirk v. Louisiana, 536 U.S.",211100,34023,4,case_hold_mc,holding that absent exigent circumstances an arrest within the home can only be effectuated with a warrant probable cause is insufficient,holding that absent consent or exigent circumstances law enforcement officers cannot legally search for the subject of an arrest warrant in the home of a third party without first obtaining a search warrant,holding that in the absence of consent or exigent circumstances a law enforcement officer must procure a search warrant before searehing for the subject of an arrest warrant in the home of a third party,holding that absent exigent circumstances the fourth amendment prohibits warrantless nonconsensual entry into a suspects home in order to make a felony arrest  notwithstanding the existence of probable cause to arrest,holding that in die absence of exigent circumstances the mere existence of probable cause does not justify a nonconsensual entry by police into a home without an arrest or search warrant
249,"receive information on, discuss, and vote on all issues in his capacity as a Board member is protected by the First Amendment. A County Board is a legislative body. See Carver v. Sheriff of LaSalle County, Illinois, 243 F.3d 379, 381 (7th Cir.2001) (referring to the County Board as “the county’s legislative branch”); Lutheran Social Services of Illinois v. Henry County, 124 Ill.App.3d 753, 79 Ill.Dec. 907, 464 N.E.2d 811 (1984) (The Illinois Supreme Court “designat[ed] a county board as a legislative body.”). Most federal courts to address the specific issue of whether a public official in a legislative position has a First Amendment right to speech in pursuance of his duties have agreed with Hoffman in following the holding of Bond. See Conservation Comm’n of the Town of We Cir.1996) (<HOLDING>). In Pleva, cited by Defendants in arguing that",211960,34162,4,case_hold_mc,holding that judges who were appointed rather than elected were entitled to same treatment provided by pertinent section of constitution,holding that mayor is a high public official,holding that an employment contract between an outgoing city council and the city manager was void on public policy grounds because it attempted to take away the governmental or legislative power of the incoming council to appoint and remove public officers,holding the public acts of the pittsburgh director of public safety were valid even if his purported recess appointment by the mayor or was invalid because the city council was not in fact in recess,holding that bond and miller did not apply because the plaintiff was appointed to the city council by the mayor rather than elected by the public
250,"(E.D.Tenn. Jan. 25, 2008) (Holding that Rogers is abrogated by Powerex Corp. “[bjecause the amount in controversy must exceed $75,000 for this court to have diversity jurisdiction, it therefore follows that a stipulation post-removal requires this court to remand under § 1447(c). This is so even where, as here, defendants initially met their burden of demonstrating that removal was proper because the amount in controversy exceeded $75,000.”); Captain v. Wal-Mart Stores East, Inc., No. 10-501, 2010 WL 4875702, at *1 (S.D.Ohio Oct. 7, 2010) (recognizes Rogers was abrogated by Powerex and then remands case after plaintiff stipulates, post-removal, that her total damages will not exceed $75,000); Stratton v. Konecranes, Inc., No. 5:10-CV-66, 2010 WL 2178544, at *3 (E.D.Ky. May 28, 2010) (<HOLDING>); Brown v. Cabell Fin. Corp., No. 5:05-CV-962,",212821,34303,1,case_hold_mc,holding that the stipulation included in the plaintiffs petitionthat the maximum amount of damages sought or that would be accepted wpuld not exceed 75000 exclusive of costs and interest bound the plaintiff and was sufficient to defeat diversity jurisdiction,recognizing that powerex abrogated rogers but ultimately denied remand since the plaintiffs failed to rebut defendants claim that the amount in controversy more likely than not exceeded 75000 and also refused to stipulate to a lesser amount of damages,holding that when plaintiff has proven injury but has failed to prove the amount of damages the plaintiff is only entitled to nominal damages,holding that where plaintiff has set forth in the complaint a specific request for damages and attorneys fees that on its face is an amount less than the jurisdictional minimum the defendant must prove to a legal certainty that plaintiffs claim must exceed 75000,holding that because the amount of the debtors obligation to the government exceeded the amount of their income tax refund the refund did not become property of the estate and could not be exempted
251,"NSF lease transaction rendered him a ‘real estate salesperson’ in Virginia,” and therefore required him to be licensed as such. Appel-lee’s Br. at 17. 2 . The Supreme Court of Virginia first addressed the issue of commission payments to unlicensed brokers and salespersons in Massie v. Dudley, refusing to enforce an agreement ""made by an unlicensed person” because ""its substance [was] unlawful.” 173 Va. 42, 3 S.E.2d 176, 180-81 (1939). The court has consistently reiterated this principle following Massie. In Harrison & Bates, Inc. v. LSR Corp., for example, the court held unenforceable a contract to split commissions made between a licensed corporation and an unlicensed firm. 238 Va. 741, 385 S.E.2d 624 (1989); see also Hancock, Co. v. Stephens, 177 Va. 349, 14 S.E.2d 332, 334 (1941) (<HOLDING>); State Realty Co. v. Wood, 190 Va. 321, 57",213679,34433,1,case_hold_mc,holding that a contract to sell real property was unenforceable because it did not contain a sufficient description of land subject to contract,holding unenforceable a contract for real estate commissions formed by an unlicensed corporation,holding unenforceable a real estate contract that provided for the payment of brokerage fees to an unlicensed corporation,holding that an appeal became moot when the party sold the real estate that formed the basis of the claims,holding prospectively that a vendees interest in a real estate contract constitutes real estate within the meaning of the judgment lien statute
252,"showing that pursuit of administrative remedies would be futile is generally sufficient to excuse a plaintiff from the exhaustion requirement. However, if a plaintiff failed in a timely fashion to pursue administrative remedies that were available and open, the plaintiff cannot later claim futility based on her inability to pursue those remedies any longer. See, e.g., Tiger v. AT & T Technologies Plan for Employees’ Pensions, Disability Benefits, 633 F.Supp. 532, 534 (E.D.N.Y.1986) (McLaughlin, L) (""[A]bsent equitable considerations, the failure to comply with reasonable time constraints prescribed by the Plan’s review procedure precludes judicial review of a claim for benefits."") (citations omitted). 8 . See Springer v. Wal-Mart Assocs. Group Health Plan, 908 F.2d 897 (11th Cir.1990) (<HOLDING>); Ludwig v. NYNEX Serv. Co., 838 F.Supp. 769",214534,34572,2,case_hold_mc,holding that the decision to transfer rests within the sound discretion of the court,holding that the trial court had abused its discretion in dismissing the case without allowing appellants an opportunity to amend,holding that the decision whether to apply the exhaustion requirement in an erisa case is committed to the district courts sound discretion but that the district court abused its discretion by not dismissing the suit for failure to exhaust administrative remedies,holding mason did not take away discretion from district court to allow suit without exhaustion of administrative remedies,holding that the decision to transfer rests within the sound discretion of the district court
253,"the express provisions of the plea agreement, Mr. Diaz acknowledged his understanding that, in imposing his sentence, the district court would consider certain factors set forth in 18 U.S.C. § 3553(a) and the Sentencing Guidelines promulgated by the United States Sentencing Commission. Plea Agreement at 3-4. He further ac knowledged that the government “reserve[d] the right to advocate for, and present evidence relevant to, ... [sentencing] guideline adjustments and sentencing factors for consideration” by the probation office and the court. Id. at 4. Under the Sentencing Guidelines, a defendant’s relevant conduct, including his attempted drug sales, are pertinent sentencing factors. See U.S.S.G. §§ 1B1.3, 2D1.1; see also United States v. Moore, 130 F.3d 1414, 1419 (10th Cir.1997) (<HOLDING>). Mr. Diaz did not dispute at sentencing, and",215392,34699,0,case_hold_mc,holding that uncharged amounts of drugs may be included as relevant conduct even if the defendant never actually possessed or distributed the drugs,holding firearms large sums of cash  and uncharged quantities of illegal drugs are admissible to show a defendant is involved in the distribution of illegal drugs,holding that a defendant may be found to have taken a substantial step for the purpose of an attempt offense even though he or she has failed to gain possession of drugs or sham drugs,holding that the quantity of drugs may not be used to support a departure,holding that the presence of firearms may go toward proving that a defendant possessed drugs with the intent to distribute
254,"in the record supports a jury instruction on contributory negligence and therefore the trial court did not abuse its discretion in so instructing the jury. Affirmed. BAKER, C.J., and FRIEDLANDER, J., concur. 1 . Cellulitis is the ""diffuse and especially subcutaneous inflammation of connective tissue.” Merriam-Webster Online, http://m-w.com/ dictionary/cellulitis (last visited Aug. 28, 2007). 2 . Lymphadenitis is the ""inflammation of lymph nodes.” Merriam-Webster Online, http://m-w.com/dictionaiy/lymphadenitis (last visited Aug. 28, 2007). 3 . Mark's complaint named two other defendants, but those claims were settled prior to trial. 4 . See Ind.Code § 34-20-3-1 (providing that a product liability action must be commenced within two oria, III., 557 F.2d 580, 595 n. 13 (7th Cir.1977) (<HOLDING>), vacated by 435 U.S. 992, 98 S.Ct. 1642, 56",216247,34826,1,case_hold_mc,holding issue waived because it was not mentioned in brief but was only raised in notice of appeal,holding that defendants statement in defendants brief that a case upon which it was relying was pending on appeal was a judicial admission of that fact,holding that admission contained in an answer was binding despite the fact that it was made on information and belief,holding that admission of prior statement constituted error but was harmless when other admissible evidence established the same fact,holding that statement within expert report is not a judicial admission but is instead an admission by party
255,"Thus, in fact, under this record only about $350 of the surplus remains in the household budget that could be attributed to the debtor’s income. This analysis is supported by the following cases: In re Innes, 284 B.R. 496, 507-08 (D.Kan.2002) (“[T]he bankruptcy court correctly considered all of [the non-debtor spouse’s] disposable income and applied the proportionate share of her income to the family’s essential or basic living expenses. To require her to do more would essentially force her (or her children) to pay debts for which she is not liable and support [the debtor husband] while being denied the right to apply some of her income to reasonable non-luxury items, such as the children’s education, and a modest retirement fund.”); In re Berndt, 127 B.R. 222, 225 (Bankr.D.N.D.1991) (<HOLDING>). The strongest case in support of the",217101,34951,2,case_hold_mc,holding that a debtor has primarily consumer debts if the aggregate amount of consumer debt is more than 50 of the total debt,holding that a debtor was not acting in bad faith when he converted a case under chapter 7 to a case under chapter 13 for the purpose of discharging a debt for fraud but it was a fact which could be considered,holding in a chapter 7 consumer debt case the nondebtor spouses income is not  rendered liable for the debts of the debtor but rather is simply  considered in determining whether the debtor himself has available discretionary income by virtue of the fact that he and the nondebtor spouse share a joint household,holding that where a married debtor files an individual bankruptcy case and claims the  522b3b tbe exemption the debtor indirectly obtains the benefit of floridas constitutional homestead protection by virtue of the nondebtor spouses ability to claim the homestead exemption,holding that the code excepts from discharge debts resulting from agreements by the debtor to hold the debtors spouse harmless on joint debts to the extent those debts are in the nature of alimony maintenance or support
256,"& Co., Inc. v. Williams, 754 So.2d 671, 677 (Fla.2000) (citation omitted)). Specifically, we have held that “[a] court may grant relief from dismissal even where good cause has not been shown if the applicable statute of limitations would bar the refiled action.” Id. at 1198. Here, the trial court’s order mentioned the parties’ stipulation that the statute of limitations had run. However, it is unclear if the trial court was aware that even without good cause, it was still permitted to grant an extension of time for service if it was warranted under the circumstances. REVERSED and REMANDED for reconsideration in light of this opinion. WOLF, C.J. and WEBSTER, J., Concur. 1 . See § 95.1 l(3)(a), Fla. Stat. (2002). 2 . See also Chaffin v. Jacobson, 793 So.2d 102, 104 (Fla. 2d DCA 2001) (<HOLDING>); Skrbic v. QCRC Assocs. Corp., 761 So.2d 349,",217952,35089,4,case_hold_mc,holding trial court abused its discretion by dropping defendant as a party based on plaintiffs failure to timely serve defendant because statute of limitations had run,holding trial court abused its discretion by refusing to conduct hearing and render decision on motion,holding that the trial court did not violate due process in considering the defendants motion to dismiss because the defendant had corrected its error in not serving its motion to dismiss on the plaintiff and because the plaintiff had received adequate time to consider and respond to the arguments made in the motion,holding that where oral loan was silent as to the time of repayment the statute of limitations began to run at the time the contract was made,holding trial court abused its discretion by not extending the time for service where the statute of limitations had run and where service had been achieved at the time of the hearing on the motion to dismiss
257,"“(1) whether there is a contractual relationship; (2) whether the change in the law impairs that contractual relationship; and whether the impairment is substantial.” Hodges v. Rainey, 341 S.C. 79, 93, 533 S.E.2d 578, 585 (2000) (citing Gen. Motors Corp. v. Romein, 503 U.S. 181, 112 S.Ct. 1105, 117 L.Ed.2d 328 (1992)). It is undisputed a contractual relationship existed. Thus, we must ask whether the statute, as applied retroactively, substantially impairs in the traditional definition of occurrence with the faulty workmanship exclusion in the insurance contract. Occurrence, as we confirmed in Crossmann II, traditionally means an “accident” or a “continuous or repeated exposure to substantially the same general harmful conditions.” Crossmann, 395 S.C. at 47, 717 S.E.2d at 592; 1937) (<HOLDING>); Superior Motors, Inc. v. Winnebago Indus.,",218810,35235,2,case_hold_mc,recognizing that the elements of a claim for breach of contract are 1 existence of a valid contract and 2 breach of the terms of that contract,holding that the terms of an employment contract are not entitled to presumptive reasonableness where the contract was ultimately rejected,holding a deviation from the terms of a contract constitutes an impairment of contract,holding that an assignment does not modify the terms of the underlying contract,recognizing that courts will not add terms to a contract about which the contract is silent
258,"that there is no duty to protect the public from assaults by third parties, and cases such as White, in which this rule was applied to employers, the court must conclude that this case falls within the third category of “fair warning” analysis described above and even if the Individual Defendants violated the constitution, they were not given fair warning that their conduct was violative of the constitution. Further, the Title VII precedent governing harassment by third parties which creates a hostile work environment would not have given the Individual Defendants fair warning that their failure to prevent a physical attack by a non-employee violated Freddie Golthy Jr.’s constitutional rights. See Snider v. Jefferson State Community College, 344 F.3d 1325, 1330 (11th Cir. 2003) (<HOLDING>). Consequently, even if there were a",219666,35363,1,case_hold_mc,recognizing that a plaintiff can demonstrate that samesex harassment is because of sex by showing that the conduct was motivated by the coworkers sexual desire for persons of the same sex,holding that although same sex sexual harassment was known to be cognizable under title vii at the time of the events in question because it had not been ruled unconstitutional at that time qualified immunity was appropriate,holding that harassment of women working alongside plaintiff was relevant to question of creation of environment viola tive of title vii  although vinson was a sexual harassment case the principles underlying a hostile environment theory are equally applicable in sexual harassment and racial harassment cases,holding that samesex sexual harassment claims are not actionable under title vii,holding that sexual harassment need not take the form of sexual advances or other explicitly sexual conduct in order to be actionable under title vii
259,"insurer pursuant to an earlier version of NRS 616C.025(2). We noted in Bally’s that the statute gives “broad discretionary powers to employers as to whether they should accept or reject employees’ excuses for failing to comply.” Id. at 929-30 n.4, 948 P.2d at 1203 n.4. Nonetheless, we stated that this “does not, mean, however, that the insurer’s decision is inviolate.” Id. Thus, the insurer’s decision to deny an excuse is reviewable de novo by an administrative officer. See id. Because it was unclear from the record whether the insurer actually considered the employee’s excuse, we remanded the matter to the insurer for a reconsideration of the employee’s excuse. See id. at 929, 948 P.2d at 1203; see also Bullock v. Pinnacle Risk Mgmt., 113 Nev. 1385, 1389, 951 P.2d 1036, 1039 (1997) (<HOLDING>). Essentially, Barrick argues that under",220509,35495,4,case_hold_mc,holding insureds firstoccurring immaterial breach of them insurance policy did not excuse insurer from its obligation to perform under the contract,holding that a prima facie case of retaliation requires a causal link between the employees protected activity and the employers adverse employment action,holding that a claim against an insurer for vexatious refusal to pay cannot be maintained where the court finds that the insurer has no duty to defend under the policy,holding that employers insurer who provided workers compensation benefits to employee but did not consent to employees settlement with thirdparty tortfeasor may maintain an action for payments that become payable in the future,holding that ballys requires remanding to the employers insurer to consider the employees excuse under nrs 616c0252
260,"to determine whether potential jurors can follow the law on which the parties rely. See Cardenas, 325 S.W.3d at 184-85; Standefer v. State, 59 S.W.3d 177, 181 (Tex.Crim.App.2001). Thus, when the law requires a certain type of commitment from jurors, the attorneys may ask the prospective jurors whether they can follow the law in that regard. Standefer, 59 S.W.3d at 181; see also In re Commitment of Hill, 334 S.W.3d 226, 229 (Tex.2011) (per curiam) (commitment question not improper when the commitment potential jurors were asked to make was legislatively mandated). In civil cases, however, the law does not require a jury to award a statutorily specified amount of damages if liability is found. See Taber v. Roush, 316 S.W.3d 139, 164-65 (Tex.App.Houston [14th Dist.] 2010, no pet.) (<HOLDING>). Thus, we conclude the criminal cases",221361,35634,3,case_hold_mc,holding that because the complaint does not seek a specific amount of money converted from a particular account but rather an award of compensatory damages in an amount to be determined at trial it fails to state a claim for conversion under new york law,holding that punitive damages award against vicariously liable law firm was not excessive in part because the award is proportionate to the law firms financial position,holding that an attorneys fees award is not appealable until the amount of the award is set,holding that venire member was not disqualified as a matter of law when he indicated that he could not award a million dollars for mental anguish because the law does not require a juror to award any specific amount of damages for mental anguish,holding a court may not award punitive damages
261,"the name Reynaldo Mondaca because of his marriage and his desire to obtain benefits. Not only is this finding not supported by the record, but the evidence demonstrates that Petitioner used his name Reynaldo Mondaca in 1953, almost twenty years prior to his marriage, when he applied for a social security card. V. CONCLUSION The majority incorrectly applies clear error review because of its erroneous conclusion that independent review for citizenship cases has been implicitly overruled. On review of the record, because of the numerous findings based on speculation and findings unsupported by evidence, the government failed to prove by clear, unequivocal, and convincing evidence that Petitioner is a Mexican citizen whose name is Salvador Mondaca-Vega. See, e.g., Lim, 431 F.2d at 200 (<HOLDING>). In fact, where, as here, there is",222206,35770,0,case_hold_mc,holding that although there was some evidence tending to show that appellants family name was jew rather than lim the government did not meet its burden of proving attainment of citizenship through fraud or error by clear unequivocal and convincing evidence,holding that fraud on the court must be supported by clear unequivocal and convincing evidence,holding that the government must prove alienage by clear convincing and unequivocal evidence of foreign birth before the burden shifts to the respondent to rebut by demonstrating legal entry,holding that a bad faith claim must be met through the clear and convincing evidence standard,holding that an award for punitive damages must be supported by clear unequivocal and convincing evidence
262,"action would alter the status of the litigation and interfere with this Court’s jurisdiction over this controversy.” (PI. Recon. Opp. at 12.) When arbitration clauses were included in the credit card agreements for these categories of cardholders, they were not putative class members. As a result, they had no rights in this litigation. In th Cir.2003) (arbitration agreement which expressly prohibited class actions was valid against TILA claimants seeking class certification); Snowden v. Checkpoint Check Cashing, 290 F.3d 631 (4th Cir.2002) (enforcing an arbitration clause that prohibited class actions and holding that public policy is not upset by allowing for waiver of class action remedies of consumer protection claims); Randolph v. Green Tree Fin. Corp., 244 F.3d 814 (11th Cir.2001) (<HOLDING>). In Gilmer, the Supreme Court held that the",223051,35902,3,case_hold_mc,holding that one may waive his right to sue as a class even though the age discrimination in employment act adea expressly references a right to class remedies,holding that montanas constitution does not create a right to welfare,holding district court did not abuse discretion when it denied class certification for tila violations case where class members were not harmed and aggregate of statutory damages would be extremely large,holding that tila does not create a nonwaivable right to sue as a class,holding that where there is no suggestion in the text legislative history or purpose of the flsa that congress intended to confer a nonwaivable right to a class action a plaintiffs inability to bring a class action cannot by itself suffice to defeat the strong congressional preference for an arbitral forum
263,"Court held that a deprivation of an individual’s liberty interest does not state a claim under the Fourteenth Amendment due process clause if adequate state post-deprivation remedies exist. Plaintiff has adequate state post-deprivation remedies including administrative remedies, a state petition for a write of habeas corpus, and a state court action for damages. Accordingly, plaintiffs claim must be dismissed for failure to state a claim under federal law. We are not able, from that brief paragraph, to determine why the district court believed Zinermon applied. However, we need not further develop the district court’s analysis because § 1983 is an inappropriate vehicle for the relief Holton seeks in this suit. See Remet Corp. v. City of Chicago, 509 F.3d 816, 817 (7th Cir. 2007) (<HOLDING>). Habeas corpus provides the exclusive remedy",223910,36032,1,case_hold_mc,recognizing that this court may affirm on any ground supported by the record even if it differs from the reasoning of the district court,holding that judgment may be affirmed on any ground supported by the record,holding that in reviewing a district courts decision on a motion for summary judgment de novo the decision can be affirmed on any ground that finds support in the record including an alternate ground,holding that a district courts ruling may be upheld on an alternative ground supported by the record,holding that a grant of summary judgment may be affirmed on any independent ground revealed by the record
264,"of federally-funded welfare programs for chüdren in its custody involves important state interests, those interests do not implicate the ‘essential attribute^] of sovereignty’ with which Co-eur d’Alene was concerned. Therefore, we hold that Coeur d’Alene does not remove this action from the scope of the Ex -parte Young doctrine.” Joseph A, 262 F.3d at 1120 (internal citations omitted). Coeur d’Alene does not serve as a bar to Plaintiffs’ EPSDT Medicaid Act count, see Doe v. Chiles, 136 F.3d 709, 720 (11th Cir.1998), Plaintiffs’ ASFA count, see Joseph A. v. Ingram, 262 F.3d 1113 (10th Cir.2001), or the Title VI claims. See Sandoval v. Hagan, 197 F.3d 484 (11th Cir.1999) rev’d on other grounds sub nom. Alexander v. Sandoval, 532 U.S. 275, 121 S.Ct. 1511, 149 L.Ed.2d 517 (2001) (<HOLDING>). 2. Detailed Remedial Scheme — Seminole Tribe",224763,36164,4,case_hold_mc,holding that eleventh amendment does not bar federal suit against state official for prospective injunctive relief,holding that eleventh amendment does not bar suits for prospective injunctive relief against state officials in their official capacity,holding that the doctrine of sovereign immunity barred a claim for money damages against the librarian of congress in his official capacity because immunity had not been waived and the exceptions to immunity did not apply,holding that there is an exception to eleventh amendment immunity for actions seeking declaratory and injunctive relief against state officials for alleged violations of federal law,holding state waived sovereign immunity by receiving federal funds and that prospective injunctive relief is still available against director in his official capacity for continuing violations
265,"competent evidence. Appellees counter that appellants did not object to the lack of an oath given at the joint public hearing; therefore, the argument is waived. Appellees further assert that, should we reach the merits of the argument, there is no requirement in statute, the County Code, or case law that “testimony” at a public hearing like the one in this case be given under oath. Appellees are correct that appellants, many of whom spoke at the joint public hearing without having taken an oath, did not object or otherwise raise the issue at the hearing. Appellants, moreover, remained silent on this subject during the 10-day period in which the “file” remained open for the County Commissioners to receive written materials. “A party who knows or should have 14 Md.App. 615, 691 A.2d 699 (<HOLDING>), cert. denied, 346 Md. 238, 695 A.2d 1227",225613,36301,0,case_hold_mc,holding that despite the merits of the argument the appellant raised on appeal the issue was not preserved for judicial review because it was not raised before the administrative agency,holding that an issue is preserved for appeal where the issue was sufficiently raised for the court to rule on it  ,holding that an issue not raised in the trial court cannot be raised for the first time on appeal,holding issues not raised before the district court are not preserved for appeal,holding that because the appellant did not present to the administrative agency the argument it raised before this court the issue was not preserved and holding that even if preserved the argument failed
266,"with the statutes. Mother was offered numerous services in her other CHINS cases and in this case until the juvenile court granted the reasonable efforts exception, yet she remains unable to effectively parent. [15] “[T]he ADA was not intended ipso facto to re-write state substantive law.” Id. Moreover, “[e]very child is entitled to a minimum level of care regardless of the special needs or limited abilities of its parents. In the final analysis, the rights of the parents under the Fourteenth Amendment and the ADA must be subordinated to the protected rights of the children.” Id. at 831. Here, the juvenile court determined pursuant to state statute that DCS was not required to provide services to Mother due to her previous history of parental rights’ terminations. See id. at 830 (<HOLDING>). Neither the DCS request nor the juvenile",226470,36445,2,case_hold_mc,holding that the numerous inconsistencies in the testimony of the persons primarily responsible for plaintiffs termination when coupled with the timing of plaintiffs termination and the conflicting reasons given by defendants agents for the termination might well persuade a jury that defendant fired the plaintiff in retaliation for  the letter sent by her attorney to defendants general counsel,holding that a termination of benefits must go handinhand with a termination of the liability of an employer,holding there were no grounds for challenging in a termination proceeding the alleged failure to comply with the ada in the provision of services because services are not required by the termination statute,holding that an attorneys services were personal services rendered or labor done under the predecessor statute to section 38001,holding that although a reason was provided in the termination letter the without cause termination provision was applicable
267,"333, 337 (10th Cir.1983). In Lurch, a case similar to the one before us, the plaintiff sued the Veterans Administration hospital under the Federal Tort Claims Act alleging that a surgeon’s negligence caused his hearing loss. In dicta, we noted that Because a physician must exercise his own professional judgment, no one controls the detailed physical performance of his duties. Given this, by strictly following the traditional control test it is doubtful whether a physician could ever be found to be a federal employee under the FTCA. 719 F.2d at 337. Although the application of a “modified control” test “seems logical” in this situation, we did not adopt such a test in Lurch because the issue was not before us. Id. at 337-38. But see Quilico v. Kaplan, 749 F.2d 480, 484-85 (7th Cir.1984) (<HOLDING>). While the defendant urges us to adopt",227320,36584,1,case_hold_mc,holding that there was no joint venture as a matter of law between physicians who agreed to be oncall for one another at a hospital in the absence of evidence that the physicians controlled each others professional judgment in the treatment of patients,holding strict control test inapplicable in determining the scope of immunity for physicians under federal law because medical ethics require physicians to exercise independent judgment in the best interest of their patients,holding physicianpatient privilege does not apply to nurses or other medical staff working under physicians supervision or acting as physicians agent,holding that emtala does pot give patients a private cause of action against their physicians,holding that emtala does not provide a private cause of action against individual physicians or against physicians medical corporations
268,"an earlier unconstitutional search and seizure of evidence. See Gonzalez, 71 F.3d at 829-30 (deciding whether the police’s illegal entry into the owner’s kitchen should be deemed coercive activity that affected the owner’s later consent to search other parts of the premises); Tovar-Rico, 61 F.3d at 1535-36 (deciding whether the defendant’s initial oral consent to enter the apartment and her subsequent written consent to conduct a thorough search were voluntary). The only cited case that addresses the precise issue is Weaver. In that case, the Oregon Supreme Court held that the timing of the consent in and of itself was not dispositive. Instead, relying on the proposition that the consenting party is the person who determines the scope of the consent, the court stated in di 303-05 (<HOLDING>), cert. denied, 437 U.S. 907, 93 S.Ct. 3098, 57",228174,36727,0,case_hold_mc,holding that the defendants subsequent written consent given with the full knowledge that the police had previously entered his house without a warrant amounted to a waiver of the warrant requirement and rendered the earlier search and seizure valid,holding that a search exceeded the scope of the initial oral consent and was not validated by a subsequent written consent an allegedly consensual seizure must stand or fall on the basis of the consent preexisting the seizure,holding that consent was freely and voluntarily given despite officers advisement that the police could get a search warrant if consent was not given,holding that an arrest warrant  without a search warrant  does not permit law enforcement authorities to enter a third partys home to legally search for the subject of the arrest warrant,holding warrant valid where search warrant application affidavit was signed and probable cause existed for issuance of warrant
269,"law pertaining to UM coverage when considering the applicability of UIM coverage. See, e.g., Jeffrey v. Erie Ins. Exch., 423 Pa.Super. 483, 505, 621 A.2d 635, 646 (1993) (""Our legislature ... intended underinsured motorist coverage to operate in the same manner as uninsured motorist coverage only for motorists who were injured by underinsured motorists.”); Newkirk, 388 Pa.Super. at 63, 564 A.2d at 1267 (same); Marroquin v. Mutual Benefit Ins. Co., 404 Pa.Super. 444, 450, 591 A.2d 290, 293 (1991) (noting that “[t]he Financial Responsibility Law also acts to eliminate the distinctions between uninsured motorist protection and underinsured motorist protection” (citation omitted)). See generally Alan I. Widiss. Uninsured and Underinsured Motorist Insurance 2d (rev.) § 31.6 (2001) (<HOLDING>); Allwein v. Donegal Mut. Ins. Co., 448",229030,36865,2,case_hold_mc,holding that waiver of um coverage was ineffective under south carolina law because insurer did not adequately advise insured party about um coverage,holding that in order for insured to qualify for uim benefits there must have been a liability policy in effect um coverage does not satisfy this requirement,recognizing the overlap of issues pertaining to um and uim coverage and describing areas as to which distinct treatment is appropriate,holding named driver exclusion eliminating liability coverage as well as um coverage did not contravene um statute because statute required um coverage only if the claimant otherwise qualifies for liability coverage under the policy,holding that a recovery in excess of um uim coverage limits is not inconsistent with the stated goal of section 2902
270,"17 also recites “a means for selecting an arbitrator from an arbitrator database.” These claims, under the broadest reasonable interpretation, could require the use of a computer as part of Comiskey’s arbitration system. See Alan Freedman, The Computer Glossary 268 (8th ed.1998) (defining module as “[a] self-contained hardware or software component that interacts with a larger system”); id. at 90 (defining database as “any electronically-stored collection of data”). Similarly, even though Comiskey did not separately argu ble a method for determining whether long-distance calls were being made between long-distance carriers or within a single long-distance carrier that used a mathematical algorithm and “require[d] the use of switches and computers”); State Street Bank, 149 F.3d at 1371 (<HOLDING>). While the mere use of the machine to collect",229874,36990,0,case_hold_mc,holding patentable a system that allows an administrator to monitor and record the financial information flow and make all calculations necessary for maintaining a partner fund financial services configuration where a computer or equivalent device was a virtual necessity to perform the task,holding that the definition of covered business method patent is not limited to products and services of only the financial industry or to patents owned by or directly affecting the activities of financial institutions,holding that access to financial information was reasonably related to a defendants narcotics convictions because financial gain motivated the underlying crimes,holding that it is wrong to assume a financial conflict of interest from the fact that the plan administrator is also the insurer,recognizing the evolving nature of financial services in acknowledging that litigants may be able to demonstrate that stock brokerage firms are financial institutions under idahos probate code
271,"claims that, as of August 28, 1998, Marathon owed it $28,605.46 in Recurring Fees pursuant to Section 7 of the License Agreement. Defendants Marathon and Gage respond that plaintiffs submission of an affidavit claiming that plaintiff is owed “approximately” that amount, with no further evidence, is insufficient to support summary judgment in plaintiffs favor. The court agrees, and denies summary judgment with respect to plaintiffs claim for $28,605.46 in Recurring Fees damages. For the same reason, the court denies summary judgment with respect to plaintiffs claim for pre-judgment interest. Pursuant to Section 7.3 of the License Agreement, defendants are liable for 1.5% pre-judgment interest. See Mid-Jersey Nat’l Bank v. Fidelity-Mortgage Investors, 518 F.2d 640, 645 (3rd Cir.1975) (<HOLDING>). Because the principal amount has not yet been",230734,37117,0,case_hold_mc,holding that the proper rate for prejudgment interest is the rate fixed by the parties in a contract,holding that award and rate of prejudgment interest are within trial courts discretion,holding that a utility can claim no rate as a legal right that is other than the filed rate whether fixed or merely accepted by the commission,holding that the petitioner can claim no rate as a legal right  other than the filed rate whether fixed or merely accepted by the agency commission,holding that it is proper to award prejudgment interest at the legal rate from the date the monies were due under the contract
272,"of the Rehearing Order. Had Williston filed a timely petition for judicial review of the Rehearing Order, which it knew to be a final order subject to judicial review, this court would have been obliged to consider the petition on its merits. The logical extension of Williston’s argument, which we cannot accept, is that a petitioner can file a request for reconsideration of a Commission order whenever it desires, and that such filing tolls the 60-day statute of limitations for judicial quirements, such as the provisions of 15 U.S.C. § 717r, are not mere technicalities that can be brushed aside by a court. And a petitioner cannot escape the NGA’s jurisdictional requirements by filing an untimely or procedurally defective request for reconsideration. See Moreau, 982 F.2d at 563 (<HOLDING>). The simple point here is that “subject-matter",231592,37244,0,case_hold_mc,holding that in a case in which petitioners did not move for rehearing of fercs order until approximately eight months after the order issued the court would not exempt from the time limit those who like petitioners choose to sit on the sidelines to wait and see what happens in ferc proceedings,holding that the denial of petitioners appeal to the bia would have put a reasonable person in the petitioners position on notice that something was wrong with his attorneys preparation for the removal hearing,holding that petitioners have not established the requisite  need    of the highest order,holding that the federal role in reviewing an application for habeas corpus is limited to evaluating what occurred in the state or federal proceedings that actually led to the petitioners conviction what occurred in the petitioners collateral proceeding does not enter into the habeas proceeding,holding that attorneys admission to an element of the offense in the petitioners presence at a deportation hearing was binding on the petitioners
273,"13101-14914 (West 1997 & Supp.2002). 2 . 49 U.S.C.A. §§ 40101-40120 (West 1997 & Supp.2002). 3 . Tex. Bus. & Com.Code Ann. § 17.46 (Vernon 2002). 4 . Although DM paid Dunbar a fee based on DM’s claim of $30,000 in value, DM later claimed that cash and other precious stones were included in the package, for a total value of $172,000. 5 . 49 U.S.C.A. § 14706(e)(1) (West 1997). 6 . We recognize that plurality opinions are not binding on us, however, we have cited the plurality opinions that we find persuasive. See Cincinnati Life Ins. Co. v. Cates, 927 S.W.2d 623, 626 (Tex.1996); Conner v. Conti-Carriers and Terminals, Inc., 944 S.W.2d 405, 413 (Tex.App.-Houston [14th Dist.] 1997, no writ). 7 . We are aware that many federal courts have held to the contrary. See Moffit, 6 F.3d at 305-07 (<HOLDING>); Gordon v. United Van Lines, Inc., 130 F.3d",232444,37381,1,case_hold_mc,holding that claims for misrepresentation fraud and texas dtpa violations brought pursuant to article 2121 of the texas insurance code were completely preempted by erisa even if the result left the plaintiff with no adequate remedy for fraud,holding a claim of a violation of the texas dtpa is preempted by the carmack amendment,holding texas exemption law was not preempted by erisa due to savings clause,holding that erisa preempts the texas dtpa because plaintiff relied on state law to advance his complaint that his benefits under the plan were terminated,holding that where the entity was incorporated in texas and the shareholders reside in texas and the bankruptcy case is pending in texas texas law  not arizona law  should be applied
274,"at 583 (“This should be determined by examining the entire transaction and not by inquiring whether the defendant intended to take advantage of the consumer or acted with knowledge or conscious indifference.”). The Keys assert that that “[n]o ... factual circumstance can rescue a contract that expressly violates Texas public policy from being found unconscionable.” Accordingly, the Keys argue that because the legislature determines public policy through the statutes it passes and because LSRC’s form contract violates a statute—various provisions of insurance code chapter 4102 —LSRC’s contract therefore violates public policy set by the legislature (via insurance code chapter 4102) and is unconscionable. This is true. See Hoover Slovacek LLP v. Walton, 206 S.W.3d 557, 562 (Tex. 2006) (<HOLDING>); Sec. Serv. Fed. Credit Union v. Sanders, 264",233301,37532,2,case_hold_mc,holding that where a contract for legal services fails to expressly provide for the amount of the fee a reasonable fee is implied,holding that where a successor attorney fails to inform the client of the clients duty to pay the predecessor attorney the successor assumes the obligation to pay the first lawyers fee out of his or her contingent fee,holding provision in attorneys fee contract requiring client that terminated contract to immediately pay attorney fee equal to present value of attorneys interest in case was inconsistent with public policy and unconscionable,holding that attorneys fee award in a common fund case must be  reasonable under the circumstances,holding that where party has contracted to pay attorneys fees for collection of nondischargeable debt attorneys fee award also will not be discharged in bankruptcy
275,"The Court is unable to offer a definitive answer regarding the source of the jury’s confusion on defendant’s parole ineligibility. The mere fact that the Court found two plausible readings, and that it was reduced to speculation in attempting to resolve the ambiguity, see ante at 293, 736 A.2d at 502 (quoting Bey III, supra, 129 N.J. at 606, 610 A.2d 814), reveals the deficiency in the Court’s conclusion. Moreover, even if the Court fortuitously resolved the ambiguity correctly, the jury still would have engaged in the kind of speculation that our decisions on jury instructions have continuously sought to avoid. Despite our efforts to prevent jurors from improperly inserting into their balancing process the alternatives to death, see Nelson, supra, 155 N.J. at 505, 715 A.2d 281 (<HOLDING>), it is incontrovertible that whether or not a",234159,37660,4,case_hold_mc,holding imposition of the death penalty proportionate where the trial court found two aggravating circumstances ccp and contemporaneous murder two statutory mitigating factors and a number of nonstatutory mitigating factors,holding that a trial courts weighing of mitigating and aggravating factors will not be disturbed absent a showing that the trial court abused its discretion,holding that although court should inform jury about defendants prior sentences the court should instruct the jury that it should not consider prior sentences in its decision to impose a life or death sentence because they are not statutory aggravating or mitigating factors,holding that the penaltyphase juryneed not find that aggravating factors sufficiently outweighed mitigating factors beyond a reasonable doubt,holding that juries should be informed of noncapital sentences but that they should base sentencing decision solely on aggravating and mitigating factors
276,"to exercise its option to accelerate, it was not required to give Crystal notice of its intent to apply the default interest rate. Crystal counters that despite the language in the contract, a creditor must take affirmative action to put the debtor on notice that it intends to exercise its option to accelerate. We believe that Crystal has the better of the argument. While California law governs the issue, the question is closed to debate. Both state and federal courts have made clear the unquestionable principle that, even when the terms of a note do not require notice or demand as a prerequisite to accelerating a note, the holder must take affirmative action to notify the debtor that it intends to accelerate. See Green v. Carlstrom, 212 Cal.App.2d 240, 243, 27 Cal.Rptr. 850 (1963) (<HOLDING>) (citation omitted); Trigg v. Arnott, 22",235012,37798,1,case_hold_mc,holding that a bank is required to notify the maker of a promissory note by some affirmative act upon exercise of its option to accelerate the maturity date of the note,holding that the option to accelerate a promissory note does not operate automatically but some act is required to effect such acceleration,holding that when the basis of the earlier suit was that the plaintiff had had defaulted on a promissory note and the claim in the instant action is whether that promissory note was valid the transaction test is met,holding that the words without notice or demand in an optional acceleration clause do not negate the requirement that the holder affirmatively elect to accelerate the debt because the option is not selfexecuting it is mandatory that some definitive action be made on the part of the lender citation omitted,holding that a promissory note is not enforceable against a party who signed the deed of trust but did not sign the promissory note inasmuch as promissory notes and deeds of trust are separate legal documents with unique purposes
277,"third person through whom the chattel is supplied all the information necessary to its safe use” is not always sufficient to relieve the supplier from liability; the issue is whether this method “gives a reasonable assurance that the information will reach those whose safety depends on their having it.” Restatement (Second) of Torts § 388, comment n; Adams v. Union Carbide Corp., 737 F.2d 1453, 1465 (6th Cir.1984) (“[T]he [supplier’s] duty to warn may be discharged by providing information of the dangerous propensities of the product to a third person ... upon whom it can reasonably rely to communicate the information to the ultimate users of the product”); Weekes v. Michigan Chrome & Chemical Co., 352 F.2d 603, 607 (6th Cir.1965) (“[Defendant was required to exercise reasonab r.1994) (<HOLDING>). The finder of fact must consider a variety of",235863,37940,1,case_hold_mc,holding that a cause of action on the theory of strict liability may be properly pled by alleging 1 the manufacturers relationship to the product in question 2 the unreasonably dangerous condition of the product and 3 the existence of a proximate causal connection between the condition of the product and the plaintiffs injury,holding that manufacturers of inherently dangerous products do not enjoy blanket protection from liability because others in chain of distribution reformulate or repackage it and stating that if a manufacturer knows or should know that downstream distributors are not giving adequate warnings to the end user of a product then the bulk manufacturer may be held liable for failing to take appropriate action,holding that where the adequacy of warnings associated with prescription drugs is at issue the failure of the manufacturer to exercise reasonable care to warn of dangers ie the manufacturers negligence is the only recognized basis of liability,recognizing that a manufacturer may be held strictly liable for subsequent changes to an otherwise safe product where such alterations are reasonably foreseeable,holding that manufacturer is not liable for injuries to employee by product manufactured to employers plans and specifications provided the defect is not so obviously patently or glaringly dangerous that a manufacturer exercising ordinary care under the circumstances then existing would not follow them
278,"not allowing her to question Mr. Bressi on re-cross examination. Appellant argues that there was no opportunity given to her for re-cross. After the Commonwealth questioned Mr. Bressi on redirect examination, this court excused the witness. Appellant did not object. Therefore, this issue is waived on appeal. Pa.R.A.P. 302(a). XII. Mary Dunne Properly Referenced the Forensic Report. Appellant claims that this court erred in allowing the witness, Mary Dunne to reference the forensic report, which was not properly introduced. Again this issue is waived based on appellant’s failure to object at trial. Pa.R.A.P. 302(a) (stating: “Issues not raised in the [trial] court are waived and cannot be raised for the first time on appeal”); Commonwealth v. Schoff 911 A.2d 147, 157 (Pa. Super. 2006) (<HOLDING>). XIII. Testimony Regarding a Severance Package",236724,38079,0,case_hold_mc,holding party must make timely and specific objection at trial to preserve issue for appellate review,holding timely and sufficiently specific objection is required to preserve error,holding a general ruling by the trial court is insufficient to preserve a specific issue for appellate review,recognizing that the specific argument regarding an issue must be made in the trial court to preserve that issue for appellate review,holding a contemporaneous objection is required to preserve an issue for appellate review
279,"law. IGRA requires that tribes engaging in gaming have a distribution plan approved by the Secretary of the Interior as adequate, and the Community has complied with that requirement. Instead, Plaintiffs’ claims are predicated on their belief that the Community has improperly conferred the benefits of membership upon individuals who do not meet the Community’s constitutional membership requirements. The Court cannot assess the validity of these claims without determining who the members of the tribe are. However, whether an individual is a “member” of the Community is a legal conclusion, the resolution of which belongs exclusively with the Community, and a federal court does not have jurisdiction to second-guess that determination. As discussed in greater detail above, IGRA D.Nev.1989) (<HOLDING>). Plaintiffs’ RICO claims against the",237584,38211,0,case_hold_mc,holding united states government is immune from rico suit,holding that state of minnesota was immune from rico suit absent a waiver of its sovereign immunity,holding that state of nevada was immune from rico suit absent a waiver of its sovereign immunity,holding state immune from suit involving a federal question,holding state immune from suit brought in state court
280,"Scott, 177 Ariz. 131, 136, 865 P.2d 792, 797 (1993). The record supports the finding that the corrections officials were not attempting to overcome Kemp’s will to induce him to inculpate himself. While Jackson and Compton testified that inmates generally had to respond to their inquiries, their questions concerned only the “day to day” circumstances of his incarceration. Kemp was not obligated to make these admissions. Cf. Oregon v. Bradshaw, 462 U.S. 1039, 1045, 103 S.Ct. 2830, 2835, 77 L.Ed.2d 405 (1983) (noting that inquiries between the accused and the State “relating to routine incidents of the custodial relationshipt ] will not generally ‘initiate’ a conversation in the sense in which that word was used in Edwards [v. Arizona, 451 U.S. 477, 101 S.Ct. 1880, 68 L.Ed.2d 378 (1981) (<HOLDING>) ].”). Kemp argues that Miranda requires the",238436,38337,0,case_hold_mc,holding that a request for a lawyer requires the police to cease questioning until the accused consults with his or her lawyer unless the defendant initiates further conversation,holding that under the fifth amendment once an accused person in custody has expressed his or her desire to deal with the police only through counsel that person is not subject to further interrogation by the authorities until counsel has been made available  unless the accused himself initiates further communication exchanges or conversations with the police,holding that edwards precludes further interrogation unless he the accused himself initiates further communications,holding that there is a threepart analysis for determining whether a defendant who has initiated further conversation with police after invoking his right to remain silent has waived that right the three requirements are 1 that the defendant initiates further conversation 2 that the defendant is reminded of his or her rights and 3 that the defendant knowingly and voluntarily waives those rights a second time,holding that an accused who has invoked the right to counsel is not subject to further interrogation unless the accused himself initiates further communication exchanges or conversations with the police
281,"on the large freestanding sign designating Phoenix’s location. Moreover, testimony given at the hearing revealed that consumers often have three or four carriers submit estimates on the expected cost of a move. Thus, because customers are likely to use great care when selecting a van line, any initial confusion originating from the inaccurate Yellow Pages listing would be dispelled as the customer encountered actual representatives from individual van lines for purposes of finding the lowest bidder. The evidence also suggests that Phoenix has made a good faith effort to alleviate confusion. Since October of 1994, Phoenix has engaged in an advertising campaign that unambiguously heralded its new relationship with-Red Ball.' See Shakey’s Inc. v. Covalt, 704 F.2d 426, 432 (9th Cir.1983) (<HOLDING>). Phoenix answers its phones as “Phoenix Moving",239293,38475,4,case_hold_mc,holding in a false advertising case under the lanham act that a proposed disclaimer would not suffice to cure the misleadingness of an advertising claim,holding that even several isolated incidents of actual confusion are insufficient to support a finding of likelihood of confusion,holding that plaintiffs proof of increase in defendants sales and a corresponding decrease in plaintiffs sales testimony from a consumer witness that she changed products based on defendants false advertising and survey evidence of consumer confusion was enough to prove a likelihood of competitive injury resulting from the defendants advertising,holding that there must be a causal connection between an insureds advertising and an alleged injury to trigger coverage for an advertising injury,holding that defendants advertising campaign help to alleviate confusion
282,"Real Legacy opposed Acotrol’s motion for summary judgment and moved for summary judgment, seeking a declaratory judgment in its favor. Docket #425, p. 2. Contending that it “does not owe any duty towards its insured,” Real Legacy maintains the policy “does not cover the allegations of the Complaint ... pursuant to its terms, conditions and exclusions.” IcL, p. 2. A preliminary ruling is in order. Procedurally speaking, Real Legacy is not entitled to a declaratory judgment in its favor. That is so because “it did not file a counterclaim seeking affirmative relief.” Vermont Mut. Ins. Co. v. Zamsky, No. 11-11869, 2012 WL 6864702, at *1 (D.Mass. Dec. 17, 2012), report and recommendation adopted (Jan. 11, 2013); see Missouri, K. & T. Ry. Co. v. Early, 74 F.R.D. 60, 61 (E.D.Okla.1977) (<HOLDING>). The upshot is that Real Legacy is “only",240153,38605,1,case_hold_mc,holding that declaratory judgments should not be used as a restraint against criminal action,holding that affirmative relief in the form of declaratory judgments was improperly requested in the answers and should have been sought by counterclaim,holding that insured who brought third party action against insurer could recover costs incurred in defending insurers counterclaim for declaratory relief since the insureds posture in the counterclaim was that of a defendant,recognizing that a party can obtain declaratory relief but still not be entitled to an award of attorneys fees under the declaratory judgments act,holding property owner not entitled to award of attorneys fees under declaratory judgments act because his declaratory judgment counterclaim did not present any issues beyond the homeowners associations cause of action
283,"that he “pull[ed that figure] out of the air” provided no evidence of damages. Royce Homes, L.P. v. Humphrey, 244 S.W.3d 570, 579-80 (Tex.App.-Beaumont 2008, pet. denied). A homeowner’s testimony that she lost $60,000 when forced to sell her home to pay creditors, was legally insufficient because she failed to explain how she arrived at that conclusion. Lefton v. Griffith, 136 S.W.3d 271, 277 (Tex.App.-San Antonio 2004, no pet.) (noting that court had “no way of knowing” the basis of the homeowner’s estimate). A trailer-park owner’s testimony that he would lose $10,800 in lost leases because of a condemnation was merely a “naked and unsupported ... conclusion” and provided no evidence of diminished value. City of Emory v. Lusk, 278 S.W.3d 77, 88-89 (Tex.App.-Tyler 2009, no pet.) (<HOLDING>). And an owner whose affidavit stated that his",241002,38745,3,case_hold_mc,holding that allegations against nondiverse defendants must be factual not conclusory because conclusory allegations do not state a claim,holding that a conclusory opinion may be rejected,holding that conclusory and speculative assertions that an agreement existed between the defendants to accomplish vaguely pleaded torts was insufficient to support a civil conspiracy claim,holding that testimony was both speculative and conclusory,holding unobjectedto conclusory testimony insufficient to support judgment
284,"Compensation Act, Mich. Comp. Laws § 418.301(11). The specific provision that Plaintiff relies on states: A person shall not discharge an employee or in any manner discriminate against an employee because the employee filed a complaint or instituted or caused to be instituted a proceeding under this act or because of the exercise by the employee on behalf of himself or herself or others of a right afforded by this act. Mich. Comp. Laws § 418.301(11). Although this language is within Michigan’s workers’ compensation scheme, the state of Michigan’s definition of “workmen’s compensation laws” does not control for purposes of the § 1445(c) limitation. To determine if Plaintiffs claim is one “arising under” the state’s “workmen’s compensation laws,” the court must look to fede Cir.2000) (<HOLDING>), Suder v. Blue Circle, Inc., 116 F.3d 1351",241856,38882,2,case_hold_mc,holding that texas cause of action for retaliation does arise under its workers compensation laws,holding that illinois cause of action for retaliation does not arise under its workers compensation laws,holding the retaliation claim did arise under states workers compensation laws,holding that  255111 claim does not arise under alabamas workers compensation laws,holding that missouris cause of action for retaliation does arise under its workers compensation laws
285,"the evidence of Winters’ mental defect relating to her legal capacity to consent was far from overwhelming. The State’s key witness on the issue was Berrian, the psychologist who had conducted a one-time battery of tests to determine whether Winters should continue with special education. Based on these tests, he classified her as “intellectually deficient” in terms of. her IQ and “severely delayed on the other tests.” But Berrian’s testimony went no further. Significantly, none of his testimony related to Winters’ mental defects as it related to her ability to say “no” to sexual touching; nor did he testify about her capacity to evaluate the moral nature of sexual conduct, which would have been relevant given the statutory definitions governing the case. See Callender, 47 P.3d at 520 (<HOLDING>). Nor did- any other expert testify to Winters’",242710,39017,0,case_hold_mc,holding in the context of a sexual offense that the statutory definition of mentally defective encompasses those incapable of assessing the right and wrong or moral quality of a persons conduct,holding that sexual contact unambiguously encompasses the touching of oneself,holding that the definition of operating deficits is not ambiguous despite the absence of a definition of the phrase in the contract,holding that the illinois statutory definitions of sexual penetration and sexual conduct cover clearly distinct conduct and that therefore the statute was not unconstitutionally vague,holding government does not have right to control moral content of persons thoughts
286,"prior convictions not fatal to warrant if affidavit read with that information deleted ""nonetheless demonstrates that 'the issuing magistrate had a substantial basis for concluding that there were enough facts within the affidavit to find that probable cause existed' "" (citation omitted)). T8 The issue before this court is whether, reading the affidavit with the information about Vest's arrest and Defendant's prior criminal history deleted, there were enough facts to find that probable cause existed. See State v. Dable, 2003 UT App 389,¶ 8, 81 P.3d 783 (concluding that arrest of the defendant in Wyoming for possession of methamphetamine, without more, failed to establish probable cause that drugs were located in her home in Utah); State v. Brooks, 849 P.2d 640, 644 (Utah Ct.App.1993) (<HOLDING>). T9 Application of the Jackson holding to the",243571,39155,0,case_hold_mc,holding that the arrest of the defendant two years prior to the warrant did nothing to establish that he was now dealing in controlled substances from his home,holding that defendants ability to pay may be considered in assessing penalty under controlled substances act,holding that an arrest warrant  without a search warrant  does not permit law enforcement authorities to enter a third partys home to legally search for the subject of the arrest warrant,holding  1227a2bi limits the meaning of controlled substance for removal purposes to the substances controlled under  802,holding there was enough evidence to find the defendant abandoned his child when he claimed to have knowledge of cpss involvement he admitted that for periods of two years and six months he did not attempt any contact with his child and from the date he canceled a home study until the petition was filed he did not attempt to contact the child or cps or provide support even when he was out of jail
287,"scholarship, and research at the core of fair use). Tenenbaum’s file sharing may well fall somewhere in the middle. He is not the prototypical commercial infringer, yet his use was hardly “educational.” Downloading new music may have been eye-opening for him personally, but it surely did not carry any public benefit of the kind contemplated by Section 107. Under the circumstances, the Court will not label Tenenbaum’s use “commercial,” despite the plaintiffs’ urging. So far as purpose is concerned, there is a meaningful difference between personal file sharing and a business strategy that exploits copyrighted works for profit. These activities have different goals and dimensions; they should not be reduced to a single category in this analysis. But see Napster, 239 F.3d at 1015 (<HOLDING>). But the label is not critical to the “fair",244430,39289,4,case_hold_mc,holding that direct copying of plaintiffs metatags and html code constituted trademark infringement,holding that copying all or substantial portions of microcode was not fair use,holding companies contributorily liable for copyright infringement for facilitating users transmissions of unauthorized digital copies of copyrighted works,holding that the plaintiffs allowance of customers to create derivative works for noncommercial purposes did not impliedly license commercial competition,holding that repeated and exploitative copying of copyrighted works even without direct economic benefit is sufficient for a court to find commercial use
288,"617 So.2d at 657. See Moody v. State ex rel. Payne, 351 So.2d 547, 551 (Ala.1977) (“Where the amount of damages is an issue, as here, the recognized rule of law in Alabama is that no appeal will lie from a judgment which does not adjudicate that issue by ascertainment of the amount of those damages.”). See also Grantham v. Vanderzyl, 802 So.2d 1077, 1080 (Ala.2001) (“Damages are only one portion of a claim to vindicate a legal right, even though the damages claimed may consist of several elements.”); Ex parte Simmons, 791 So.2d 371, 381 (Ala.2000) (“Rule 54(b) applies only to entire claims, not to orders relating to the recoverability of some, but not all, of the damages a party may be seeking as the result of a claim.”); and Haynes v. Alfa Fin. Corp., 730 So.2d 178, 181 (Ala.1999) (<HOLDING>). Like the orders at issue in McGowin and",245280,39424,3,case_hold_mc,holding that dismissal of some but not all claims or parties not immediately appealable absent rule 54b certification,holding that entry of final judgment on a claim in a multiparty action pursuant to rule 54b should clearly articulate the reasons and factors underlying the decision to grant 54b certification,holding rule 54b certification invalid because unaccompanied by any statement of reasons and factors underlying trial courts decision to grant certification,holding that the rule 54b certification at issue was ineffective where the order addressed only the question of what species of damages haynes might recover if he succeeded at trial on one of his substantive claims,holding that rule 54b certification order should contain specific findings setting forth reasons for certification
289,"the Court it should deny the defendant’s discharge under section 727(a)(5). CONCLUSION The plaintiff has not established a basis for denying defendant’s discharge under section 727(a)(2)(A), (a)(4)(A) or (a)(5). 1 . Having determined that debtor made no false oaths, the court will not address whether the defendant's amendment to his schedules erases false oaths under 727(a)(4). However, the court notes that a debtor cannot cure an intentional omission from his schedules through filing an amendment. See In re Gipe, 157 B.R. 171, 178 (Bankr.M.D.Fla.1993) (stating that, ""[t]he fact that the transfers were [not] disclosed originally but revealed only at the § 341 meeting of creditors or later by an amendment is of no consequence.”); In re Gorgen, 126 B.R. 806, 808 (Bankr.M.D.Fla.1991) (<HOLDING>); In re McMahon, 116 B.R. 857, 862",246132,39575,4,case_hold_mc,holding the fourteenth amendment does not apply to the actions of the federal government,holding that the fourteenth amendment does not apply to the district of columbia,holding that an arrest made by an officer outside his jurisdiction does not violate the fourth amendment,holding that the fourth amendment does not require a warrant based on an oath or affirmation to revoke an individual on supervised release,holding that an amendment does not expunge the falsity of an oath
290,"59 . See W.R. Huff Asset Mgmt. Co., LLC v. Deloitte & Touche LLP, 549 F.3d 100, 106-07 (2d Cir.2008). 60 . See Lewis v. Casey, 518 U.S. 343, 358 n. 6, 116 S.Ct. 2174, 135 L.Ed.2d 606 (1996) (plaintiffs with one type of injuiy lack standing to challenge a different, though perhaps related, injury, because “standing is not dispensed in gross”). 61 . In re Salomon Analyst Level 3 Litig., 350 F.Supp.2d 477, 496 (S.D.N.Y.2004). Accord Griffin v. Dugger, 823 F.2d 1476, 1483 (11th Cir.1987) (""a claim cannot be asserted on behalf of a class unless at least one named plaintiff has suffered the injury that gives rise to that claim”); In re Global Crossing, Ltd. Sec. Litig., 313 F.Supp.2d 189, 205 (S.D.N.Y. 2003) (same). 62 . See, e.g., Hoffman v. UBS-AG, 591 F.Supp.2d 522, 531 (S.D.N.Y.2008) (<HOLDING>) (citing Blue Chip Stamps v. Manor Dmg Stores,",246976,39706,3,case_hold_mc,holding that plaintiffs lacked standing because the case was not ripe for adjudication,holding that plaintiffs lacked standing to sue,holding that the rico bar applies even where the plaintiff does not have standing to bring a securities fraud action,holding that plaintiffs lacked standing to bring securities claims relating to funds that plaintiffs did not own,holding that plaintiffs did not have standing to bring survival act suit because decedent left heirs at law but plaintiffs were not among them
291,"As set forth in detail, supra, the Legislature enacted an exhaustive statutory framework governing charter authorization, renewal, and revocation. Included in that statutory scheme are specific time periods during which a school district must act upon a charter application, and the consequences of failing to act. Aso in 9 n.7 (2013) (acknowledging the “established precept that it is improper for this Court to supply legislative omissions”); Commonwealth v. Scolieri, 571 Pa. 658, 813 A.2d 672, 678 (2002) (stating that appellate courts should not “act as an editor for the General Assembly,” even where doing so would create an improved statute); Pap’s A.M. v. City of Erie, 553 Pa. 348, 719 A.2d 273, 281 (1998), rev’d on other grounds, 529 U.S. 277, 120 S.Ct. 1382, 146 L.Ed.2d 265 (2000) (<HOLDING>). These precepts are all the more compelling",247833,39854,4,case_hold_mc,holding that the plras three strikes rule is a procedural rule that does not violate the separation of powers doctrine,recognizing separation of powers doctrine,recognizing a referendum on a court judgment would violate separation of powers,holding that statute that retroactively reduced penalties for drug offenses did not violate separation of powers,recognizing that the judicial rewriting of a statute would violate the separation of powers doctrine
292,"the factors of “functional integration, centralization of management, and economies of scale” as highly relevant in deciding this matter. Mobil Oil, 445 U.S. at 438, 100 S.Ct. at 1232. Accord F.W. Woolworth Company v. Taxation and Revenue Department of New Mexico, 458 U.S. 354, 364, 102 S.Ct. 3128, 3135, 73 L.Ed.2d 819 (1982); see also Exxon Corporation v. Department of Revenue of Wisconsin, 447 U.S. 207, 224-25, 100 S.Ct. 2109, 2120-2 a unitary operation decreases with a decrease in the flow. For instance, a parent’s purchase of a minimal amount of a subsidiary’s output indicates that the parent’s interest in the subsidiary is merely for investment purposes. ASARCO, Inc. v. Idaho State Taxation Commission, 458 U.S. 307, 322-23, 102 S.Ct. 3103, 3112-13, 73 L.Ed.2d 787 (1982) (<HOLDING>). See also Woolworth, 458 U.S. at 371, 102",248690,39991,4,case_hold_mc,holding that under north carolina law a corporate parent cannot be held liable for the acts of its subsidiary unless the corporate structure is a sham,holding stay would not extend to separate legal entities such as corporate affiliates partners in debtor partnerships or to codefendants in pending litigation,recognizing separate corporate identity of parent despite evidence that parent was alterego of its subsidiary and was being sued for acts of its subsidiary,holding that two citicorp affiliates were not debt collectors under fdcpa because they were corporate affiliates of creditors parent corporation,holding the de minimis flow of products between the parent and its foreign affiliates ranging from 01 to 6 indicated a lack of corporate unity
293,"his attendance at trial. He also claims that the jury’s findings of particular cruelty and particular vulnerability are insufficient to justify a departure from the presumptive sentence. We address each claim in turn. I. “Like any constitutional right, the right to be present at trial may be waived by the accused,” State v. Cassidy, 567 N.W.2d 707, 709 (Minn.1997). A defendant who voluntarily and without justification absents himself from trial after the trial has commenced waives his right to be present. State v. Worthy, 583 N.W.2d 270, 277 (Minn.1998) (recognizing right to be present at trial may be waived if done so competently and intelligently); State v. Utecht, 228 Minn. 44, 48, 36 N.W.2d 126, 128 (1949); see also Pearson v. United States, 325 F.2d 625, 626-27 (D.C.Cir.1963) (<HOLDING>). In Worthy, the supreme court concluded that a",249536,40127,2,case_hold_mc,holding that plaintiff could not show that he was disabled because he conceded that he could do his job despite his impairment,holding that the movants assertion that he failed to advise the plea court of counsels alleged deficiencies because he blamed himself for his lack of funds was undermined by the fact that the plea court advised the movant that he had the right to appointed counsel if he could not afford to pay for counsel,holding that the district court did not err in continuing the trial without defendant when the trial had commenced in defendants presence he vigorously expressed his desire to be absent he was given ample opportunity to change his mind despite the disturbance he had created he had competent counsel and he knew of his right to be present,holding that trial court abused its discretion in denying petitioners request for counsel in evidentiary hearing where petitioner had requested counsel and had indicated in his motion that all documents had been prepared by prison law clerk he had only ninthgrade education he had no training in the law and he lacked the skills necessary to participate in hearing,holding that defendant was not resident of his mothers household even though his drivers license listed his mothers address and he received mail there because he expressed a belief that his residence was in a different location than his mothers home he rented and occupied his own residence and he testified that he was only living with his mother after expiration of his lease until he could find another place to live
294,"and if those grounds are reasonable and consistent with the applicable law, the district court should uphold the government’s position.” Ingle, 698 F.2d at 265 (quoting Cox, 576 F.2d at 1312). Rugiero v. U.S. Dep’t of Justice, 257 F.3d 534, 543-544 (6th Cir.2001) (emphasis supplied). See also Ray, 502 U.S. at 179, 112 S.Ct. 541 (“We generally accord Government records and official conduct a presumption of legitimacy.”). In light of the Defendants’ reliance on this presumption, we note that it is not meant to supplant the burden that is otherwise placed on the agency by sanctioning sweeping and conelusory affidavits. It is not a surrogate for the evidence required for a court to conduct its review de novo. See Berman v. C.I.A., 501 F.3d 1136, 2007 WL 2472858, 1139-41 (9th Cir.2007) (<HOLDING>); Wiener, 943 F.2d at 983 n. 19. A district",250393,40265,4,case_hold_mc,holding that the nonmoving party must do more that simply show that there is some metaphysical doubt as to the material facts,holding the bad faith rationale inapplicable given that the defendants acted in good faith in appealing the case and in raising defenses to the plaintiffs claims,holding that benefiting fiduciary must show he acted in good faith and that transactions were fair and equitable,holding that the nonmoving party must do more than simply show that there is some metaphysical doubt as to the material facts,holding that even where deference is broad the cia must do more than show simply that it has acted in good faith
295,"Similarly, there is no dispute that since his sentencing, Walton has fallen deeper and deeper into mental illness. The issue before the en banc court concerns only the questions that must be answered by a court faced with the task of determining whether Walton is competent to be executed. While the majority and I agree that the test for competency under the Eighth Amendment is whether an individual understands that he is to be executed and why, I would hold that an individual’s understanding of the fact of execution must include the understanding that execution will mean his death, defined as the end of his physical life. A. That a prisoner’s awareness of his upcoming execution should include such a fundamental understanding is clear, first, from the manner i 178 N.W.624, 626 (1920) (<HOLDING>); State v. Scott, 92 Ohio St.3d 1, 748 N.E.2d",251246,40407,4,case_hold_mc,holding that the statute incorporated all the rights and obligations of the contract emphasis added,holding that competency is appropriately defined as the mental capacity to understand the nature of the death penalty and why it was imposed upon the convict emphasis added internal quotation marks omitted,holding that an application is  pending from the time it is first filed  emphasis added,holding that to be competent under ford a prisoner must have a rational understanding of what it means to be executed,holding that demonstrating incompetence to be executed requires a showing that the petitioner does not understand and is incapable of understanding  his impending fate  emphasis added
296,"Court accepts these allegations as true. Accordingly, the Court rejects the argument that Father has failed to state a claim based on application of the Consent Exception. Instead, this is a question that must be addressed at summary judgment or trial. In addition, at the time of the interceptions, Mother and Father were operating under a Joint Custody Plan that required the parents to share decisions and to share physical custody. The parties did not cite case law addressing what effect, if any, such a Joint Custody Plan has on one parent’s ability to provide vicarious consent for purposes of the Consent Exception. However, the fact that Mother and Father shared custody of Minor Children does not seem to weigh in favor of a dismissal premised on the Consent Excep 397 (W.D.Okla.1978) (<HOLDING>). However, Attorney and Law Firm raised the",252103,40551,0,case_hold_mc,holding that because interception of conversation was lawful court could not find title iii violation based on disclosure of the conversation,holding that section 1983 actions based on violation of the fourth amendment may not rest on violation of state law,holding that employers occasional reference to plaintiff as dago and to other italianamerican employees as the mafia constituted isolated or sporadic derogatory ethnic comments as part of casual conversation that did not rise to level necessary for violation of title vii,holding that employers occasional reference to plaintiff as dago and other italianamerican employees as the mafia constituted isolated or sporadic derogatory ethnic comments as part of casual conversation that did not rise to level necessary for violation of title vii,holding that the denial of a motion to find a violation of the automatic stay was a final order
297,"defendant’s Glomar response was justified. The plaintiff has not made a showing that would support the conclusion that the government acted improperly with respect to his rights under Brady, and has not established a public interest sufficient to invade the privacy of the third party. Oguaju, 378 F.3d. at 1116. On this record, there is no genuine dispute of material fact and the defendant is entitled to judgment as a matter of law. A final order accompanies this memorandum opinion. 1 . Such a response is commonly referred to as a ""Glomar"" response, named for the subject about which the CIA refused to confirm or deny the existence of any records because of what that would reveal. See Phillippi v. CIA, 546 F.2d 1009 (D.C.Cir.1976). 2 . 373 U.S. 83, 83 S.Ct. 1194, 10 L.Ed.2d 215 (1963)",252959,40692,2,case_hold_mc,holding failure of prosecution to disclose evidence that may be favorable to the accused is a violation of the due process clause of the fourteenth amendment,holding that suppression by the prosecution of evidence favorable to an accused  violates due process where the evidence is material either to guilt or to punishment irrespective of the good faith or bad faith of the prosecution,holding that is a violation of due process for the prosecution to fail to disclose evidence favorable to an accused that is material to guilt or punishment,holding that suppression by the prosecution of evidence favorable to an accused upon request violates due process where the evidence is material either to guilt or to punishment,holding that suppression by prosecutor of evidence favorable to an accused violates due process where evidence is material to either guilt or punishment
298,"below, the additional mitigation evidence that might have been uncovered is not compelling when weighed against the case in aggravation. The compelling aggravation case included evidence of eight sexual assaults, and the jury had just convicted Heishman of a calculated, cold-blooded murder of another rape victim to prevent her from testifying-a truly heinous crime. Thus, even if Heishman had offered the additional evidence of his difficult upbringing, he has not shown a reasonable probability that the jury would have imposed a sentence of life without parole. See, e.g., Wong v. Belmontes, — U.S. -, 130 S.Ct. 383, 390, 175 L.Ed.2d 328 (2009) (per curiam) (finding no prejudice where the aggravation evidence was “simply overwhelming”); Rhoades v. Henry, 596 F.3d 1170, 1195 (9th Cir.2010) (<HOLDING>). Counsel’s investigation of Heishman’s",253759,40830,3,case_hold_mc,holding that ineffective assistance of counsel occurs when there is deficient performance and prejudice which is a reasonable probability that but for counsels unprofessional errors the result of the proceeding would have been different,holding that for an ineffective assistance of counsel claim to be established a defendant must show that but for counsels error the outcome of his proceedings would have been different,holding that to establish prejudice there must be a reasonable probability that but for counsels unprofessional errors the result of the proceeding would have been different,holding that petitioners newly proffered facts  add too little and the aggravating circumstances are too strong to make it reasonably probable that the sentencing decision would have been different but for counsels performance,holding that to establish stricklandpierce prejudice in the appellate representation context the petitioner must show that there is a reasonable probability that the outcome of the direct appeal proceeding would have been different but for counsels deficient performance
299,"(11th Cir. 2012). In reviewing for substantive reasonableness, we examine the totality of the circumstances and ask whether the statutory factors set forth in § 3553(a) support the sentence in question. United States v. Gonzalez, 550 F.3d 1319, 1324 (11th Cir. 2008). The weight accorded any particular § 3553(a) factor is a matter committed to the sound discretion of the district court. United States v. Clay, 483 F.3d 739, 743 (11th Cir. 2007). Although we do not presume that a sentence falling within the guideline range is reasonable, we ordinarily expect such a sentence to be reasonable. United States v. Hunt, 526 F.3d 739, 746 (11th Cir. 2008). A sentence imposed well below the statutory maximum penalty also indicates that the sentence is reasonable. See Gonzales, 550 F.3d at 1324 (<HOLDING>). Under 18 U.S.C. § 3583(e), a court may revoke",254612,40959,1,case_hold_mc,recognizing a claim that the sentence exceeded the statutory maximum,holding that a withinguideline sentence was reasonable in part because it was well below the allowable statutory maximum,holding sentences need only be below the statutory maximum,holding that a defendants sentence was reasonable in part because it was well below the statutory maximum,holding a sentence 110 the length of the 20year statutory maximum sentence was reasonable
300,"incarcerated, the passage of more than twenty years since the alleged war crimes, the delay in these proceedings, and the complexity of the legal issues. The government counters that the extradition statute affords the court no authority to release Nezirovic on bond following certification of his extradition, and, in the alternative, that he has not met' his burden of establishing special circumstances for a bond. II. Bail is not ordinarily available in extradition cases “due to the foreign relations interest of the United States in successfully returning persons subject to criminal prosecution to the requesting country.” In re Extradition of Nacif-Borge, 829 F.Supp. 1210, 1214 (D.Nev.1993) (citations omitted); see also In re Extradition of Russell, 805 F.2d 1215, 1216 (5th Cir.1986) (<HOLDING>). Since extradition cases are not criminal in",255471,41100,4,case_hold_mc,recognizing this presumption,holding that in case of a short term marriage a presumption against awarding permanent alimony arises but such presumption is rebuttable,recognizing presumption,recognizing a presumption against retroactive legislation,holding that there is a presumption against bail in extradition cases
301,"effect of anything on any juror’s mind or emotions or mental processes, as influencing any juror’s assent to or dissent from the verdict or indictment.” Id. But the rule provides an exception permitting a juror to testify “whether any outside influence was improperly brought to bear upon any juror.” Id. Under Rule 606(b), the telephone call received by juror Aguilera is not, as a matter of law, an outside influence that affected the validity of the verdict; it was a personal pressure on juror Aguilera to end the deliberations so that he could be with his daughter, not information or evidence obtained from outside the jury room or courtroom that influenced juror Aguil-era’s belief of whether or not Appellant was guilty. Compare McQuarrie v. State, 380 S.W.3d 145, 154 (Tex.Crim.App.2012) (<HOLDING>), and Jennings v. State, 107 S.W.3d 85, 90",256329,41230,4,case_hold_mc,holding statute stating that judge could excuse jurors was violated when jury commissioners excused jurors,holding that the fortress theory was applicable where it reasonably appeared that the gun was used to protect the drugs given that the drugs and firearm were found in the same location,holding that defendant who was a passenger in a car had joint constructive possession of drugs found next to the defendants luggage in truck of car even where she disclaimed ownership of the drugs,holding that the date of the federal indictment not the date of the state arrest was the triggering date for the speedytrial act,holding in case where defendant allegedly used date rape drugs to effectuate rape of complainant that jurors athome internet research on date rape drugs that was relayed to the jury the next morning was outside influence so that jurors testimony and affidavits were admissible at motion for new trial hearing alleging jury misconduct
302,"the number of such debts exceeds the number of their consumer liabilities. Taking the contrary position, the UST argues that the Debtors have primarily consumer debts because the aggregate dollar amount of their consumer debt exceeds 50% of their total liabilities. Courts have interpreted the phrase “primarily consumer debts” in several different ways. The majority view is that a debtor’s liabilities are primarily consumer debts if the aggregate dollar amount of such debts exceeds 50% of the debtor’s total liabilities. See Hoffner, 2007 WL 4868310 at *2 (“The majority of courts that have considered the issue have found that ‘primarily’ means more than half of the total dollar amount owed.”). See also Stewart v. United States Tr. (In re Stewart), 175 F.3d 796, 808 (10th Cir.1999) (<HOLDING>); Kelly, 841 F.2d at 913 (same); Naut, 2008 WL",257186,41370,1,case_hold_mc,holding that the fdcpa applies only to consumer debts incurred primarily for personal family or household purposes,holding that a debtor has primarily consumer debts if the aggregate amount of consumer debt is more than 50 of the total debt,holding that debt collectors have no obligation to warn a consumer that her debt may increase over time,holding that a credit transaction is not a consumer debt when it is incurred with a profit motive,holding that a debt incurred for a personal family or household purpose is a consumer debt even though it is secured by the debtors real property
303,"if the jury finds such intent, there is circumstantial evidence from which it might reasonably ascertain the beginning and ending dates of such one-year period. In view of the fact that the jury’s determination of these issues will necessarily require an analysis of all evidence adduced at trial, we make no comment regarding the factual sufficiency or weight to be accorded 0); Patton v. Wilson, 220 S.W.2d 184 (Tex.Civ.App.-San Antonio 1949, writ ref'd n.r.e.). In this regard, Texas courts have long held that expenditure of time and effort is sufficient consideration to make a unilateral contract binding and enforceable. Sunshine v. Manos, 496 S.W.2d 195, 198 (Tex.Civ.App.-Tyler 1973, writ ref'd n.r.e.); Miles v. Briggs, 18 S.W.2d 850, 852 (Tex.Civ.App.-San Antonio 1929, -writ dism’d) (<HOLDING>). Conclusions and Holding Based on our review",258040,41507,0,case_hold_mc,holding that parties who knowingly receive benefits from agents efforts cannot later deny their liability to him as principals,holding that it was error to dismiss complaint against individual defendants who had acted as agents of corporate trustee who could be held personally liable,holding that the principal is liable for an agents acts committed within the scope of the agents employment,holding that central bank did not shield business entities from being held liable for misstatements of their agents since a corporation can only act through its employees and agents  an allegation that a particular agent may have doctored or conveyed the report will not immunize the principals from liability for a knowing deception,holding that the police have a duty to inform a criminal defendant of his lawyers efforts to contact him
304,"then properly extended his search to include places that could conceal drugs as well as weapons. Consent. We are cognizant that Kinney devoted a portion of his brief to a discussion of whether he voluntarily consented to the search. See State v. Ready, 252 Neb. 816, 565 N.W.2d 728 (1997) (discussing requirements necessary for determination of whether consent was voluntary). However, in the present case, the trial court did not base its decision on the voluntariness of Kinney’s consent, and the State does not argue that Kinney consented. Moreover, because we have already determined that the search was not unreasonable based upon Stanczyk’s reasonable, articulable belief that he might be in danger, we need not address this argument. See Kelly v. Kelly, 246 Neb. 55, 516 N.W.2d 612 (1994) (<HOLDING>). CONCLUSION Upon our de novo review, we",258898,41639,3,case_hold_mc,holding that the abuse of discretion standard does not prevent an appellate court from conducting a meaningful analysis,holding continuing controversy not moot,holding that if a declaratory judgment will not end the controversy it is not proper,holding appellate court is not obligated to engage in analysis not needed to adjudicate controversy,holding that the state court may adjudicate the applicability of a bankruptcy injunction to state court litigation
305,"back to the date the sheriff's sale occurred, an event about which all parties admitted defendant was unaware. 3 Again, defendant was ""locked-out"" on September 8, 2005, and she sought to vacate the sheriff's sale on December 13, 2005, three months and five days later. 4 Defendant's petition for certification presented three questions, two that implicate constitutional considerations, and one that raises a straightforward question of law: whether the courts below ""improperly applied laches to bar the defendant relief, particularly where both courts did not find prejudice to the plaintiff.” Because we do not address constitutional questions when a narrower, non-constitutional result is available, Randolph Town Ctr., L.P. v. County of Morris, 186 N.J. 78, 80, 891 A.2d 1202 (2006) (<HOLDING>); O'Keefe v. Passaic Valley Water Comm’n, 132",259752,41777,3,case_hold_mc,holding that the jurisdictional reach under section 955a is strictly a question of law,holding it is a question of fact,holding that the district courts denial of a reduction for acceptance of responsibility is a factual question and should be accorded great deference and should not be disturbed unless clearly erroneous,holding that courts should not reach a constitutional question unless its resolution is imperative to the disposition of litigation,holding that the question of whether an existing constitutional right is infringed is strictly a question of law
306,"Company to discharge Walker. The General Coúnsel failed to introduce proof that the Company had ever used any penalty less severe than discharge for time card falsification. Because the General Counsel failed to offer such proof, we hold that a reasonable person might have been unable to conclude whether proper or improper motives moved the Company to discharge, or that a reasonable person might have concluded that proper motives moved the Company to discharge Walker. A reasonable person could not have concluded that improper motives moved the Company to discharge Walker. Substantial evidence does not support the Board’s finding that the Company discriminatorily discharged Walker. Compare NLRB v. Great Dane Trailers, Inc., 388 U.S. 26, 34-35, 87 S.Ct. 1792, 1798, 18 L.Ed. 1027 (1967) (<HOLDING>). Accordingly, we do not enforce that portion",260603,41906,0,case_hold_mc,holding that substantial evidence supported the boards finding of discriminatory conduct as the company failed to meet its burden of establishing legitimate motives for its conduct,holding district court order of restitution failed for lack of proof when government failed to meet burden,holding substantial evidence supported jury finding of abuse of process,holding that the insured failed to meet its burden where the insurer had reserved its rights to assert coverage defenses,holding that a finding of fact is supported by substantial evidence on the record as a whole if it would have been possible for a reasonable jury to reach the boards conclusion
307,"above, Case 1 and Case 2 have already been resolved. Further, Arro-wood does not demonstrate prejudice, nor does Arrowood prove that multiple trials would serve the interests of convenience or judicial economy. Arrowood’s arguments about bifurcation under Kentucky law do not apply here. Arrowood states that “well-established Kentucky ease law ... provides that this Court should separate the ‘suit within the suit’ jury trials on the [underlying Ellis Claims [Case 1], the legal malpractice negligence jury trials as to, liability [Case 2], if any, and the UCSPA [b]ad [fjaith [cjlaims [Case 3].” R. 141-1 at 10. But this Court must apply federal law, which governs the applicable standard for bifurcation in diversity actions. See In re Bendectin Litig., 857 F.2d 290, 316 (6th Cir.1988) (<HOLDING>); Nationwide Mut. Fire Ins. Co. v. Jahic, No.",261461,42039,1,case_hold_mc,holding that state law provides the standard of review for a denial of a rule 50 motion in a diversity case,holding that trialcourt carefully made the necessary inquiry into rule 42b when making trifurcation decision in diversity case,recognizing strictness of maryland rule in a diversity case,holding that state substantive rules of decision apply in federal diversity cases,holding that in order for a defendant to remove a case to federal court based upon diversity jurisdiction there must be complete diversity of citizenship both at the time that the case is commenced and at the time that the notice of removal is filed
308,"The complaint alleges Ottman’s former manager “acting within the scope of his employment” published a defamatory memorandum to employees one business day after Ottman quit his stockbroker job. It also alleges the memorandum and a subsequent inadequate “retraction memorandum” held him up to ridicule and public contempt “in his profession as a stockbroker.” Ottman argues those two memoranda have no “rational connection” to his employment, but simply reflect “emotional, unprofessional outbursts designed to further” a private agenda after Ottman was gone. However, a review of the two internal memoranda demonstrates: (a) the first memorandum provided notification of Ottman’s resignation; and (b) the second memorandum provide .2d 500, 504 N.Y.S.2d 82, 495 N.E.2d 345, 346-50 (1986) (<HOLDING>). II. In the alternative, Ottman argues the U-4",262315,42173,1,case_hold_mc,holding that a law firm receiving funds for a client was not an initial transferee because the firms role with respect to the received money was to accept the funds in settlement of its clients case deposit the money in trust keep as fees only what the the clients agreed to and pay the rest to the bank on behalf of the clients in satisfaction of their loan,holding as arbitrable posttermination defamation claim based on letter sent to clients stating former stockbrokers were on the road again    and regretting if their frequent moves have caused you inconvenience,holding attorneys motion to intervene in former clients tort suit untimely because attorney had clear and early notice that former client would not adequately represent his interests,holding clients independent voluntary decision to dismiss products liability suit precluded finding that attorneys alleged negligent preparation of case proximately caused clients injury,holding that judgments on the merits in former proceedings are binding on the original parties as well as their privies
309,"of respondeat superior. Braddy v. Florida Dep’t of Labor and Employment Sec., 133 F.3d 797, 801 (11th Cir.1998). In some situations, the requisite casual connection may be established by alleging, and supervisors may be held liable for, failure to train and supervise their subordinates adequately. Dolihite v. Maughon, 74 F.3d 1027, 1052 (11th Cir.1996). Furthermore, “[t]he causal connection can be established when a history of widespread abuse puts the responsible supervisor on notice of the need to correct the deprivation, and he fails to do so.” Id. (quoting Cross v. State of Alabama Dep’t of Mental Health and Mental Retardation, 49 F.3d 1490, 1508 (11th Cir.1995)); see also Greason v. Kemp, 891 F.2d 829, 837 n. 18 (11th Cir.1990); Brown v. Crawford, 906 F.2d 667, 671 (11th Cir.1990)(<HOLDING>), cert. denied, 500 U.S. 933, 111 S.Ct. 2056,",263166,42298,0,case_hold_mc,holding that causal connection can be established when a history of widespread abuse puts the responsible supervisor on notice of the need to correct the alleged deprivation and he fails to do so,holding that a history of substance abuse is only a mitigating factor when a causal connection exists between the alcohol and drug abuse and the crime,holding that there must be a causal connection between the advertising activity and the injury alleged in the underlying complaint,holding that liability under  1983 can be established by showing that the defendants either personally participated in a deprivation of the plaintiffs rights or caused such a deprivation to occur,holding that to show a causal connection the plaintiff must demonstrate a relationship between the misconduct and the plaintiffs injury
310,"to establishing the fact of the defendant’s liability: “Challenges based on ... reliance have usually been rejected and will not bar predominance satisfaction because [reliance pertains] to the right of a Class Member to recover in contrast to underlying common issues of the defendant’s liability.” 1 Newberg § 4.26, at 4-104. Where all class members must establish the defendant’s complicity and liability, thus, the individual issues are secondary and the class should be certified. See In re IGI Sec. Litig., 122 F.R.D. at 460. Even if many of the plaintiffs’ claims involved a reliance element, thus, common issues would predominate. 64. But in this case most of the plaintiffs’ claims do not even involve a reliance element. Plaintiffs’ claims Co., 980 F.2d 912, 924 (3d Cir.1992) (<HOLDING>); Sharp, 70 F.R.D. at 547 (“One of the two",264025,42435,2,case_hold_mc,recognizing presumption,holding that a presumption of fraud eliminates the need to prove reliance,holding that plaintiffs were entitled to the ute citizens presumption of reliance,recognizing a rebuttable presumption of reliance in rule 10b5,holding that plaintiffs were not entitled to a preliminary injunction
311,"Jaffe, we begin by noting the Court’s use of may— as in, “a suit may fail ... if the relief requested ... will require affirmative action by the sovereign,” Larson, 337 U.S. at 691 n. 11, 69 S.Ct. 1457 (emphasis added) — rather than more commanding alternatives like must or will or shall. Louis L. Jaffe, Suits Against Governments and Officers: Sovereign Immunity, 77 Harv. L.Rev. 1, 34 (1963) (noting that if “may is read as may and not as must, it is unobjectionable,” but that a contrary reading would place footnote 11 at odds with “well-established doctrines”). Only by embracing this equivocation can we read footnote 11 in harmony with prior pronouncements. Consider the following statement from Ex parte Young: “There is no doubt that the court cannot co 608, 29 L.Ed. 805 (1886) (<HOLDING>); In re Ayers, 123 U.S. 443, 497-98, 502-03, 8",264872,42572,0,case_hold_mc,holding that sovereign immunity prevents suit to compel state comptroller general to levy a tax to fund redemption of revenue bond scrip,holding that a state may waive its sovereign immunity,holding that sovereign immunity prevents bondholders foreclosure suit,holding that sovereign immunity prevents mandamus action to compel state officers to levy a tax to pay bondholders,holding that state could not assert sovereign immunity defense where the state had waived immunity in state court and agreed to remove suit to federal court
312,"conduct a de novo review of the portions of the report to which objections are made. 28 U.S.C. § 636(b)(1)(C); Fed. R. Civ. P. 72(b)(3); see also Haines v. Liggett Group, Inc., 975 F.2d 81, 91 (3d Cir. 1992). III. ANALYSIS Section 636 does not expressly authorize a Magistrate Judge to determine post-judgment matters. The plain language of section 636(b)(1)(A) only authorizes a Magistrate Judge to hear and determine nondispositive pretrial matters, subject to review by the district court for clear or legal error. Thus, a magistrate’s determination of a post-judgment appealable matter that forecloses a defense or disposes of a claim exceeds his authority under the statute. See, e.g., Colo. Bldg. Constr. Trades Council v. B.B. Andersen Constr. Co., Inc., 879 F.2d 809, 811 (10th Cir. 1989) (<HOLDING>). This is particularly true where the",265725,42718,2,case_hold_mc,holding that only a district judge in the charging district and not a magistrate judge in that district may review the release order of a magistrate judge in the arresting district,holding that when the trial court signed an order dismissing the plaintiffs complaint but refused to enter a final judgment on that order the order refusing to enter judgment was appealable under former ors 190102a,holding that without designation by the district court and consent of the parties under section 636c the magistrate judge was not authorized to enter a final appealable postjudgment order,holding that a rehearing order was not final or appealable,holding that magistrate judge could without consent of parties hold a pretrial hearing and issue a report and recommendation based on the findings made
313,"of the lockbox and its contents is necessary to establish constructive possession. ""[To prove that [Gonzalez-Camargo] had constructive possession of the [methamphetamine], the evidence must also show that he had the power and intent to exercise dominion or control over [it]."" See State v. Fox, 709 P.2d 316, 320 (Utah 1985). In cases where contraband is discovered in a living space over which the defendant does not have exclusive control, ""it cannot be inferred that he knew of the presence of such drugs and had control of them, unless there are other incriminating statements or cireum-stances tending to buttress such an inference."" State v. Anderton, 668 P.2d 1258, 1264 (Utah 1983) (Durham, J., concurring) (citation and internal quotation marks omitted); see also Fox, 709 P.2d at 320 (<HOLDING>). For example, in State v. Workman, 2005 UT 66,",266577,42854,1,case_hold_mc,holding that jurys failure to find the defendant guilty of possession of marijuana could not be reconciled with a verdict of guilty of possession of marijuana with intent to purchase,holding that a marijuana greenhouse located in an openly accessible shared area of property was not sufficient to support constructive possession absent additional evidence of intent to possess or control,recognizing theory of constructive possession,holding that constructive possession need not be exclusive but may be shared by others,holding that evidence that the defendant lived in a home where marijuana was being cultivated was insufficient to support a finding of constructive possession
314,"public entity. On appeal from dismissal based on sovereign immunity, the plaintiff argued that under section 537.600.1(2), “it is not necessary that the dangerous condition of land created by a public entity’s employees be owned or occupied by the same public entity as that for which the negligent employees are employed_ [S]uch land may be occupied by any public entity.” Id. This Court disagreed and held that “the legislature was grammatically correct in its use of ‘a’ and ‘the’ and that the public entity mentioned in [section 537.600.1(2)] remains the same public entity throughout.” Id. at 89 (emphasis added). Thus, the public entity whose employees create a dangerous condition or fail to protect from a dangerous condition must be the same public entity referred 938 (Mo.App.S.D.1992) (<HOLDING>). Here, as we have already noted, the",267436,42992,2,case_hold_mc,holding that property of a public entity includes having exclusive control and possession of  property,holding that a public entitys property refers to the public entity that owns the property where a dangerous condition exists,holding that ijnjuries caused by the condition of a public entitys property  clearly refers to ownership of a property interest which allows a public entity to control the property,holding that plaintiffs may have a property interest in real property,holding that if property is not property1 of the public entity then the public entity cannot be subject to suit under the dangerous condition waiver
315,"liabilities of all the parties.” Fed. R. Civ. P. 54(b); see also United States v. Jerry, 487 F.2d 600, 605 (3d Cir.1973); Gagne v. Schraubenfabrick, 595 F.Supp. 1081, 1083-84 & n. 2 (D.Me. 1984); Vaughn v. Regents of Univ. of Cal., 504 F.Supp. 1349, 1351 and n. 2 (E.D.Cal.1981); 10 Moore’s Federal Practice, § 54.25[4] (Matthew Bender 3d ed.1997). In the Third Circuit, however, “modification of a[] [preliminary] injunction is proper only when there has been a change of circumstances between entry of the injunction and the filing of the motion that would render the continuance of the injunction in its original form inequitable.” Favia v. Indiana Univ., 7 F.3d 332 (3d Cir.1993); see also Township of Franklin Sewerage Auth. v. Middlesex County Utils. Auth., 787 F.2d 117, 121 (3d Cir.1986) (<HOLDING>). We find that the Reassure Defendants have not",268287,43127,4,case_hold_mc,holding that the movant has the initial responsibility of informing the district court of the basis for its motion,holding that when the district court applies the wrong preliminary injunction standard this court may review the record to determine whether the injunction is justified,holding that the excusable neglect inquiry is at bottom an equitable one that should be made by considering the danger of prejudice to the nonmoving party the length of the delay and its potential impact upon judicial proceedings the reason for the delay including whether it was in the reasonable control of the movant and whether the movant acted in good faith ,holding that a district court has wide discretion to modify an injunction based on changed circumstances or new facts,holding that the standard that the district court must apply when considering a motion to dissolve an injunction is whether the movant has made a showing that changed circumstances warrant the discontinuation of the order
316,"(finding an employer owed no duty to a contractor’s employee in the absence of “latent or concealed dangers” or “actual physical control over the work area”); Jackson v. Petit Jean Elec. Co-op., 270 Ark. 506, 606 S.W.2d 66, 68 (1980) (finding a utility had no duty to deenergize its lines or warn an electrical contractor of “obvious hazards which are an integral part of the work the contractor was hired to perform”); Durbin v. Culberson Cnty., 132 S.W.3d 650, 660-61 (Tex.Ct.App.2004) (finding that the defendant owed no duty to a contractor who was electrocuted while changing out light bulbs on an energized pole, despite the contractor’s argument that the defendant should have provided locked down switches); cf. Groover v. Camp Dresser & McKee Inc., 420 Fed.Appx. 358, 362 (5th Cir.2011) (<HOLDING>); Edick v. Paul de Lima Co., Inc., 6 A.D.3d",269148,43268,1,case_hold_mc,holding that subcontractor was not obligated to indemnify general contractor for general contractors own negligence where indemnification clause did not expressly state that subcontractor would indemnify general contractor for such negligence,holding that a general contractor owed no duty to an employee of a subcontractor to warn of dangers of electrocution,holding that contractor owed general negligence duty to thirdparty by dangerous condition contractor created on road,holding that premises owner had no duty to warn electrical subcontractor of potential for electric shock from condition which subcontractor was hired to repair,holding that where contract between contractor and subcontractor allowed subcontractor to recover if contractor recovered contractor was not barred from bringing suit on behalf of subcontractor
317,"and claims for unfair labor practices “is undeniable.” Id. The Court found that charges of unfair labor practices under section 10(b) of the National Labor Relations Act are subject to a six-month limitations period. Id. at 169, 103 S.Ct. 2281; see also 29 U.S.C. § 160(b) (“[N]o complaint shall issue based upon any unfair labor practice occurring more than six months prior to the filing of the charge with the Board and service of a copy thereof upon the person against whom such charge is made The Eleventh Circuit has followed DelCostello and applied the six-month limitations period to both hybrid § 301/fair representation claims and to claims for breach of the duty of fair representation brought only against a union. See Erkins v. United Steelworkers, 723 F.2d 837, 838 (11th Cir.1984) (<HOLDING>); see also Coppage v. U.S. Postal Serv., 281",270005,43409,3,case_hold_mc,holding that where an employee has never requested the union to file a grievance the employee can hardly argue a breach of the duty of fair representation on the unions part,holding that sixmonth duty of fair representation statute of limitations applicable to claim alleging breach of union contract,holding intentional conduct without rational basis is arbitrary breach of duty of fair representation,holding that sixmonth limitations period established in delcostello applies to a claim for breach of the duty of fair representation brought only against a union,holding that sixmonth statute of limitations period for filing unfair labor practice charges applies to employees action for breach of the duty of fair representation
318,"the exercise of the discretion of an officer. It can only direct affirmative action where the officer having some duty to perform not involving discretion, but merely ministerial in its nature, refuses or neglects to take such action. In that case the court can direct the defendant to perform this merely ministerial duty.” 209 U.S. at 158, 28 S.Ct. 441 (emphasis added) (citing Bd. of Liquidation v. McComb, 92 U.S. 531, 541, 23 L.Ed. 623 (1875)). This language suggests that “affirmative action” is not universally condemned in suits against officers, and that some “affirmative action” is permissible. Footnote 11 is not to the contrary, provided we read may to mean what it says. What, then, of that type of “affirmative action” that Lar .S. 446, 450-57, 3 S.Ct. 292, 27 L.Ed. 992 (1883) (<HOLDING>); Hagood v. Southern, 117 U.S. 52, 65-71, 6",270863,43551,1,case_hold_mc,holding that sovereign immunity prevents suit to compel state comptroller general to levy a tax to fund redemption of revenue bond scrip,holding that sovereign immunity prevents bondholders foreclosure suit,holding that sovereign immunity prevents suit to enjoin state officer from bringing tax collection suits against persons who had paid taxes with bond coupons where such collection was alleged to breach bondholders contract and where specific performance of acceptance of coupons was requested,holding that a state may waive its sovereign immunity,holding that sovereign immunity prevents mandamus action to compel state officers to levy a tax to pay bondholders
319,"activities of pre-petition creditors. See 11. U.S.C. § 362(a)(5) & (c)(2). Furthermore, to the extent that debtors, trustees, or creditors are concerned about meddling by secured creditors, potential problems of debtors managing property subject to retained liens, or abuse of the bankruptcy system by debtors, they are free to advocate that a plan"" defer § 1327 revesting until discharge. 9 . The Trustee argues in th.e alternative that even if the Talbots' residence was not property of the bankruptcy estate, the sales proceeds representing post-confirmation appreciation in value of the residence constitutes property of the estate pursuant to § 1306(a)(1) of the Code. This is a dubious argument. See Black v. United States Postal Service (In re Heath), 115 F.3d 521, 524 (7th Cir.1997) (<HOLDING>). Because, however, the Trustee did not raise",271717,43694,3,case_hold_mc,holding creditors lacked standing to file an adversary action asserting the interests of the estate in seeking to prevent a former principal of the debtor from interfering with the chapter 11 reorganization given the lack of showing of the debtors consent and any determination by the bankruptcy court that the suit would be beneficial to the estate and necessary to a fair and efficient resolution of the bankruptcy proceedings,holding that bankruptcy plan of reorganization rather than  1961 controlled the setting of the interest rate,holding that a bankruptcy court has the authority to order the irs to apply the payments to trust fund liabilities if the bankruptcy court determines that this designation is necessary to the success of a reorganization plan,holding that postconfirmation income that isnot necessary to the fulfillment of the plan of reorganization does not become part of bankruptcy estate,recognizing broad scope of the reorganization estate
320,"435 (2000). Defendant contends that the government did not meet the standard of proof for establishing health care fraud resulting in death. Section 1347 does not indicate the level of causation required for imposition of the enhanced penalties under subsection (a)(2). However, in United States v. Martinez, 588 F.3d 301, 317 (6th Cir. 2009), cert. denied, — U.S. -, 131 S.Ct. 538, 178 L.Ed.2d 395 (2010), this court held that proximate cause was the appropri nd for his two patients to die, he can be held responsible for their deaths if there was sufficient evidence that it “reasonably might or should have been foreseen ... that [his fraudulent conduct] would be likely to create a situation which would expose another to the danger of ... death.” Id.) see also Harris, 701 F.2d at 1102 (<HOLDING>). Id. at 319. Furthermore, a patient’s use of",272572,43827,2,case_hold_mc,holding that a death sentence for a conviction for the rape of a child where the crime did not result and was not intended to result in death of the victim was barred by the eighth amendment,holding a wrongful death action may not be maintained for the death of an unborn child,holding that if death results requirement under  241was satisfied because death was a foreseeable and natural result of defendants actions,holding that action for wrongful death may generally not be maintained where death was selfinflicted,holding that if a trial court has rejected death as a possible sentence double jeopardy bars the state from seeking the death penalty at resentencing even where rejection of the death sentence was based on a legal error
321,"religious beliefs without interference from any other religion, non-religion or the government.” Mercy Hospital, 62 Md.App. at 414, 489 A.2d 1130. It has been recognized that freedom of religion includes the right to direct the religious upbringing of one’s children. Wisconsin v. Yoder, 406 U.S. 205, 232, 92 S.Ct. 1526, 1541, 32 L.Ed.2d 15 (1972); Thomas v. Alleghany County Bd. of Education, 51 Md.App. 312, 316, 443 A.2d 622 (1982). The authority to make custody determinations does not give courts license to engage in constitutionally prohibited activities. Consequently, courts may not weigh the merits of different religions or different religious upbringings— including nonreligion — in resolving custody disputes. See, e.g., Levitsky v. Levitsky, 231 Md. 388, 398, 190 A.2d 621 (1963) (<HOLDING>); Sanders, 38 Md.App. at 416 n. 10, 381 A.2d",273427,43971,3,case_hold_mc,holding court cannot change custody without showing that change is in best interests of child,holding that the domicile of the child follows that of the parent with lawful custody,holding interference with visitation of the noncustodial parent   that negatively impacts    the welfare of the child can constitute a substantial change of circumstances sufficient to warrant a change of custody,recognizing that the fact that a parent teaches a child religious doctrines which are at variance with those of the majority is not a ground for a change of custody,holding that a showing of a change in circumstances that is or is likely to be beneficial to the child may also warrant a change in custody
322,"requirement may be satisfied post-trial, like in Remmer, or during trial. See Ladd v. South Carolina, 415 F.2d 870, 873 (4th Cir.1969) (explaining that by conducting an “adversary proceeding ... in open court during the state trial,” the trial judge did “precisely that taught by Remmer”). Accordingly, it is clearly established federal law for purposes of our review under AEDPA that a defendant is entitled to a hearing when he or she presents a credible allegation of communications or contact between a third party and a juror concerning the matter pending before the jury. 2. Of course, not every allegation of an unauthorized communication between a juror and a third party will trigger the Remmer presumption and its corresponding hearing requirement. See Haley, 802 F.2d at 1537 n. 9 (<HOLDING>). To be sure, “due process does not require a",274284,44103,1,case_hold_mc,holding that the remmer presumption did not apply where the communication was innocuous and the defendant had failed to present evidence that the communication was prejudicial,recognizing that certain kinds of extrajudicial contacts may amount to nothing more than innocuous interventions that simply could not justify a presumption of prejudicial effect,recognizing the general rule of avoiding excessive posttrial inquiry into actions of counsel at trial in order to avoid any chilling effect on attorneys willingness to serve and stating that nothing would encourage a proliferation of ineffectiveness of counsel claims more than to permit an accused to establish the prejudice prong of strickland on a showing of nothing more than speculation that he had been prejudiced by his counsels performance,recognizing presumption,recognizing this presumption
323,"Notes from Profilers Meeting 05-06-92, which suggested that he be eliminated as a suspect. He contends that he should have been provided additional notes from subsequent brainstorming sessions during which he was eliminated as a suspect. Overton contends that he must have been eliminated as a suspect in a subsequent meeting because he was not arrested and charged with the Maclvor murders until 1996. Notwithstanding that some evidence exists that subsequent profiler meetings did take place (Detective Visco testified that he recalled being present for a similar type of meeting after 1992), Over-ton’s argument that additional reports with exculpatory information were generated is based on pure speculation, which is insufficient to establish a Brady violation. See Wright, 857 So.2d at 870 (<HOLDING>); Gore v. State, 846 So.2d 461, 466-67",275139,44243,3,case_hold_mc,holding that failure to request continuance waives complaint that state withheld exculpatory evidence in violation of brady,holding that the brady claim was insufficiently pled in the rule 3851 motion because the defendant presented no factual basis that the disputed item ever existed or contained exculpatory information,holding that record must show that evidence is exculpatory for defendant to establish brady violation,holding that there was no brady violation because the exculpatory effect of the disputed documents was merely speculative,holding that the alleged brady material was merely cumulative to the significant impeachment that already occurred during trial so there was no prejudice for a brady violation
324,"the trial court erred in denying PennyMac’s motion for relief from technical admissions and in involuntarily dismissing the action. We .vacate the order of involuntary dismissal, reverse and remand the cause for entry of an order granting PennyMac’s motion for relief from technical admissions and for further proceedings consistent with this opinion. 1 . PennyMac further contends that the issue of whether a party has standing is a legal conclusion, and is therefore not a proper subject for a request for admission. Given our disposition on other grounds, we do not reach this issue, but observe that PennyMac may well be correct in this regard. See Davis v. Dollar Rent A Car Sys., Inc., 909 So,2d 297 (Fla. 5th DCA 2004) (rev’d on other grounds, Williams v. Davis, 974 So.2d 1052 (Fla.2007)) (<HOLDING>). 2 . See Canakaris v. Canakaris, 382 So.2d",275991,44373,1,case_hold_mc,holding trial courts general charge concerning requests for admissions was a correct statement of law,holding that requests for admissions seeking purely legal conclusions are inappropriate and the failure to respond to such a request may not be the basis for a summaiy judgment,holding that facts deemed admitted as to one defendant because of his failure to respond to the plaintiffs request for admissions are not binding on a codefendant,holding that any general deadline for completion of discovery facially applies to requests for admissions,holding that requests for admissions are subject to discovery cutoff dates
325,"attack on the order of the district court by which Wal-Mart’s lawsuit against the City was dismissed because the order specifically references the settlement, and because the settlement contains the terms of the very development agreement that Petitioner seeks to overturn. We are unpersuaded for several reasons. {10} First, we do not regard Petitioner’s administrative appeal as a collateral attack. A collateral attack is “an attempt to avoid, defeat, or evade [a judgment], or deny its force and effect, in some incidental proceeding not provided by law for the express purpose of attacking” the judgment. Lucus v. Ruckman, 59 N.M. 504, 509, 287 P.2d 68, 72 (1955) (internal quotation marks and citation omitted), overruled on other grounds by Kalosha v. Novick, 84 N P. 682, 685 (1918) (<HOLDING>); Dugan v. Montoya, 24 N.M. 102, 115, 173 P.",276849,44515,4,case_hold_mc,holding that dormant judgment is voidable and therefore not subject to collateral attack,holding that a judgment establishing a partys exclusive light to use a trade name was not subject to collateral attack,holding that prior ro decision that had not become final was not subject to cue collateral attack,recognizing collateral attack on void order,holding that a judgment as to the title in a prior litigation was not subject to collateral attack
326,"dissent that the “course of the proceedings” exception to our pleading rules does not apply when the alleged notice arises during the course of a discovery deposition. Certainly, the breadth of discovery under Fed.R.Civ.P. 26(b)(1) and 32(d)(3)(A) allows questions designed to elicit admissible evidence, which at trial might be deemed irrelevant. The breadth of discovery, however, does not lead logically to Judge Griffin’s conclusion that questions posed by plaintiffs counsel during depositions cannot put defendants on notice regarding a claim not specifically alleged in the complaint. This conclusion ignores the fact that the proceedings referred to in Cummings themselves involved a deposition. 418 F.3d at 681; see also Torry v. Northrop Grumman Corp., 399 F.3d 876, 879 (7th Cir.2005) (<HOLDING>). The transcript of Spies’s deposition",277702,44653,3,case_hold_mc,holding that a delay of more than four years caused largely by the state making pretrial appeals was reasonable under the circumstances,holding that a discovery exception to a statute of limitation applies only to the discovery of facts not discovery of the law,holding that magistrate judge could without consent of parties hold a pretrial hearing and issue a report and recommendation based on the findings made,holding that a claim not alleged in the complaint was pretried by implied consent of the parties  during four years of discovery and other pretrial maneuverings,holding delay of two years and four months lengthy enough to warrant review of other factors
327,"award is likewise nondis-chargeable. The district court reluctantly distinguished In re Miera, noting that the jury instructions in the underlying case in In re Miera allowed an award of punitive damages if the debtor’s acts were based on “willful indifference” to the rights of the plaintiff. Thus, in In re Miera, punitive damages were awarded only if the conduct was willful. Under the instructions in this case, punitive damages could' have been awarded if Scarborough merely acted with reckless indifference to others. We need not distinguish In re Miera in the same manner as the district court did, however, because, as noted above, the willful and malicious conduct und , 626-27 (4th Cir.1995) (same; collecting cases); Moraes v. Adams (In re Adams), 761 F.2d 1422,1428 (9th Cir.1985) (<HOLDING>). III. For the foregoing reasons, we affirm the",278554,44779,3,case_hold_mc,holding nature of motion is determined by its substance not its title,holding that the constitutional level of punitive damages is not a finding of fact that must be determined by the jury it may be determined de novo by the court,holding that the domestic nature of the offense can be determined without a taylor approach because all aspects of the definition are federal,holding that the applicability of  523a6 is determined by the nature of the act and applies to all liabilities flowing therefrom,holding that the nature of the taxpayers legal interest in the subject property is determined by reference to state law
328,"failed to provide legally sufficient reasons for rejecting the evidence, there are no issues to be resolved before a determination of disability can be made, and it is clear from the record that the ALJ would be required to find the claimant disabled if the evidence is credited. Id. If this test is satisfied, remand for payment of benefits is warranted regardless of whether the ALJ might have articulated a justification for rejecting the evidence. Harman v. Apfel, 211 F.3d 1172, 1178-79 (9th Cir.), cert. denied, 531 U.S. 1038, 121 S.Ct. 628, 148 L.Ed.2d 537 (2000). The “crediting as true” doctrine resulting in an award of benefits is not mandatory in the Ninth Circuit, however. Connett v. Barnhart, 340 F.3d 871, 876 (9th Cir.2003); Vasquez v. Astrue, 572 F.3d 586, 593 (9th Cir.2009) (<HOLDING>). The court has the flexibility to remand to",279412,44916,3,case_hold_mc,recognizing circuit split,recognizing split,recognizing without resolving the split in authority on the meaning of the word,recognizing split within the circuit on whether the rule is mandatory or discretionary but not resolving the conflict,recognizing the split but not adopting a rule
329,"well as state officers acting in their official capacity, and would prevent Mayfield from seeking such damages under § 1983. See Quern v. Jordan, 440 U.S. 332, 345, 99 S.Ct. 1139, 59 L.Ed.2d 358 (1979) (recognizing that § 1983 does not indicate ""an intent [by Congress] to sweep away the immunity of the States”). However, circuit courts are currently split on whether RLUIPA provides for a waiver of state sovereign immunity. See Madison v. Virginia, 474 F.3d 118, 131 (4th Cir.2006) (finding that RLUIPA does not constitute a waiver of immunity allowing for damages actions); Benning v. Georgia, 391 F.3d 1299, 1305-06 (11th Cir.2004) (finding that § 3 of RLUIPA constitutes a waiver of state sovereign immunity); see also Smith v. Allen, 502 F.3d 1255, 1269-76, and 1276 n. 12 (11th Cir.2007) (<HOLDING>). Whether RLUIPA contemplates damages actions",280268,45059,0,case_hold_mc,holding that a prisoner can under rluipa pursue nominal damages against a state officer in her official capacity,holding that a suit against a state official in his or her official capacity is a suit against the state itself and not cognizable under  1983,holding that punitive damages are not recoverable against a state official sued in his or her official capacity,holding that a party can sue a state officer in his or her official capacity to enjoin prospective action that would violate federal law,holding that a damages suit against a state officer in his official capacity was barred because it was functionally a suit against the state
330,"or her appointment is a de facto officer whose acts are legally valid and binding on the public and on third persons if done within the scope and by the apparent authority of his or her office, even though the judge’s actual authority suffers from a procedural defect. See, e.g., Am.Jur.2d Judges § 242 (1994) (stating that the de facto judge doctrine has been uniformly applied throughout the country to prevent collateral attacks based on a procedural defect in the judge’s authority); People v. Bowen, 231 Cal.App.3d 783, 283 Cal.Rptr. 35, 39 (1991) (applying the doctrine to preclude a criminal defendant from collaterally attacking the superior court judge’s authority to try him where the judge did not meet county residency requirement); Humel v. Hoogendorn, 5 Alaska 25, 25 (Alaska 1914) (<HOLDING>). We perceive no compelling reason to deviate",281127,45198,3,case_hold_mc,holding that a defendant was not entitled to a relief under section 2255 when he asserted that the sentencing judge who was not the trial judge was influenced by the sentence imposed by the trial judge on a codefendant,holding that private individuals who conspired with judge could be sued even though judge could not,holding that party who had sought disqualification of the judge who heard his cause only from the assignment judge and not the judge himself could not appropriately raise recusal issue on appeal,recognizing that judge who continued to function after end of term was a de facto judge whose actions could not be collaterally attacked,holding that where a judge pro tempore is in actual possession of the office and discharging its duties he or she acts under color of title and is a judge de facto
331,"evidence and that the ALJ’s failure to attribute the restriction to Dr. Hickman’s medical source statement was not error. As for Seever’s ability to handle work pressures, we note that during the disability hearing, the ALJ asked the VE to consider a moderately limited ability to interact with co-workers and to handle work pressures in determining what jobs Seever could perform in the national economy. Id. at 421-22. The VE listed picture framer, wood heel attacher, ticket seller, and call out operator—the same jobs that the ALJ listed in his decision as being available to Seever. Consequently, the ALJ’s failure to discuss in his written decision Dr. Hickman’s work-pressures opinion was at most harmless error. See Fischer-Ross v. Barnhart, 431 F.3d 729, 733-34 (10th Cir.2005) (<HOLDING>). Regarding Dr. Hickman’s opinion that Seever",281986,45337,2,case_hold_mc,recognizing that where the error involved defies analysis by harmless error standards or the data is insufficient to conduct a meaningful harmless error analysis then the error will not be proven harmless beyond a reasonable doubt,holding that harmless beyond a reasonable doubt analysis not applicable in habeas cases,recognizing that harmless error analysis is applicable if no reasonable administrative factfinder following the correct analysis could have resolved the factual matter in any other way quotation omitted,holding that harmless error analysis is inappropriate in a powers case,holding that the omission of an element is subject to harmless error analysis
332,"TBW Development’s motion for summary judgment. The order awarded McCulley and TBW Development $5,153.62 in damages along with attorneys’ fees for unsuccessful appeals and appellate motions. The order provided, “This judgment disposes of all parties and claims and is a final judgment.” Motions to Dismiss In his first issue, Palavan argues that the county court improperly dismissed his appeal. In his second issue, Palavan argues that the county court improperly dismissed his applicati ract between the parties remained. Accordingly, the contract can be enforced, subject to the regular defenses available to contract actions raised by the opposing party. See In re Build by Owner, LLC, No. 01—11— 00513-CV,- 2011 WL 4612790, at *7 (Tex.App.—Houston [1st Dist.] Oct. 6, 2011, no pet.) (mem.op.) (<HOLDING>). Palavan raises a number of grounds for why",282836,45470,4,case_hold_mc,holding that in the context of a settlement contract the defrauded party may either 1 rescind the settlement or 2 ratify the settlement retain the proceeds and institute an action to recover fraud damages,holding that once consent to settlement agreement is withdrawn agreement can only be enforced as a binding contract that complies with rule 11 as established by proper pleading and proof,holding that as a matter of contract no party can be forced to arbitrate unless that party has entered into an agreement to do so,holding that a settlement agreement is not a court order and therefore a violation of the settlement agreement would not subject a party to contempt,holding settlement agreement can be enforced as contract even when party prevents settlement from becoming judgment and holding defending party can assert defenses to contract enforcement
333,"“origins” in each of Dye’s legal claims. Where, as here, the litigation involves more than one claim, “[t]he origin [of the claim] test must be applied separately to each part.” Dolese v. United States, 605 F.2d 1146, 1151 (10th Cir.1979), cert. denied, 445 U.S. 961, 100 S.Ct. 1647, 64 L.Ed.2d 236 (1980). Legal fees, like other expenses, may, under certain circumstances, be partially deductible and partially nondeductible. See, e.g., Treas. Reg. § 1.212-l(k) (“Attorneys’ fees paid in a suit to quiet title to lands are not deductible; but if the suit is also to collect accrued rents thereon, that portion of such fees is deductible which is properly allocable to the services rendered in collecting such rents.”); see also Boagni v. Commissioner, 59 T.C. 708, 713-14, 1973 WL 2589 (1973) (<HOLDING>). Consequently, when litigation originates in",283695,45602,0,case_hold_mc,recognizing that legal expenses incurred can be characterized as both deductible and nondeductible when the litigation is rooted in situations giving rise to both types of expenditures,holding attorney fees may be allowed for expenses incurred for default,holding that an award for medical expenses is proper when the expenses have been incurred but not paid,holding defense applicable to both types of claims,holding that medical expenses must be proven to be both reasonable and necessary
334,"York courts do not imply a preclusion of equitable remedies absent specific contractual language to that effect. 545 F.3d at 130-31 (also citing Papa Gino’s of Am., Inc., 135 A.D.2d at 76, 524 N.Y.S.2d at 538 (“[A] liquidated damages clause does not bar the equitable relief of specific performance unless there is explicit language that it is to be the sole remedy for a breach.”)). Accord, e.g., Granite Broadway Dev. LLC v. 1711 LLC, 44 A.D.3d 594, 594-95, 845 N.Y.S.2d 10, 11 (1st Dep’t 2007) (affirming award of liquidated damages and specific performance and noting that “a provision extinguishing rights or obligations will not be implied absent clear and express language to that effect”); Coizza v. 164-50 Crossbay Realty Corp., 37 A.D.3d 640, 643, 831 N.Y.S.2d 433, 436 (2d Dep’t 2007) (<HOLDING>); Barclay Arms Assocs. v. Clemente, 98 A.D.2d",284552,45739,3,case_hold_mc,holding that liquidated damages under fair labor standards act constitutes compensation for the retention of a workmans pay which might result in damages too obscure and difficult of proof for estimate other than by liquidated damages,holding that no reporters record was required in suit to recover damages for breach of employment contract because the claim for damages was liquidated and proved by the employment contract attached to the petition,holding that liquidated damages under the adea are intended to punish and deter while contrasting them to the legislative purpose of liquidated damages under the fsla,holding that language of contract did not limit plaintiffs recovery to liquidated damages,holding that because liquidated damages under the adea are punitive in nature a jurys award of state punitive damages and adea liquidated damages constitutes a double recovery and therefore reducing the total recovery by the amount of the liquidated damages award
335,"conclusively for all parties all questions arising in the administration of the [AMPP]...."" R.17 at 61. 8 . Relying on cases in which we found the plans under review to confer upon administrators sufficient discretionary authority to warrant deferential review, the magistrate judge concluded that the AMPP grants the Ameritech administrators significant discretion and that a deferential standard should apply. The district court accepted this finding because Mrs. Swaback did not object specifically to it. 9 . See Filipowicz v. American Stores Benefit Plans Comm., 56 F.3d 807, 814 (7th Cir.1995) (concluding that ignoring the plain language of the plan and denying benefits was arbitrary and capricious); see also Egert v. Connecticut Gen. Life Ins. Co., 900 F.2d 1032, 1037-38 (7th Cir.1990) (<HOLDING>); Kochendorfer v. Rockdale Sash & Trim Co., 653",285411,45879,4,case_hold_mc,holding that a heightened arbitrary and capricious standard of review applied to the decision to deny benefits under the erisa plan,holding that the defendants sentence was based on the career offender guidelines despite the fact that the district court calculated an offense level pursuant to the crack guidelines,holding that the mere mandatory application of the guidelines  the district courts belief that it was required to impose a guidelines sentence  constitutes error,holding court must review de novo companys denial of benefits unless benefit plan gives administrator or fiduciary discretionary authority to construe terms of plan in which case courts review a benefits denial under an arbitrary and capricious standard,holding that when guidelines contradict the plans requirements denial of benefits pursuant to guidelines was arbitrary and capricious
336,"in charge of checking employer’s payroll and reconciling discrepancies in employees’ reported hours. Claimant’s supervisor, Ms. Meister, instructed her to list clock-in and clock-out times on employer’s payroll program. Claimant consistently failed to comply with this directive. Ms. Meister gave claimant three chances to correct her behavior. Claimant was formally warned by Ms. Meister on December 28, 2009, to verify hours. After that warning, claimant failed on eleven occasions to list clock-in and clock-out times for employees. Claimant’s repeated failure to comply with explicit instructions takes her conduct outside the realm of mere mistakes or poor work performance and into the realm of insubordination. See Freeman v. Gary Glass & Mirror, LLC, 276 S.W.3d 388, 393 (Mo. App.2009) (<HOLDING>). (emphasis added). Ms. Fendler appealed.",286273,46011,1,case_hold_mc,holding that an employers mere failure to follow its own rules and regulations does not give rise to a protected property interest,holding that claimants repeated failure to follow the employers specific directions amounts to misconduct connected with work,holding that two instances of misconduct do not indicate a persistent and widespread pattern of misconduct that amounts to a city custom or policy of overlooking police misconduct,holding that a claimants failure to lose weight does not constitute a refusal to follow the treatment,holding that failure to follow mandatory provision of statute renders the act void whereas failure to follow directory provision does not
337,"parity) has been attained, then the Beecher decree has outlived its usefulness as to that community’s firefighting force. D. Reworking the Algorithm. From this analysis, it is evident that the district court erred in constructing the first Beecher variable. In order to determine whether that error affected the Candidates’ substantial rights, see Fed. R.Civ.P. 61, we rework the algorithm using the proper variables. If that algorithm does not yield ratios that show parity (or, at least, rough parity) between the percentage of minorities in the entry-level rank of the BFD and the percentage of minorities in the City of Boston as a whole, then the entry of summary judgment in the City’s favor must stand. See Houlton Citizens’ Coalition v. Town of Houlton, 175 F.3d 178, 184 (1st Cir.1999) (<HOLDING>). On this issue, the parties urging that parity",287126,46136,4,case_hold_mc,holding that in reviewing a district courts decision on a motion for summary judgment de novo the decision can be affirmed on any ground that finds support in the record including an alternate ground,holding that the trial court may not grant summary judgment on a ground not raised in the motion,holding that judgment may be affirmed on any ground supported by record,holding that judgment may be affirmed on any ground supported by the record,holding that a grant of summary judgment may be affirmed on any independent ground revealed by the record
338,"the child’s needs; (iii) The child has been abandoned; or (iv) The parent has failed to make a good faith effort to rehabilitate and reunify with the child pursuant to section 4041. 22 M.R.S. § 4055(B). It is the petitioner’s burden to establish both parental unfitness and best interest by clear and convincing evidence. In re Alana S., 2002 ME 126, ¶ 15, 802 A.2d 976. Further, the court may not even contemplate the child’s best interest until it has found at least one ground of parental unfitness. Id. [¶ 17] Through many years of interpretation, we have concluded that the procedures, burdens, and standards set out in section 4055 constitute the means by which the fundamental constitutional right to parent is safeguarded. See, e.g., In re Robert S., 2009 ME 18, ¶¶ 12-16, 966 A.2d 894 (<HOLDING>); In re Crystal S., 483 A.2d 1210, 1213",287986,46275,1,case_hold_mc,holding that there is no due process right to appellate review,holding that the procedure outlined in title 22 preserves a parents right of procedural due process,recognizing that a parents liberty interest in the custody of a child is subject to due process protection,holding a plaintiff cannot state a due process claim for defendants failure to follow statutory procedural requirements because a plaintiff cannot have a protect property interest in the procedure itself,recognizing a  1983 action hvould render superfluous most of the detailed procedural protections outlined in the statute
339,"president herself knew nothing of the purported addition until she arrived at the meeting and found “a paper” at each seat “that had the item on it highlighted so that we would recognize that it was an extra item that was not in our mail packet,” 5) a copy of the agenda was requested by Gardner from the assistant superintendent sometime after the meeting had transpired and before suit was filed, and 6) the copy Gardner received from the assistant superintendent contained no reference to an item “13A” or the Athletic Code of Ethics. From the foregoing circumstantial evidence, one could reasonably, but not necessarily, infer that notice of the topic in question was not disclosed prior to the meeting. See Guthrie v. Suiter, 934 S.W.2d 820, 831 (Tex.App. —Houston [1st Dist.] 1996, no writ) (<HOLDING>). And, because one could so infer, the",288837,46422,3,case_hold_mc,holding that inconsistencies in the summary judgment evidence of a single witness create a fact issue,holding that the mere existence of a scintilla of evidence is insufficient to create a dispute of fact that is genuine,holding that direct evidence of a fact is not necessary and that circumstantial evidence is not only sufficient but may also be more certain satisfying and persuasive,holding that circumstantial evidence may create a fact issue if from the evidence a reasonable person could conclude that the existence of the ultimate fact in dispute is more reasonable than its nonexistence,holding that dispute regarding material fact is genuine if the evidence is such that a reasonable jury could return a verdict for the nonmoving party
340,"is no dispute that Tang’s March 2009 motion to reopen was untimely and numerically barred because the BIA entered a final administrative order in September 2003 and she had previously filed a motion to reopen in July 2006. See 8 C.F.R. § 1003.2(c)(2). Although Tang contends that the time and number limitations do not apply to her motion to reopen as it is “based on changed circumstances arising in the country of nationality” and the evidence she submitted “is material and was not available and could not have been discovered or presented at the previous hearing,” 8 C.F.R. § 1003.2(c)(3)(h), her arguments are unavailing. As an initial matter, there is no indication that the BIA ignored any material evidence she submitted. See Jian Hui Shao v. Mukasey, 546 F.3d 138, 169 (2d Cir.2008) (<HOLDING>); se ed to establish changed country conditions",289690,46566,3,case_hold_mc,recognizing that the court has never held that a petitioner is limited to the exact contours of his or her argument to the agency,holding the eeoc is not required to provide documentation of individual attempts to conciliate on behalf of each potential claimant internal quotation marks omitted,holding that the weight afforded to an applicants evidence in immigration proceedings lies largely within the discretion of the agency internal quotation marks omitted,recognizing that this court has rejected the notion that the agency must expressly parse or refute on the record each individual argument or piece of evidence offered by the petitioner internal quotation marks omitted,holding that a foreign entity without property or presence in this country has no constitutional rights under the due process clause or otherwise internal quotation marks omitted
341,"($300 fine); State v. Stuth (1895) 11 Wash. 423 [39 P. 665] (unstated fine); Brown v. State (1871) 46 Ala. 175 (unstated fine); Marvin v. State (1862) 19 Ind. 181 (unstated fine).) Sentences of this severity have, virtually without exception, been reserved for violent conduct; peaceful breaches of time and place regulations are generally penalized by no more than a small fine. (See, e.g., Edwards v. South Carolina (1963) 372 U.S. 229 [9 L.Ed.2d 697, 83 S.Ct. 680] (civil rights demonstration on public street; fines of $10 to $100, convictions reversed); Talley v. California (I960) 362 U.S. 60 [4 L.Ed.2d 559, 80 S.Ct. 536] (failure to put name of author on handbill, $10 fine, conviction reversed); Poulos v. New Hampshire (1953) 345 U.S. 395 [97 L.Ed. 1105, 73 S.Ct. 760, 30 A.L.R.2d 987] (<HOLDING>); Fowler v. Rhode Island (1953) 345 U.S. 67 [97",290547,46708,1,case_hold_mc,holding that public meeting did not satisfy public participation requirement because public did not receive adequate notice,holding religious meeting in public park without license 20 fine conviction affirmed,holding meeting without a permit fine of unstated amount conviction affirmed,holding meeting without permit 10 fine conviction reversed,holding meeting without permit fine of 25 plus costs conviction reversed
342,"exposure to nickel and cadmium and the absence of evidence of exposure to other potentially carcinogenic substances such as asbestos or alcohol. These are methodologies that physicians traditionally rely on in diagnosing the cause of a particular patient’s cancer. See Osburn v. Anchor Laboratories, Inc., 825 F.2d 908, 915-16 (5th Cir.1987), cert. denied, 485 U.S. 1009, 108 S.Ct. 1476, 99 L.Ed.2d 705 (1988). The district court should have permitted plaintiffs to present their causation evidence to the jury, which could then “determine the appropriate weight to be given to the testimony.” In re Japanese Elec. Prods. Antitrust Litig., 723 F.2d 238, 278 (3d Cir.1983), rev’d in part on other grounds, 475 U.S. 574, 106 S.Ct. 1348, 89 L.Ed.2d 538 (1986); see Osburn, 825 F.2d at 915 (<HOLDING>). Courts have not required the proof or expert",291408,46852,0,case_hold_mc,holding that medical expert opinion testimony that is controversial in its conclusions can support a jury finding of causation as long as the doctors conclusory opinion is based upon wellfounded methodologies,holding expert testimony provided no evidence as to causation since testimony was not based upon reasonable medical probability,holding that the weight given a treating physicians opinion is limited if the opinion consists only of conclusory statements,holding that a conclusory opinion may be rejected,holding that lay opinion testimony is not admissible when the jury can readily draw the necessary inferences and conclusions without the aid of the opinion
343,"at 2249 (explaining that the jurors in the Mathis case did not need to make any specific finding as to where the crime occurred, where the statute merely ""itemize[d] the various places that crime could occur as disjunctive factual scenarios rather than separate elements”). 42 . Id. at 2250. 43 . Id. at 2256. 44 . Id. at 2250. 45 . United States v. Mathis, 786 F.3d 1068, 1075 (8th Cir. 2015). 46 . Mathis, 136 S.Ct. at 2250 (citing State v. Duncan, 312 N.W.2d 519, 523 (Iowa 1981)). 47 . 832 F.3d 569, 574-75, No. 15-10067, 2016 WL 4254372, at *4 (5th Cir. Aug. 11, 2016) (citations omitted). 48 . Mathis, 136 S.Ct. at 2256. 49 . Landrian v. State, 268 S.W.3d 532, 537 (Tex. Crim. App. 2008) (citations omitted). 50 . Price v. State, 457 S.W.3d 437, 442 (Tex. Crim. App. 2015) (emphasis added) (<HOLDING>). 51 . See id. 52 . U.S. Sentencing Guidelines",292258,46988,4,case_hold_mc,holding that officers reliance on accountant negated a finding that he acted consciously voluntarily intentionally knowingly or recklessly in his failure to pay tax,holding that attempted firstdegree murder may be committed knowingly or intentionally,holding that person as defined in njsa 112 does not include the state based on the fact that 1 the definition of person indicates that such term includes the state when it is used to designate the owner of property which may be the subject of an offense and 2 state and municipality are separately defined in njsa 112,holding that a texas assault statute requiring that the defendant intentionally knowingly or recklessly causes bodily injury to another  may be violated by the defendant so causing such injury by means other than the actual attempted or threatened use of physical force against the person of another and hence does not have such use of force as an element alteration in original,holding that the offense defined by sections 2201a1 and b2b has three parts two of which include culpable mental states and that intentionally knowingly or recklessly in the third part modifies impeding the normal breathing or circulation of the blood of the person
344,"at trial. The State never called Rayford as a witness. In State v. Fisher, 222 Kan. 76, Syl. ¶ 5, 563 P.2d 1012 (1977), our Supreme Court held that a “declarant must testify at trial before hearsay evidence of his out-of-court statements may be admitted under K.S.A. 60-460(a).” Our Supreme Court later modified this rule in State v. Davis, 236 Kan. 538, 541, 694 P.2d 418 (1985), where it held that if a declarant is available and actually testifies at trial, hearsay evidence of his out-of-court statements can be admitted before or after the declarant testifies. Here, because Rayford was not called to testify as a witness at trial, hearsay evidence of his out-of-court statements was inadmissible under K.S.A. 60-460(a). See State v. Wilson, 35 Kan. App. 2d 333, 338, 130 P.3d 139 (2006) (<HOLDING>). Nevertheless, the trial court did not admit",293118,47145,2,case_hold_mc,holding that judge presiding at trial may not testify in that trial as witness,holding that before admitting rule 80324 hearsay statements the trial court must enter in the record appropriate statements rationale or findings of fact and conclusions of law,holding that trial court erred in admitting hearsay statements under ksa 60460a when declarant was not called to testify at trial,holding that the trial court did not err in allowing a witness to testify regarding the child victims hearsay statements prior to the child testifying because ocga  24316 allows testimony about a childs outofcourt statements even in cases when the child does not appear as a witness as long as the child is available at the trial to testify,holding that the issue was more appropriately framed as whether the trial court abused its discretion by admitting the evidence at trial
345,"safeguards, have failed to extend Eighth Amendment protections to civil forfeitures. See United States v. One Parcel of Property Located at 508 Depot Street, 964 F.2d 814, 817 (8th Cir.1992), cert. granted, — U.S. —, 113 S.Ct. 1036, 122 L.Ed.2d 347 (1993) (court reluctantly agrees that the Eighth Amendment does not apply in a civil forfeiture action); United States v. One Parcel of Real Property With Bldgs., 960 F.2d 200, 207 (1st Cir.1992) (recognizing that although the Second Circuit decided section 881(a)(7) forfeitures are subject to a proportionality analysis, the First Circuit ""has ruled the other way, taking the unequivocal position that proportionality analysis is inappropriate in civil forfeiture cases brought under section 881(a)(7).""); Certain Real Property, 943 F.2d at 727 (<HOLDING>); United States v. Real Property and Residence",293974,47288,2,case_hold_mc,holding that directed verdict does not violate seventh amendment,recognizing that courts have uniformly held that the eighth amendment does not apply to civil in rem actions since they are remedial in nature and not punishments for crimes,holding that the seventh circuit continues to adhere to the view that the eighth amendment does not apply to civil in rem actions,holding that a party cannot waive in rem jurisdiction under florida law and a court proceeding pursuant to in rem jurisdiction must actually possess in rem jurisdiction over the property that is the subject of the matter,holding the fourteenth amendment does not apply to the actions of the federal government
346,"254 F.3d 48, 59 (2d Cir.2001)). The Second Circuit’s holding in John Hancock now represents the majority view. See Washington Square Sec., Inc. v. Aune, 253 F.Supp.2d 839, 841 n. 1 (W.D.N.C.2003) (“The majority view is stated in the John Hancock opinion ... holding that customers of the NASD member firm’s representative/associated person can require the NASD member to submit to arbitration”) (internal citation omitted); see also Daugherty v. Washington Square Sec., Inc., 271 F.Supp.2d 681, 689-90 (W.D.Pa.2003) (“The majority of fedefal courts faced with interpreting NASD Rule 10301(a) concluded that NASD members must arbitrate disputes raised by customers of their associated persons”). It has been adopted by the S 130291, *1, 2002 U.S. Dist. Lexis 26527, *4 (E.D.Pa. Dec. 20, 2002) (<HOLDING>); Washington Square Sec. Inc. v. Sowers, 218",294834,47418,0,case_hold_mc,holding that customers of registered representative were customers of memberfirm,holding that investors who were customers of an associated person were not customers of a nasd member without evidence of a firsthand customer relationship,holding as a general rule that a bank and its customers do not have a special or confidential relationship,recognizing that the seller may accept the patronage of those customers who were actively dealing with the purchased company on the date of the sale if such customers choose to leave the purchased company without prompting from the seller,holding that plaintiffs who are customers of a registered representative of a nasd member firm are customers of the nasd member firm for purposes of compelling arbitration
347,"not render a lineup impermissibly suggestive: “neither due process nor common sense requires” that the other pictures used in a photographic array exactly match the defendant’s characteristics. Turner v. State, 600 S.W.2d 927, 933 (Tex.Crim.App.1980). Rather,"" the array must show individuáis who fit a rough description of the suspect. Wilson v. State, 15 S.W.3d 544, 553 (Tex.App.—Dallas 1999, pet. ref'd). A difference in the shirt colors or patterns does not, by itself, render a photographic lineup impermissibly suggestive. See Cienfuegos v. State, 113 S.W.3d 481, 492 (Tex.App.—Houston [1st Dist.] 2003, pet. ref'd) (“The mere fact that appellant wore a red shirt did not render the lineup impermissibly suggestive.”); Epps v. State, 811 S.W.2d 237, 244 (Tex.App.—Dallas 1991, no pet.) (<HOLDING>), cited in Cienfuegos, 113 S.W.3d at 492;",295688,47549,3,case_hold_mc,holding that lineup was admissible even where the defendant stood out because of a facial scar and a filed down tooth,holding that a defendant was entitled to counsel at a postindictment lineup,holding that where defendant was not subject to custodial interrogation agent did not violate the fifth amendment by contacting defendant for questioning after defendant refused to answer questions without a lawyer present,holding photographic lineup not suggestive where defendant was only subject wearing jacket or jacket and red shirt,holding that defendant was seized where the officer told defendant that she knew that he was on probation defendant admitted to the officer that he had given her a false name and defendant was asked for consent to search a backpack because a reasonable inference was that defendant was the subject of a continuing investigation and his or her freedom of movement had been significantly restricted by the officers show of authority
348,"third elements of the prima facie case. Thus, we consider only the first element of Thomas’ prima facie case—the public concern test. In determining whether Thomas’ speech in support of Perry’s promotion meets this threshold, we consider the “content, form, and context” of her speech. Connick, 461 U.S. at 147-48, 103 S.Ct. 1684; see Ulrich, 308 F.3d at 978. A. Content The district court concluded that Thomas’ support of Perry for the promotion was not a matter of public concern because her speech was about a personnel matter. However, the type of personnel matters that we have deemed unprotected under the public concern test are employment grievances in which the employee is complaining about her own job treatment, not personnel matters pertaining to others. See Ulrich, 308 F.3d at 978 (<HOLDING>); Hyland v. Wonder, 972 F.2d 1129, 1138 (9th",296540,47677,2,case_hold_mc,recognizing a public employees first amendment right to address matters of legitimate public concern,holding that falsification of information in a search warrant affidavit was a matter of public concern,holding that a doctors protest against the laying off of other physicians was of public concern,holding that issues of prison security public safety and official corruption are matters of public concern,holding that the absence of a motivating desire to address a matter of public concern was not dispositive as to whether the speech addressed a matter of public concern
349,"of such judgment, out of any monies unappropriated of such township; or, if there were no such monies, of the first money that shall be received for the use of such township. See Act of July 14, 1917, No. 319, P.L. 840, § 1396 (codified at 53 P.S. § 18462 (repealed 1931)); see also Kamm, 86 P.L J. at 404. The procedure did not require the commencement of a wholly independent civil action for mandamus as the majority appears to deem necessary. 2 . The difficulty with the Commonwealth Court's opinion, in my view, is that it equates the ordinary writ of execution filed by the Union with the specialized ""mandamus execution” writ called for by the formerly governing statute. See Borough of Wind Gap v. Teamsters Local 773 of the Int’l Bhd. of Teamsters, 759 A.2d 949, 953",297399,47817,0,case_hold_mc,holding that common pleas erred in setting aside the writ of execution on the basis that the union erroneously filed a writ of execution instead of filing a writ of mandamus,holding that a writ of execution under new jersey law is not an action against the consumer,holding that a court may grant a writ of mandamus if 1 the petitioner demonstrates that he lacks an adequate alternative 2 the petitioner demonstrates a clear and indisputable right to the writ and 3 the court is convinced that issuing the writ is warranted,holding that an execution may not run against the property of a political subdivision of the state and thus the only procedure available to a judgment creditor is the issuance of a writ of mandamus,holding that to grant a writ of mandamus a court in the exercise of its discretion must be satisfied that the writ is appropriate under the circumstances
350,"If it is appropriate to adjudicate Murphy not guilty of that charge, it may do so. If not, it must adjudicate and sentence him for that crime. Murphy v. State, 16 So.3d 269 (Fla. 5th DCA 2009) (citations and footnote omitted). Judge Griffin concurred specially with the following opinion: The trial court appeared to be uncertain about the double jeopardy issue in this case, which was understandable given the uncertain state of the law. Since this case was decided, however, the Florida Supreme Court issued its decision in State v. Meshell, 2 So.3d 132 (Fla.2009), which may inform the trial court’s decision on remand. In this case, count one charged capital sexual battery, alleging that defendant’s penis had union with the victim’s vagina. Defendant was found guilty of attempted s 1997) (<HOLDING>). Here, the proceedings before the trial court",298181,47957,4,case_hold_mc,holding that probation is not a sentence,holding that where there is a discrepancy between the written sentence and the oral pronouncement of sentence the latter prevails,holding that courts written sentence must conform to oral pronouncement,holding that a trial courts changing of the written sentence to conform with the oral pronouncement of sentence is ministerial,holding that entering a written sentence where none exists is ministerial
351,"liable and that “Defendants District of Columbia, MPD, Commander McCoy, the Watch Commander, Sgt. Gamble, USSS and Chief of the Uniformed Division” are “vicariously liable on the basis or [sic] respondeat superior for any violation of Mr. Powers’ civil and/or constitutional rights.” Compl. ¶ 32. As an initial matter, there is no vicarious liability for constitutional violations. This point of law is incontrovertible; it is directly established by Supreme Court and D.C. Circuit precedent. See Monell, 436 U.S. at 693, 98 S.Ct. 2018 (“[A] municipality cannot be held liable solely because it employs a tortfeasor — or, in other words, a municipality cannot be held liable under § 1983 on a respondeat superior theory.”); Int’l Action Ctr. v. United States, 365 F.3d 20, 27 (D.C.Cir.2004) (<HOLDING>); Arnold v. Moore, 980 F.Supp. 28, 35",299040,48097,0,case_hold_mc,holding that a supervisor cannot be held personally liable for the unconstitutional conduct of a subordinate based on vicarious liability,holding officer personally liable because he agreed to personally guarantee payment on an account,holding that no expert reports specifically addressing conduct of professional corporation and professional association were required when plaintiffs alleged only vicarious liability based on medical negligence of entities physicians explaining that the entities conduct is not measured by a medical standard of care but rather their liability was solely vicarious,holding that individual defendants with supervisory control over plaintiff cannot be held personally liable under title vii,holding supervisor personally liable for death of employee where supervisor personally arranged for employee to be dangled from the tines of a forklift over a vat of scalding water into which employee fell and died
352,"turn over the property, believing that § 43-45-4 allows him to exempt entirely the truck, boat, and legal claim against AIG by claiming one-dollar exemptions for each. We reject this contention. Unlike the two South Dakota statutes that provide absolute exemptions, the additional personal property exemption limits the debtor’s ability to claim exemptions to an aggregate value of $6,000 if the head of a family, or $4,000 if not the head of a family. Therefore, in claiming a one-dollar exemption in each of the truck, boat, and legal claim against AIG under § 43-45-4, Nessan simply utilized three dollars’ worth of the total value available for personal property exemptions. He did not exempt the property in its entirety. See, e.g., In re Ludwig, No. 01 — 40473 (Bankr.D.S.D. Oct. 25, 2001) (<HOLDING>); In re Hughes, 244 B.R. 805, 814",299886,48231,1,case_hold_mc,holding that the bankruptcy court did not err in finding bad faith and denying a debtors amended claim of exemption based upon evidence that the debtors undervalued their home in the schedules to reflect no equity,holding that trustee could sell debtors vehicles to recover for the estate any equity that exceeded  43454s exemption limit,holding that a debt or could only exempt an item of property that exceeded the exemption limit by paying the difference between the value of the property and the exemption limit to the estate,holding that debtors cannot claim an exemption in a homestead after trustee avoided the transfer of the property as a fraudulent conveyance because the transfer by the debtors was voluntary,holding that a debtors technically incorrect exemption in a wrongful death claim based on west virginias homestead exemption stands as claimed because the trustee did not object to the exemption in time
353,"who are in a juvenile facility as of their 20th birthday: and (2) Appellant was a state prisoner on that date (and, indeed, he remains a state prisoner). ” Id. at 1155. 4 . We note Appellant also contends that the trial court erred in improperly admitting into evidence the testimony of Brian Swoyer, a youth development counselor at South Mountain Secured Treatment Unit, regarding particular fantasies expressed by Appellant. Appellant’s Brief at 27-29. However, Appellant concedes that this specific issue was not raised in his Pa.R.A.P. 1925(b) statement. Appellant’s Brief at 28 n. 24. Accordingly, we are constrained to conclude that any argument regarding Mr. Swoyer’s testimony is waived for purposes of appellate review. See Commonwealth v. Lord, 553 Pa. 415, 719 A.2d 306, 308 (1998) (<HOLDING>). See also Commonwealth v. Oliver, 946 A.2d",300733,48371,4,case_hold_mc,holding that issues   not explicitly raised in the statement of questions involved are  waived,holding that issue not raised in a statement filed pursuant to parap 1925b is waived for purposes of appeal,holding any issues not raised in a rule 1925b statement will be deemed waived,holding that in order to preserve their claims for appellate review appellants must comply whenever the trial court orders them to file a statement of matters complained of on appeal pursuant to pa rap 1925b any issues not raised in a parap 1925b statement will be deemed waived,holding that where a trial court directs a defendant to file a concise statement pursuant to parap 1925 any issues not raised in that statement shall be waived
354,"“walked by the monument”); McCreary County v. ACLU, 545 U.S. 844, 852, 125 S.Ct. 2722, 162 L.Ed.2d 729 (2005) (county citizens saw Ten Commandments display that was “readily visible” to them when they used courthouse to conduct civic business); County of Allegheny v. ACLU, 492 U.S. 573, 587-88, 109 S.Ct. 3086, 106 L.Ed.2d 472 (1989) (local residents saw creche in county courthouse and menorah on town property); Lynch v. Donnelly, 465 U.S. 668, 671, 104 S.Ct. 1355, 79 L.Ed.2d 604 (1984) (local residents saw creche on town property); Marsh v. Chambers, 463 U.S. 783, 784-86, 103 S.Ct. 3330, 77 L.Ed.2d 1019 (1983) (member of legislature heard prayer at opening of each legislative session); cf Salazar v. Buono, — U.S.-, 130 S.Ct. 1803, 1812, 176 L.Ed.2d 634 (2010) (opinion of Kennedy, J.) (<HOLDING>). Moreover, the fact that a large number of",301588,48507,4,case_hold_mc,holding that the display of a creche as a part of a public christmas display depicts the historical origins of this traditional event long recognized as a national holiday,holding that plaintiffs have standing to assert establishment clause violation because in part a cross led plaintiffs to alter their behavior,holding impermissible the prominent display of a cross on a public building,holding that plaintiffs have standing to challenge the constitutionality of the presence of a cross in a city park even though the cross was neither erected nor financially maintained by the government,recognizing that plaintiffs standing to challenge public display of a cross was accepted in prior lowercourt decision
355,"26(b)(1) (describing the permissible scope of discovery in extremely broad terms); cf. United States v. Bryan, 339 U.S. 323, 331, 70 S.Ct. 724, 94 L.Ed. 884 (1950) (noting the long-recognized public interest in truthseeking). A reporter may be protected from having to comply with a disclosure request, however, when it would impair his ability to gather news, thereby weakening “a vital source of public information.” See, e.g., Zerilli v. Smith, 656 F.2d 705, 711 n. 39 (D.C.Cir.1981) (finding a “reporter’s privilege,” as “[t]he Supreme Court [has] explicitly acknowledged the existence of First Amendment protection for news gathering”) (citing Branzburg v. Hayes, 408 U.S. 665, 681, 92 S.Ct. 2646, 33 L.Ed.2d 626 (1972)); see also In re Behar, 779 F.Supp. 273, 275 (S.D.N.Y.1991) (<HOLDING>). The party asserting the reporter’s privilege",302444,48648,0,case_hold_mc,recognizing that the reporters privilege applies to both confidential and nonconfidential disclosures from the source to the reporter,holding that privilege applies in similar factual circumstances,recognizing privilege,recognizing qualified privilege for confidential presidential communications,recognizing a qualified privilege for confidential sources in a libel suit
356,"that appellant had acted with particular cruelty. The district court thereafter sentenced appellant to a double upward durational departure of 300 months. ISSUES 1. Did the district court commit reversible error by allowing Dr. Roe to testify regarding the laboratory test results and to render an opinion based in part on those results because admission of that evidence violated appellant’s right to confront witnesses? 2. Did the district court err or abuse its discretion with respect to the other issues raised by appellant? ANALYSIS I. “[E]videntiary rulings — including the admission of chemical or scientific test reports — are within the discretion of the district court and will not be reversed absent a clear abuse of discretion.” State v. Caulfield, 722 N.W.2d 804, 308 (Minn.2006) (<HOLDING>). “But whether the admission of evidence",303293,48778,1,case_hold_mc,holding that the confrontation clause applies only to testimonial hearsay,holding that bureau of criminal apprehension bca laboratory report identifying a substance as cocaine was testimonial and implicated defendants right to confrontation,holding the confrontation clause applies only to testimonial statements,holding forensic laboratory experts statement that substance was cocaine is testimonial for sixth amendment confrontation clause purposes,holding that state bureau of criminal apprehension laboratory report offered at trial to prove that substance seized from defendant was cocaine was clearly prepared for litigation and was testimonial
357,"of sexual misconduct with more than one victim, and the Smart School obviously acquiesced in order to obtain at least some coverage for sexual misconduct by its employees. Moreover, unlike in the pollution exposure cases, the coverage “trigger” is ascertainable and therefore not illusory. Notably, in Diocese of Joliet, the court acknowledged that “[t]he first encounter rule may apply where the parties agree that all damage occurred at the time of the first sexual encounter.” In this case, the parties were free to define the scope of coverage for sexual misconduct by incorporating the first encounter rule among the insuring provisions and P.J. has supplied no legitimate reason why it should not be enforced as written. See Green v. Life & Health of Am., 704 So.2d 1386, 1391 (Fla.1998) (<HOLDING>); See also Quinerly v. Dundee Corp., 159 Fla.",304145,48911,2,case_hold_mc,holding that a sentence not in compliance with the mandatory provisions of a sentencing statute was illegal and appealable,holding that under the tgaa procedural questions such as compliance with conditions precedent are left to arbitrators determination,holding that assuming compliance with a standard form and the absence of conflict with statute the parties to a contract of insurance are free to incorporate such provisions and conditions as they desire,holding that such provisions are valid,holding that when a conflict arises between parties to a contract regarding the subject matter of that contract the contractual relationship controls and parties are not permitted to assert actions in tort in an attempt to circumvent the bargain they agreed upon
358,"of identity, authority and purpose, unless exigent circumstances require his immediate forcible entry. (c) If the officer is not .admitted after such reasonable period, he may forcibly enter the premises and may use as much physical force to effect entry therein as is necessary to execute the Search. See also Commonwealth v. McDonnell, 512 Pa. 172, 516 A.2d 329 (1986). Here, the warrant authorized a search of the defendant’s second floor apartment at 925 South Queen Street. Given this description, we believe that it was reasonable for the police to open the unlocked front door without knocking and enter the vestibule area. This area contained mailboxes, stairs and the door to what appeared to be a first floor apartment. See United States v. Acosta, 965 F.2d 1248 (3rd Cir. 1992) (<HOLDING>). Detective Roberts thereafter yelled up",305002,49050,2,case_hold_mc,holding that the defendant had a duty to retreat from the doorway between his apartment and the apartment hallway because that area functioned as a hybrid privatepublic space,holding that a dog sniff outside the defendants door in his apartment building was not a search within the meaning of the fourth amendment so long as the police were lawfully present in the hallway when the search occurred,holding that the defendant had no expectation of privacy in the hallway of an apartment building where the building door was unlocked and the hallway was easily accessible to the public,holding that defendants lacked a reasonable expectation of privacy in common area of residential building,holding that defendants had no reasonable expectation of privacy in the common areas of an apartment building
359,"should have been suppressed); United States v. Lopez-Soto, 205 F.3d 1101, 1106 (9th Cir.2000 poena Estrada-Nava and Colin also appeal the district court’s denial of their ex parte application for issuance of an out-of-district subpoena duces tecum pursuant to Federal Rule of Criminal Procedure 17(c). In their respective plea agreements, Estrada-Nava and Colin reserved only their right to seek review of the district court’s denial of the motion to suppress. They did not reserve the right to appeal “any other determination or issue,” including the district court’s denial of their ex parte application for a subpoena duces tecum. As a result, Estrada-Nava and Colin have waived this issue on appeal, and we decline to rule on it. See United States v. Chon, 210 F.3d 990, 995 (9th Cir.2000) (<HOLDING>); United States v. Alexander, 761 F.2d 1294,",305849,49187,3,case_hold_mc,holding that conditional guilty pleas are valid when entered into in accordance with certain standards,holding appeal waiver in conditional guilty plea agreement precluded defendant from asserting new argument on appeal in support of suppression motion,holding that issues not raised before a district court are waived on appeal,holding that appellants waived all issues not expressly reserved for appeal in their conditional guilty pleas,holding that issues were not waived on subsequent appeal when initial appeal was dismissed
360,"the “[preservation of the opportunity to prove actual bias is a guarantee of a defendant’s right to an impartial jury.” Dennis v. United States, 339 U.S. 162, 171-72, 70 S.Ct. 519, 94 L.Ed. 734 (1950), questions directed at potential bias may be constitutionally compelled. For example, when faced with the prospect of racial bias, a federal habeas court must inquire whether “under all of the circumstances presented there was a constitutionally significant likelihood that, absent questioning about racial prejudice, the jurors would not be as ‘indifferent as (they stand) unsworne.’ ” Ristaino v. Ross, 424 U.S. 589, 596, 96 S.Ct. 1017, 47 L.Ed.2d 258 (1976) (quoting Coke on Littleton 155b (19th ed. 1832)); see also Turner v. Murray, 476 U.S. 28, 36-37, 106 S.Ct. 1683, 90 L.Ed.2d 27 (1986) (<HOLDING>). Howev er, the Supreme Court has “stressed the",306705,49324,1,case_hold_mc,holding there was no constitutional presumption of juror bias where counsel asked the district court to make an inquiry into potential prejudice because the defendant was black and the prospective jurors were white,holding that a capital defendant accused of an interracial crime is entitled to have prospective jurors informed of the race of the victim and questioned on the issue of racial bias,holding that tire purposeful exclusion of prospective jurors because they are black and female is discrimination on account of both race and gender in direct violation of batson ,holding that a criminal defendant can bring a third party challenge to the peremptory striking of jurors based on race whether or not he is of the same race as the jurors who are struck,holding that if the reason the victim cannot testify at trial is that the accused murdered her then the accused should be deemed to have forfeited the confrontation right even though the act with which the accused is charged is the same as the one by which he allegedly rendered the witness unavailable
361,"determined that these claims were preempted without a full analysis of HOLA, undoubtedly due, in part, to Plaintiffs opposition, which, while advocating against HOLA preemption, was stricken as untimely filed. Marquez, 2013 WL 5141689, at *3; see Plaintiffs Response to Defendant’s Motion to Dismiss, Marquez v. Wells Fargo, N.A., Case No. C 13-2819 PJH (N.D.Cal. July 30, 2013), ECF No. 28. A minority of courts, however, have recently “questioned the logic of allowing a successor party such as Wells Fargo to assert HOLA preemption, especially when the wrongful conduct alleged was done after the federal savings association or bank ceased to exist.” Rijhwani, 2014 WL 890016, at *7; see also Gerber v. Wells Fargo Bank, N.A., CV 11-01083-PHX-NYW, 2012 WL 413997, at *4 (D.Ariz. Feb. 9, 2012) (<HOLDING>); Leghorn v. Wells Fargo Bank, N.A., 950",307566,49463,0,case_hold_mc,holding that hola preemption does not apply to wells fargo because it is not a federal savings association,holding removal and preemption are distinct concepts erisa preemption does not allow removal unless complete preemption exists,holding that a party did not waive its preemption defense where its answer did not specifically mention preemption but contained a broader defense that was capable of encompassing preemption,holding that hola preemption applies to state laws targeting the activities of exclusive agents of federal savings associations,holding that the preemption provision of the act does not apply to a fraud prosecution because there is no conflict with state insurance regulation
362,"Co., 576 F.Supp. 985, 989 (N.D.Ill.1983) (striking at the pleadings stage affirmative defense of estoppel where facts alleged showed an absence of detrimental reliance on the part of the defendant). Honeywell asserts that “the same facts supporting Honeywell’s affirmative defenses also support Honeywell’s non-affirmative defense that the United States cannot meet its burden of proof on the elements of a False Claims Act violation.” (Defi’s Opp’n at 14.) Honeywell represents that it expects to argue, on the same facts described above, that it was forthcoming with relevant information and therefore did not knowingly cause the presentation of false claims. The government agrees that this contention could support Honeywell’s non-affirmative defense to the action. (See Pl.’s Reply at 11 (<HOLDING>)). As is explained above, though, Honeywell’s",308420,49599,4,case_hold_mc,holding that the provisions of the false claims act allowing suit imposing liability on any person who presented false claims to the federal government did not allow suits against state governments,holding that certain claims could not be a class issue in part because the complaint did not mention the claims,holding both that a defendants prior disciplinary history was properly precluded because it did not involve an element of deceit or falsification and that defendants earlier allegedly false statements could not be admitted because proving their falsehood would have required the introduction of extrinsic evidence showing the statements made to be false,recognizing the government must submit some evidence of property destruction but it is within the district judges discretion to determine how evidence should be presented,recognizing that evidence of government knowledge of the defendants conduct could be part of a defendants argument that it did not knowingly submit false claims
363,"3 . See Minnesota v. Olson, 495 U.S. 91, 100, 110 S.Ct. 1684, 1689, 109 L.Ed.2d 85 (1990) (noting that ""a warrantless intrusion may be justified by ... the risk of danger -to the police or to other persons”) (citations omitted); In re Sealed Case, 153 F.3d 759, 765-66 (D.C.Cir. 1998); Dorman v. United States, 435 F.2d 385 (D.C.Cir.1970) (enbanc). 4 . The government, for its part, forswears reliance on Buie as justification for the search that actually resulted in discovery of the gun. Appellee's Br. at 12 n.3. 5 . That fact alone is not enough, of course, to create an exception to the warrant requirement. See Mincey, 437 U.S. at 395, 98 S.Ct. at 2414 (rejecting a “murder scene exception” to the warrant requirement). 6 . Cf. United States v. Brown, 334 F.3d 1161, 1171 (D.C.Cir.2003) (<HOLDING>); United States v. Christian, 187 F.3d 663, 669",309276,49725,0,case_hold_mc,holding that the presence of a gun in a cars passenger compartment supported the possibility that the cars trunk contained ammunition additional weapons andor other contraband,holding that although search of passenger compartment was legal search of trunk was not,holding that there was insufficient evidence to establish that defendant had knowledge of firearm in close proximity to him when he was driving the car for the cars owner who was a passenger,holding an officer could not ask for consent to search a cars passenger compartment for an additional vin when the vin on the dashboard was visible from outside the car,holding that the defendant who stood by and watched as the officers searched the vehicle consented to a search during which officers checked under a cars seat looked in the cars glove compartment and removed a speaker by unscrewing it from a panel
364,"U.S. at 599, 115 S.Ct. 2357). The indictment in this case sufficiently alleges the elements of obstructing justice under the omnibus clause of § 1503: that Spadoni (1) endeavored (2) corruptly (3) to influence or obstruct the due administration of justice. See 18 U.S.C. § 1503; United States v. Fasolino, 586 F.2d 939, 940 (2d Cir.1978). Whether the government can prove that Spadoni knew his actions were likely to affect the grand jury will depend on the evidence at trial. See United States v. Furkin, 119 F.3d 1276, 1282 (7th Cir.1997). The fact that the indictment alleges that Spadoni believed that the grand jury would likely order the production of the documents does not compel a contrary conclusion. Cf. United States v. Miller, 471 U.S. 130, 136, 105 S.Ct. 1811, 85 L.Ed.2d 99 (1985) (<HOLDING>). Finally, because the statute is not ambiguous",310134,49873,2,case_hold_mc,holding that defendants prior possession of the physical means of committing the crime is some evidence of the probability of his guilt and is therefore admissible,holding that if a crime is broadly defined the court can look beyond the elements of the crime,holding that an indictment is sufficient as long as it fully and clearly sets out the crime and the elements of the offense even if the evidence consists of proof of other means of committing the same crime,holding that an allegation as to the time of the offense is not an essential element of the offense charged in the indictment and within reasonable time limits proof of any date before the return of the indictment and within the statute of limitations is sufficient,holding that an indictment gave sufficient notice when the indictment charged the elements of the offense
365,"the Ordinance is constitutional “[b]ecause the Flag Ordinance is reasonab ther government property should be made available for protected expressive activity ..., we apply different levels of protection for different types of government property.” News & Observer Publ’g Co. v. Raleigh-Durham Airport Auth., 597 F.3d 570, 577 (4th Cir.2010). First, public forums have been defined by the Supreme Court as “places which by long tradition or by government flat have been devoted to assembly and debate,” and they are subject to stringent First Amendment protection. Perry Educ. Ass’n v. Perry Local Educators’ Ass’n, 460 U.S. 37, 45-46, 103 S.Ct. 948, 74 L.Ed.2d 794 (1983); see also Cornelius v. NAACP Legal Defense & Educ. Fund, Inc., 473 U.S. 788, 817, 105 S.Ct. 3439, 87 L.Ed.2d 567 (1985) (<HOLDING>). A governmental restriction on speech in a",310995,50016,4,case_hold_mc,recognizing that abutting property owners have certain private rights in existing streets and highways in addition to their right in common with the general public to use them,recognizing that public utilities affect the public interest in that they render essential public services to a large number of the general public,holding in the context of picketing on a matter of public concern that residential streets are traditional public fora uninhibited robust and wideopen debate on public issues strikes at the core of the first amendment id at 479 108 sct at 2499,recognizing the public interest exception,recognizing parks streets and sidewalks as quintessential public forums
366,"allegations supporting a charge of endangerment of a child under N.D.C.C. § 19-03.1-22.2. C [¶ 8] In July 2012, the State charged Lamon with one count of endangerment of a child. The State’s affidavit of probable cause alleged that Lamon gave birth to John Doe and, immediately following his birth, he tested positive for methamphetamine. [¶ 9] Lamon moved to dismiss the complaint. She argued the State failed to allege she committed an act of endangerment against her child. The State argued that the child was “exposed” to methamphetamine postpartum, and the mother was criminally liable. The trial court dismissed the complaint, concluding “there [were] no allegations that [Lamon] knowingly or intentionally caused, or permitted her child to be exposed to, to ingest or inhale, or to h 1999) (<HOLDING>). [¶ 22] Contrary to the majority of states,",311848,50151,3,case_hold_mc,holding that fetus was not a human being for purposes of attempted firstdegree intentional homicide and firstdegree reckless injury statutes,holding a fetus is not a child person or individual for purposes of criminal prosecution under the reckless injury to a child statute,holding that allegations of intentional acts causing injury resulted in the complaint falling outside the coverage of an insurance policy insuring only against accidental injury,holding reckless injury and attempted firstdegree intentional homicide statutes were not applicable to a mother who consumed excessive amounts of alcohol causing injury to her child postpartum,holding a mother was not criminally liable for knowingly causing injury to a child under circumstances likely to produce death or serious physical injury after the mothers prebirth ingestion of heroin caused her child to suffer heroin withdrawal symptoms postpartum
367,"a natural and commonsense result,” the Court concludes that Segal’s arguments on continuity fail. Vicom, 20 F.3d at 780. First, although the mail and wire fraud acts are generally of the same type, the sixteen enumerated acts clearly are sufficient in quantity, weighing in favor of finding continuity. Corley, 142 F.3d at 1049 (considering “the number and variety of predicate acts” as factor determining continuity) (emphasis added). Cf. Brandon Apparel Group, Inc. v. Quitman Mfg. Co., 52 F.Supp.2d 913, 919 (N.D.Ill.1999) (concluding that only three acts, two of which were wire fraud, weighed against finding a pattern). Second, the acts charged are alleged to have occurred during a seven-year period between 1995 and 2001-a time period sufficient to invoke RICO. Cf. Vicom, 20 F.3d at 780 (<HOLDING>); Midwest Grinding Co., Inc. v. Spitz, 976 F.2d",312707,50290,1,case_hold_mc,recognizing trial court should not weigh evidence,holding that ninemonth period not sufficient to weigh in favor of finding closedended continuity,holding that where the issue is one of arbitrability the federal presumption in favor of arbitration shifts to favor a court determination,holding that not all poulis factors must weigh in favor of dismissal,recognizing that a court must balance the policy in favor of hearing a litigants claims on the merits with the policy in favor of finality
368,"the in banc court in the normal course. C. In his affidavit in support of Gallop’s motion for disqualification, William Veale — one of Gallop’s counsel of record— “demand[sj” not only that the panel, but “any other members of the bench of this Circuit who share their feelings[,j be recused.” Motion to Disqualify (Veale Aff. ¶ 2). We know of no precedent for recusing unnamed judges based on a prejudice, the only evidence of which is manifested in a decision adverse to an attorney’s (or a party’s) interests. Cf. In re Nettles, 394 F.3d 1001, 1003 (7th Cir.2005) (recusing all district and circuit judges where the defendant acted on a threat to destroy the federal courthouse in which those judges worked by means of a truck bomb). But see Tapia-Ortiz v. Winter, 185 F.3d 8, 10 (2d Cir.1999) (<HOLDING>). Veale certainly points to none. Indeed,",313568,50426,0,case_hold_mc,recognizing that under the rule of necessity where all judges would be disqualified in a suit brought against every district and circuit court judge in the circuit none are disqualified,holding that the rule preventing one judge of a district court from overruling a decision by another judge of the same court except under exceptional circumstances should be followed in the third circuit,recognizing circuit split,holding that a transfer order issued by a district court in another circuit is reviewable only in the circuit of the transferor district court,holding that an order or judgment issued by a disqualified judge is void but not because the court lacked jurisdiction
369,"142 Pa.Commonwealth Ct. 637, 598 A.2d 110 (1991). It places the averments contained in the notice of suspension at issue, including the date the alleged refusal occurred. Id. at 641, 598 A.2d at 112. Because each and every instance of a refusal under Section 1547(b)(1) constitutes a separate and cognizable basis for suspension, a discrepancy in the date of refusal alleged on a notice of suspension is material. Ballock, supra at 641, 598 A.2d at 112. The date alleged in the notice of suspension is the only way in which PennDOT identifies the refusal for which it is attempting to revoke a driver’s license and it is the only notice which informs the licensee of what he must defend against. C.f Hughes v. Pa. Board of Probation and Parole, 81 Pa.Commonwealth Ct. 87, 473 A.2d 225 (1984) (<HOLDING>). Since each refusal separately dated",314423,50572,3,case_hold_mc,holding that violation of state law was not a per se constitutional violation,holding that the date of the federal indictment not the date of the state arrest was the triggering date for the speedytrial act,holding that where the date of the offense is not an element of the charge  a variance between the indictment date and the proof at trial is not fatal so long as the acts charged were committed within the statute of limitations period and prior to the return date of the indictment,holding variance in location of alleged parole violation not material when violation identified not only by where it took place but also by date of arrest date of conviction and specification of violation,holding that section 10b violation occurs on date of alleged misrepresentation not the date of the sale or purchase of securities
370,"However, a violation of one or both of these statutes, particularly a violation that was not witnessed by a law enforcement officer, would not subject Lopez to custodial arrest. See NMSA 1978, § 66-8-123 (2013) (requiring, subject to specific exceptions, that an individual arrested for a misdemeanor violation of the Motor Vehicle Code be cited and released); State v. Reger, 2010-NMCA-056, ¶ 13, 148 N.M. 342, 236 P.3d 654 (“The [misdemeanor arrest] rule provides that generally, in New Mexico, an officer may execute a warrantless misdemeanor arrest only if the offense was committed in the officer’s presence.” (alteration, internal quotation marks, and citation omitted)). {29} Cases cited by Appellant, including Blea and Torres v. State, 1995-NMSC-025, ¶ 24, 119 N.M. 609, 894 P.2d 386 (<HOLDING>), in support of her argument that Deputy",315270,50716,1,case_hold_mc,holding that jailers had no independent duty to investigate,holding that the duty to investigate applied to a specific murder suspect,holding that where both firstdegree and felony murder were possible bases for a murder conviction a jury instruction that suggested the jury could rely on felony murder as the predicate offense for a conviction for conspiracy to commit murder was improper because under arizona law a conviction for conspiracy to commit firstdegree murder requires a specific intent to kill,recognizing that the duty has been applied to accountants,holding that officers owe a duty to the public to detect and investigate crime but owe no duty to individuals for negligent investigation
371,"form and content of passports in furtherance of its enumerated powers”). Zivotofsky would have us stop there. He reasons that because Congress has the power to regulate passports and because Section 214(d) is passport legislation, the statute is constitutional. This argument, however, overlooks the independent limitations the Constitution imposes even on legislation within Congress’s enumerated powers. That is, a statute that Congress would otherwise have authority to enact may still run up against some independent restriction on its power. For example, the Commerce Clause authorizes Congress to regulate interstate communications, but a communications statute may nevertheless run afoul of the First Amendment. See, e.g., Reno v. ACLU, 521 U.S. 844, 117 S.Ct. 2829, 138 L.Ed.2d 874 (1997) (<HOLDING>). The fact that Congress has affirmative",316121,50849,2,case_hold_mc,holding that uniteds lease provisions violated  4 of the sherman act,recognizing first amendment retaliation right,holding that antiindecency provisions of the communications decency act violated the first amendment,holding that the countys permit fee violated the first amendment,holding that same activity violated  2 of the sherman act
372,"suppression hearing, however, Officer Roberts testified that at least one witness had indicated that the shooter used a handgun. He further stated that he suspected Mr. Jimenez, whom Officer Roberts knew had a prior felony conviction, of being a felon in possession of a firearm — in which case Mr. Jimenez’s possession of “any firearm” would be evidence of the commission of a crime. The affidavit did not reveal that Mr. Jimenez had a prior felony conviction, however, and he therefore contends that as to the investigation of the battery, the warrant was overbroad. We agree that the warrant was overbroad. Though there was probable cause to search for a handgun, the warrant authorized a search for “any firearms.” See United, States v. Gardner, 537 F.2d 861, 862 (6th Cir.1976) (per curiam) (<HOLDING>). Similarly, though probable cause existed that",316976,50974,0,case_hold_mc,holding warrant was overbroad when probable cause existed to search for a pistol but warrant permitted search and seizure of all firearms and ammunition,holding warrant valid where search warrant application affidavit was signed and probable cause existed for issuance of warrant,holding that probable cause existed to search the defendants residence because the warrant affidavit established probable cause that the defendant possessed stolen firearms and because people generally keep firearms at home or on their persons,holding that a visual body cavity search requires probable cause and a search warrant,holding that seizure of ammunition gun clips and related firearm paraphernalia was permitted under plainview doctrine where warrant simply authorized seizure of firearms
373,"se admissibility rule. “The waiver of the attorney-client privilege, however, results from the ACRD’s public disclosure of its attorney’s legal conclusions, not the admissibility of the reasonable cause determination into evidence.” (Doc. 83 at 16 n. 3). The ACRD’s argument makes no effort to establish that, under state law, the ACRD did not waive any attorney-client privilege it may have had in the reasonable cause determination. As a result, the Motion does not meet the standard required for this Court to reconsider its order. II. Motion For Stay After consideration, Plaintiffs Motion for Stay is denied in part and granted in part. Pursuant to Mohawk Indus., Inc. v. Norman Carpenter, Plaintiffs motion to stay pending appeal is denied. — U.S. -, 130 S.Ct. 599, 175 L.Ed.2d 458 (2009) (<HOLDING>). Further the Court declines to certify the",317837,51114,3,case_hold_mc,holding that the information is not protected by attorneyclient privilege,holding that orders overruling claims of privilege and requiring disclosure are immediately appealable as collateral orders,holding that disqualification orders do not fall in the collateral order exception,holding that disclosure orders adverse to the attorneyclient privilege do not qualify for immediate appeal under the collateral order doctrine,recognizing the collateral order doctrine for the first time
374,"at 884 (“[T]he defendant’s right to challenge the evidence introduced against him is quite limited. He can offer evidence that explains the requesting country’s proof, but he cannot submit evidence that contradicts it.”). Costa Rica has submitted credible evidence, in the form of statements from Umana and the fifth floor receptionist, that Nolan returned to the Intercontinental around 10:00 a.m. on March 6, 2005. Cos-ta Rica’s submission also includes several witnesses statements and emails that suggest Brenes, rather than Nolan, removed the documents from Cohen’s room. Nevertheless, we will credit Costa Rica’s evidence and assume that Nolan returned to the hotel and removed documents from Cohen’s room. See In re Sainez, 2008 WL 366135 at *18, 2008 U.S. Dist. LEXIS 9573 at *55-56 (<HOLDING>). However, this fact still does not show that",318693,51251,4,case_hold_mc,holding that the dismissal of an indictment did not negate the presumption of probable cause,holding that a probable cause determination is appropriate for summary judgment where there are no genuine issues of material fact and no credibility issues,holding that a suspects ability to proffer an innocent explanation for the facts does not negate probable cause,holding the fact that officers belief proved to be mistaken does not negate a finding of probable cause,holding that inconsistencies that are not sufficient to negate the showing of probable cause raise issues which are appropriate for determination at full trial in the requesting country
375,"about the continued vitality of the prior conviction exception, we conclude that it remains valid after Blakely.” Lopez, 113 P.3d at 723. See also State Oil Co. v. Khan, 522 U.S. 3, 20, 118 S.Ct. 275, 139 L.Ed.2d 199 (1997) (stating that it is the “[Supreme] Court’s prerogative alone to overrule one of its precedents”). Therefore, we decline to readdress this issue. Secondly, Huber urges us to hold that the prior-conviction exception to Blakely violates the Colorado Constitution. In support of this argument, Huber reminds us of the familiar principle that .nothing in our federal system of government prohibits the Colorado Constitution from offering greater protections than the federal Constitution. See People ex rel. Juhan v. District Court, 165 Colo. 253, 261, 439 P.2d 741, 745 (1968) (<HOLDING>). Along, with Juhan, Huber cites People v.",319547,51384,0,case_hold_mc,recognizing the authority of each state to create protections for its citizens which might not be required under the federal concept,holding that sovereign immunity barred a federal question suit against a state brought by one of its own citizens even though the text of the eleventh amendment only addresses suits brought by citizens of another state,holding citizens lacked standing to challenge statute when all citizens affected in the same way,recognizing that state agencies which are independent of the state are citizens of the state,holding state immune from suit brought by its own citizens
376,"v. Robertson, 28 F.3d 753, 758 (8th Cir.1994). However, “[o]ne does not have to await the consummation of threatened injury to obtain preventative relief.” Babbitt v. United Farm Workers Nat’l Union, 442 U.S. 289, 298, 99 S.Ct. 2801, 2308, 60 L.Ed.2d 895 (1979) (citation omitted). One factor in deciding whether plaintiff has alleged an actual or imminent threat of injury is whether plaintiff is challenging a regulation which he himself is the object. When a plaintiff challenges a government regulation that governs the conduct of someone other than the plaintiff, then the plaintiff faces a difficult task to show that the threat of injury to plaintiff is certain and imminent. Lujan, 504 U.S. at 561-63, 112 S.Ct. at 2137. On the other hand, if a plaintiff challenges a governme Cir.1996) (<HOLDING>). As articulated by the Supreme Court, a",320404,51520,0,case_hold_mc,holding that plaintiff met requirements for standing to challenge an agencys actions in lifting restrictions on snowmobiling because she swore that she visits the park at least twice a year and described specific imminent future trips she had planned,holding that a plaintiff could not show that she engaged in protected activity because she did not present evidence that she informed her employer that her complaints were based on race or age discrimination,holding appellant produced no evidence that when she made her complaints to management she ever mentioned that she felt she was being treated unfairly due to her race or sex,holding that a plaintiff can show that she is qualified by presenting credible evidence that she continued to possess the objective qualifications she held when she was hired,holding that substantial evidence did not support agencys finding fear speculative when petitioner had offered evidence that she had already had two children that she planned to have more that she had gone to great lengths to avoid being sterilized in china and that she had removed her iud after escaping to the united states
377,"prevented the consummation of a contract when these forms are exchanged, Section 2-207 recognizes that in many, but not all, cases the parties do not impart such significance to the terms on the printed forms.”). Instead, Christy contends that the district court should have looked beyond the acknowledgment form’s language and focused on the parties’ intent as determined by the factual circumstances surrounding the agreement, to determine whether the acceptance was in fact expressly conditional on PCS’s assent. See Brief for Appellant at 12-13 (citing John E. Murray, Section 2-@07 of the Uniform Commercial Code: Another Word About Incipient Unconscionability, 39 U. Pitt. L.Rev. 597 (1978)). But see C. Itoh & Co. (America) v. Jordan Int’l Co., 552 F.2d 1228, 1235-36 (7th Cir.1977) (Itoh) (<HOLDING>). Christy argues that, based on the facts and",321257,51659,4,case_hold_mc,holding that performance may be valid acceptance,holding that although sellers acknowledgment was not valid acceptance of buyers offer under  22071 buyers subsequent acceptance of and payment for goods along with buyers objection to a particular term within counteroffer constituted assent to remaining terms of counteroffer,holding that a conditional acceptance can be manifested merely in a partys conduct,holding that a valid contract requires acceptance of an offer,holding that written confirmation was not valid acceptance under  22071 where it contained language matching  2207ls expressly conditional proviso
378,"happens to depart from, or return to, his home instead of some other location.” Id. at 1062 (citing Morillion, 22 Cal.4th at 587, 94 Cal.Rptr.2d 3, 995 P.2d 139). However, the Ninth Circuit gave special emphasis to the fact that, dining the uncompensated commute, the plaintiff “was required to drive the company vehicle .... ” Id. at 1061 (emphasis original). As a result of the defendant’s mandatory vehicle policy, the plaintiff “could not stop off for personal errands, could not take passengers, was required to drive the vehicle directly from home to his job and back, and could not use his cell phone while driving except that he had to keep his phone on to answer calls from the company dispatcher.” Id. at 1061-1062 (emphasis original). Severa th 314, 317, 324, 37 Cal.Rptr.3d 460 (2005) (<HOLDING>). As noted, in the instant case, Defendant did",322117,51793,1,case_hold_mc,holding that commute time in company vehicle  even where use of the vehicle was restricted nonpersonal uses was not compensable because it was optional,holding that time was compensable where the crew was required to travel in the employers vehicle to job sites,holding that travel time is fully compensable,holding that time was not compensable where the employer provided but did not require use of a shuttle,holding that plaintiff who slipped and fell on ice while securing cars on his employers motor vehicle carrier preparing to travel was very close to the vehicle and engaged in a task related to the vehicle and therefore was an occupier of a motor vehicle
379,"statute of limitations^ Plaintiffs assert a number theories to buttress their contention that the district court’s holding with respect to the statute of limitations was in error. Plaintiffs first claim that the district court applied the incorrect statute of limitations; in the alternative, they assert a “continuing violation” theory, a “continuing conspiracy” theory, and a “discovery” theory. 1. Wrong Statute of Limitations The plaintiffs’ claim that the district court applied the wrong statute of limitations is meritless. The plaintiffs cite to two Ohio Court of Appeals decisions which hold that Ohio’s four-year “residual” statute of limitations is the proper statute of limitations in § 1983 eases. See Bojac Corp. v. Kutevac, 64 Ohio App.3d 368, 581 N.E.2d 625, 627 (1990) (<HOLDING>); Weethee v. Roso, 64 Ohio App.3d 532, 582",322978,51938,4,case_hold_mc,holding district court erred in relying on authority other than that of the supreme court of the united states in its analysis under  2254d,recognizing that prior supreme court precedent to the contrary see patterson v mclean credit union 491 us 164 109 sct 2363 105 led2d 132 1989 was superceded by the 1991 amendments,recognizing the supreme court of the united states confirmed that in creating the faa congress principal purpose was ensuring that private arbitration agreements are enforced according to their terms  quoting volt info scis inc v bd of trustees of leland stanford junior univ 489 us 468 478 109 s ct 1248 103 l ed 2d 488 1989,recognizing that the circuits vary in their interpretations of  1915 but noting that neitzke v williams  us  109 sct 1827 104 led2d 338 1989 declined to rule on the preferred approach,holding that ohio revcode  230509d is the most logical and appropriate statute of limitations in a  1983 action based on the united states supreme court holding in owens v okure 488 us 235 109 sct 573 102 led2d 594 1989 
380,"997 F.2d 335, 338 (7th Cir.1993) (a presumption exists that a mailing is received where there is ""proof of procedures followed in the regular course of operations which give rise to a strong inference that the [correspondence] was properly addressed and mailed”). In any event, on appeal Boomer does not claim that the CSA did not constitute an offer because he did not receive the CSA mailing. 6 . While Boomer challenges the validity of the CSA’s provision concerning the right to attorney’s fees and the clause prohibiting the use of a class action, because we conclude that arbitration is required, these other challenges must be decided by the arbitrator in the first instance. Metro East, 294 F.3d at 929. See also Larry’s United Super, Inc. v. Werries, 253 F.3d 1083, 1086 (8th Cir.2001) (<HOLDING>). Of course in considering Boomer's other",323824,52068,4,case_hold_mc,recognizing that in reviewing ruling on motion to compel arbitration we first determine whether party seeking arbitration established existence of arbitration agreement,holding an appeal may be taken from an order denying a motion to compel arbitration,holding that once the party seeking to compel arbitration establishes the existence of an arbitration agreement and that the claims raised fall within the scope of that agreement the trial court must compel arbitration,holding that in ruling on a motion to compel arbitration a court must consider 1 whether the parties have entered into a valid arbitration agreement 2 whether an arbitrable issue exists and 3 whether the right to arbitration has been waived,holding that on appeal from an order denying a motion to compel arbitration a court may only determine whether a dispute is subject to arbitration other contractual challenges must be determined by the arbitrator
381,"Whether wittingly or unintentionally, the Debtors have benefitted in this claim objection by electing not to defend that case. 11 . Aeacus Real Estate Ltd. P’ship v. 5th Ave. Real Estate Dev., Inc., 948 So.2d 834, 836 (Fla.4th DCA 2007); State v. McBride, 848 So.2d 287, 291-92 (Fla.2003) (stating that neither res judicata nor collateral estoppel will be invoked where their application would defeat the ends of justice or result in a manifest injustice). 12 . While neither party has framed the issue before the Court as a constructively fraudulent transfer under 11 U.S.C. § 548(a)(1)(B), the Court acknowledges the potential for such a claim. See BFP v. Resolution Trust Corp., 511 U.S. 531, 536, 114 S.Ct. 1757, 128 L.Ed.2d 556 (1994); In re Pantani, 377 B.R. 28, 30-31 (Bankr.D.Conn.2007) (<HOLDING>); Geddes v. Mayhall Enters., LLC (In re Jones),",324678,52210,4,case_hold_mc,holding that in chapter 7 context the debtors had no power to transfer the property without the approval of the trustee,holding that debtors cannot claim an exemption in a homestead after trustee avoided the transfer of the property as a fraudulent conveyance because the transfer by the debtors was voluntary,holding that where the debtor did not act but merely had knowledge of and benefit from the fraudulent transfer he was not considered to have performed it,holding that a plaintiff who has not sustained any damage as the result of a transfer of property cannot seek to set that transfer aside as fraudulent,recognizing potential for fraudulent transfer in foreclosure context if debtor enjoyed significant equity in property but received little or no value from the transfer
382,"suffer from even more serious flaws. Most notably, as the defendants point out, these theories are based on the faulty premise that the plaintiffs may act as a “vicarious avenger” of the general public’s right to be protected against potentially false advertisements. Cf. Serbin, 11 F.3d at 1175 (rejecting this approach) (quoting Sandoz Pharmaceuticals Corp. v. Richardson-Vicks, Inc., 902 F.2d 222, 230 (3d Cir.1990)). However, for the very reason that the Lanham Act does not confer standing upon consumers, see id. at 1174 (citing Colligan, 442 F.2d at 693), this court should not interpret the statute as allowing a litigant to seek redress for diffuse injuries purportedly spread across the public at large. Cf. Sands, Taylor & Wood Co. v. Quaker Oats Co., 978 F.2d 947, 963 (7th Cir.1992) (<HOLDING>). Thus, while the court recognizes the",325538,52350,2,case_hold_mc,holding that there is no cause of action in california for unjust enrichment,holding that a claim based on the plaintiffs allegation that it conferred a benefit on the defendant by revealing a market which the defendant later exploited without compensating the plaintiff fails to state a claim under wisconsins unjust enrichment law,recognizing that an award of 24 million which amounted to ten percent of the defendants profits conferred a windfall upon the plaintiff which bore no relationship to that partys arguably unjust enrichment,holding that where a prior agreement fixed the salary of the plaintiff plaintiff could not seek to recover for his services on a theory of unjust enrichment,holding that erisa does not permit a plaintiff to assert an independent federal common law cause of action such as unjust enrichment to enforce the terms of an erisa plan thus to the extent plaintiffs third cause of action for unjust enrichment is brought pursuant to a federal common law right it must be dismissed
383,"garnishee should not be ordered to pay such amounts as are just, including the value of the property or the balance of the judgment, whichever is less, and reasonable costs and attorney fees incurred by parties as a result of the garnishee's failure. If the garnishee shows that the steps taken to secure the property were reasonable, the court may excuse the garnishee's liability in whole or in part. Id. R. 64D()(@2). $13 While ""such amounts as are just"" are not explicitly limited to amounts reflecting the garnishee's Hability, it is clear from the context of this provision that actual liability for damages rather than punitive sanctions is provided for in this rule. See generally Estate of Berkemeir ex rel. Nielsen v. Hartford Ins. Co. of the Midwest, 2004 UT 104, ¶ 13, 106 P.3d 700 (<HOLDING>); Calhoun v. State Form Mut. Auto. Ins. Co.,",326390,52487,2,case_hold_mc,holding that the possibility of a mistaken understanding of the phrase preponderance of the evidence on the part of the jury is too remote to constitute plain error when counsel gave the jury an accurate explanation of the legal meaning of the phrase in his closing argument and that meaning is consistent with the common understanding of the words in the phrase,recognizing that the sentence imposed should be consistent with the protection of the public,holding that a phrase should be interpreted consistent with the context of the statute in which it is contained,holding that the phrase statement respecting the debtors  financial condition should be narrowly interpreted,holding that the phrase relates to should be interpreted to limit the breadth of erisa
384,"the first instance. This case is three years old. The defendants are detained. Lengthy, additional pretrial hearings to resolve serious questions of possible government misconduct are necessary. If the government prevails in those hearings, a prolonged trial will evidently be required. In the circumstances, adversary hearings concerning defendants’ eligibility for appointment of counsel should not be allowed to consume precious time unless they are important to resolving some material issue that is in genuine dispute. This is especially true because it is foreseeable that if defendants are provided use immunity for their statements, additional hearings may be required in the future to determine whether the government can prove that its evidence is untainted. See Borujf, 870 F.2d at 319 (<HOLDING>). In addition, adverting unnecessary adversary",327246,52633,3,case_hold_mc,holding the government has an affirmative duty to disclose exculpatory evidence to a criminal defendant,holding that if the harm alleged in fact affects the recreational or even the mere aesthetic interests of the plaintiff that will suffice for standing purposes citing sierra club v morton 405 us 727 73436 92 sct 1361 31 led2d 636 1972,holding police officers warrantless placement of gps on defendants vehicle in 2009 fell within the goodfaith exception to exclusionary rule because such conduct was objectively reasonable under united states v knotts 460 us 276 103 sct 1081 75 led2d 55 1983,holding that under simmons the government has an affirmative duty to prove that the evidence it proposes to use is derived from a legitimate source wholly independent of the compelled testimony quoting kastigar v united states 406 us 441 460 92 sct 1653 1665 32 led2d 212 1972,holding that  460 is an affirmative defense to  2253a
385,"240. 48 . Id. (citations omitted). 49 . Id. 50 . Id. at 229, 78 S.Ct. 240. 51 . Id. 52 . Id.; see also id. at 229-30, 78 S.Ct. 240 (""Where a person did not know of the duty to register and where there was no proof of the probability of such knowledge, he may not be convicted consistently with due process. Were it otherwise, the evil would be as great as it is when the law is written in print too fine to read or in a language foreign to the community.”). 53 . McNeely v. United States, 874 A.2d 371, 384 (D.C.2005). In other cases, the Court has avoided due process problems by construing statutes prohibiting ""willful” activity to require knowledge of the technical or esoteric legal duty at issue. See, e.g., Ratzlaf v. United States, 510 U.S. 135, 149, 114 S.Ct. 655, 126 L.Ed.2d 615 (1994) (<HOLDING>); Cheek v. United States, 498 U.S. 192, 201,",328107,52759,3,case_hold_mc,holding that a criminal violation of  5324a3 may be established without proof that the defendant knew that structuring was unlawful,holding that to establish that a defendant willfully violated the antislructuring law the government must prove that the defendant acted with knowledge that his conduct was unlawful and stating that specific intent to commit the crimes  might be negated by eg proof that defendant relied in good faith on advice of counsel internal quotation marks omitted,holding that the government must show only that a defendant had knowledge of the reporting requirements and acted to avoid them,holding that in a prosecution for willfully violating federal law against structuring financial transactions to evade bank reporting requirements the government must prove that the defendant acted with knowledge that his conduct was unlawful,holding that to violate a specific intent statute the defendant must act with the purpose of violating the law
386,"practices complained of here by the United States fall outside the comprehension of the consent decree. To suggest that the United States may proceed by way of a “fresh” complaint if it desires to litigate this issue, App. I at 5, undermines the purpose of a consent decree in the first instance — namely, to avoid protracted litigation by entering into a court-supervised agreement that resolves the dispute to the satisfaction of all parties concerned and guarantees the viability of the agreement under the watchful eye of the judge whose signature appears at the end of the document. If the defendant violates the terms of the consent decree, the plaintiff’s recourse is to bring an action to enforce the decree. See E.E.O.C. v. Safeway Stores, Inc., 714 F.2d 567, 573-574 (5th Cir.1983) (<HOLDING>), rehearing denied, 720 F.2d 677, certiorari",328966,52919,4,case_hold_mc,holding individual defendants are not an employer within meaning of title vii,holding that relief granted under title vii is against the employer not individual employees whose actions constituted a violation of title vii emphasis in original,holding that individual employees are not liable under title vii,holding that states may waive the title vii 60day deferral period but retain jurisdiction over discrimination charges by entering into worksharing agreements with the eeoc,holding that actions to consider or enforce voluntary conciliation agreements between the eeoc and the defendants under title vii are properly within the jurisdiction of the federal courts
387,"tangible form calculated to bring notice to those who are adversely affected [by it], so as to create a presumption of acquiescence in the claim by the adverse parties.” Id. However, although payment of taxes is “competent evidence” of adverse possession, merely paying taxes on the property is “insufficient to establish adverse possession as a matter of law under the ten year statute.” Rhodes, 802 S.W.2d at 646. Where there is privity of estate between a predecessor and plaintiffs who claim land by adverse possession, the period of possession of the current possessor may be tacked to that of the prior possessor to satisfy the full ten or twenty-five year period required for adverse possession. Sterling v. Tarvin, 456 S.W.2d 529, 534 (Tex. Civ.App.-Fort Worth 1970, writ refd n.r.e.) (<HOLDING>). To tack periods of possession of two or more",329820,53059,2,case_hold_mc,holding contract not unconscionable where parties were of equal bargaining power plaintiff had opportunity to have an attorney review the contract the contract was clear and easily read the plaintiff had been a party to similar contracts in the past and was under no financial pressure to sign the con tract,holding that the plaintiffs were entitled to the differential between their new and old wages,holding that where both tract to which predecessor had record title and disputed tract were enclosed by single fence even though deed from predecessor to plaintiffs described only tract of record and possession of both tracts was delivered by predecessor to plaintiffs who continued to adversely possess disputed tract there was privity of estate between predecessor and plaintiffs who were entitled to tack their period of adverse possession onto that of predecessor to get full statutory tenyear period,holding that under the statute of frauds a description will be insufficient as a matter of law if it is indefinite to the degree that no particular tract of land is identified nevertheless a description which is vague will be sufficient if its precise location may be determined upon competent parol evidence,holding that plaintiffs were not entitled to a preliminary injunction
388,"is governed by its own jurisdictional provision, Ark. Code Ann. § 16-88-110(a) (1987), which provides that where a kidnapping occurs in more than one county, “the jurisdiction shall be in the county in which the kidnapping, seizing, or confining was committed, or in any county in which it was continued.” Our cases have consistently recognized that when a crime begins in one county and proceeds to culmination in another county, both counties have jurisdiction to prosecute the crime. For example, in Ellis v. State, 291 Ark. 72, 722 S.W.2d 575 (1987) (per curiam), this court denied relief under Rule 37 where the defendant alleged that Jefferson County lacked jurisdiction to try him for kidnapping and aggravated robbery. Relying on Ark. Stat. Ann § 43-1414, now codified as secti 22) (<HOLDING>). Here, the facts clearly establish that Ms.",330677,53199,3,case_hold_mc,holding that the grant county prosecutor had a statutory duty to be legal advisor to the county clerk even though she was not embroiled in litigation in which the county was the real party in interest,holding that both saline county and grant county had jurisdiction to try the appellant for murder where the actual killing occurred in one county but the acts requisite to the consummation of the murder and the subsequent disposal of the body occurred in the other county,recognizing county officers as  those whose general authority and jurisdiction are confined within the limits of the county in which they are appointed who are appointed in and for a particular county and whose duties apply only to that county and through whom the county performs its usual political functions ,holding that the state has the right to elect in which county the offense may be prosecuted where the jurisdiction is concurrent under the statutes and until the final judgment which operates as a bar to further prosecution in either county the states right of selection of the forum continues,recognizing that the plaintiff has the right to file suit in any permissible county
389,"in an overpayment will not be classified as a VA administrative error or error in judgment if the error is “based on an act of commission or omission by the beneficiary, or with the beneficiary’s knowledge.” 38 U.S.C. § 5112(b)(9); see 38 C.F.R. § 3.500(b)(1); VA Gen. Coun. Prec. 2-90 (Mar. 20, 1990) [hereinafter G.C. Prec. 2-90]. “Knowledge” is “[a]n awareness or understanding of a fact or circumstance; a state of mind in which a person has no substantial doubt about the existence of a fact.” Black’s at 950. A person may have actual or constructive knowledge of a fact, the latter of which is defined as “Knowledge that one using reasonable care or diligence should have, and therefore that is attributed by law to a given person.” Id.; see Bell v. Derwinski, 2 Vet.App. 611, 613 (1992) (<HOLDING>). If fault for an overpayment cannot “clearly",331529,53337,0,case_hold_mc,holding that the secretary at a minimum has constructive knowledge of documents generated by va,holding that the knowledge requisite to knowing violation of a statute is factual knowledge as distinguished from knowledge of the law,holding that documents generated by the cia at the specific request of congress were exempt from disclosure as congressional records,recognizing that duty to warn of dangerous conditions could be based on constructive knowledge of that condition as well as actual knowledge,holding that constructive knowledge satisfies the reason to know standard
390,"Vodafone’s Tennessee customers to vanish, for tax purposes. This qualifies as an “unusual fact situation” that produces an “incongruous result.” See BAPCO, 308 S.W.3d at 367 (“The unusual fact situation in this case is that all of the costs of production occurred outside of Tennessee, but the revenue derived from the end product only occurred when the product was distributed in Tennessee .... ”); accord Microsoft Corp. v. Franchise Tax Bd., 39 Cal.4th 750, 47 Cal.Rptr.3d 216,139 P.3d 1169, 1181 (2006) (disagreeing with taxpayer’s contention that the frequency with which issue of large corporate treasury department receipts arises renders situation as “nonu-nique” under California variance regulation); Union Pac. Corp. v. Idaho State Tax Comm’n, 139 Idaho 572,83 P.3d 116, 120 (2004) (<HOLDING>). We also- agree with the Commissioner that",332386,53484,3,case_hold_mc,recognizing that it is an unusual challenge to a sale that does not distort the validity of the sale and that the exception likely has meaning only when collateral issues are challenged,holding in the analogous context of choiceoflaw in relation to the sale of personal property that compensation for arranging the sale is assessed apart from underlying sale,holding that the amendment was a use regulation which was in effect a condition on the use of property in the affected zone,holding that effect of different accounting systems was unusual under the idaho variance regulation even if underlying situation the sale of receivables was not unique,recognizing that sale of insurance affects the public interest and is subject to state regulation
391,"basis to do so under Federal Rule of Appellate Procedure 40(a)(2), or Tenth Circuit Rule 40.1(A), the BAP denied the motion: “Appellant has not shown that this Court has overlooked, misapprehended or misconstrued any point of law or fact; indeed, due to the inadequate state of Appellant’s record, no facts were before us to overlook, misapprehend, or misconstrue.” R. Doc. 3 at 2. Mr. Tollefsen then lodged his appeal in this court. Before us, Mr. Tollefsen’s opening brief focuses exclusively on the merits of his bankruptcy case. He does not address the BAP’s affirmance based on his failure to provide that court with an adequate appendix. As a result, he has forfeited his right to a review of the BAP’s decision. See Headrick v. Rockwell Int’l Corp., 24 F.3d 1272, 1277-78 (10th Cir.1994) (<HOLDING>). That Mr. Tollefsen has proceeded pro se",333240,53614,4,case_hold_mc,holding that issues not argued in initial brief are deemed waived,holding issues referred to in the statement of the case but not discussed in the body of the opening brief are deemed waived,holding that issues not raised in a partys opening brief are waived,holding that issues not raised in an appellants initial brief are deemed abandoned,holding issues not adequately addressed in an appellants opening brief are deemed forfeited
392,"of that section: there can be no cause of action unless the statute alleged to be violated “secures” an enforceable right. In Pennhurst, the Supreme Court held that 42 U.S.C. § 6010, of the Developmental^ Disabled Assistance and Bill of Rights Act, created no substantive rights in the mental ly retarded and therefore could not form the basis for a section 1983 action. 451 U.S. at 11 & 28 n.21, 101 S.Ct. at 1536 & 1545 n.21. The Court also remanded the case for a determination of whether conditions on the grant of federal funds to the states contained in other sections of the same act created causes of action under § 1983 against states for failing to comply with those conditions. Id. at 28-30, 101 S.Ct. at 1545-1546. See also Dopico v. Goldschmidt, 518 F.Supp. 1161, 1176 (S.D.N.Y.1981) (<HOLDING>); Perry v. Housing Authority of City of",334094,53756,1,case_hold_mc,recognizing  1983 substantive due process claim,holding that  16 of the urban mass transit act  1656 of the federalaid highway act and other acts created no substantive rights sufficient to invoke  1983,holding no violation of the travel act,holding retroactive application of the act to prosecution that was pending before the effective date of the act was precluded because the act is prospective,holding that c 151b precludes claims under mass gen l c 214  1c civil rights act and equal rights act
393,"(9th Cir.1989). Furthermore, we held in Hemandez-Escarsega that it is proper to rely on Title 21 conspiracies to establish CCE violations. Therefore, the conspiracy plus the two marijuana counts' comprise the three substantive counts, and the district court’s jury instruction on the “continuing series” requirement of 21 U.S.C. § 848(c)(2) was not erroneous. 8. Judge’s Absence. Long claims that the district court’s law clerk announced the jury’s impasse when neither Long nor the trial judge were present, which improperly convened court and created a structural defect requiring all of the forfeiture verdicts to be vacated. Long points us to Sanders v. Union Pac. R.R., 193 F.3d 1080, 1082 (9th Cir.1999) (Tashima, J., concurring). See also Riley v. Deeds, 56 F.3d 1117, 1122 (9th Cir.1995) (<HOLDING>). The record before us does not show that the",334948,53904,0,case_hold_mc,holding that it was constitutional error requiring reversal when among other things the law clerk convened court by directing court reporter to read back testimony to jury in absence of judge,holding statute allowing court to excuse jurors from jury duty and defining court as a judge was violated when clerk excused jurors without obtaining court approval of the excuses granted,holding it error to admit testimony where among other things there was no evidence that defendants appearance had changed since the time of the robbery,holding that when none of the required explanations were given that was fundamental error requiring reversal,holding that in order to prevail on a malicious prosecution claim under  1983 a plaintiff must establish among other things the absence of probable cause for the initiation of the proceedings against her
394,"25, 1982, appellants moved for a continuance. Their motion was denied and the hearing was held. Both the State and the appellants presented evidence. At the conclusion of the hearing the trial judge found the evidence “overwhelmingly in favor of the State.” On May 26, appellants made a motion to reopen testimony which was denied by the trial judge. Appellants then made a motion for a new trial which was also denied. The Aswells then took this appeal. Assignments # 1 and # 3 Through these assignments of error appellants attack the trial judge’s denial of their motions for a continuance and to reopen testimony. Reopening the record to allow the presentation of additional evidence would have amounted to a post-hearing continuance. Cf. Sather v. White, 388 So.2d 402 (La.App. 1st Cir.1980) (<HOLDING>). Thus, the trial judge’s action with respect",335807,54039,4,case_hold_mc,holding denial of continuance to be an abuse of discretion,holding that a defendant who stipulated his drug amounts prior to sentencing waived his right to appeal on the issue of the drug amounts,holding it was error for trial court not to grant a continuance when appellant moved in open court to disqualify judge or in the alternative for a continuance to file a proper motion,holding states failure to oppose a continuance of preliminary hearing at the request of the defense is not bad faith and presentation of case to grand jury during continuance was proper,holding the record open for additional testimony amounts to a continuance
395,"city may (if state law permits) assess taxes against the owner upon the entire value of the property and enforce collection by sale of the owner’s interest in the property. See id. The Court cautioned, however, that a city is “without authority to enforce the collection of taxes thus assessed so as to destroy the preexisting federal hen.” Id. at 556, 48 S.Ct. 371. To preserve the “paramount right of the United States,” and to “meet the equities of the case” as between the city and the federal government, the Court held that a city should be enjoined from selling lots for the collection of taxes unless all that petition to quiet title deprived the FDIC of its property interests and was the “functional equivalent” of foreclosure proceedings barred by § 1825(b)(2)); Lee, 130 F.3d at 1143 (<HOLDING>); Matagorda County, 19 F.3d at 222-23 (holding",336666,54180,3,case_hold_mc,holding that while section 1825b2 does not extinguish an earlier lien or excuse the payment of a tax by the fdic it does deny the ability to use a lien on fdic property as a vehicle for collection of delinquent tax,holding that the doench doctrine protects the fdic even where the fdic does not have an interest in an asset,holding that where property subject to the irss timely filed lien is sold during a nonjudicial sale and the irs is not given notice of the sale the sale of the property is made subject to and without disturbing the lien,holding that a lien cannot be extinguished through a tax sale without the consent of the fdic,holding that a lien holder who is not served and joined as a party to a tax suit cannot have his lien extinguished by the tax sale
396,"in language of ordinary negligence, it is clear from the context of appellant’s brief that this point of error concerns the representations made by True. Accordingly, we find that appellant has waived her “negligence” point of error to the extent it is not based on a misrepresentation. Tex.R.App.P. 38.1, 38.2; see also Smith, 3 S.W.3d at 84. Nevertheless, in the interests of justice, we will explain why a garden-variety negligence claim must also fail. 10 . Because we find that True did not make any affirmative misrepresentations, this is a case where the rule charging one with a duty to read what he signs precludes him from relief for any mistake resulting from his failure to do so. Cf. Plains Cotton Co-op. Ass’n v. Wolf, 553 S.W.2d 800 (Tex.App.-Amarillo 1977, writ ref’d n.r.e.) (<HOLDING>). 11 . The survey is not part of the appellate",337526,54326,1,case_hold_mc,holding that a cause of action for constructive fraud will lie even when the misrepresentations were made innocently and their false nature is not discovered until well after the representations are made,holding that rule does not apply where defendant made false representations,holding that defendants false representations that concealed cause of action preclude statute of limitations defense,holding that an attorney who made false representations to a court did not violate okla rpc 33 because that rule addresses professional misconduct as an advocate for making false statements to a tribunal not false statements by a lawyer as a witness,holding that the bespeaks caution doctrine does not apply to representations of present facts that were false when made
397,"p.m., her prior identification of the time as 3:00 p.m. would have been admissible under California law as a prior inconsistent statement, see Cal. Evid. Code § 1235, and her testimony still would have been far more useful than that of the witnesses who did testify. Finally, this argument does not address the failure to introduce Carey’s business records. We will not assume facts not in the record in order to manufacture a reasonable strategic decision for Alcala’s trial counsel. Even if Alcala’s trial counsel did offer a basis for his decision not to present alibi evidence, that basis would be unreasonable if it were unsupported by objective evidence because Dodwell’s testimony and Carey’s records were consistent with the alibi defense that counsel chose. See Lord, 184 F.3d at 1095 (<HOLDING>). Absent an objectively reasonable basis to",338382,54471,0,case_hold_mc,holding that counsels decision not to call witnesses was unreasonable because counsels stated reasons for disputing the witnesses credibility were not supported by objective evidence,holding that the failure to call certain witnesses was not ineffective assistance because witnesses already presented similar evidence and counsel is not required to present cumulative evidence,holding that given trial counsels concerns about witnesss credibility and status as a felon his decision not to call witness was reasonable,holding counsels decision not to call unfriendly witnesses to suggest that a third party had motive to kill the victim was not deficient,holding that material for witnesses need not be produced to defendant where the witnesses were not called as government witnesses at trial
398,"Stimus argues that he is entitled to receive a new trial because the trial court erred in failing to conduct a Richardson hearing on Stimus’ claim that the State had committed a discovery violation. We agree. In Acosta v. State, 856 So.2d 1143 (Fla. 4th DCA 2003), the Fourth District explained the State’s duty of disclosure during the discovery process: In Barrett v. State, 649 So.2d 219 (Fla.1994) the Florida Supreme Court reiterated that: When a defendant elects to participate in the iolation is brought to the court’s attention, the trial judge is required to conduct an inquiry, rule on whether a violation occurred, and determine whether the evidence was admissible.” Sears v. State, 656 So.2d 595, 596 (Fla. 1st DCA 1995). See also Rath v. State, 627 So.2d 24 (Fla. 5th DCA 1993)(<HOLDING>). However, pursuant to State v. Schopp, 653",339237,54609,4,case_hold_mc,holding that a transfer order issued by a district court in another circuit is reviewable only in the circuit of the transferor district court,holding that trial courts failure to conduct richardson hearing concerning states discovery violation in not designating a detective as an expert was not harmless even though detectives testimony was brief appellate court could not say beyond a reasonable doubt that defendant was not procedurally prejudiced by the discovery violation,holding that an argument not made to the circuit court cannot be raised on appeal,holding that when the district court improperly purported to transfer to the circuit court an action over which the circuit court lacked subjectmatter jurisdiction the circuit court was without jurisdiction to enter its judgment which was void and dismissing the appeal from that void judgment,holding that once circuit court is put on notice of a discovery violation circuit court is obligated to conduct a richardson inquiry to determine prejudicial affect if any of violation
399,"of August 3, 1993 and AffiRM the remainder of the decision. 1 . The district court entered judgment on July 16, 1993, and amended this judgment on August 3, 1993, prior to both this court’s decision in Mojica v. Gannett Co., 7 F.3d 552 (7th Cir.1993) (en banc) (decided on September 27, 1993) and the Supreme Court’s decision in Landgraf v. USI Film Products, - U.S. -, 114 S.Ct. 1483, 128 L.Ed.2d 229 (1994) (establishing that the 1991 Act’s jury trial provisions do not apply retroactively). 2 . Indeed, while it may have been the case, it cannot be conclusively determined from the record that the Magistrate Judge notified the parties prior to trial that he intended to convene an advisory jury under Rule 39(c). In this regard, we acknowledge the approach o 29 F.3d 821, 827 (2d Cir.1994) (<HOLDING>). Since this issue is not directly before us,",340088,54751,1,case_hold_mc,recognizing that the applicant received notice from the plea form even though such notice was not required,recognizing that such notice is preferable rejecting a per se rule of notice and requiring instead that the complaining party show demonstrable prejudice,holding such agreements to be per se illegal,holding that per se statutory rule is not permissible under fourth amendment,holding that notice to supervisor is notice to city
400,"activities.” Carie v. PSI Energy, Inc., 715 N.E.2d 853, 855 (Ind.1999) (quoting 7 Am.Jur. Proof of Facts 3d § 1 at 483). Here, the Howards and E & B Paving opposed INDOT’s motion for summary judgment and claimed error in the trial court’s grant of summary judgment on the basis of the second exception: that INDOT is charged by law with performing the specific duty. Indiana cases have long recognized that governmental entities have a specific obligation with respect to public travel and have a responsibility to exercise reasonable care in the selection of persons to repair bridges and streets. See Shand Mining, Inc. v. Clay County Bd. of Comm’rs, 671 N.E.2d 477, 481 (Ind.Ct.App.1996), trans. denied; City of Indianapolis v. Cauley, 164 Ind. 304, 309-10, 73 N.E. 691, 693-94 (1905) (<HOLDING>). Although a governmental entity can delegate",340945,54900,3,case_hold_mc,holding that the law imposes on every person who enters upon an active course of conduct the positive duty to exercise ordinary care to protect others from harm and calls a violation of that duty negligence  that a complete binding contract between the parties is not a prerequisite to a duty to use due care in ones actions     and that architects may be held liable for a breach of the duty of care and breach of contract that results in foreseeable injury economic or otherwise,holding that inquiry notice triggers an investors duty to exercise reasonable diligence and that the  statute of limitations period begins to run once the investor in the exercise of reasonable diligence should have discovered the facts underlying the alleged fraud,holding that under either theory the duty is the same ordinary care,holding that it is the legal duty of a municipality to exercise supervision over bridges under its control and to make inspection as ordinary care and diligence require,holding that the principal must have control and supervision over the details of the agents work
