question_id,question,answer,evidence_char_pos,evidence_word_pos,source_title,type
1,What is the purpose of a pesticide?,"Pesticides are substances meant for attracting, seducing, and then destroying any pest",0,1,Pesticide,squad_extractive
2,What are pesticides most commonly used for?,The most common use of pesticides is as plant protection products,117,19,Pesticide,squad_extractive
3,What can pesticides protect plants from?,"protect plants from damaging influences such as weeds, fungi, or insects",242,39,Pesticide,squad_extractive
4,What is the difference between a pesticide and a plant protection product?,pesticides are also used for non-agricultural purposes,480,79,Pesticide,squad_extractive
5,"What item commonly used in hospitals, schools and offices is a pesticide?",sanitizer,827,116,Pesticide,squad_extractive
6,Are pesticides chemical or biological agents?,a pesticide is a chemical or biological agent,851,119,Pesticide,squad_extractive
7,What are three pests pesticides target?,"plant pathogens, weeds, mollusks",1059,148,Pesticide,squad_extractive
8,What are pesticides meant to prevent?,"destroy property, cause nuisance, or spread disease, or are disease vectors",1157,160,Pesticide,squad_extractive
9,What are possible cons of pesticides?,potential toxicity to humans and other species,1303,181,Pesticide,squad_extractive
10,Give three examples of target organisms of pesticides.,"herbicides, insecticides, fungicides",1570,218,Pesticide,squad_extractive
11,What is one way to group pesticides?,chemical structure,1654,227,Pesticide,squad_extractive
12,What are the two types of biopesticides?,microbial pesticides and biochemical pesticides,1855,250,Pesticide,squad_extractive
13,Which type of pesticides have seen rapid growth in development?,"Plant-derived pesticides, or ""botanicals",1904,255,Pesticide,squad_extractive
14,Organochlorine hydrocarbons effect what balance of the nerve fiber?,sodium/potassium,2414,314,Pesticide,squad_extractive
15,Why was the use of organochlorine hydrocarbons ended?,because of their persistence and potential to bioaccumulate,2564,336,Pesticide,squad_extractive
16,Organophospates and carbamates cause which symptoms?,weakness or paralysis,2868,372,Pesticide,squad_extractive
17,What type of herbicide selectively kills broad leef weeds?,Phenoxy compounds,3258,421,Pesticide,squad_extractive
18,What essential plan funtion is interrupted by triazines?,photosynthesis,3544,460,Pesticide,squad_extractive
19,What is one way you could group pesticides?,application method,3732,484,Pesticide,squad_extractive
20,What is the main way that peticides perform their function?,by poisoning pests,3773,489,Pesticide,squad_extractive
21,In which direction do systemic pesticide generally travel through a plant?,movement is usually upward,3914,510,Pesticide,squad_extractive
22,Which parts of a plant do systemic pesticides generally attack?,pollen and nectar in the flowers,4048,529,Pesticide,squad_extractive
23,Pesticides can be used to stop the spread of what dieseases?,"West Nile virus, yellow fever, and malaria",4334,571,Pesticide,squad_extractive
24,What sort of pesticides would you find in ponds and lakes?,Herbicides,4781,644,Pesticide,squad_extractive
25,Which agency regulates safety of pesticides in the US?,Environmental Protection Agency (EPA),5399,743,Pesticide,squad_extractive
26,Which agency regulates safety of pesticides in Canada?,Pest Management Regulatory Agency,5445,749,Pesticide,squad_extractive
27,What kind of pesticide is DDT?,an organochlorine,5538,764,Pesticide,squad_extractive
28,Why have DDTs been banned in some areas?,persistence in the environment and human toxicity,5824,807,Pesticide,squad_extractive
29,Is DDT 100% guaranteed to work?,DDT use is not always effective,5875,814,Pesticide,squad_extractive
30,How may species have been found to be resistant to DDT?,nineteen,5984,835,Pesticide,squad_extractive
31,On estimate how many megatonnes of pesticides were used between 2006 and 2007?,approximately 2.4,6080,851,Pesticide,squad_extractive
32,What amount of conventional pesticide use does the agricultural sector account for?,80%,6507,916,Pesticide,squad_extractive
33, Pesticides contain at least how many ingredients?,"more than 1,055",6801,962,Pesticide,squad_extractive
34,How maney pesticides are offered for sale in the US?,"over 20,000",6874,972,Pesticide,squad_extractive
35,What amount is spent annualoy on pesticides?,$10 billion,7119,1014,Pesticide,squad_extractive
36,What do monetary savings in crops from the use of pesticide amount to?,$40 billion,7155,1020,Pesticide,squad_extractive
37,How are consumers able to benefit from saved crops?,vast quantities of produce available year-round,7450,1072,Pesticide,squad_extractive
38,How is the health of the general publis affected by pesticides?,control of insect-borne diseases and illnesses,7567,1090,Pesticide,squad_extractive
39,In which area do pesticides creat jobs?,agrichemical sector,7692,1110,Pesticide,squad_extractive
40,Can pesticides have a serious effect on people?,cause acute and delayed health effects,7729,1114,Pesticide,squad_extractive
41,What is one of the most serious effects of exposure to pesticides?,cancer,8041,1162,Pesticide,squad_extractive
42,What is thought to possibly cause neurobehavioral alterations?,organophosphate insecticide exposures,8316,1200,Pesticide,squad_extractive
43,How many workers in agriculture die a year from severly poisining pesticides in developing countries?,"18,000",8718,1251,Pesticide,squad_extractive
44,Why are 99% of pesticide related deaths in underdeveloped countries?,inadequate regulation,8747,1257,Pesticide,squad_extractive
45,"In developing countries, how many workers are exposed to mild pesticide poisining?",as 25 million,8933,1285,Pesticide,squad_extractive
46,What careers put people in danger of being exposed to pesticide poisining?,"groomers, groundskeepers, and fumigators",9166,1320,Pesticide,squad_extractive
47,What pecentage of sprayed pesticides affect the wrong species?,Over 98%,9266,1332,Pesticide,squad_extractive
48,What is affected when pesticides don't reach their target?,"non-target species, air, water and soil",9384,1350,Pesticide,squad_extractive
49,What is it called when pesticides are caught in the wind and carried to unintended areas?,Pesticide drift,9425,1356,Pesticide,squad_extractive
50,What is the effect of pesticide drift?,potentially contaminating,9534,1374,Pesticide,squad_extractive
51,Pesticides contribute to what sort of pollution?,water pollution,9602,1384,Pesticide,squad_extractive
52,Why are hydrocarbon pesticides not excreted?,dissolve in fats,9753,1402,Pesticide,squad_extractive
53,How are levels of pesticides higher going up the food chain?,Biological magnification,9843,1416,Pesticide,squad_extractive
54,The movement of pesticides from wawrme to cooler climates is called what?,Global distillation,10163,1463,Pesticide,squad_extractive
55,How could pesticides travel over hundreds of miles?,the wind,10464,1506,Pesticide,squad_extractive
56,What feature is wanted to assist with reducing negative impacts of pesticides?,that pesticides be degradable,10632,1537,Pesticide,squad_extractive
57,How else can negative impacts of pesticides be reduced?,quickly deactivated in the environment,10674,1544,Pesticide,squad_extractive
58,What is one way by which pesticides lose their efficacy?,presence of halogens,10881,1575,Pesticide,squad_extractive
59,What may slow pesticide movement?,Adsorption to soil,10986,1590,Pesticide,squad_extractive
60,What is one thing that can be used in place of pesticides?,methods of cultivation,11150,1612,Pesticide,squad_extractive
61,What is one non chemical way of dealing with pests?,interfering with insect breeding,11289,1631,Pesticide,squad_extractive
62,What natural product can be used to control pests?,composted yard waste,11338,1637,Pesticide,squad_extractive
63,Why are alternative methods of pest control gaining popularity?,safer than traditional chemical pesticides,11471,1659,Pesticide,squad_extractive
64,What does IPM stand for?,integrated pest management,11672,1686,Pesticide,squad_extractive
65,How can the location and amount of insects be changed?,behavior-modifying stimuli,11738,1696,Pesticide,squad_extractive
66,What is one thing that can be used to pull pests?,food additives,11995,1730,Pesticide,squad_extractive
67,What is the name of the process by which pests are attracted and repelled using IPM. ,Push-Pull,12201,1762,Pesticide,squad_extractive
68,How much was Sweden able to lower thier pesticide usage?,halved its use,12355,1786,Pesticide,squad_extractive
69,What other country has reduced its pesticide usage?,Indonesia,12443,1799,Pesticide,squad_extractive
70,What natural substance has been found to effectively increase crop yields,carbon to nitrogen,12673,1835,Pesticide,squad_extractive
71,What amount of gain in crops can be contributed to application of composted yard waste?,10% to 212%,12859,1861,Pesticide,squad_extractive
72,What is one way to classify pesticides?,type of pest they control,13017,1887,Pesticide,squad_extractive
73,What is one type of pesticide?,biodegradable,13088,1899,Pesticide,squad_extractive
74,How long may it take for persistent pesticides to be broken down?,months or years,13242,1921,Pesticide,squad_extractive
75,What quality caused DDT to build up in various organisms?,persistence,13298,1932,Pesticide,squad_extractive
76,What are sulfonyureas commonly used for?,weed control,13646,1991,Pesticide,squad_extractive
77,"Nicosulfuron, triflusulfuron methyl and chlorsulfuron can be classified as what type of pesticides?",broad-spectrum herbicides,14073,2020,Pesticide,squad_extractive
78,The restriction of what enzyme allows broad-spectrum herbicides to kill plants?,acetolactate synthase,14141,2029,Pesticide,squad_extractive
79,Is the trade of pesticides and pesticide treated goods limited to the United States?,traded across international borders,14463,2078,Pesticide,squad_extractive
80,What commitee deals with differences in rules governing the use of pesticides among different countries?,United Nations Food and Agriculture Organization,14594,2096,Pesticide,squad_extractive
81,What is one agency who is trying to help make the trade of pesticides safer?,United Nations Codex Alimentarius Commission,15196,2186,Pesticide,squad_extractive
82,What is one important thing that should be present when countries are trading with pesticides?,prior informed consent,15318,2201,Pesticide,squad_extractive
83,Are these agencies a requirement in the countries where they exist?,initiatives operate on a voluntary basis,15525,2229,Pesticide,squad_extractive
84,What is one measure taken to keep society safe from improper pesticide use?,pesticide applicator regulation,15600,2239,Pesticide,squad_extractive
85,What is a choice that users of pesticides can make that will lower risks?,choosing less toxic pesticides,15758,2263,Pesticide,squad_extractive
86,What is one country that has sucessfully used IPM?,Australia,16056,2308,Pesticide,squad_extractive
87,Biological and botanical derivatives have what positive effects?,reduce health and environmental risks,16323,2348,Pesticide,squad_extractive
88,Who has the ability to make the choice of using less harmful pesticides?,applicators,16375,2355,Pesticide,squad_extractive
89,What is a measure of pesticides determined in EPA studies?,material is safe to use and the effectiveness,16790,2414,Pesticide,squad_extractive
90,Who is protected by EPA regulations?,humans or the environment,16956,2441,Pesticide,squad_extractive
91,Pesticides are inspected often to make sure they meet up to date safety regulations from what period of time.,before November 1984,17003,2447,Pesticide,squad_extractive
92,How often are pesticides produced more recently evaluated for safety?,every 15 years,17155,2469,Pesticide,squad_extractive
93,What are pesticides that are thought to be extremely dangerous called?,restricted use pesticides,17528,2528,Pesticide,squad_extractive
94,What would qualify someone to use restricted use pesticides?,an exam,17599,2537,Pesticide,squad_extractive
95, The EPA or other groups who govern pesticide use may inspect what?,Records of sales and use,17680,2549,Pesticide,squad_extractive
96,Agencies who regulate the environment exists in what regional capacities?,state or territorial,17886,2582,Pesticide,squad_extractive
97,What is the earliest records of humans using pesticides?,before 2000 BC,17949,2589,Pesticide,squad_extractive
98,What was used as a insecticide in the 17th century?,nicotine sulfate,18381,2661,Pesticide,squad_extractive
99,What is the source used to exact nicotine sulfate?,tobacco leaves,18417,2666,Pesticide,squad_extractive
100,Who can be credited with finding out DDT is useful as an insecticide?,Paul Müller,18705,2708,Pesticide,squad_extractive
101,When were laws first created to regulate pesticides?,1910,19221,2779,Pesticide,squad_extractive
102,What might someone knowledgable about the history of pesticides call ther period of the 1940s and 1950s?,pesticide era,19442,2815,Pesticide,squad_extractive
103,Countries which are established use what amount of pesticides?,Seventy-five percent,19728,2857,Pesticide,squad_extractive
104,Trends about use of pesticides have been published from which country?,USA,19871,2880,Pesticide,squad_extractive
105,Who is the competition open too?,any eligible club,20040,2906,FA_Cup,squad_extractive
106,What league can compete?,Premier League and Football League,20149,2926,FA_Cup,squad_extractive
107,How many clubs competed in 20011-12?,763 clubs,20313,2956,FA_Cup,squad_extractive
108,How many games are needed to win?,six to fourteen,20634,3010,FA_Cup,squad_extractive
109,What rounds are the qualifiers?,first six rounds,20656,3014,FA_Cup,squad_extractive
110,How many teams in the first round? ,92 professional teams.,20805,3039,FA_Cup,squad_extractive
111,What league enters in the third round?,Premier League and Championship clubs,20854,3047,FA_Cup,squad_extractive
112,"In the modern era, has any non-league team reached the quarter finals??",never reached the quarter finals,20976,3067,FA_Cup,squad_extractive
113,Has a level 2 club reached the finals ever?,Level 2 have never reached the final.,21026,3075,FA_Cup,squad_extractive
114,What do winners receive? ,the FA Cup trophy,21272,3113,FA_Cup,squad_extractive
115,How many FA cups have there been?,five actual cups,21332,3125,FA_Cup,squad_extractive
116,When was the latest design intoduced?,"2014 replica of the second design, introduced in 1911",21366,3132,FA_Cup,squad_extractive
117,When was the laws of the Game of Asscociation Football published?,1863,21763,3204,FA_Cup,squad_extractive
118,Who was the FA secretary in 1871?,C. W. Alcock,22007,3244,FA_Cup,squad_extractive
119,When did the inaugural  FA cup tournament take place?,November 1871,22275,3289,FA_Cup,squad_extractive
120,Who won the first and second cups? ,Wanderers were crowned the winners,22319,3296,FA_Cup,squad_extractive
121,When was the modern cup established? ,"modern cup was beginning to be established by the 1888–89 season,",22440,3316,FA_Cup,squad_extractive
122,Was competition suspended due to the first world war? ,competition was suspended due to the First World War,22582,3337,FA_Cup,squad_extractive
123,what year did competition resume after world war 1?,1919–20.,22660,3350,FA_Cup,squad_extractive
124,When did Wembly stadium open? ,1922–23,22673,3352,FA_Cup,squad_extractive
125,When did the competition celebrate its centennial? ,didn't celebrate its centenary year until 1980–81,22957,3400,FA_Cup,squad_extractive
126,Is the competition open to anyone? ,The competition is open to any club down to Level 10 of the English football league system,23179,3436,FA_Cup,squad_extractive
127,Is there anyone automatically eligible? ,. All clubs in the top four levels (the Premier League and the three divisions of the Football League) are automatically eligible,23306,3458,FA_Cup,squad_extractive
128,Who else can play? ,"Clubs in the next six levels (non-league football) are also eligible provided they have played in either the FA Cup, FA Trophy or FA Vase competitions",23437,3479,FA_Cup,squad_extractive
129,Can new clubs play too? ,"Newly formed clubs, such as F.C. United of Manchester in 2005–06 and also 2006–07, may not therefore play in the FA Cup in their first season.",23612,3509,FA_Cup,squad_extractive
130,Do I need a stadium to compete? ,All clubs entering the competition must also have a suitable stadium.,23755,3535,FA_Cup,squad_extractive
131,Does anyone ever miss a tournament? ,It is very rare for top clubs to miss the competition,23826,3546,FA_Cup,squad_extractive
132,What clubs have missed the competition? ,"Manchester United did not enter the 1999–2000 FA Cup,",23952,3566,FA_Cup,squad_extractive
133,Why did they miss that competition? ,The club claimed that they did not want to devalue the FA Cup by fielding a weaker side.,24244,3611,FA_Cup,squad_extractive
134,How did people feel about Manchester's decision? ,drew considerable criticism as this weakened the tournament's prestige,24576,3670,FA_Cup,squad_extractive
135,Did the club later regret their choice? ,Sir Alex Ferguson later admitted his regret regarding their handling of the situation.,24651,3680,FA_Cup,squad_extractive
136,May Welsh clubs enter the competition? ,"Welsh sides that play in English leagues are eligible,",24739,3693,FA_Cup,squad_extractive
137,Has a Welsh team ever won a competition? ,"Cardiff City (the only non-English team to win the tournament, in 1927)",24881,3717,FA_Cup,squad_extractive
138,Have any other countries ever competed? ,"other teams from Wales, Ireland and Scotland also took part in the competition,",25041,3743,FA_Cup,squad_extractive
139,Why can't those countries compete? ,barred from entering by the Scottish Football Association.,25219,3773,FA_Cup,squad_extractive
140,Has any other  country been allowed to enter the competition since? ,Channel Island club entered the competition when Guernsey F.C. competed for the first time.,25310,3787,FA_Cup,squad_extractive
141,Has the number of entrants stayed the same? ,The number of entrants has increased greatly in recent years,25403,3801,FA_Cup,squad_extractive
142,How many clubs entered in 2004-05?,660 clubs entered the competition,25488,3815,FA_Cup,squad_extractive
143,How many clubs entered in 2005-06?,674,25617,3835,FA_Cup,squad_extractive
144,How many clubs entered in 2006-07?,687,25645,3840,FA_Cup,squad_extractive
145,How many clubs entered in 2007-08?,731,25664,3844,FA_Cup,squad_extractive
146,When do clubs above 9 enter? ,clubs above Level 9 and 10 enter the competition at later stages,26245,3939,FA_Cup,squad_extractive
147,Is there seeding?,"There is no seeding,",26311,3951,FA_Cup,squad_extractive
148,What happens in the event of a tie?,fixtures ending in a tie are replayed once only,26420,3970,FA_Cup,squad_extractive
149,What are the first 6 rounds? ,The first six rounds are qualifiers,26469,3979,FA_Cup,squad_extractive
150,When does the final take place? ,The final is normally held the Saturday after the Premier League season finishes in May.,26630,4008,FA_Cup,squad_extractive
151,Was there a time this was not the case? ,in recent times when this pattern was not followed were 1999–2000,26736,4026,FA_Cup,squad_extractive
152,Why was that? ,most rounds were played a few weeks earlier than normal as an experiment,26808,4038,FA_Cup,squad_extractive
153,Did that ever happen again? ,2010–11 and 2012–13,26886,4052,FA_Cup,squad_extractive
154,What happened during those years? ,"the FA Cup Final was played before the Premier League season had finished, to allow Wembley Stadium to be ready for the UEFA Champions League final",26911,4056,FA_Cup,squad_extractive
155,Do clubs replay each other?,Until the 1990s further replays would be played until one team was victorious.,27158,4098,FA_Cup,squad_extractive
156,What is the most games played a team to reach the final?,"12 games over six rounds, which remains the most games played by a team to reach a final",27335,4130,FA_Cup,squad_extractive
157,When are replays played?,". Replays were traditionally played three or four days after the original game, but from 1991–92 they were staged at least 10 days later on police advice.",27423,4148,FA_Cup,squad_extractive
158,When was the first penalty kick?,"penalty shoot-outs being introduced, the first of which came on 26 November 1991",27590,4177,FA_Cup,squad_extractive
159,What clubs were playing during the first penalty?,Rotherham United eliminated Scunthorpe United.,27676,4191,FA_Cup,squad_extractive
160,Do the FA Cup winners qualify for anything?,The FA Cup winners qualify for the following season's UEFA Europa League,27724,4196,FA_Cup,squad_extractive
161,Did that used to have a different name?,formerly named the UEFA Cup; until 1998,27798,4209,FA_Cup,squad_extractive
162,What is the cup called now?,Cup Winners' Cup,27855,4218,FA_Cup,squad_extractive
163,Does the loser of the cup gain anything?,the losing FA Cup finalist was given the Europa League place,28129,4265,FA_Cup,squad_extractive
164,what about the FA Cup winner?,FA Cup winners enter the Europa League at the group stage.,28199,4277,FA_Cup,squad_extractive
165,Where are the semi finals played?,e semi-finals have been played exclusively at the rebuilt Wembley Stadium,28524,4330,FA_Cup,squad_extractive
166,Is there a name for the specific venue? ,Kennington Oval was used as the semi-final venue,28731,4365,FA_Cup,squad_extractive
167,Where did the semi finals take place before then? ,semi-finals were played at high-capacity neutral venues around England,28851,4385,FA_Cup,squad_extractive
168,What was the top most used venue?,Villa Park in Birmingham (55 times),29120,4428,FA_Cup,squad_extractive
169,Where was the cup held in 2005?,"In 2005, both were held at the Millennium Stadium.",29405,4473,FA_Cup,squad_extractive
170,Where is the FA cup held today?,In 2003 the FA took the decision to permanently use the new Wembley for semi-finals,29457,4482,FA_Cup,squad_extractive
171,Why is it held at Webly Stadium? ,to recoup debts in financing the new stadium.,29541,4497,FA_Cup,squad_extractive
172,Do the people of London agree with this action?,the move seen as both unfair to fans of teams located far from London,29616,4509,FA_Cup,squad_extractive
173,Has the game ever fail to sell out? ,"the 2013 fixture between Millwall and Wigan led to the unprecedented step of placing 6,000 tickets on sale to neutral fans after the game failed to sell out.",29842,4551,FA_Cup,squad_extractive
174,Do people oppose of using the new Webly Stadium?,86% opposition to Wembley semi-finals.,30041,4588,FA_Cup,squad_extractive
175,Where is the final played now? ,The final has been played at the rebuilt Wembley Stadium,30081,4593,FA_Cup,squad_extractive
176,When did this stadium open? ,"it opened, in 2007.",30144,4604,FA_Cup,squad_extractive
177,Where was the FA cup held while this stadium was built? ,between 2001 and 2006 they were hosted at the Millennium Stadium,30198,4613,FA_Cup,squad_extractive
178,Where is Millennium Stadium located? ,Cardiff in Wales,30266,4625,FA_Cup,squad_extractive
179,Was it always held in Millennium Stadium? ,"Prior to rebuilding, the final was hosted by the original Wembley Stadium",30284,4628,FA_Cup,squad_extractive
180,How many replays took place at the Oval? ,8 replays,30672,4692,FA_Cup,squad_extractive
181,Where do the majority of FA cup finals take place? ,"predominantly in London, and mainly at the Kennington Oval and then Crystal Palace.",30719,4701,FA_Cup,squad_extractive
182,How many times was the FA cup playing in the Oval ?,. It was played 22 times in the Oval,30801,4714,FA_Cup,squad_extractive
183,Is the use of artificial turf allowed? ,The FA permitted artificial turf (3G) pitches in all rounds of the competition from the 2014–15 edition and beyond.,31314,4804,FA_Cup,squad_extractive
184,What is the required quality of the pitch? ,"the pitch must be of FIFA One Star quality, or Two Star for ties if they involve one of the 92 professional clubs.",31455,4827,FA_Cup,squad_extractive
185,What happens if the pitch is not up to par? ,they had to switch their tie to the ground of another eligible entrant with a natural grass pitch.,31724,4877,FA_Cup,squad_extractive
186,Where was the first #G surface game played? ,first match in the proper rounds to be played on a 3G surface was a televised first round replay at Maidstone United's Gallagher Stadium on 20 November 2015.,31873,4903,FA_Cup,squad_extractive
187,How many parts does the trophy come in? ,The trophy comes in three parts,32032,4931,FA_Cup,squad_extractive
188,What is the  parts of the trophy? ,"- the cup itself, plus a lid and a base",32064,4937,FA_Cup,squad_extractive
189,How many trophy designs have there bee? ,There have been two designs of trophy in use,32105,4947,FA_Cup,squad_extractive
190,How many physical trophies have been presented? ,five physical trophies have been presented,32155,4957,FA_Cup,squad_extractive
191,When was the first design changed? ,". The FA decided to change the design after the 1909 winners, Manchester United, made their own replica,",32401,5002,FA_Cup,squad_extractive
192,Is the cup engraved for the winner? ,The name of the winning team is engraved on the silver band around the base,33048,5112,FA_Cup,squad_extractive
193,When does the engraving take place? ,"as soon as the final has finished, in order to be ready in time for the presentation ceremony.",33124,5127,FA_Cup,squad_extractive
194,how long does the engraved have from start to finish? ,"the engraver has just five minutes to perform a task which would take twenty under normal conditions,",33230,5147,FA_Cup,squad_extractive
195,Is the trophy decorated? ,"the trophy wears is decorated with ribbons in the colours of both finalists, with the loser's ribbons being removed at the end of the game.",33451,5184,FA_Cup,squad_extractive
196,Where is he cup presentation made? ,", the presentation is made at the Royal Box",33623,5213,FA_Cup,squad_extractive
197,When did people start presenting the trophy after the game? ,The tradition of presenting the trophy immediately after the game did not start until the 1882 final,33886,5263,FA_Cup,squad_extractive
198,when was the first trophy presented? ,"the trophy was not presented to the winners, Wanderers, until a reception held four weeks later",34018,5286,FA_Cup,squad_extractive
199,Where was the first trophy presented? ,the Pall Mall Restaurant in London,34117,5303,FA_Cup,squad_extractive
200,What happens to multiple cup winners? ,"the trophy was to be permanently presented to any club which won the competition three times,",34179,5313,FA_Cup,squad_extractive
201,Did that ever happen? ,inaugural winners Wanderers achieved this feat by the 1876 final,34287,5331,FA_Cup,squad_extractive
202,How long go did this crime take place? ,60 years,34470,5361,FA_Cup,squad_extractive
203,How claims to have stolen the FA cup? ,80 year old career criminal Henry (Harry) James Burge claimed to have committed the theft,34486,5364,FA_Cup,squad_extractive
204,Did he act alone? ,He claimed to have carried out the robbery with two other men,34690,5397,FA_Cup,squad_extractive
205,What did Burge do with the cup? ,the cup had been melted down to make counterfeit half-crown coins,35059,5456,FA_Cup,squad_extractive
206,What did they do with those coins? ,stolen silver was being used to forge coins which were then laundered through betting shops at a local racecourse,35181,5476,FA_Cup,squad_extractive
207,Who was the long-serving president of the FA cup?,Lord Kinnaird,35657,5559,FA_Cup,squad_extractive
208,What year did Lord Kinnard die? ,"Lord Kinnaird. Kinnaird died in 1923,",35657,5559,FA_Cup,squad_extractive
209,Was the cup lost during that time? ,"his family kept it in their possession, out of view, until putting it up for auction in 2005",35699,5566,FA_Cup,squad_extractive
210,Where did it sell? ,"Christie's auction house on 19 May 2005 for £420,000 (£478,400 including auction fees and taxes)",35813,5589,FA_Cup,squad_extractive
211,Who won the bid? ,David Gold,36087,5635,FA_Cup,squad_extractive
212,is the Fa cup sponsered? ,"Since the start of the 1994–95 season, the FA Cup has been sponsored.",36681,5735,FA_Cup,squad_extractive
213,How long does the sponsor remain? ,Sponsorship deals run for four years,36996,5789,FA_Cup,squad_extractive
214,Can they extend their deal? ,one-year extensions may be agreed,37068,5804,FA_Cup,squad_extractive
215,Who is the current sponsor? ,Emirates airline is the sponsor from 2015 to 2018,37103,5809,FA_Cup,squad_extractive
216,What is the competition called now? ,The Emirates FA Cup,37183,5823,FA_Cup,squad_extractive
217,What is a giant killer? ,"unlikely victories in the earlier rounds of the competition, where lower ranked teams beat higher placed opposition",37337,5847,FA_Cup,squad_extractive
218,Do people look forward to Cinderella matches? ,"where lower ranked teams beat higher placed opposition, known as ""giant killings"", is much anticipated by the public",37398,5856,FA_Cup,squad_extractive
219,What do people think about giant killers? ,is considered an integral part of the tradition and prestige of the competition,37520,5875,FA_Cup,squad_extractive
220,Does giant killing happen often? ,Almost every club in the League Pyramid has a fondly remembered giant-killing act in its history,37657,5896,FA_Cup,squad_extractive
221,Does the media showcase giant killers? ,". It is considered particularly newsworthy when a top Premier League team suffers an upset defeat, or where the giant-killer is a non-league club",37753,5912,FA_Cup,squad_extractive
222,When was the football league founded? ,The Football League was founded in 1888,37967,5945,FA_Cup,squad_extractive
223,Who is the only non league giant killer to win a cup?,"Tottenham Hotspur is the only non-league ""giant-killer"" to win the Cup",38096,5967,FA_Cup,squad_extractive
224,What year did they win the cup? ,1901,38179,5980,FA_Cup,squad_extractive
225,Who did they delete for the cup? ,Sheffield United,38238,5990,FA_Cup,squad_extractive
226,How many clubs where in the football league? ,36 clubs in the Football League,38313,6002,FA_Cup,squad_extractive
227,Who is the lowest rank to play in the  third round proper?,Chasetown,39251,6157,FA_Cup,squad_extractive
228,What level where they? ,playing at Level 8 of English football,39269,6159,FA_Cup,squad_extractive
229,What FA cup season did this take place in? ,2007–08 competition,39319,6168,FA_Cup,squad_extractive
230,What place did Chasetown come in?,final 64,39402,6182,FA_Cup,squad_extractive
231,How many teams competed that year? ,731 teams entered that season,39415,6184,FA_Cup,squad_extractive
232,How many clubs have won the fa cup as part of a league cup double? ,Seven clubs have won the FA Cup as part of a League and Cup double,39765,6239,FA_Cup,squad_extractive
233,Who was the first clubs have won the fa cup as part of a league cup double? ,Preston North End (1889),39840,6255,FA_Cup,squad_extractive
234,Who was the latest clubs have won the fa cup as part of a league cup double? ,Chelsea (2010),39999,6277,FA_Cup,squad_extractive
235,What year did that take place? ,1993,40018,6280,FA_Cup,squad_extractive
236,Has any club won both in a same season? ,Arsenal became the first side to win both the FA Cup and the League Cup in the same season,40024,6281,FA_Cup,squad_extractive
237,Has the final been played by a two clubs outside of the top divisions? ,The final has never been contested by two teams from outside the top division,40629,6387,FA_Cup,squad_extractive
238,Has the final been won by a club outside of the top divisions? ,there have only been eight winners who weren't in the top flight,40711,6402,FA_Cup,squad_extractive
239,Who was the first outside club to win? ,Notts County,40777,6414,FA_Cup,squad_extractive
240,What year did that take place? ,1894,40791,6417,FA_Cup,squad_extractive
241,How many second tier have made the finals? ,only 24 finalists have come from outside English football's top tier,41269,6489,FA_Cup,squad_extractive
242,What was the first Fa cup radio broadcast? ,The first FA Cup Final on Radio was in 1926,41700,6567,FA_Cup,squad_extractive
243,What clubs competed in the match? ,Bolton Wanderers and Manchester City,41752,6578,FA_Cup,squad_extractive
244,Wa the game broadcast in both cities? ,this was only broadcast in Manchester,41793,6584,FA_Cup,squad_extractive
245,So when was the firs national broadcast? ,the first national final on BBC Radio was between Arsenal and Cardiff in 1927,41832,6590,FA_Cup,squad_extractive
246,Who had FA cup coverage from 1988-1997?,"From 1988 to 1997, the BBC and Sky Sports had coverage of the FA Cup",42807,6759,FA_Cup,squad_extractive
247,How are the games broadcast now? ,", FA Cup matches are shown live by ITV across England and Wales, with UTV broadcasting to Northern Ireland",43278,6851,FA_Cup,squad_extractive
248,Does anyone refuse to show them? ,STV refusing to show them,43389,6870,FA_Cup,squad_extractive
249,What year did rebecca host the match? ,for the 2010–11 to 2012–13 season,44396,7037,FA_Cup,squad_extractive
250,Has a woman ever broadcast a match? ,Rebecca Lowe became the first woman to host the FA Cup Final in the UK.,44451,7047,FA_Cup,squad_extractive
251,Who took over the package from Sentana?,ESPN took over the package Setanta,44712,7096,FA_Cup,squad_extractive
252,Who show the 2011 final? ,The 2011 final was also shown live on Sky 3D in addition to ESPN,44792,7111,FA_Cup,squad_extractive
253,Does ESPN still hold the contract? ,"Following the sale of ESPN's UK and Ireland channels to BT, ESPN's rights package transferred to BT Sport",44908,7135,FA_Cup,squad_extractive
254,Who took over after ESPN? ,BT Sport,45005,7151,FA_Cup,squad_extractive
255,What year did this take place? ,the 2013–14 season,45019,7154,FA_Cup,squad_extractive
256,For which industry were elevators first used?,coal mines,45061,7161,Elevator,squad_extractive
257,In the mid 1800s what were elevators fueled by?,steam power,45126,7171,Elevator,squad_extractive
258,What were elevators originally built for?,moving goods in bulk in mines and factories,45156,7177,Elevator,squad_extractive
259,"Who built the ""ascending room"", in 1823?",Burton and Hormer,45326,7207,Elevator,squad_extractive
260,Who invented the hydraulic crane in 1846?,Sir William Armstrong,45604,7250,Elevator,squad_extractive
261,Were was the hydraulic crane initially used?,Tyneside docks,45660,7260,Elevator,squad_extractive
262,In what manner did hydraulic cranes employ Pascal's law? ,they provided a much greater force,45780,7276,Elevator,squad_extractive
263,The water pump supplied water pressure to a plunger located where?,encased inside a vertical cylinder,45886,7295,Elevator,squad_extractive
264,"besides water pressure, what else was used to increase the lifting power?",Counterweights and balances,46007,7315,Elevator,squad_extractive
265,"What Neapolitan architect created the ""Flying Chair"" elevator?",Gaetano Genovese,46133,7334,Elevator,squad_extractive
266,"At what location was the ""Flying Chair"" installed in 1845?",Royal Palace of Caserta,46167,7339,Elevator,squad_extractive
267,What type of wood was used on the inside ?,maple,46286,7359,Elevator,squad_extractive
268,What controlled the traction?,a motor mechanic utilizing a system of toothed wheels,46483,7393,Elevator,squad_extractive
269,What did the safety system consist of?,a beam pushed outwards by a steel spring,46618,7417,Elevator,squad_extractive
270,Who created the safety elevator in 1852?,Elisha Otis,46670,7427,Elevator,squad_extractive
271,What feature did the safety elevator display? ,prevented the fall of the cab if the cable broke,46720,7434,Elevator,squad_extractive
272,What did the govenor device engage to lock the elevator?,knurled roller(s),46885,7464,Elevator,squad_extractive
273,At what location was it first presented?,New York exposition in the Crystal Palace,47013,7484,Elevator,squad_extractive
274,Where was the first safety elevator installed?,488 Broadway in New York City,47161,7507,Elevator,squad_extractive
275,"Which was built first, the first elevator shaft or the first elevator?",first elevator shaft,47215,7518,Elevator,squad_extractive
276,What year did constructrion begin for the Cooper Union Foundation?,1853,47365,7541,Elevator,squad_extractive
277,What design did Peter Cooper feel was the most efficient?,cylindrical,47515,7566,Elevator,squad_extractive
278,The Otis Elevator Company is today a subsidiary of what major corporation?,United Technologies Corporation,47695,7594,Elevator,squad_extractive
279,What title does United Technologies Corporation hold?,world's largest manufacturer of vertical transport systems,47735,7599,Elevator,squad_extractive
280,Who built the first electric elevator?,Werner von Siemens,47837,7613,Elevator,squad_extractive
281,Who ultilized von Siemens ideas to build a succesful business?,Anton Freissler,47889,7622,Elevator,squad_extractive
282,Who is credited with increasing the safety and speed of electric elevators?,Frank Sprague,48071,7649,Elevator,squad_extractive
283,To whom did Frank Sprague sell his company to in 1895?,Otis Elevator Company,48337,7689,Elevator,squad_extractive
284,"Elevator drive mechanisms have, in the past been, powered by what?",steam and water hydraulic pistons or by hand,48884,7779,Elevator,squad_extractive
285,What is the weight of the elevator cage balanced by? ,a counterweight,49116,7821,Elevator,squad_extractive
286,How do elevators built in pairs work?,"their cars always move synchronously in opposite directions,",49175,7830,Elevator,squad_extractive
287,What do elevator doors protect riders from?,falling into the shaft,49308,7848,Elevator,squad_extractive
288,How do most elevator doors work?,"have two panels that meet in the middle, and slide open laterally",49368,7858,Elevator,squad_extractive
289,What design allows wider entryways within limited space?,a cascading telescopic configuration,49438,7871,Elevator,squad_extractive
290,What is a single panel door referred to as?,"""slab"" door",49913,7946,Elevator,squad_extractive
291,The single door is sometimes located where?,on the shaft way,50065,7973,Elevator,squad_extractive
292,"Throughout history, what type of engines were used for elevator machines?",AC motors,50137,7985,Elevator,squad_extractive
293,Why were AC motors used?,cost and lower usage applications where car speed and passenger comfort were less of an issue,50220,8000,Elevator,squad_extractive
294,What problem arises for fast and large capacity elevators?,the need for infinitely variable speed control over the traction machine,50364,8023,Elevator,squad_extractive
295,"Generally, what powered the relay contoller?",MG set,50547,8051,Elevator,squad_extractive
296,What is a known advantage of the MG set?,electrically isolating the elevators from the rest of a building's electrical system,50648,8068,Elevator,squad_extractive
297,"In a gearless traction engine, what is the drive sheave attached to?",directly attached to the end of the motor,51195,8152,Elevator,squad_extractive
298,What speed is a gearless traction elevator capable of attaining?,"20 m/s (4,000 ft/min)",51292,8169,Elevator,squad_extractive
299,What motivates an external drum brake held open electrically?,spring force,51543,8217,Elevator,squad_extractive
300,One exception that is not high speed high rise and large capacity is what?,Kone MonoSpace's EcoDisc,51946,8290,Elevator,squad_extractive
301,What reduces the amount of force needed to propel the cab?,cables are attached to a hitch plate on top of the cab,52482,8381,Elevator,squad_extractive
302,Where will the counterweight be found?,in the hoist-way,52760,8433,Elevator,squad_extractive
303,What guides the traction machine?,the controller,52947,8466,Elevator,squad_extractive
304,The counterweight runs equal to the cab weight plus what percentage of the elevator capacity?,40-50%,53184,8502,Elevator,squad_extractive
305,Maintaining that the ropes all have equal tension may reduce what?,Sheave and rope wear,53550,8567,Elevator,squad_extractive
306,"""Compensation"" is the name of the system used for what type of elevators?",Elevators with more than 30 m (98 ft) of travel,53817,8613,Elevator,squad_extractive
307,"""Compensation"" consists of what?",a separate set of cables or a chain attached to the bottom of the counterweight and the bottom of the elevator cab,53908,8630,Elevator,squad_extractive
308,What exactly does this system compensate for?,the differing weight of cable between the hoist and the cab,54092,8664,Elevator,squad_extractive
309,What is the chain guided by in a compensation system that uses chains?,a bar mounted between the counterweight railway lines,54540,8746,Elevator,squad_extractive
310,What type of installations are hydraulic elevators best suited for?,"low rise, low traffic installations",54706,8770,Elevator,squad_extractive
311,Why do hydraulic elevators use more energy?,the pump works against gravity to push the car and its passengers upwards; this energy is lost when the car descends on its own weight,54777,8781,Elevator,squad_extractive
312,What else contributes to a higher demand from the electrical system?,The high current draw of the pump when starting up,54913,8806,Elevator,squad_extractive
313,What concerns arise when the lifting cylinder leaks fluid into the ground?,environmental concerns,55041,8828,Elevator,squad_extractive
314,What defines a climbing elevator?,a self-ascending elevator with its own propulsion,55144,8843,Elevator,squad_extractive
315,How is the propulsion powered in a climbing elevator?,by an electric or a combustion engine,55222,8855,Elevator,squad_extractive
316,What settings are climbing elevators used in?,guyed masts or towers,55292,8867,Elevator,squad_extractive
317,What is the Glasgow Tower?,"an observation tower in Glasgow, Scotland",55573,8914,Elevator,squad_extractive
318,What does this type of elevator use to propel the cage?,"a vacuum on top of the cab and a valve on the top of the ""shaft""",55689,8934,Elevator,squad_extractive
319,"For sudden surges in pressure above the cab, what is used as a ""brake""?",a diaphragm or a piston,55843,8969,Elevator,squad_extractive
320,How does it enable the cab to go down by it's own weight?,"it opens the valve so that the air can pressurize the top of the ""shaft""",55965,8993,Elevator,squad_extractive
321,What is the shaft made of?,acrilic,56194,9039,Elevator,squad_extractive
322,How much weight is permitted on a low capacity elevator?,up to 525 lbs,56437,9082,Elevator,squad_extractive
323,Until the mid 1900s most elevators lacked what?,automatic positioning of the floor on which the cab would stop,56525,9099,Elevator,squad_extractive
324, Many earlier built  freight elevators were controlled by what?,switches operated by pulling on adjacent ropes,56644,9119,Elevator,squad_extractive
325,How were most elevators built before 1939 powered? ,by elevator operators using a rheostat connected to the motor,56756,9135,Elevator,squad_extractive
326,A rheostat is the size and shape of what?,a cake,56919,9161,Elevator,squad_extractive
327,Where was the rheostat mounted?,upright or sideways on the cab wall,56944,9166,Elevator,squad_extractive
328,Where is the elevator motor found?,at the top of the shaft or beside the bottom of the shaft,57111,9196,Elevator,squad_extractive
329,Moving the helve forward causes the cab to do what?,to rise,57217,9217,Elevator,squad_extractive
330,The more pressure applied to the handle caused what?,the faster the elevator would move,57281,9228,Elevator,squad_extractive
331,"Why was the handle considered a ""dead man switch""?","if the operator let go of the handle, it would return to its upright position, causing the elevator cab to stop",57362,9243,Elevator,squad_extractive
332,Eventually safety locks were used to guarantee what?,that the inner and outer doors were closed before the elevator was allowed to move,57515,9270,Elevator,squad_extractive
333,"What function does a ""destination operating panel"" feature?",a passenger registers their floor calls before entering the car,57702,9299,Elevator,squad_extractive
334,"What is one benefit of a ""destination operating panel""",travel time is reduced as the elevator makes fewer stops for individual passengers,57872,9329,Elevator,squad_extractive
335,"What is another benefit of a ""destination operating panel""?",the computer distributes adjacent stops to different cars in the bank,57960,9343,Elevator,squad_extractive
336,"What is the downside to a :destination operating panel""?",passenger waiting times may be longer as they will not necessarily be allocated the next car to depart,58064,9359,Elevator,squad_extractive
337,What is one example of a limitation on the system? ,the system is subject to gaming,58442,9419,Elevator,squad_extractive
338,What is generally unable to support variations in the number of people for a particular destination?,The dispatching algorithm,58573,9442,Elevator,squad_extractive
339,For what reason do people repeatedly push the up/down buttons on a panel?,people believe this to be an effective way to hurry elevators,58839,9484,Elevator,squad_extractive
340,Why is this a bad practice?,this will make the computer think multiple people are waiting and will allocate empty cars to serve this one person,58911,9496,Elevator,squad_extractive
341,What is one way to implement destination control?,every user gets an RFID card to identify himself,59100,9526,Elevator,squad_extractive
342,How does this help the system?,the system knows every user call and can cancel the first call if the passenger decides to travel to another destination to prevent empty calls,59153,9536,Elevator,squad_extractive
343,Newer systems know where and how many people are at a location for what reasons?,either for the purposes of evacuating the building or for security reasons,59416,9580,Elevator,squad_extractive
344,What is another name for up-peak mode?,moderate incoming traffic,59676,9625,Elevator,squad_extractive
345,"Generally, up-peak mode takes place during what times of the day?",most typically in the morning,59826,9648,Elevator,squad_extractive
346,What are the reasons for up-peak mode early in the day?,people arrive for work or at the conclusion of a lunch-time period,59859,9654,Elevator,squad_extractive
347,For what reasons are elevators routed one-by-one?,"when they reach a pre-determined passenger load, or when they have had their doors opened for a certain period of time",59963,9670,Elevator,squad_extractive
348,"Why is a ""this car leaving next"" sign used?",to encourage passengers to make maximum use of the available elevator system capacity,60193,9710,Elevator,squad_extractive
349,How is the special sercice mode enabled?,by a key switch either inside the elevator itself or on a centralized control panel in the lobby,60501,9761,Elevator,squad_extractive
350,What is the impact on an elevator set to independant service mode?,it will no longer respond to hall calls,60650,9787,Elevator,squad_extractive
351,During independant service mode how is a single cab in a hall kept from being used?,the hall buttons are disabled,60788,9812,Elevator,squad_extractive
352,At what times is Independant service best utilized?,when transporting large goods or moving groups of people between certain floors,61010,9851,Elevator,squad_extractive
353,What is the purpose of the Inspection service? ,to provide access to the hoistway and car top for inspection and maintenance,61123,9867,Elevator,squad_extractive
354,Who is authorized to provide inspection and/or maintenance of the elevator?,qualified elevator mechanics,61212,9882,Elevator,squad_extractive
355,What action initiates it's activation?,"a key switch on the car operating panel usually labeled 'Inspection', 'Car Top', 'Access Enable' or 'HWENAB",61267,9890,Elevator,squad_extractive
356,WWhat's the first thing to happen when the switch is activated?,the elevator will come to a stop if moving,61407,9912,Elevator,squad_extractive
357,"Once activatated, what is the only way to deactivate it?",The elevator can now only be moved by the corresponding 'Access' key switches,61624,9950,Elevator,squad_extractive
358,What initiates Phase one mode?,a corresponding smoke sensor or heat sensor in the building,62093,10032,Elevator,squad_extractive
359,What happens when an elevator goes into Phase one mode?,"The elevator will wait an amount of time, then proceed to go into nudging mode to tell everyone the elevator is leaving the floor",62239,10056,Elevator,squad_extractive
360,Where does the elevator go from there?,the elevator will go to the fire-recall floor,62450,10095,Elevator,squad_extractive
361,What happens if the mode is activated on the fire-recall floor?,the elevator will have an alternate floor to recall to,62559,10113,Elevator,squad_extractive
362,How is the elevator enabled for service after the incident?,The only way to return the elevator to normal service is to switch it to bypass after the alarms have reset,62961,10184,Elevator,squad_extractive
363,How is the Phase-two mode enabled?,Phase-two mode can only be activated by a key switch located inside the elevator on the centralized control panel,63071,10205,Elevator,squad_extractive
364,What is the purpose of the Phase-two mode?,This mode was created for firefighters so that they may rescue people from a burning building,63186,10224,Elevator,squad_extractive
365,Where is the Phase-two key switch to be found?,on the COP,63314,10245,Elevator,squad_extractive
366,What does Phase-two do?,enables the car to move,63406,10262,Elevator,squad_extractive
367,What actions must a firefighter take to activate Phase-two mode?,manually pushes and holds the door close button,63533,10283,Elevator,squad_extractive
368,"Upon arriving at the desinated floor, what does the elevator do?",it will park with its doors open and the car buttons will be disabled to prevent a passenger from taking control of the elevator,64195,10404,Elevator,squad_extractive
369,What steps do medical personnel take at that point?,"Medical personnel must then activate the code-blue key switch inside the car, select their floor and close the doors with the door close button",64325,10428,Elevator,squad_extractive
370,Where then does the elevator go?,The elevator will then travel non-stop to the selected floor,64470,10452,Elevator,squad_extractive
371,Once it arrives what does the elevator do,will remain in code-blue service until switched off in the car,64536,10463,Elevator,squad_extractive
372,What does the hold feature do?,allows the elevator to remain at a floor locked out of service until code blue is deactivated,64715,10492,Elevator,squad_extractive
373,What sequence of events happens when the power shuts off in a traction elevator and the elevators all stop?,"One by one, each car in the group will return to the lobby floor, open its doors and shut down",64906,10526,Elevator,squad_extractive
374,What do any passengers experience at this point?,People in the remaining elevators may see an indicator light or hear a voice announcement informing them that the elevator will return to the lobby shortly,65002,10546,Elevator,squad_extractive
375,"After all cars go to the lobby, what is the next step?",the system will then automatically select one or more cars to be used for normal operations and these cars will return to service,65201,10578,Elevator,squad_extractive
376,How are the selected cars then readied for passengers? ,The car(s) selected to run under emergency power can be manually overridden by a key or strip switch in the lobby,65332,10601,Elevator,squad_extractive
377,What is a safety feature to prevent entrapment?,"when the system detects that it is running low on power, it will bring the running cars to the lobby or nearest floor, open the doors and shut down",65484,10628,Elevator,squad_extractive
378,How do hydraulic elevators work in emergencies?,emergency power will lower the elevators to the lowest landing and open the doors to allow passengers to exit,65665,10661,Elevator,squad_extractive
379,"Once the passengers have exited, what happens?","The doors then close after an adjustable time period and the car remains unusable until reset, usually by cycling the elevator main power switch",65776,10680,Elevator,squad_extractive
380,For what reason are hydraulic elevators not powered by the standard emergency system?,due to the high current draw when starting the pump motor,65933,10705,Elevator,squad_extractive
381,What are current-limiting motor starters referred to as?,"""soft-start"" contactors",66255,10752,Elevator,squad_extractive
382,What types of elevator hold the highest safety record?,cable-borne elevators,66403,10775,Elevator,squad_extractive
383,"In the late nineties, what was considered the rate of cable-borne elevator problems? ",eight millionths of one percent (1 in 12 million) of elevator rides,66554,10797,Elevator,squad_extractive
384,What was the severity of the majority of elevator failures recorded?,minor things such as the doors failing to open,66680,10820,Elevator,squad_extractive
385,What is an example of a maintenance-related elevator death?,technicians leaning too far into the shaft or getting caught between moving parts,66831,10846,Elevator,squad_extractive
386,"Before the Twin Towers attack in 2001 , what was the only reported freefall accident attributed to a modern cable-borne elevator?",1945 when a B-25 bomber struck the Empire State Building,67239,10913,Elevator,squad_extractive
387,Underground electrolytic malfunctions in hydraulic elevators can result in the destruction of what? ,the cylinder and bulkhead,69319,11262,Elevator,squad_extractive
388,What Elevator Safety Code change required a second dished bulkhead? ,1972 ASME A17.1,69437,11279,Elevator,squad_extractive
389,Before the code change was enacted what was the only permitted hydraulic cylinder type?,single-bottom,69599,11302,Elevator,squad_extractive
390,"Once the cylinder is breached, what calamity does the loss of fluid cause?",uncontrolled down movement of the elevator,69695,11317,Elevator,squad_extractive
391,What testing does the code require?,periodic testing of the pressure capability,70017,11372,Elevator,squad_extractive
392,What part of the mine shaft requires routine testing?,elevator rails,70762,11496,Elevator,squad_extractive
393,What type of testing is done to the an area of the cable?,destructive testing,70822,11504,Elevator,squad_extractive
394,What is  the first step in destructive testing?,"The ends of the segment are frayed, then set in conical zinc molds",70869,11512,Elevator,squad_extractive
395,"Afterwards, what type of machine is the segment secured in?",hydraulic stretching machine,70989,11536,Elevator,squad_extractive
396,What types of information are collected in the process?,"Data about elasticity, load, and other factors is compiled",71093,11552,Elevator,squad_extractive
397,What dictates passenger elevator capacities?,the available floor space,71310,11589,Elevator,squad_extractive
398,What capacities are passenger elevators availablee in?,"from 500 to 2,700 kg (1,000–6,000 lb) in 230 kg (500 lb) increments",71395,11600,Elevator,squad_extractive
399,What types of passenger elevators are installed in structures of up to eight floors?,hydraulic or electric,71553,11625,Elevator,squad_extractive
400,"Passenger elevators, used in city transport share similarities to what other ascending and descending vehicles counterbalancing each other?    ",funiculars,71946,11692,Elevator,squad_extractive
401,"What type of public elevator in Yalta, Ukraine, transport passengers from a hill above the Black Sea to a tunnel down on the beach?",underground public elevator,71992,11699,Elevator,squad_extractive
402,The elevator located at the Casco Viejo station in the Bilbao Metro is also used for what?,city transportation,72306,11753,Elevator,squad_extractive
403,How is that set up?,"ticket barriers are set up in such a way that passengers can pay to reach the elevator from the entrance in the lower city, or vice versa",72341,11757,Elevator,squad_extractive
404,What is another name for a freight elevator?,goods lift,72556,11796,Elevator,squad_extractive
405,What type of notice is required to be visible in most freight elevators?,a written notice in the car that the use by passengers is prohibited,72684,11815,Elevator,squad_extractive
406,Some freight elevators allow transport of both freight and passengers by using what?,an inconspicuous riser,72854,11843,Elevator,squad_extractive
407,How do freight elevators differ from passenger elevators?,Freight elevators are typically larger and capable of carrying heavier loads than a passenger elevator,72990,11867,Elevator,squad_extractive
408,What type of elevator is better suited for carrying freight?,electric elevators,73311,11913,Elevator,squad_extractive
409,How are stage lifts powered?,by hydraulics,73484,11936,Elevator,squad_extractive
410,What is an orchestra lift used for?,"to raise an entire orchestra, or an entire cast of performers (including live elephants) up to stage level from below",73789,11991,Elevator,squad_extractive
411,What is on the background of the image which can be used as a scale to represent the size of the mechanism?,a barrel,73916,12012,Elevator,squad_extractive
412,What type of elevators are generally less costly than full commercial elevators?,residential,74039,12038,Elevator,squad_extractive
413,What type of elevator has a hinged wooden shaft-access door?,residential,74039,12038,Elevator,squad_extractive
414,What type of doors do commercial elevators use?,metal sliding,74284,12074,Elevator,squad_extractive
415,"What safety mechanisms are still required, despite lower design costs?","locks on shaft access doors, fall arrestors, and emergency phones",74449,12098,Elevator,squad_extractive
416,"What types of elevators occassionaly do not use a traditional elevator shaft, machine room or hoistway?",residential,74581,12120,Elevator,squad_extractive
417,What benefits does this serve?,"allows an elevator to be installed where a traditional elevator may not fit, and simplifies installation",74686,12135,Elevator,squad_extractive
418,This decision reflected a revision of what?,the ASME A17.1,74865,12162,Elevator,squad_extractive
419,"What are small freight elevators used for things such as food, called?",Dumbwaiters,75081,12193,Elevator,squad_extractive
420,What rooms are dumbwaiters frequently used in?,They often connect kitchens to rooms on other floors,75213,12213,Elevator,squad_extractive
421,What is a safety feature found in passenger elevators they generally do not have?,various ropes for redundancy,75352,12236,Elevator,squad_extractive
422,What is the height restriction on dumbwaiters?,they can be up to 1 meter (3 ft.) tall,75414,12246,Elevator,squad_extractive
423,What features do they have that mimic passenger elevators?,"calling, door control, floor selection",75549,12272,Elevator,squad_extractive
424,An inclined plane with a conveyor belt describes what type of elevator?,Material transport elevators,75590,12277,Elevator,squad_extractive
425,What do the partians do on the conveyor?,ensure that the material moves forward,75731,12298,Elevator,squad_extractive
426,What industries are these types of elevators generally used in?,industrial and agricultural applications,75805,12310,Elevator,squad_extractive
427,What are spiral screws used for?,to elevate grain for storage in large vertical silos,75919,12325,Elevator,squad_extractive
428,What type of elevators are used for loading loose materials into bulk carriers?,Belt elevators,76022,12342,Elevator,squad_extractive
429,"The invention of elevators brought with it questions of social etiquette and formalities, generally referred to as what?",social protocols,76182,12369,Elevator,squad_extractive
430,This caused a stir in deciding who should enter first and who should do what?,press the buttons,76341,12395,Elevator,squad_extractive
431,Andreas Bernard wrote about the social aspects of the new elevators in what book?,Lifted: A Cultural History of the Elevator,76363,12399,Elevator,squad_extractive
432,Modern elevator position or floor indicaters often use what type of bulbs?,LED,76758,12455,Elevator,squad_extractive
433,What type of lanterns are used outside elevators as well as inside most cabs?,direction lanterns,76767,12457,Elevator,squad_extractive
434,What do floor indicaters often consist of?,successively illuminated floor indications or LCDs,77042,12507,Elevator,squad_extractive
435,What generally indicates the arrival of the elevator at a new floor?,a sound,77164,12527,Elevator,squad_extractive
436,What is the main function of direction lanterns?,to help people decide whether or not to get on the elevator,77354,12557,Elevator,squad_extractive
437,What might change your mind about whether or not to enter an elevator?,"If somebody waiting for the elevator wants to go up, but a car comes first that indicates that it is going down",77415,12569,Elevator,squad_extractive
438,What type of etching might you see on a direction indicator?,arrows or shaped like arrows,77686,12619,Elevator,squad_extractive
439,Some elevators may use the color convention for only what purpose?,to differentiate between directions,78042,12679,Elevator,squad_extractive
440,New technologies aim to provide a better elevator experience to passengers who suffer from what?,"claustrophobia, anthropophobia or social anxiety",78398,12736,Elevator,squad_extractive
441,What Israeli company uses motion sensors to display information on a screen embedded in the wall of the cabs?,DigiGage,78464,12743,Elevator,squad_extractive
442,LiftEye uses virtual window technology for what?,to turn common elevator into panoramic,78690,12778,Elevator,squad_extractive
443,How does it produce the panoramic effects?,It creates 3d video panorama using live feed from cameras placed vertically along the facade and synchronizes it with cab movement,78730,12784,Elevator,squad_extractive
444,Where is the video projected?,on a wall-sized screens,78885,12809,Elevator,squad_extractive
445,In what neighboring countries are passenger elevators required to adhere to Standard A17.1?,most US and Canadian jurisdictions,78962,12824,Elevator,squad_extractive
446, What is Standard A17.1?,Safety Code for Elevators and Escalators,79107,12844,Elevator,squad_extractive
447,What is the equivilent to the US Standard A17.1 called in Canada?,CAN/CSA B44 Safety Standard,79342,12882,Elevator,squad_extractive
448,What are passenger elevators tested with?,ASME A17.2 Standard,79647,12927,Elevator,squad_extractive
449,Whose name is on the permit required for operation of an elevator? ,the building owner,79849,12961,Elevator,squad_extractive
450,Do all jurisdictions require the permit to be displayed in the elevator?,"some jurisdictions require the permit to be displayed in the elevator cab, other jurisdictions allow for the operating permit to be kept on file elsewhere",79912,12971,Elevator,squad_extractive
451,"Aside from the elevator, where else might a permit be displayed?",the maintenance office,80077,12999,Elevator,squad_extractive
452,What type of notice can be displayed in the elevator in lieu of the permit?,a notice is posted in its place informing riders of where the actual permits are kept.,80232,13026,Elevator,squad_extractive
453,How many elevators had China installed since 1949?,"610,000",80571,13083,Elevator,squad_extractive
454,How many elevators are in Brazil?,"300,000",80667,13097,Elevator,squad_extractive
455,What type of elevators are used in the Taipei 101 office tower?,Double deck elevators,80849,13125,Elevator,squad_extractive
456,During what hours is the lower deck turned off?,low-volume hours,81128,13174,Elevator,squad_extractive
457,"During the low volume hours, what can the upper deck function as?",a single-level elevator stopping at all adjacent floors,81176,13183,Elevator,squad_extractive
458,On what floor must restaurant customers clear their reservations?,at the reception counter on the 2nd floor,81371,13211,Elevator,squad_extractive
459,"What levels make up the ""sky lobby""?","36 and 60, upper-deck car",81477,13232,Elevator,squad_extractive
460,This speed holds what record?,world-record certified speed,81613,13251,Elevator,squad_extractive
461,How fast do the observation deck elevators travel?,"1,010 metres per minute (61 km/h) in 16 seconds",81645,13255,Elevator,squad_extractive
462,What does cabin pressure control do? ,help passengers adapt smoothly to pressure changes,81909,13298,Elevator,squad_extractive
463,How fast does the elevator drop down?,600 meters per minute,82018,13315,Elevator,squad_extractive
464,At what floor do the doors open on the way down?,52nd,82071,13325,Elevator,squad_extractive
465,What is the name of the elevator attraction at the Disney World parks across the world?,The Twilight Zone Tower of Terror,82085,13327,Elevator,squad_extractive
466,What is the main feature of this attraction?,a simulated free-fall achieved through the use of a high-speed elevator system,82399,13380,Elevator,squad_extractive
467,Do ride goers stand or sit?,passengers are seated and secured in their seats rather than standing,82499,13395,Elevator,squad_extractive
468,What unique feature does this ride provide guests?,downward acceleration greater than that of normal gravity,82843,13453,Elevator,squad_extractive
469,What type of motor is used?,high-speed drive motor,82906,13462,Elevator,squad_extractive
470,How are passenger cabs separated from the lift?,mechanically,82999,13478,Elevator,squad_extractive
471,What type of vehicles are the passenger cabs?,automated guided vehicles or AGVs,83239,13516,Elevator,squad_extractive
472,What action do the cabs take before the elevator begins to move?,move into the vertical motion shaft and lock themselves in,83274,13521,Elevator,squad_extractive
473,What is special about the doorways of the top floors?,"The doorways of the top few ""floors"" of the attraction are open to the outdoor environment",83454,13547,Elevator,squad_extractive
474,What does this allow riders to do at the top?,look out from the top of the structure,83574,13567,Elevator,squad_extractive
475,What do these floors serve as?,observation decks,83666,13584,Elevator,squad_extractive
476,"What are the 67th, 69th, and 70th floors of the GE Building at Rockerfeller Center nicknamed?","""Top of the Rock""",83692,13587,Elevator,squad_extractive
477,What type of elevator is featured?,high-speed glass-top,83778,13604,Elevator,squad_extractive
478,"The special effects include blue light, music playing and what else?",various animations are also displayed on the ceiling,84137,13667,Elevator,squad_extractive
479,How long is the short trip?,about 60 seconds,84213,13679,Elevator,squad_extractive
480," The Haunted Mansion at Disneyland in California and the one in Paris, France sharewhat attribute?",takes place on an elevator,84342,13698,Elevator,squad_extractive
481,What is the name of area that is really an elevator?,"The ""stretching room""",84370,13703,Elevator,squad_extractive
482,What is included in the elevator's design?,The elevator has no ceiling and its shaft is decorated to look like walls of a mansion,84539,13731,Elevator,squad_extractive
483,What is the illusion given by these effects?,the illusion of the room stretching,84730,13768,Elevator,squad_extractive
484,What is anthropology a study of?,humans and their societies,84802,13780,Anthropology,squad_extractive
485,What investigates the influence of language in social life?,linguistic anthropology,84987,13807,Anthropology,squad_extractive
486,When was the American Anthropological Association founded?,1902,85549,13887,Anthropology,squad_extractive
487,When did Madrid get it's own anthropological society?,1865,85594,13894,Anthropology,squad_extractive
488,Vienna created it's society in what year?,1870,85640,13900,Anthropology,squad_extractive
489,When was the Berlin Society of Anthropology founded by Rudolph Virchow?,1869,85838,13928,Anthropology,squad_extractive
490,What did Virchow feel Darwin's conclusions lacked?,empirical foundation,85997,13949,Anthropology,squad_extractive
491,What proliferated in the last three decades of the 19th century?,anthropological societies,86089,13963,Anthropology,squad_extractive
492,Who belonged to these proliferating organizations?,The major theorists,86249,13982,Anthropology,squad_extractive
493,When did Bronislaw Malinoswki and Franz Boas do their relevant work?,late 19th and early 20th centuries,86717,14053,Anthropology,squad_extractive
494,What has cultural anthropology distinguished itself from other social sciences by emphasizing?,cross-cultural comparisons,86896,14081,Anthropology,squad_extractive
495,What has cultural anthropology specifically emphasized?,"cultural relativism, holism, and the use of findings to frame cultural critiques",87125,14109,Anthropology,squad_extractive
496,What did Boas' argue against?,19th-century racial ideology,87295,14134,Anthropology,squad_extractive
497,What did Margaret Mead advocate for?,gender equality and sexual liberation,87362,14142,Anthropology,squad_extractive
498,What fields are forced to confront one another in anthropology?,"humanities, social, and natural sciences",87650,14182,Anthropology,squad_extractive
499,Where did early anthropology originate?,Greece and Persia,88214,14259,Anthropology,squad_extractive
500,What interdisciplinary fields has anthropology been central in the development of?,"cognitive science, global studies, and various ethnic studies",88425,14290,Anthropology,squad_extractive
501,What has sociocultural anthropology been heavily influenced by?,structuralist and postmodern theories,88547,14305,Anthropology,squad_extractive
502,When was there an epistemological shift away from positivist traditions in anthropology?,During the 1970s and 1990s,88646,14320,Anthropology,squad_extractive
503,What questions came to occupy a central place in cultural and social anthropology?,nature and production of knowledge,88848,14349,Anthropology,squad_extractive
504,What two fields remained largely positivist? ,archaeology and biological anthropology,88964,14367,Anthropology,squad_extractive
505,What have the four sub-fields of anthropology lacked over the last several decades?,cohesion,89121,14387,Anthropology,squad_extractive
506,What draws together the axes of cultural and social anthropology?,Sociocultural anthropology,89162,14393,Anthropology,squad_extractive
507,What studies the way people make sense of the world around them?,Cultural anthropology,89273,14406,Anthropology,squad_extractive
508,What does social anthropology help develop an understanding of?,"social structures,",89824,14488,Anthropology,squad_extractive
509,What kind of distinction is lacking between social and cultural anthropology?,hard-and-fast,89948,14505,Anthropology,squad_extractive
510,What is the attempt to understand other societies on their own terms?,cultural relativism,90103,14526,Anthropology,squad_extractive
511,What does accepting other cultures in their own terms moderate?,reductionism in cross-cultural comparison,90271,14551,Anthropology,squad_extractive
512,What can refer to both a methodology and the product of ethnographic research?,Ethnography,90378,14565,Anthropology,squad_extractive
513,What is one of the foundational methods of social anthropology?,Participant observation,90601,14597,Anthropology,squad_extractive
514,Why type of anthropology is the study of social organization a central focus of?,Sociocultural,91051,14661,Anthropology,squad_extractive
515,What patterns does sociocultural anthropology get up in the morning to learn about?,consumption and exchange,91168,14675,Anthropology,squad_extractive
516,What field studies human's past through material remains?,Archaeology,91496,14713,Anthropology,squad_extractive
517,"What are artifacts, faunal remains and human altered landscapes the evidence of?",cultural and material lives of past societies,91645,14736,Anthropology,squad_extractive
518,What can archaeologists deduce from material remains?,human behavior and cultural practices,91774,14755,Anthropology,squad_extractive
519,What do Ethnoarchaeologists gain a better understanding of by studying living human groups?,past human groups,91997,14790,Anthropology,squad_extractive
520,How are long dead human groups presumed to have lived and behaved as compared to still living populations?,in similar ways,92047,14799,Anthropology,squad_extractive
521,What subdivision of anthropology seeks to understand the process of human communications?,Linguistic,92065,14802,Anthropology,squad_extractive
522,What is the analysis of linguistic forms and processes linked to?,interpretation of sociocultural processes,92501,14863,Anthropology,squad_extractive
523,What related fields do linguistic anthropologists draw on?,"sociolinguistics, pragmatics, cognitive linguistics, semiotics, discourse analysis, and narrative analysis",92610,14875,Anthropology,squad_extractive
524,What have several anthropologists noted about Western artistic endeavors and their place in non-Western contexts?,do not exist,92989,14922,Anthropology,squad_extractive
525,What formal features in objects do anthropologists of art focus on?,evident 'aesthetic' qualities,93230,14957,Anthropology,squad_extractive
526,When was Art as Cultural System penned?,1983,93369,14978,Anthropology,squad_extractive
527,What is the trend to transform the anthropology of 'art' into an anthropology of?,culturally specific 'aesthetics',93470,14994,Anthropology,squad_extractive
528,Who used the term anthropology to describe the natural history of man?,Étienne Serres,93603,15015,Anthropology,squad_extractive
529,When was anthropology used as a term for comparative anatomy?,1838,93621,15018,Anthropology,squad_extractive
530,What organization was formed by members whose primary objective was the abolishment of slavery?,Société Ethnologique de Paris,93961,15070,Anthropology,squad_extractive
531,What is anthropology the intellectual results of?,comparative methods,94243,15113,Anthropology,squad_extractive
532,What were theorists in diverse fields beginning to notice between animals and languages?,similarities,94470,15143,Anthropology,squad_extractive
533,What did the theorists suspect these patterns were the result of?,processes or laws unknown to them then,94543,15153,Anthropology,squad_extractive
534,What was Darwin's On The Origin of Species for theorists?,epiphany,94662,15174,Anthropology,squad_extractive
535,How did Darwin arrive at his conclusions?,comparison of species,94762,15189,Anthropology,squad_extractive
536,When did Wallace and Darwin unveil the theory of evolution?,late 1850s.,94871,15208,Anthropology,squad_extractive
537,What was there a rush to do with the theory of evolution?,bring it into the social sciences,94914,15216,Anthropology,squad_extractive
538,What organization was Broca in the process of disentangling himself from?,Société de biologie,95014,15235,Anthropology,squad_extractive
539,What did the French call evolutionism?,Transformisme,95239,15272,Anthropology,squad_extractive
540,"If Broca were alive today, what would his profession be?",neurosurgeon,95468,15311,Anthropology,squad_extractive
541,What particularly interested Broca?,the pathology of speech,95507,15317,Anthropology,squad_extractive
542,What did Broca discover in the human brain?,speech center,95658,15342,Anthropology,squad_extractive
543,How did Waitz define anthropology?,the science of the nature of man,96137,15412,Anthropology,squad_extractive
544,What philosophical perspective did Waitz hold?,an animist,96244,15431,Anthropology,squad_extractive
545,What would anthropology use to differentiate man from the animals nearest him?,"comparative anatomy, physiology, and psychology",96419,15461,Anthropology,squad_extractive
546,What did Waitz stress that the data of comparison must be?,empirical,96571,15484,Anthropology,squad_extractive
547,Who was Waitz influential among?,British ethnologists,96865,15533,Anthropology,squad_extractive
548,In what year did Richard Francis Burton break away from the Ethnological Society of London?,1863,96890,15536,Anthropology,squad_extractive
549,Representatives from where were present in the Anthropological Society of London?,French Société,97254,15591,Anthropology,squad_extractive
550,What did the 20th century see the expansion of anthropology departments into?,majority of the world's higher educational institutions,97815,15674,Anthropology,squad_extractive
551,What was anthropology diversified into dozens of?,subdivisions,97944,15692,Anthropology,squad_extractive
552,What type of anthropology is used to solve specific problems?,Practical,97973,15696,Anthropology,squad_extractive
553,What does a forensic archaeologist become stimulated to do in the presence of buried victims?,recreate the final scene,98188,15727,Anthropology,squad_extractive
554,From how many nations does the WCAA boast members from?,about three dozen,98499,15767,Anthropology,squad_extractive
555,What type of anthropology tries to understand the social aspects of mass media?,Media anthropology,98527,15771,Anthropology,squad_extractive
556,Following audiences in their everyday responses to media is encompassed by what type of context?,media reception,98924,15828,Anthropology,squad_extractive
557,Media such as a radio and television have started to make their presences felt since what years?,early 1990s,99405,15902,Anthropology,squad_extractive
558,What type of anthropology concerns itself with the study of photography and film?,Visual,99419,15904,Anthropology,squad_extractive
559,What term is visual anthropology sometimes used interchangeably with?,ethnographic film,99617,15933,Anthropology,squad_extractive
560,"What are performances, art, and the production of mass media grouped under?",visual representation,99702,15943,Anthropology,squad_extractive
561,Economic anthropology covers what scope of human economic behavior?,"historic, geographic and cultural",100130,15999,Anthropology,squad_extractive
562,What is economic anthropology highly critical of?,discipline of economics,100210,16011,Anthropology,squad_extractive
563,Who was the Polish-British founder of Anthropology?,Bronislaw Malinowski,100365,16034,Anthropology,squad_extractive
564,What does political economy in anthropology apply Historical Materialism to?,traditional concerns,101037,16130,Anthropology,squad_extractive
565,What did Political Economy introduce questions of to theories of social structure and culture?,history and colonialism,101174,16146,Anthropology,squad_extractive
566,Who were the original affluent society?,Hunter-gatherers,101466,16186,Anthropology,squad_extractive
567,What have Political Economists most recently focused on the issues of?,industrial (and post-industrial) capitalism,101914,16254,Anthropology,squad_extractive
568,What type of anthropology is used to analyse and find solutions to real world problems?,Applied,101977,16261,Anthropology,squad_extractive
569,What do the instrumental methods of applied anthropology produce?,change or stability,102198,16293,Anthropology,squad_extractive
570,What side of anthropology is applied anthropology?,the practical side,102379,16319,Anthropology,squad_extractive
571,Included in applied anthropology is researcher involvement as well as activism in what communities?,participating,102486,16333,Anthropology,squad_extractive
572,What does development anthropology involves doing a lot of?,pondering,102786,16373,Anthropology,squad_extractive
573,"When it comes to plans and outcomes, what do development anthropologists look at between them?",gap,102895,16392,Anthropology,squad_extractive
574,What can refer to the study of patterns in human cultures?,Kinship,103159,16435,Anthropology,squad_extractive
575,When has anthropology developed related terms?,Over its history,103334,16465,Anthropology,squad_extractive
576,What does it mean if people are related by descent?,one's social relations during development,103606,16504,Anthropology,squad_extractive
577,What does feminist anthropology self-reports as seeking to reduce in research findings?,male bias,103817,16530,Anthropology,squad_extractive
578,What do feminist anthropologists claim their research helps to correct?,systematic bias,104333,16598,Anthropology,squad_extractive
579,What type of anthropology do feminist anthropologists inclusively specialize in?,birth anthropology,104517,16621,Anthropology,squad_extractive
580,What division of anthropology concerns itself with food security?,Nutritional,104558,16626,Anthropology,squad_extractive
581,Nutritional anthropologists investigate the interplay between economic systems and what?,food security,104685,16643,Anthropology,squad_extractive
582,"If environmental changes in a community affect access to food, then there is an eventual connection to what?",globalization,104987,16690,Anthropology,squad_extractive
583,What affects overall health status?,Nutritional status,105002,16691,Anthropology,squad_extractive
584,What subfield of anthropology studies mental processes? ,Psychological,105232,16723,Anthropology,squad_extractive
585,What does psychological anthropology particularly focus on in a particular culture group?,humans' development and enculturation,105417,16749,Anthropology,squad_extractive
586,What shapes processes of human cognition?,cultural group,105475,16756,Anthropology,squad_extractive
587,What aspects define a cultural group?,"its own history, language, practices, and conceptual categories",105495,16758,Anthropology,squad_extractive
588,What methods and theories do cognitive anthropologists use to explain cultural innovation?,cognitive sciences,105989,16824,Anthropology,squad_extractive
589,What are two examples of methods and theories of cognitive science?,experimental psychology and evolutionary biology,106020,16827,Anthropology,squad_extractive
590,Cognitive anthropologists want to know how the way people perceive and related to the world around them is linked to what?,implicit knowledge,106357,16868,Anthropology,squad_extractive
591,From what basis do political anthropologists examine the structure of political systems?,structure of societies,106546,16897,Anthropology,squad_extractive
592,"The presence of states, bureaucracies and markets makes for what type of social setting?","""complex""",106794,16930,Anthropology,squad_extractive
593,Who did a comparative work on a Balinese state?,Geertz,107532,17035,Anthropology,squad_extractive
594,What type of anthropology originated as a sub-focus group?,Cyborg,107619,17048,Anthropology,squad_extractive
595,When did the division of cyborg anthropology originate?,1993,107739,17063,Anthropology,squad_extractive
596,"What the sub-group of cyborg anthropology very closely related to, in addition to STS?",the Society for the Social Studies of Science,107795,17073,Anthropology,squad_extractive
597,Who published a Cyborg Manifesto?,Donna Haraway,107842,17081,Anthropology,squad_extractive
598,What does cyborg anthropology study about humankind and technological systems humans have built?,its relations,108068,17111,Anthropology,squad_extractive
599,What is the focus of most of the field work in environmental anthropology today?,political ecology,108619,17192,Anthropology,squad_extractive
600,What do many characterize the new perspective as being more informed with?,"culture, politics and power, globalization, localized issues, and more.",108699,17203,Anthropology,squad_extractive
601,Who does Melissa Checker have a relationship with?,people of Hyde Park,109194,17272,Anthropology,squad_extractive
602,How does an someone interested in ethnohistory learn more about cultures and customs?,by examining historical records,109290,17286,Anthropology,squad_extractive
603,What does ethnohistory use both historical and ethnographic data as?,its foundation,109476,17317,Anthropology,squad_extractive
604,What do the methods of ethnohistory go beyond the standard use of?,documents and manuscripts,109559,17330,Anthropology,squad_extractive
605,"Who recognizes the utility of music, folkore and language?",Practitioners,109586,17333,Anthropology,squad_extractive
606,What division of anthropology is concerned with poverty?,Urban,109822,17361,Anthropology,squad_extractive
607,Who is fond of quoting a remark from the 1960s?,Ulf Hannerz,109911,17372,Anthropology,squad_extractive
608,What is a stereotype of traditional anthropologists? ,notoriously agoraphobic,109986,17383,Anthropology,squad_extractive
609,One would be studying how the dynamic of a city is affected if one were looking directly at different what?,social issues,110649,17485,Anthropology,squad_extractive
610,What is the study of interaction between living things?,Anthrozoology,110733,17500,Anthropology,squad_extractive
611,What is Anthrozoology also known as?,human–animal studies,110763,17505,Anthropology,squad_extractive
612,What does the field of anthrozoology overlap with?,number of other disciplines,110901,17524,Anthropology,squad_extractive
613,What are some of the diverse range of fields scholars come to Anthrozoology from?,"anthropology, sociology, biology, and philosophy",111249,17572,Anthropology,squad_extractive
614,What branch of anthropology studies human behavior and the relation between primates?,Evolutionary,111305,17578,Anthropology,squad_extractive
615,What is evolutionary anthropology  based in?,natural science and social science,111517,17606,Anthropology,squad_extractive
616,Which humans does evolutionary anthropology concern itself with the biological and cultural evolution of?,past and present,111707,17630,Anthropology,squad_extractive
617,What evidence does evolutionary anthropology draw on to understand the human experience?,many lines,111926,17662,Anthropology,squad_extractive
618,What type of anthropology commitment is noticing and documenting genocide?,Ethical,112004,17674,Anthropology,squad_extractive
619,What is the proper term for circumcision?,mutilation,112104,17685,Anthropology,squad_extractive
620,What are good topics to attract the attention of an anthropologist?,"racism, slavery, and human sacrifice",112182,17694,Anthropology,squad_extractive
621,Why can one find thousands of anthropological references to the topics?,depth of an anthropological approach,112466,17735,Anthropology,squad_extractive
622,What were Boas' peers doing in the 1940s?,active in the allied war effort,112732,17775,Anthropology,squad_extractive
623,What groups formed the Axis forces?,"Nazi Germany, Fascist Italy, and Imperial Japan",112784,17785,Anthropology,squad_extractive
624,What did many anthropologists serve in?,the armed forces,112849,17794,Anthropology,squad_extractive
625,"Why are several anthropologists dismissed from their jobs, according to David H. Price?",communist sympathies.,113170,17844,Anthropology,squad_extractive
626,What has the ASA identified as being ethically dangerous?,certain scholarship,113481,17888,Anthropology,squad_extractive
627,"Who penned a ""Statement of Professional Responsibility""?",The AAA,113522,17892,Anthropology,squad_extractive
628,Who are anthropologists working with along with other social scientists? ,the US military,113839,17939,Anthropology,squad_extractive
629,What are the anthropologists part of?,US Army's strategy in Afghanistan,113870,17946,Anthropology,squad_extractive
630,What efforts focus on better understanding and meeting of local needs in Afghanistan?,Counterinsurgency,113949,17958,Anthropology,squad_extractive
631,Where are HTS teams working with the military in addition to Afghanistan?,Iraq,114146,17987,Anthropology,squad_extractive
632,What does the AAA feel is incompatible with working with the military?,ethics,114942,18100,Anthropology,squad_extractive
633,What type of anthropologist is interested in human variation?,Biological,115090,18124,Anthropology,squad_extractive
634,What would an idea shared by virtually all human cultures be considered?,human universals,115182,18137,Anthropology,squad_extractive
635,Where can participant observation take an anthropologist?,into the field,115417,18169,Anthropology,squad_extractive
636,"To be able to do fieldwork, an anthropologist must first travel to what?",a community in its own setting,115459,18175,Anthropology,squad_extractive
637,How do anthropologists typically like to divide up the world?,relevant time periods and geographic regions,115788,18223,Anthropology,squad_extractive
638,How has human time on Earth been divided up?,cultural traditions based on material,115882,18238,Anthropology,squad_extractive
639,"Olduwan, Mousterian, and Levalloisian are all types of what?",tool,116058,18261,Anthropology,squad_extractive
640,Mapping cultures is central to both the sciences of anthropologists and who else?,geographers,116248,18286,Anthropology,squad_extractive
641,What is a central part of the science of anthropology?,comparative method,116503,18319,Anthropology,squad_extractive
642,What do some authors state anthropology developed as the study of?,"""other cultures",116635,18339,Anthropology,squad_extractive
643,"What other cultures are said to be separated by space, what is actually meant?",non-European/non-Western societies,116703,18351,Anthropology,squad_extractive
644,"Who published a book with unnecessarily long title, ""Exploring the City: Inquires Toward an Urban Anthropology""?",Ulf Hannerz,116788,18359,Anthropology,squad_extractive
645,"When did anthropologists stop looking for cultures far away and instead began to ""look across the tracks""?",only in late 1960s,117100,18405,Anthropology,squad_extractive
646,What has become common for social anthropologists to do since the 1980s?,set ethnographic research in the North Atlantic region,117201,18422,Anthropology,squad_extractive
647,Setting research in the North Atlantic region allows looking at connections between locations rather than being limited to what?,research to a single locale,117333,18439,Anthropology,squad_extractive
648,What has there been a shift toward broadening the focus beyond?,daily life of ordinary people,117437,18457,Anthropology,squad_extractive
649,What setting have anthropologists done more research in recently?,scientific laboratories,117518,18470,Anthropology,squad_extractive
650,On what date did the Soviet Union dissolve?,"December 26, 1991",117690,18491,Dissolution_of_the_Soviet_Union,squad_extractive
651,What entity was created in place of the Soviet Union?,Commonwealth of Independent States,117917,18529,Dissolution_of_the_Soviet_Union,squad_extractive
652,Who was president of the Soviet Union when it came to an end?,"Mikhail Gorbachev,",118068,18553,Dissolution_of_the_Soviet_Union,squad_extractive
653,Which flag replaced the Soviet flag at the Kremlin?,pre-revolutionary Russian flag.,118417,18611,Dissolution_of_the_Soviet_Union,squad_extractive
654,Who was General Secretary prior to Mikhail Gorbachev?,Konstantin Chernenko,118564,18631,Dissolution_of_the_Soviet_Union,squad_extractive
655,To which two people did Gorbachev grant membership into the Politburo for his own reasons? ,"Yegor Ligachev and Nikolai Ryzhkov,",119009,18698,Dissolution_of_the_Soviet_Union,squad_extractive
656,What were some of the downsides of the more liberal Soviet Union?,nationalist movements and ethnic disputes,119311,18742,Dissolution_of_the_Soviet_Union,squad_extractive
657,In which country did Warsaw Pact regime remain in place?,Romania,119515,18773,Dissolution_of_the_Soviet_Union,squad_extractive
658,When was Gorbachev's speech addressing alcohol abuse?,May 1985,119930,18832,Dissolution_of_the_Soviet_Union,squad_extractive
659,Other than increasing pricing what was another measure that was introduced to decrease alcohol consumption?,rationing,120209,18875,Dissolution_of_the_Soviet_Union,squad_extractive
660,What was censored?,drinking scenes from old movies,120485,18914,Dissolution_of_the_Soviet_Union,squad_extractive
661,Whose anti-alcohol program did Gorbachev's remind people of?,Tsar Nicholas II,120568,18928,Dissolution_of_the_Soviet_Union,squad_extractive
662,When did Tsar Nicholas II ban alcohol?,"during World War I,",120608,18933,Dissolution_of_the_Soviet_Union,squad_extractive
663,When did Eduard Shevardnadze gain full membership in the Politburo?,"July 1, 1985",121425,19056,Dissolution_of_the_Soviet_Union,squad_extractive
664,Who was minister of foreign affairs prior to Shevardnadze?,Andrei Gromyko,121662,19090,Dissolution_of_the_Soviet_Union,squad_extractive
665,What was Gromyko's western nickname?,"""Mr Nyet""",121704,19096,Dissolution_of_the_Soviet_Union,squad_extractive
666,Which person did Gorbachev kick out of the Politburo on the first of July?,Grigory Romanov,122053,19156,Dissolution_of_the_Soviet_Union,squad_extractive
667,Who became Chairman of the Council of Ministers in 1985?,Nikolai Ryzhkov,122291,19193,Dissolution_of_the_Soviet_Union,squad_extractive
668,How old was Tikhonov when he stopped being Chairman?,79-year-old,122316,19196,Dissolution_of_the_Soviet_Union,squad_extractive
669,Who was Chairman of the Council of Ministers prior to Ryzhkov?,Nikolai Tikhonov,122328,19197,Dissolution_of_the_Soviet_Union,squad_extractive
670,Who was the new chairman of the State Planning Committee in 1985?,Nikolai Talyzin,122444,19215,Dissolution_of_the_Soviet_Union,squad_extractive
671,What is an analogous office to Chairman of the Council of Ministers?,chairman of the State Planning Committee,122489,19221,Dissolution_of_the_Soviet_Union,squad_extractive
672,Who created the CTAG?,"Linards Grantiņš, Raimonds Bitenieks, and Mārtiņš Bariss.",122965,19291,Dissolution_of_the_Soviet_Union,squad_extractive
673,What group was the first to oppose the Soviet government publicly?,Helsinki-86,123095,19309,Dissolution_of_the_Soviet_Union,squad_extractive
674,Who was fired by Gorbachev causing riots?,Dinmukhamed Konayev,123451,19356,Dissolution_of_the_Soviet_Union,squad_extractive
675,Who took the place of Konayev?,Gennady Kolbin,123573,19375,Dissolution_of_the_Soviet_Union,squad_extractive
676,When were the first demonstrations in Kazakhstan to protest the removal and replacement of Konayev?,"December 17, 1986",123665,19389,Dissolution_of_the_Soviet_Union,squad_extractive
677,Who was demonstrating?,Kazakh students,124407,19501,Dissolution_of_the_Soviet_Union,squad_extractive
678,How many people were estimated by authorities to have attended the riots?,"3,000",124706,19544,Dissolution_of_the_Soviet_Union,squad_extractive
679,What were the attendance estimates from non governmental groups?,"30,000 to 40,000",124752,19552,Dissolution_of_the_Soviet_Union,squad_extractive
680,How did the Kazakh SSR government say the two protesters were killed?,blows to the head,125081,19605,Dissolution_of_the_Soviet_Union,squad_extractive
681,Who wrote about the KGB officer's testimony?,Mukhtar Shakhanov,125378,19654,Dissolution_of_the_Soviet_Union,squad_extractive
682,Whose support did Gorbachev seek in order to increase liberties?,the people's,125870,19733,Dissolution_of_the_Soviet_Union,squad_extractive
683,What group wanted to stop reforms?,"""conservatives.""",126035,19758,Dissolution_of_the_Soviet_Union,squad_extractive
684,When were the prisoners set free?,"February 7, 1987,",126188,19780,Dissolution_of_the_Soviet_Union,squad_extractive
685,Who released the prisoners in the 1950s?,Khrushchev's,126280,19795,Dissolution_of_the_Soviet_Union,squad_extractive
686,Prior to 1987 when was the last large release of prisoners?,mid-1950s.,126307,19799,Dissolution_of_the_Soviet_Union,squad_extractive
687,Who demonstrated close to the Kremlin in July of 1978?,Crimean Tatars,126691,19862,Dissolution_of_the_Soviet_Union,squad_extractive
688,Who disagreed vocally about the demonstrations being permitted?,Yegor Ligachev,126959,19906,Dissolution_of_the_Soviet_Union,squad_extractive
689,What was Gorbachev's reaction to Yeltsin's resignation?,stunned,127167,19938,Dissolution_of_the_Soviet_Union,squad_extractive
690,What did Yeltsin dislike about the reforms?,slow pace,127423,19978,Dissolution_of_the_Soviet_Union,squad_extractive
691,Who took Yeltsin's side?,No one,127775,20032,Dissolution_of_the_Soviet_Union,squad_extractive
692,Where did the demonstrators meet in June of 1987?,Freedom Monument,127854,20046,Dissolution_of_the_Soviet_Union,squad_extractive
693,What did the protesters do?,laid flowers,127884,20051,Dissolution_of_the_Soviet_Union,squad_extractive
694,Who were the protesters remembering?,Latvians,127960,20062,Dissolution_of_the_Soviet_Union,squad_extractive
695,Where did further protests take place?,Baltic States,128237,20103,Dissolution_of_the_Soviet_Union,squad_extractive
696,When did the phosphate mine protests begin?,spring 1987,128610,20161,Dissolution_of_the_Soviet_Union,squad_extractive
697,What was being protested in Estonia?,new phosphate mines,128656,20168,Dissolution_of_the_Soviet_Union,squad_extractive
698,What group was started by ex-political prisoners?,MRP-AEG group,128992,20222,Dissolution_of_the_Soviet_Union,squad_extractive
699,Who was in charge of the MRP-AEG group?,Tiit Madisson,129096,20237,Dissolution_of_the_Soviet_Union,squad_extractive
700,When was the Yerevan demonstration?,"October 17, 1987",129797,20343,Dissolution_of_the_Soviet_Union,squad_extractive
701,How many people demonstrated?,"about 3,000",129815,20346,Dissolution_of_the_Soviet_Union,squad_extractive
702,The protesters were unhappy with the pollution in what body of water?,Lake Sevan,129896,20357,Dissolution_of_the_Soviet_Union,squad_extractive
703,Where did the protest march start?,Opera Plaza,130285,20420,Dissolution_of_the_Soviet_Union,squad_extractive
704,What ws the final day of the 19th Party Conference?,"July 1, 1988",130360,20430,Dissolution_of_the_Soviet_Union,squad_extractive
705,What did Gorbachev hope to create?,new supreme legislative body,130525,20459,Dissolution_of_the_Soviet_Union,squad_extractive
706,What was Gorbachev trying to separate?,party and state,130711,20487,Dissolution_of_the_Soviet_Union,squad_extractive
707,Who claimed Estonia's national resources?,Estonia's parliament,131594,20624,Dissolution_of_the_Soviet_Union,squad_extractive
708,When was the Askeran clash?,"February 22, 1988",132351,20732,Dissolution_of_the_Soviet_Union,squad_extractive
709,Who killed the two Azerbaijanis?,Karabakh police.,132447,20748,Dissolution_of_the_Soviet_Union,squad_extractive
710,What was triggered by the radio broadcast of the deaths?,Sumgait Pogrom,132515,20759,Dissolution_of_the_Soviet_Union,squad_extractive
711,Who was First Secretary prior to Vezirov?,Kamran Baghirov,133008,20837,Dissolution_of_the_Soviet_Union,squad_extractive
712,Who did Gorbachev make First Secretary of the Azerbaijan Communist Party in 1988?,Abdulrahman Vezirov,133040,20842,Dissolution_of_the_Soviet_Union,squad_extractive
713,How long did the Lenin Square protest last?,18 days,133830,20962,Dissolution_of_the_Soviet_Union,squad_extractive
714,How many people protested on February 23?,"300,000,",134437,21054,Dissolution_of_the_Soviet_Union,squad_extractive
715,What percentage of Armenia's total population protested on February 25?,about a quarter,134545,21072,Dissolution_of_the_Soviet_Union,squad_extractive
716,Who banned the Azerbaijani people from Armenia?,Nationalists,136082,21304,Dissolution_of_the_Soviet_Union,squad_extractive
717,Who took charge of Yerevan in November of 1988?,a military commandant,136317,21340,Dissolution_of_the_Soviet_Union,squad_extractive
718,When did the Democratic Movement of Moldova start operating?,February 1988,136444,21359,Dissolution_of_the_Soviet_Union,squad_extractive
719,What was Moldova's previous name?,Moldavia,136504,21367,Dissolution_of_the_Soviet_Union,squad_extractive
720,Which monument was a popular meeting place?,Stephen the Great Monument,136681,21392,Dissolution_of_the_Soviet_Union,squad_extractive
721,Where was the Stephen the Great Monument located?,Chişinău,136711,21397,Dissolution_of_the_Soviet_Union,squad_extractive
722,What did the movement seek to make the official language of Moldova?,Romanian,137137,21464,Dissolution_of_the_Soviet_Union,squad_extractive
723,"What group was responsible for the April 25, 1988 protest?",Ukrainian Cultural Club,137503,21524,Dissolution_of_the_Soviet_Union,squad_extractive
724,Where did the march happen?,Kiev's Khreschatyk Street,137530,21528,Dissolution_of_the_Soviet_Union,squad_extractive
725,What did the marchers wish to commemorate? ,"Chernobyl nuclear disaster,",137594,21538,Dissolution_of_the_Soviet_Union,squad_extractive
726,Which group held secret Milleneum of Christianity celebrations?,Ukrainian Catholics,137722,21557,Dissolution_of_the_Soviet_Union,squad_extractive
727,Who tried to stop the rally?,Authorities,138417,21675,Dissolution_of_the_Soviet_Union,squad_extractive
728,Where was the dispersal attempt made?,in front of Druzhba Stadium,138461,21681,Dissolution_of_the_Soviet_Union,squad_extractive
729,Who led the Millennium celebration in Zarvanytsia?,Pavlo Vasylyk,138730,21723,Dissolution_of_the_Soviet_Union,squad_extractive
730,What sort of organization is Spadschnyna? ,cultural heritage,139417,21824,Dissolution_of_the_Soviet_Union,squad_extractive
731,What is the English translation of Zelenyi Svit?,Green World,139546,21841,Dissolution_of_the_Soviet_Union,squad_extractive
732,What sort of issues were Zenlenyi Svit and Noosfera concerned with?,ecological,139586,21847,Dissolution_of_the_Soviet_Union,squad_extractive
733,What did people gather to observe on December 10th?,International Human Rights Day,139952,21901,Dissolution_of_the_Soviet_Union,squad_extractive
734,Where were the graves found?,Kurapaty,140320,21957,Dissolution_of_the_Soviet_Union,squad_extractive
735,Who found mass graves?,Zianon Pazniak,140356,21962,Dissolution_of_the_Soviet_Union,squad_extractive
736,What was elected in 1989?,new Congress of People's Deputies,140861,22038,Dissolution_of_the_Soviet_Union,squad_extractive
737,Who was questioned on live TV?,Communist leadership,141031,22062,Dissolution_of_the_Soviet_Union,squad_extractive
738,What did Eastern European people want to do with communism?,abandon it,141555,22145,Dissolution_of_the_Soviet_Union,squad_extractive
739,What percentage of people voted on March 26?,89.8%,141652,22159,Dissolution_of_the_Soviet_Union,squad_extractive
740,How many CPSU endorsement having candidates lost to independents?,more than 300,142029,22220,Dissolution_of_the_Soviet_Union,squad_extractive
741,Who used the legislative session to debate and criticize?,reformers,142264,22258,Dissolution_of_the_Soviet_Union,squad_extractive
742,When did Yeltsin acquire a seat on the Supreme Soviet?,May 29,142490,22293,Dissolution_of_the_Soviet_Union,squad_extractive
743,Who made up the Inter-Regional Deputies Group?,Russian nationalists and liberals.,142651,22320,Dissolution_of_the_Soviet_Union,squad_extractive
744,"What did the Communist Party lose on October 25, 1989 with regards to elections?",special seats,142930,22366,Dissolution_of_the_Soviet_Union,squad_extractive
745,When did congress meet to ratify the amendment to remove special election seats?,December 12–25,143309,22419,Dissolution_of_the_Soviet_Union,squad_extractive
746,What happened to Prague and Hungary's attempts at independence?,suppressed by military force,143910,22510,Dissolution_of_the_Soviet_Union,squad_extractive
747,What year did the Prague Spring take place?,1968,144002,22526,Dissolution_of_the_Soviet_Union,squad_extractive
748,Other than being expensive what was wrong with the Brezhnev Doctrine?,oppressive,144032,22530,Dissolution_of_the_Soviet_Union,squad_extractive
749,Under what doctrine was the Soviet Union required to intervene in the Warsaw Pact states?,Brezhnev Doctrine,144057,22533,Dissolution_of_the_Soviet_Union,squad_extractive
750,What is the nickname for Gorbachev's new doctrine?,Sinatra Doctrine,144216,22557,Dissolution_of_the_Soviet_Union,squad_extractive
751,How many people were involved in the Baltic Chain?,estimated 2 million,144502,22601,Dissolution_of_the_Soviet_Union,squad_extractive
752,How long was the chain?,600 kilometres,144574,22613,Dissolution_of_the_Soviet_Union,squad_extractive
753,What states did the chain extend over?,"Estonia, Latvia and Lithuania",144605,22618,Dissolution_of_the_Soviet_Union,squad_extractive
754,What anniversary did the chain take place on?,50th anniversary of the Molotov–Ribbentrop Pact,144744,22638,Dissolution_of_the_Soviet_Union,squad_extractive
755,Who was in charge of Lithuania's Communist Party in 1989,Algirdas Brazauskas,144981,22676,Dissolution_of_the_Soviet_Union,squad_extractive
756,What party did  Lithuania's Communist Party break apart from?,Communist Party of the Soviet Union,145017,22681,Dissolution_of_the_Soviet_Union,squad_extractive
757,Who was in charge of the loyalist faction?,"Mykolas Burokevičius,",145201,22710,Dissolution_of_the_Soviet_Union,squad_extractive
758,What place's control was the Communist Party of Lithuania out from under after the split?,Moscow's,145355,22729,Dissolution_of_the_Soviet_Union,squad_extractive
759,When was Abulfaz Elchibey elected to Chairman of the Popular Front?,"July 16, 1989",145575,22766,Dissolution_of_the_Soviet_Union,squad_extractive
760,How many protesters filled Lenin Square on August 19th?,"600,000",145735,22792,Dissolution_of_the_Soviet_Union,squad_extractive
761,What did the protesters want?,release of political prisoners,145816,22804,Dissolution_of_the_Soviet_Union,squad_extractive
762,What did the Popular Front do to Armenian railways?,blockade,146164,22860,Dissolution_of_the_Soviet_Union,squad_extractive
763,What shortages were caused by the blockade?,petrol and food,146198,22865,Dissolution_of_the_Soviet_Union,squad_extractive
764,How much freight into Armenia originated in Azerbaijan? ,85 percent,146232,22870,Dissolution_of_the_Soviet_Union,squad_extractive
765,When was the sovereignty law passed?,September 25,146395,22893,Dissolution_of_the_Soviet_Union,squad_extractive
766,What in Jalilibad was taken over by the Popular Front?,local party offices,146762,22949,Dissolution_of_the_Soviet_Union,squad_extractive
767,What did the protesters hope to see become a part of Georgia?,Abkhazia,147053,22995,Dissolution_of_the_Soviet_Union,squad_extractive
768,What happened to Georgian politics as a result of the attack?,radicalized,147217,23022,Dissolution_of_the_Soviet_Union,squad_extractive
769,What is commemorated on January 22 in Ukraine?,Ukrainian Independence Day,147538,23068,Dissolution_of_the_Soviet_Union,squad_extractive
770,What is a moleben?,religious service,147642,23084,Dissolution_of_the_Soviet_Union,squad_extractive
771,Where was the moleben held?,in front of St. George's Cathedral.,147661,23085,Dissolution_of_the_Soviet_Union,squad_extractive
772,What were people protesting in Kiev during the last part of February?,election laws,148365,23193,Dissolution_of_the_Soviet_Union,squad_extractive
773,Who did the protesters want to resign? ,Volodymyr Scherbytsky,148550,23226,Dissolution_of_the_Soviet_Union,squad_extractive
774,What was Scherbytsky's nickname?,the mastodon of stagnation,148587,23231,Dissolution_of_the_Soviet_Union,squad_extractive
775,How many people attended the service in Lviv?,"between 20,000 and 30,000",148722,23250,Dissolution_of_the_Soviet_Union,squad_extractive
776,What ideology's victims were being honored by the Memorial Society?,Stalinism,149006,23292,Dissolution_of_the_Soviet_Union,squad_extractive
777,How many people from the pre-election meeting in Lviv were detained?,nearly 300,149280,23335,Dissolution_of_the_Soviet_Union,squad_extractive
778,How many deputies were elected?,225,149455,23366,Dissolution_of_the_Soviet_Union,squad_extractive
779,Members of what ideology were more heavily elected to the union Congress of People's Deputies?,conservatives,149489,23371,Dissolution_of_the_Soviet_Union,squad_extractive
780,How many people attended the Lviv pre-election meetings?,"25,000",149667,23399,Dissolution_of_the_Soviet_Union,squad_extractive
781,How long did the warning strike last?,one-hour,149698,23404,Dissolution_of_the_Soviet_Union,squad_extractive
782,Where did the strike take place?,eight local factories and institutions,149725,23408,Dissolution_of_the_Soviet_Union,squad_extractive
783,Prior to the warning strike when was the last labor strike in Lviv?,1944,149809,23422,Dissolution_of_the_Soviet_Union,squad_extractive
784,At what sight was the Bykivnia meeting held?,mass grave,149951,23448,Dissolution_of_the_Soviet_Union,squad_extractive
785,What were the hunger strikers hoping to draw attention to?,plight of their Church.,150216,23490,Dissolution_of_the_Soviet_Union,squad_extractive
786,When did the Lviv regional Memorial Society have its first conference?,"May 27, 1989",150409,23524,Dissolution_of_the_Soviet_Union,squad_extractive
787,How many people attended the services in western Ukraine?,"an estimated 100,000",150513,23542,Dissolution_of_the_Soviet_Union,squad_extractive
788,What were the protesters on September 2 demonstrating against?,draft election law,150932,23603,Dissolution_of_the_Soviet_Union,squad_extractive
789,Who was put in charge of the People's Movement of Ukraine?,Ivan Drach,151198,23643,Dissolution_of_the_Soviet_Union,squad_extractive
790,How many people demonstrated on October 1?,"10,000 to 15,000",151769,23733,Dissolution_of_the_Soviet_Union,squad_extractive
791,Where did the attack occur?,in front of Lviv's Druzhba Stadium,151832,23743,Dissolution_of_the_Soviet_Union,squad_extractive
792,What was happening in the stadium at the time?,concert,151876,23751,Dissolution_of_the_Soviet_Union,squad_extractive
793,"Prior to the October 20 synod, when was the last one held in Lviv?",1930s,152385,23828,Dissolution_of_the_Soviet_Union,squad_extractive
794,What were the strikes in protest against?,police brutality,152624,23864,Dissolution_of_the_Soviet_Union,squad_extractive
795,Who decided Ukraine's official language?,Ukrainian Supreme Soviet,153005,23921,Dissolution_of_the_Soviet_Union,squad_extractive
796,For what reason would the Russian be spoken?,communication between ethnic groups,153155,23944,Dissolution_of_the_Soviet_Union,squad_extractive
797,Where was the January 2 memorial service?,Demianiv Laz,153422,23984,Dissolution_of_the_Soviet_Union,squad_extractive
798,When was The Shevchenko Ukrainian Language Society made official?,mid-November,153574,24010,Dissolution_of_the_Soviet_Union,squad_extractive
799,The three human rights activists reburied November 19th were prisoners where?,Gulag Camp No. 36,153817,24046,Dissolution_of_the_Soviet_Union,squad_extractive
800,Where was Gulag Camp No. 36 located?,Perm in the Ural Mountains,153838,24051,Dissolution_of_the_Soviet_Union,squad_extractive
801,Where were the activists reburied?,Baikove Cemetery.,153967,24070,Dissolution_of_the_Soviet_Union,squad_extractive
802,Who met with Gorbachev on November 22?,Pope John Paul II,154192,24105,Dissolution_of_the_Soviet_Union,squad_extractive
803,What did the Belorussians wish to be cleaned up?,Chernobyl disaster site,154673,24177,Dissolution_of_the_Soviet_Union,squad_extractive
804,What symbol did the protesters wear on their arms?,radioactivity symbols,154758,24189,Dissolution_of_the_Soviet_Union,squad_extractive
805,How was the weather during the protest?,torrential rain,154858,24201,Dissolution_of_the_Soviet_Union,squad_extractive
806,Where is the Fergana Valley located?,southeast of the Uzbek capital,155232,24258,Dissolution_of_the_Soviet_Union,squad_extractive
807,Who were targeted by the local Uzbeks?,members of the Meskhetian minority,155343,24275,Dissolution_of_the_Soviet_Union,squad_extractive
808,Who was fired from First Secretary position by Gorbachev? ,Rafiq Nishonov,155496,24300,Dissolution_of_the_Soviet_Union,squad_extractive
809,Who replaced Nishonov?,Karimov,155592,24317,Dissolution_of_the_Soviet_Union,squad_extractive
810,Who were the rioters?,young men,155728,24340,Dissolution_of_the_Soviet_Union,squad_extractive
811,Where was the fatal June 19th riots?,Zhanaozen,155795,24351,Dissolution_of_the_Soviet_Union,squad_extractive
812,What did the rioters try to take over?,police station and a water-supply station,155862,24363,Dissolution_of_the_Soviet_Union,squad_extractive
813,What was attacked in Mangishlak?,police station,156151,24413,Dissolution_of_the_Soviet_Union,squad_extractive
814,Which two groups saw increasing ethnic conflicts in 1988?,Armenians and Azerbaijanis,156511,24466,Dissolution_of_the_Soviet_Union,squad_extractive
815,Who was killed in the January 9 riots?,four Soviet soldiers,156721,24497,Dissolution_of_the_Soviet_Union,squad_extractive
816,What were the January incidents called?,Black January,156987,24538,Dissolution_of_the_Soviet_Union,squad_extractive
817,How many Soviet troops occupied Baku?,"26,000",157116,24558,Dissolution_of_the_Soviet_Union,squad_extractive
818,How many people died in the Soviet response to the clashes?,more than 130,157324,24585,Dissolution_of_the_Soviet_Union,squad_extractive
819,How many total members were there?,350,157867,24666,Dissolution_of_the_Soviet_Union,squad_extractive
820,Who was elected to be Chairman in May?,Mutalibov,158054,24694,Dissolution_of_the_Soviet_Union,squad_extractive
821,When had the Ukrainian Greek-Catholic Church been broken up by the Soviets?,1946,158527,24765,Dissolution_of_the_Soviet_Union,squad_extractive
822,In 1990 which party had most of the election victories?,the Democratic Bloc,158893,24822,Dissolution_of_the_Soviet_Union,squad_extractive
823,What party was formed from the dissolved Ukrainian Helsinki Union?,Ukrainian Republican Party,159412,24906,Dissolution_of_the_Soviet_Union,squad_extractive
824,What was the first day that the new parliament met?,May 15,159443,24910,Dissolution_of_the_Soviet_Union,squad_extractive
825,Who became the new patriarch of the UAOC in 1990?,Metropolitan Mstyslav,159892,24983,Dissolution_of_the_Soviet_Union,squad_extractive
826,Who was elected to be the new deputy general secretary of the Communist Part of the Soviet Union in July?,Volodymyr Ivashko,160289,25040,Dissolution_of_the_Soviet_Union,squad_extractive
827,How long did it take Parliament to accept Ivashko's resignation?,a week,160689,25104,Dissolution_of_the_Soviet_Union,squad_extractive
828,Who would succeed Ivashko as the chairman of Parliament?,Leonid Kravchuk,160964,25153,Dissolution_of_the_Soviet_Union,squad_extractive
829,What did Parliament vote to shut down in August?,Chernobyl Nuclear Power Plant,161288,25201,Dissolution_of_the_Soviet_Union,squad_extractive
830,Where was the August 9 liturgy held?,St. George Cathedral.,161485,25234,Dissolution_of_the_Soviet_Union,squad_extractive
831,Prior to the September 8th rally when was the last Youth for Christ rally held?,1933,161661,25263,Dissolution_of_the_Soviet_Union,squad_extractive
832,How many people attended the Youth for Christ rally?,"40,000",161696,25270,Dissolution_of_the_Soviet_Union,squad_extractive
833,Where was the UAOC protest held?,near St. Sophia’s Cathedral,162134,25336,Dissolution_of_the_Soviet_Union,squad_extractive
834,Who were in the cathedral at the time of the protest?,Russian Orthodox Church Patriarch Aleksei and Metropolitan Filaret,162179,25343,Dissolution_of_the_Soviet_Union,squad_extractive
835,What had Aleksei and Filaret been up to at the time of the protest?,liturgy,162257,25352,Dissolution_of_the_Soviet_Union,squad_extractive
836,What was attacked by Soviet troops on January 13?,Vilnius TV Tower,162673,25412,Dissolution_of_the_Soviet_Union,squad_extractive
837,What were the Soviets hoping to stop?,independence movement,162719,25420,Dissolution_of_the_Soviet_Union,squad_extractive
838,How many civilians died in the attack?,Fourteen,162742,25422,Dissolution_of_the_Soviet_Union,squad_extractive
839,What was attacked by Russians on July 31?,Lithuanian border post in Medininkai,162926,25451,Dissolution_of_the_Soviet_Union,squad_extractive
840,What was supposed to be signed on August 20?,New Union Treaty,163303,25504,Dissolution_of_the_Soviet_Union,squad_extractive
841,Who supported the treaty?,"Central Asian republics,",163493,25534,Dissolution_of_the_Soviet_Union,squad_extractive
842,What did radicals want to change the economy to?,market economy,163777,25577,Dissolution_of_the_Soviet_Union,squad_extractive
843,What were they prepared to have happen to the Soviet Union in order to get a market economy?,disintegration,163845,25588,Dissolution_of_the_Soviet_Union,squad_extractive
844,What was Yeltsin president of?,"the Russian Federation,",163979,25606,Dissolution_of_the_Soviet_Union,squad_extractive
845,Whose control were regional authorities hoping to do away with?,Moscow’s,164068,25622,Dissolution_of_the_Soviet_Union,squad_extractive
846,Who arrived to protect the White House?,Muscovites,164371,25668,Dissolution_of_the_Soviet_Union,squad_extractive
847,What was Yeltsin doing on the tank?,speech-making,164633,25708,Dissolution_of_the_Soviet_Union,squad_extractive
848,Where was Yeltsin during the coup?,atop a tank,164647,25709,Dissolution_of_the_Soviet_Union,squad_extractive
849,What TV channel carried the broadcast of the coup?,CNN,164913,25753,Dissolution_of_the_Soviet_Union,squad_extractive
850,When was the meeting held?,December 8,165053,25777,Dissolution_of_the_Soviet_Union,squad_extractive
851,What was signed at the secret meeting in Balarus?,Belavezha Accords,165183,25797,Dissolution_of_the_Soviet_Union,squad_extractive
852,What was formed to replace the Soviet Union?,the Commonwealth of Independent States,165283,25812,Dissolution_of_the_Soviet_Union,squad_extractive
853,When were the Belavezha Accords ratified?,December 12,165680,25878,Dissolution_of_the_Soviet_Union,squad_extractive
854,Who ratified the Accords?,the Supreme Soviet of the Russian SFSR,165693,25880,Dissolution_of_the_Soviet_Union,squad_extractive
855,Who was recalled?,Russian deputies,165813,25899,Dissolution_of_the_Soviet_Union,squad_extractive
856,Which news organization did Gorbachev talk to about his resignation plans? ,CBS,166868,26068,Dissolution_of_the_Soviet_Union,squad_extractive
857,When did Gorbachev resign?,"December 25, 1991",167009,26096,Dissolution_of_the_Soviet_Union,squad_extractive
858,What was the Russian Federations previous legal name?,Russian Soviet Federative Socialist Republic,167539,26189,Dissolution_of_the_Soviet_Union,squad_extractive
859,What was Russia's new legal name?,Russian Federation,167589,26195,Dissolution_of_the_Soviet_Union,squad_extractive
860,When did Gorbachev make his final Kremlin exit?,"December 25, 1991, at 7:32 p.m. Moscow time",167670,26208,Dissolution_of_the_Soviet_Union,squad_extractive
861,What went down after Gorbachev departed from the Kremlin?,Soviet flag,167753,26222,Dissolution_of_the_Soviet_Union,squad_extractive
862,What replaced the Soviet flag?,Russian tricolor,167804,26232,Dissolution_of_the_Soviet_Union,squad_extractive
863,What body also stopped existing following a vote by itself to end itself?,"upper chamber of the Union's Supreme Soviet,",167959,26258,Dissolution_of_the_Soviet_Union,squad_extractive
864,What was the date on the Yeltsin letter?,"December 24, 1991",169021,26426,Dissolution_of_the_Soviet_Union,squad_extractive
865,What made Russia the successor state to the USSR?,Alma-Ata Protocol,169076,26436,Dissolution_of_the_Soviet_Union,squad_extractive
866,When did the UN accept the statement?,"December 31, 1991",169287,26471,Dissolution_of_the_Soviet_Union,squad_extractive
867,Who was set up as Patriarch of Kiev and all Ukraine on the 18th of November?,Mstyslav,169383,26484,Dissolution_of_the_Soviet_Union,squad_extractive
868,Who was the Canadian consul-general to Kiev?,Nestor Gayowsky,169574,26512,Dissolution_of_the_Soviet_Union,squad_extractive
869,How long lasting was the pact between Kravchuk and Yeltsin?,10-year,169820,26548,Dissolution_of_the_Soviet_Union,squad_extractive
870,Where are Greek States believed to have been settled ?,Greek colonies and communities have been historically established on the shores of the Mediterranean Sea and Black Sea,169990,26575,Greeks,squad_extractive
871,Which two bodies of water are believed to be central to the establishment of the Greek society ?,Greek people have always been centered around the Aegean and Ionian seas,170118,26595,Greeks,squad_extractive
872,Which two seas have been most central to Greek history?,Aegean and Ionian seas,170168,26603,Greeks,squad_extractive
873,When was the emergence of the Greek spoken dialect believed to have started ?,the Greek language has been spoken since the Bronze Age.,170198,26608,Greeks,squad_extractive
874,During which prehistoric age was the Greek language invented?,Bronze,170243,26616,Greeks,squad_extractive
875,What other culture did the Greek states share boarders with ?,these regions coincided to a large extent with the borders of the Byzantine Empire of the late 11th century,170480,26652,Greeks,squad_extractive
876,What eleventh century empire had roughly the same extent as ancient Greece's?,Byzantine Empire,170546,26664,Greeks,squad_extractive
877,Where have the centers of culture been located for the Grecian world historically ?,"The cultural centers of the Greeks have included Athens, Thessalonica, Alexandria, Smyrna, and Constantinople at various periods.",170655,26680,Greeks,squad_extractive
878,What progression coincided with the the early Greek states that makes it difficult to give credit for the language and differences ? ,Paleo-Balkan sprachbund that makes it difficult to delineate exact boundaries between individual languages.,170867,26710,Greeks,squad_extractive
879,What is commonly seen in the Greek language that is not a constant ?,The characteristically Greek representation of word-initial laryngeals by prothetic vowels,170975,26723,Greeks,squad_extractive
880,What other language has this same trait ?,"word-initial laryngeals by prothetic vowels is shared, for one, by the Armenian language",171022,26728,Greeks,squad_extractive
881,What other things do the two languages seem to have in common ?,phonological and morphological peculiarities of Greek; this has led some linguists to propose a hypothetical closer relationship between Greek and Armenian,171149,26748,Greeks,squad_extractive
882,How much evidence of the link between the languages is currently available ?,"linguists to propose a hypothetical closer relationship between Greek and Armenian, although evidence remains scant.",171222,26758,Greeks,squad_extractive
883,When did these groups make the migration ?,Around 1200 BC,171340,26773,Greeks,squad_extractive
884,"What group of people came with others who left the geographical and historical region in southeastern Europe, now a mutual  region between Greece and Albania ?",the Dorians,171356,26776,Greeks,squad_extractive
885,What civilization is the group credited with putting an end to ?,"the Mycenaean civilization,",171510,26796,Greeks,squad_extractive
886,Is it believed that they truly are responsible in full for the collapse ? ,it is likely the main attack was made by seafaring raiders (sea peoples),171542,26800,Greeks,squad_extractive
887,What areas were being explored by others in  by sea faring vessels and when are they believed to have arrived  ?,seafaring raiders (sea peoples) who sailed into the eastern Mediterranean around 1180 BC,171583,26809,Greeks,squad_extractive
888,How did the Greeks look upon their forebears ?,Greeks of classical antiquity idealized their Mycenaean ancestors,171873,26854,Greeks,squad_extractive
889,How did they believe their forebears lived ?,"Mycenaean period as a glorious era of heroes, closeness of the gods and material wealth",171947,26864,Greeks,squad_extractive
890,What literary events were believed to be a fact of truth ?,The Homeric Epics (i.e. Iliad and Odyssey) were especially and generally accepted as part of the Greek past,172036,26879,Greeks,squad_extractive
891,What were the names of some of the figures for the established religion that are based on ancestral ties ? ,"Zeus, Poseidon and Hades",172346,26931,Greeks,squad_extractive
892,What event is believed to be the ethnic basis of the Greeks society?,The ethnogenesis of the Greek nation is linked to the development of Pan-Hellenism,172439,26945,Greeks,squad_extractive
893,When did this event occur ?,development of Pan-Hellenism in the 8th century BC.,172493,26955,Greeks,squad_extractive
894,What national sporting event was held during this time period still goes on in celebration today ?,"the foundational event was the Olympic Games in 776 BC,",172573,26967,Greeks,squad_extractive
895,What was the foundation for spirituality and church ? ,The works of Homer (i.e. Iliad and Odyssey) and Hesiod (i.e. Theogony),172799,27005,Greeks,squad_extractive
896,What famous spiritual guide and God was a devotional temple made to in the 8th century ?,Oracle of Apollo at Delphi,172985,27036,Greeks,squad_extractive
897,The time span that is counted as the classical for the Greeks is from eras ?,"classical period of Greek civilization covers a time spanning from the early 5th century BC to the death of Alexander the Great, in 323 BC",173049,27047,Greeks,squad_extractive
898,Are there some discrepancies among scholars for the distinction of the period ?,"this period into 'Classical', from the end of the Persian wars to the end of the Peloponnesian War, and 'Fourth Century', up to the death of Alexander",173218,27077,Greeks,squad_extractive
899,What is so well known about this period ?,It is so named because it set the standards by which Greek civilization would be judged in later eras,173371,27104,Greeks,squad_extractive
900,What shiny other name is this time also called ?,"The Classical period is also described as the ""Golden Age"" of Greek civilization",173474,27123,Greeks,squad_extractive
901,What did the Greeks do that made it possible for the expansion and growth of the opposite of the Eastern Civilization ?,"civilization, and its art, philosophy, architecture and literature would be instrumental in the formation and development of Western culture.",173542,27135,Greeks,squad_extractive
902,How was this achievement of advancing culture undertaken ?,"provided an important outlet for Greek culture, via the creation of colonies and trade routes along the way",173880,27185,Greeks,squad_extractive
903,What types of cities did the expansion of the great ruler inspire ?,Hellenistic cities,174282,27253,Greeks,squad_extractive
904,Name a city that the Greeks nested in ?,"cities like Alexandria, Antioch and Seleucia.",174294,27254,Greeks,squad_extractive
905,Are any relatives of the first people of  the Grecian world still around ?,"there are still communities in Pakistan and Afghanistan, like the Kalash, who claim to be descended from Greek settlers.",174366,27264,Greeks,squad_extractive
906,"With the secession away from the smaller communities in the Grecian world, what living situation became of great importance ?",the Greeks move towards larger cities and a reduction in the importance of the city-state.,174501,27286,Greeks,squad_extractive
907,The kingdoms of Diadochi was comprised of what ?,larger cities were parts of the still larger Kingdoms of the Diadochi.,174598,27302,Greeks,squad_extractive
908,How did the cites remind themselves of their beginnings ?,"Greeks, however, remained aware of their past, chiefly through the study of the works of Homer and the classical authors.",174669,27314,Greeks,squad_extractive
909,What did the Greeks wants to be imparted to their descendants ?,the transmission of the Hellenic paideia to the next generation.,175039,27370,Greeks,squad_extractive
910,What academia was heightened during this time of Hellenism ?,"Greek science, technology and mathematics are generally considered to have reached their peak during the Hellenistic period.",175104,27380,Greeks,squad_extractive
911,When did the religions of the past begin to dissipate ?,decline beginning in the 3rd century BC,175381,27423,Greeks,squad_extractive
912,What encouraged the change of faith ?,with the introduction of new religious movements from the East.,175431,27431,Greeks,squad_extractive
913,What religions form of worship came from the Eastern sects ?,The cults of deities like Isis and Mithra were introduced into the Greek world.,175495,27441,Greeks,squad_extractive
914,What group was significant in the expansion of the Christian faith ?,Hellenized East were instrumental in the spread of early Christianity,175609,27459,Greeks,squad_extractive
915,What language are the Apostle's namely believed to have spoken ?,Christianity's early leaders and writers (notably St Paul) were generally Greek-speaking,175713,27476,Greeks,squad_extractive
916,What alternative name were the Greeks known by ?,"the Greeks identified as Romaioi (""Romans"")",176309,27570,Greeks,squad_extractive
917,What did the label of  Hellenes come to stand for during the Common Era of Greece ?,the name ‘Hellenes’ denoted pagans,176367,27579,Greeks,squad_extractive
918,Did the Roman world consider one ethnocentric lineage to be a great concern ?,secondary to religious considerations,176476,27595,Greeks,squad_extractive
919,What imperative value was extolled from the Christian community to the Roman world ?,"Greco-Roman educational system, although it was from Christianity that the culture's essential values were drawn.",176748,27634,Greeks,squad_extractive
920,When did the Byzantine Kingdom come under the impact of the Greeks. ,"influenced by Greek culture after the 7th century,",176999,27672,Greeks,squad_extractive
921,Who ruled Rome during this time period ?,Emperor Heraclius (AD 575 - 641),177055,27681,Greeks,squad_extractive
922,What decision did he make that influenced the culture in an attempt to make things more homogeneous ?,decided to make Greek the empire's official language.,177088,27687,Greeks,squad_extractive
923,What made the Eastern Empire be known as the Imperium Graecorum ?,"Pope Leo III crowned Charlemagne, king of the Franks, as the ""Roman Emperor""",177380,27732,Greeks,squad_extractive
924,Who was favored by those who lived in the west and mainly used another form of well know verbal language ?,the Latin West started to favour the Franks,177548,27762,Greeks,squad_extractive
925,What caused the resurface of the Grecian monotony in politics ?,the fall of Constantinople to the Crusaders of the Fourth Crusade in 1204,177816,27806,Greeks,squad_extractive
926,When did the nation reestablish itself ?,empire was revived in 1261,177908,27823,Greeks,squad_extractive
927,What was the specialty of great Pietho and what is famous for ?,"philosopher Gemistus Pletho, who abandoned Christianity.",178107,27857,Greeks,squad_extractive
928,What was bolstered by the the final downward spiral of the Empire of Trebizond ?,interest in the Classical Greek heritage was complemented by a renewed emphasis on Greek Orthodox identity,178337,27889,Greeks,squad_extractive
929,Which factoring war was on gong in 1828 and shares the of a previous scuttle ? ?,second Russo-Turkish War,178687,27944,Greeks,squad_extractive
930,When did the emperor Constantine  lose rule over in 1453 ?,Fall of Constantinople on 29 May 1453,178977,27989,Greeks,squad_extractive
931,What did the populace do in response to the loss ?,many Greeks sought better employment and education opportunities by leaving for the West,179016,27996,Greeks,squad_extractive
932,What type of position did Greeks come to hold in the Ottoman Empire ?,"in part to the fact that the central hub of the empire, politically, culturally, and socially, was based on Western Thrace and Greek Macedonia",179358,28045,Greeks,squad_extractive
933,Who made up the majority of soldiers in the Ottoman Empire ?,"men of Greek origin made up a significant proportion of the Ottoman army, navy",179855,28125,Greeks,squad_extractive
934,What type of work were must young boys antiquated with in the Ottoman Empire ?,levied as adolescents (along with especially Albanians and Serbs) into Ottoman service through the devshirme.,179970,28144,Greeks,squad_extractive
935,How were the population factions of the Ottoman Empire classified ?,religion was the defining characteristic of national groups,180378,28204,Greeks,squad_extractive
936,What did it mean to be classified as a Greek by the millet command ?,"was applied by the Ottomans to all members of the Orthodox Church, regardless of their language or ethnic origin.",180506,28222,Greeks,squad_extractive
937,What moniker did the Greeks grant themselves for distinction ?,The Greek speakers were the only ethnic group to actually call themselves Romioi,180620,28241,Greeks,squad_extractive
938,What did the literate segment of Greeks consider to be a part of their ethic lines ?,"those educated, considered their ethnicity (genos) to be Hellenic",180757,28265,Greeks,squad_extractive
939,Were Christian prized among the Ottomans ?,second-class status of Christians inherent in the Ottoman millet system,180873,28282,Greeks,squad_extractive
940,What did the Greeks offer to the Ottoman Empire that was a superb benefit ? ,the Greek tradition of education and commerce,181962,28449,Greeks,squad_extractive
941,Who held much of the wealth in the Greek society ?,the wealth of the extensive merchant class,182016,28458,Greeks,squad_extractive
942,What three cities were imperative for the scholarly and economic exchanges ?,"the three most important centres of Greek learning were situated in Chios, Smyrna and Aivali, all three major centres of Greek commerce",182301,28507,Greeks,squad_extractive
943,What other area fields were overshadowed by Greek influence ?,Greek domination of the Christian Orthodox church.,182473,28535,Greeks,squad_extractive
944,When was the Greece that we know today officially formed ?,creation of the Modern Greek state in 1830,182620,28555,Greeks,squad_extractive
945,When was the original Grecian constitution formed ?,first Greek constitution of 1822,182703,28570,Greeks,squad_extractive
946,How did the original  Constitution identify its society members ?,a Greek was defined as any Christian resident of the Kingdom of Greece,182737,28575,Greeks,squad_extractive
947,Is this identifying factor for official citizens of Greece still in effect today ?,clause removed by 1840,182811,28589,Greeks,squad_extractive
948,What factor was used to expel or include citizens in the  Lausanne Treaty ?,agreed to use religion as the determinant for ethnic identity for the purposes of population exchange,182944,28612,Greeks,squad_extractive
949,What do Westerners believe it means to belong to the Greek heritage ? ,"Western standards, the term Greeks has traditionally referred to any native speakers of the Greek language, whether Mycenaean, Byzantine or modern Greek.",183709,28737,Greeks,squad_extractive
950,What do the Grecian Romioi  descendants of the Constantine rule  believe to be true in regards to the status as beneficiaries ?,considered themselves the political heirs of Rome,183909,28765,Greeks,squad_extractive
951,What other cultures do the Romioi  clam to be their birthright ?,deemed themselves the heirs of ancient Greece as well,184029,28785,Greeks,squad_extractive
952,What is an alternative word used by Greeks to mean those who worship and alternative religion to the mainstreams ?,"Hellene"" still meant pagan",184126,28802,Greeks,squad_extractive
953,From what era is the Rigas Feraios believed to be a part of ?,Greek Enlightenment,184426,28851,Greeks,squad_extractive
954,When was the Greek state of modern times birthed into exsistence ? ,"The modern Greek state was created in 1829,",184577,28873,Greeks,squad_extractive
955,What did Greeks do that caused  the formation of the new state ?,"the Greeks liberated a part of their historic homelands, Peloponnese, from the Ottoman Empire",184626,28882,Greeks,squad_extractive
956,What foundation was laid that is the demographics of Modern Greek Enlightenment Era ?,"instrumental in transmitting the ideas of western romantic nationalism and philhellenism, which together with the conception of Hellenism,",184770,28904,Greeks,squad_extractive
957,What area is given to be the nesting point of a small group of pagans by a infamous philosopher from Greek ?,"Hellenes"" (/ˈhɛliːnz/) as a relatively small tribe settled in Thessalic Phthia,",185070,28948,Greeks,squad_extractive
958,Who is this small group named for ?,"Hellen, the patriarch of Hellenes",185365,28993,Greeks,squad_extractive
959,From what mystical lineage does this name benefactor ascend from ?,"was son of Pyrrha and Deucalion, who ruled around Phthia, the only survivors after the great deluge.",185400,28998,Greeks,squad_extractive
960,Is the name more ancient than other group names in the area ?,The name Hellenes seems to be older and it was probably used by the Greeks with the establishment of the Great Amphictyonic League.,186341,29151,Greeks,squad_extractive
961,How many orginal founding patrons are there of the Great Amphictyonic League ?,with twelve founders,186521,29182,Greeks,squad_extractive
962,what does the author of the mortal female focused early example hexameter poetry say of the Hellenic protector ?,Hellen was the son of Deucalion who ruled around Phthia in central Greece.,186907,29246,Greeks,squad_extractive
963,What caused a name change according to the Chronicles of Parian ?,the previously called Graikoi were named Hellenes.,187055,29270,Greeks,squad_extractive
964,Where do modern theorist believe the name of Greek originated from ?,"A modern theory derives the name Greek (Latin Graeci) from Graikos, ""inhabitant of Graia/Graea,"" a town on the coast of Boeotia.",187504,29343,Greeks,squad_extractive
965,"What  is the origins of the term ""old woman "" ?","word γραῖα graia ""old woman"" comes from the PIE root *ǵerh2-/*ǵreh2-, ""to grow old"" via Proto-Greek *gera-/grau-iu",187842,29400,Greeks,squad_extractive
966,What interchangeable terms did Homer use in his poems for Greeks ?,Achaeans and Danaans,188555,29515,Greeks,squad_extractive
967,What is believed to be the derivative of these names ?,pre-Dorian,188724,29545,Greeks,squad_extractive
968,What was redefined in the 5th century about the people of these names?,redefined as contemporary speakers of Aeolic Greek,188903,29576,Greeks,squad_extractive
969,Where was this origin of this redefinition ?,"spoken mainly in Thessaly, Boeotia and Lesbos",188964,29585,Greeks,squad_extractive
970,What was the age in 1300 BC named ?,early Iron age,189210,29626,Greeks,squad_extractive
971,In Homer's poems who were the Greeks at odds with ?,Trojans,189979,29751,Greeks,squad_extractive
972,What did the female descendants of Argos have to accomplish ?,"His daughters Danaides, were forced in Tartarus to carry a jug to fill a bathtub without a bottom",190064,29766,Greeks,squad_extractive
973,What community did the Denyen live in ?,Denyen,190586,29857,Greeks,squad_extractive
974,What country is spoken of in the inscriptions of a country in Northern Africa from 1390-1352 BC ?,A country Danaja with a city Mukana (propaply: Mycenea) is mentioned in inscriptions from Egypt,191439,29998,Greeks,squad_extractive
975,What is the easiest connection between the Greeks of old and those of today ?,most obvious link between modern and ancient Greeks is their language,191600,30023,Greeks,squad_extractive
976,How log did the age of darkness last for the Greeks ?,Greek Dark Ages (lasting from the 11th to the 8th century BC),191789,30056,Greeks,squad_extractive
977,Who else has a history as long standing as those of the Greeks ?,continuity of tradition to Chinese alone,191873,30071,Greeks,squad_extractive
978,When did most of the Eastward sector of the Roman expanse choose to have a rebirth of Greek traditions and appreciations ?,During the later years of the Eastern Roman Empire,192238,30126,Greeks,squad_extractive
979,What aspects of the Greek culture have remained steadfast throughout the years ?,"retained their language and alphabet, certain values and cultural traditions, customs, a sense of religious and cultural difference and exclusion",192718,30200,Greeks,squad_extractive
980,In the Rupublic of Hellenic who is the ethnic majority and what percentage of the populace do they represent ?,"Greeks are the majority ethnic group in the Hellenic Republic, where they constitute 93% of the country's population",193105,30257,Greeks,squad_extractive
981,What's the estimated populace of Greeks on the isle of Cyprus ?,Republic of Cyprus where they make up 78% of the island's population,193231,30277,Greeks,squad_extractive
982,Are Greeks in danger of contributing vastly to the problem of population control ?,Greek populations have not traditionally exhibited high rates of growth,193366,30299,Greeks,squad_extractive
983,Is the Greek populace on a whole increasing or decreasing in numbers ?,Greece has shown regular increase since the country's first census in 1828.,193470,30313,Greeks,squad_extractive
984,Where there any significances that contributed to the increase or decrease in population numbers ?,influx of 1.5 million Greek refugees after the 1923 population exchange between Greece and Turkey.,193675,30345,Greeks,squad_extractive
985,Whee these new inhabitants welcomed ?,Turkish invasion of Cyprus,194055,30405,Greeks,squad_extractive
986,During the early seventies where did most Cyprus Greeks decide to go ?,the Middle East,194393,30462,Greeks,squad_extractive
987,What other countries boast of a Greek populace ?,"105,000 (disputed, sources claim higher) people, in Albania. The Greek minority of Turkey",194603,30498,Greeks,squad_extractive
988,What acts have caused the population of Greeks to be numbered so few in the country who name is reminiscent of a big American holiday?,1955 Constantinople Pogrom and other state sponsored violence and discrimination.,194806,30530,Greeks,squad_extractive
989,"How long was there a Greek influence represented in ""little"" Asia ? ",the three-thousand-year-old presence of Hellenism in Asia Minor,194933,30546,Greeks,squad_extractive
990,Are there any Greek who still live in the area around the dark sea in any majority of numbers?,"smaller Greek minorities in the rest of the Balkan countries, the Levant and the Black Sea states,",195008,30556,Greeks,squad_extractive
991,How many people that are of Greek ascendancy live elsewhere than Greece ?,total number of Greeks living outside Greece and Cyprus today is a contentious issue,195167,30582,Greeks,squad_extractive
992,Who provided the contradictory  population numbers for Greeks abroad ?,World Council of Hellenes Abroad,195382,30617,Greeks,squad_extractive
993,How many Greeks do they believe would be an accurate number for census numbers ?,World Council of Hellenes Abroad put the figure at around 7 million worldwide,195382,30617,Greeks,squad_extractive
994,Who has presented the contradictory number to the census groups ?,"George Prevelakis of Sorbonne University, the number is closer to just below 5 million",195474,30632,Greeks,squad_extractive
995,At what university is this issue of accurate consensus for Greeks living elsewhere being debated an ,Sorbonne University,195495,30635,Greeks,squad_extractive
996,What helped to advance the Greek way of life beyond its boarders ?,"the trading and colonizing activities of the Greek tribes and city states spread the Greek culture, religion and language",195964,30709,Greeks,squad_extractive
997,What other close by countries have been greatly influenced by the Greek way of life ?,"Sicily and southern Italy (also known as Magna Grecia), Spain, the south of France and the Black sea coasts.",196147,30737,Greeks,squad_extractive
998,How were the rulers of social class picked to be representatives in the now traditionally Arabic speaking part of the world and in Northern Africa ?,"Under Alexander the Great's empire and successor states, Greek and Hellenizing ruling classes were established in the Middle East, India and in Egypt.",196256,30756,Greeks,squad_extractive
999,What period marked the expansion of Greek thinking and expression ?,The Hellenistic period,196407,30779,Greeks,squad_extractive
1000,After freedom was won by the Greeks who was of import to forming the rules  ?,"Greek War of Independence, Greeks of the diaspora were important in establishing the fledgling state",196880,30853,Greeks,squad_extractive
1001,What did they do that contributed to the Greek's success of establishment?,"important in establishing the fledgling state, raising funds and awareness abroad",196935,30862,Greeks,squad_extractive
1002,Who already had contact over a network of countries ready to offer assistance to the Greeks ?,Greek merchant families already had contacts in other countries,197018,30873,Greeks,squad_extractive
1003,What countries did they settle in ?,"Marseilles in France, Livorno in Italy, Alexandria in Egypt), Russia (Odessa and Saint Petersburg), and Britain (London and Liverpool)",197161,30894,Greeks,squad_extractive
1004,How were these relationships with the other countries most likely established ?,"from where they traded, typically in textiles and grain.",197296,30913,Greeks,squad_extractive
1005,What is considered the start of the Grecian cultural world ?,beginning in the Mycenaean civilization,197548,30951,Greeks,squad_extractive
1006,Which devotion of time was heavily influenced by the religious followers of the  Son of God ?,the Roman and Eastern Roman periods and was profoundly affected by Christianity,197630,30961,Greeks,squad_extractive
1007,In what centennial was the massacre of the Greeks of Ottoman descent ?,genocide in the 20th century,197838,30993,Greeks,squad_extractive
1008,Was there anything good that could be found from the divergence into exchange ?,included cultural exchanges and enriched both cultures.,197884,31000,Greeks,squad_extractive
1009,Who was given the merit for the reemergence of the Greek way of life ?,Diafotismos is credited with revitalizing Greek culture,197944,31008,Greeks,squad_extractive
1010,What other dialects share a thread with the Greek language. ,"other Balkan languages, such as Albanian, Bulgarian and Eastern Romance languages (see Balkan sprachbund),",198164,31039,Greeks,squad_extractive
1011,What radical political changes occurred during the 19th century ?,the movements of Philhellenism and the Diafotismos in the 19th century,198369,31068,Greeks,squad_extractive
1012,What did these changes highlight ?,emphasized the modern Greeks' ancient heritage,198447,31080,Greeks,squad_extractive
1013,What became the official dialect of Greeks and what was it missing ?,"Katharevousa, a somewhat artificial form of Greek purged of all foreign influence and words, as the official language of the Greek state.",198572,31098,Greeks,squad_extractive
1014,What choices in 1976 made a change to the decisions concerning the official dialect ? ,"In 1976, however, the Hellenic Parliament voted to make the spoken Dimotiki the official language",198710,31120,Greeks,squad_extractive
1015,What is different about the use of Greek language today as opposed to the language of the past ?,"Modern Greek has, in addition to Standard Modern Greek or Dimotiki, a wide variety of dialects",198840,31138,Greeks,squad_extractive
1016,What are some of the local jargon used in Greek speaking?,"wide variety of dialects of varying levels of mutual intelligibility, including Cypriot, Pontic, Cappadocian, Griko and Tsakonian",198910,31150,Greeks,squad_extractive
1017,What language still survives as the representation of the one of the three religious orders of historic Greece ?,Tsakonian (the only surviving representative of ancient Doric Greek),199030,31166,Greeks,squad_extractive
1018,What ancient language is still in use today in some of the minuscule societies in the Grecian world ?,"Yevanic is the language of the Romaniotes, and survives in small communities in Greece, New York and Israel.",199100,31175,Greeks,squad_extractive
1019,Do the people of Greek ascendancy only speak Grecian languages ?,"bilingual in other languages or dialects such as English, Arvanitika/Albanian, Aromanian, Macedonian Slavic, Russian and Turkish.",199274,31205,Greeks,squad_extractive
1020,What denominational variance do they adhere to for the most part ?,belonging to the Greek Orthodox Church,199433,31225,Greeks,squad_extractive
1021,What language was the second half of the Bible originally written in ?,the New Testament was originally written in Koine Greek,199520,31238,Greeks,squad_extractive
1022,This language is the official dialect of worship for the traditional sect for church worshipers of Greece ?,"Koine Greek, which remains the liturgical language of the Greek Orthodox Church",199564,31245,Greeks,squad_extractive
1023,What other varieties of Christianity can be found among the Grecian people ?,"Catholics, Greek Evangelicals, Pentecostals, and groups adhering to other religions including Romaniot and Sephardic Jews and Greek Muslims.",199811,31282,Greeks,squad_extractive
1024,What input did the Greeks have on artistry of the world ?,"visual, literary and performing arts.",200114,31323,Greeks,squad_extractive
1025,What period in Europe was full of an appreciation for earlier cultures ?,the Renaissance in Europe,200278,31348,Greeks,squad_extractive
1026,What important heritage of art  from Greece was celebrated during this time ?,the humanist aesthetic and the high technical standards of Greek art inspired generations of European artists.,200305,31352,Greeks,squad_extractive
1027,What enacted the transactions of customs and ways of life for the people of the Asian continent and the Grecian people ?,"In the East, Alexander the Great's conquests initiated several centuries of exchange between Greek, Central Asian and Indian cultures",200546,31390,Greeks,squad_extractive
1028,"In the Land of the Rising Sun, what influence was of Greek descent ?","Greco-Buddhist art, whose influence reached as far as Japan.",200694,31411,Greeks,squad_extractive
1029,Who was one of the old masters from the Greeks ?,"Greek artists include Renaissance painter Dominikos Theotokopoulos (El Greco), Panagiotis Do",200771,31422,Greeks,squad_extractive
1030,Who was one the most well known modern decorative modelers of the Greeks ?,"sculptors such as Leonidas Drosis, Georgios Bonanos, Yannoulis Chalepas and Joannis Avramidis",200983,31445,Greeks,squad_extractive
1031,Who sang in a voice that is in the high octave range from the Modern Greek Era ?,soprano Maria Callas,201109,31460,Greeks,squad_extractive
1032,Name one of the poetic authors who was also nominated for the Nobel Peace Award from the Greeks ?,Nobel laureates Giorgos Seferis and Odysseas Elytis are among the most important poets of the 20th century.,201444,31505,Greeks,squad_extractive
1033,What contribution to the scientific community have the Greeks left the world ?,"science and helped lay the foundations of several western scientific traditions, like philosophy, historiography and mathematics",201700,31543,Greeks,squad_extractive
1034,What school practices were kept by the Roman world after the fall of Greece ?,scholarly tradition of the Greek academies was maintained during Roman times with several academic institutions,201834,31560,Greeks,squad_extractive
1035,What has been maintained by the Greeks throughout their extended history ?,Greeks have a long tradition of valuing and investing in paideia (education,202102,31596,Greeks,squad_extractive
1036,What is one the most elevated values among the Grecian society ?,Paideia was one of the highest societal values in the Greek and Hellenistic world,202180,31608,Greeks,squad_extractive
1037,At what location did education begin for the first set of people to be eligible to earn and advanced degree in a particular subject ?,first European institution described as a university was founded in 5th century Constantinople and operated in various incarnations,202272,31624,Greeks,squad_extractive
1038,According to recent research who is enrolled in the Universities in Greece in higher number men or women ?,the percentages for female students being higher than for male,202820,31706,Greeks,squad_extractive
1039,Do those who from Greek descent desire an education from other parts of the world ?,Hundreds of thousands of Greek students attend western universities every year,202959,31729,Greeks,squad_extractive
1040,Are university  educators from he Greek world working as professors and teachers  in other countries ?,the faculty lists of leading Western universities contain a striking number of Greek names,203044,31741,Greeks,squad_extractive
1041,Who made significant addition to a charming little quirky  scientific deviant that lead to the winning of a prestigious award of recognition and gave birth to a model ?,"John Iliopoulos (2007 Dirac Prize for his contributions on the physics of the charm quark, a major contribution to the birth of the Standard Model,",203381,31784,Greeks,squad_extractive
1042,What are the representations of the Greek reference freedom or death that are held on a cloth symbol of the nation ?,"flag of Greece, which features nine equal horizontal stripes of blue alternating with white",203807,31849,Greeks,squad_extractive
1043,This reference also holds significance as what the the Grecian people ?,motto of the Greek War of Independence,204015,31881,Greeks,squad_extractive
1044,Is religion also represented on this cloth symbol of the Greek?,"bears a white cross, which represents Greek Orthodoxy",204102,31896,Greeks,squad_extractive
1045,Have the people of Greece done anything to make the matter more palatable for the people of Turkey ?,Cyprus has officially adopted a neutral flag,204219,31915,Greeks,squad_extractive
1046,Have the people of Turkey held any feeling towards the cloth symbol of the Greeks ?,ethnic tensions with the Turkish Cypriot minority,204272,31924,Greeks,squad_extractive
1047,What names are used that are typically from  a father and have usually added a suffix or prefix ?,Greek surnames are most commonly patronymics,204469,31956,Greeks,squad_extractive
1048,What letter of the alphabet do most of the last names the men of Greecs end with ?,"Greek male surnames end in -s, which is the common ending",204525,31963,Greeks,squad_extractive
1049,What does it mean to have the letters OU added to the ending of a males last name ?,"some end in -ou, indicating the genitive case of this proper noun for patronymic reasons.",204655,31984,Greeks,squad_extractive
1050,What other beginnings of origination do some of the last names of the Greeks share ?,"many have Latin, Turkish and Italian origin.",205141,32060,Greeks,squad_extractive
1051,What are considered to be the motherland of the Greeks ?,"Greek peninsula and the Aegean Sea, the Southern Italy (Magna Graecia), the Black Sea, the Ionian coasts of Asia Minor and the islands of Cyprus and Sicily",205233,32074,Greeks,squad_extractive
1052,What statement of note was given by a great philosopher from Greece written by another great philosopher ?,"Plato's Phaidon, Socrates remarks, ""we (Greeks) live around a sea like frogs around a pond",205393,32102,Greeks,squad_extractive
1053,What is the name of the ancient map of the Greek world  named  ?,map of the Old Greek Diaspora,205578,32134,Greeks,squad_extractive
1054,When did changes of this ancient map become notable ?,corresponded to the Greek world until the creation of the Greek state in 183,205615,32141,Greeks,squad_extractive
1055,Are there many product available from farm cultivation on the Greek lands ?,Greek peninsula is rocky and does not offer good prospects for agriculture,205754,32166,Greeks,squad_extractive
1056,Who was the well known sea vessel captain of the Greeks who sailed to Asia  ?,Cosmas Indicopleustes (Cosmas who sailed to India),206003,32205,Greeks,squad_extractive
1057,What else is this particular captain known for doing ? ,the explorer of the Northwestern passage Juan de Fuca,206058,32213,Greeks,squad_extractive
1058,What did Greeks do that caused a later deal to be made with the Italians ?,plied the sea-lanes of the Mediterranean and controlled trade,206140,32227,Greeks,squad_extractive
1059,Who proposed that change was needed in the way business with the Greeks was to be conducted  ? ,trade until an embargo imposed by the Roman Emperor on trade with the Caliphate,206196,32235,Greeks,squad_extractive
1060,What was brought about by the Ottomans that caused and uplift in the classes of Greek society ?,Greek shipping tradition recovered during Ottoman rule when a substantial merchant middle class developed,206342,32260,Greeks,squad_extractive
1061,Is the seafaring business still of any relevancy to the Greek economy ?,Greek shipping continues to prosper to the extent that Greece has the largest merchant fleet in the world,206521,32286,Greeks,squad_extractive
1062,What was the last husband of Jacquelyn Kennedy known for ? ,most notable shipping magnate of the 20th century was Aristotle Onassis,206702,32316,Greeks,squad_extractive
1063,What dominant hair color is to believed to be prevalent among Greeks ,"conclusion the hair colour of young Greeks are mostly brown, ranging from light to dark brown",207177,32389,Greeks,squad_extractive
1064,Which colors lay outside of the nor for those of Greek descent ?,significant minorities having black and blonde hair,207277,32406,Greeks,squad_extractive
1065,What eye color shows the least presence among those of Greek heritage ?,14.6% blue/green,207397,32426,Greeks,squad_extractive
1066,What eye color is believed to be the norm among Greeks ?,57.4% dark brown,207444,32433,Greeks,squad_extractive
1067,The anthology of the Greek world is intimately joined with what areas of the world ?,"history of the Greek people is closely associated with the history of Greece, Cyprus, Constantinople, Asia Minor and the Black Sea.",207467,32437,Greeks,squad_extractive
1068,During what period of domination were many Greeks unable to interact with it's central location ?,Ottoman rule of Greece,207610,32460,Greeks,squad_extractive
1069,After the 19th century about how much of the Greek population resided in little Asia ?,"By the early 20th century, over half of the overall Greek-speaking population was settled in Asia Minor (now Turkey)",207772,32487,Greeks,squad_extractive
1070,What location did many of the Greek people decide to live in other than Greece after the 19th century ?,Asia Minor (now Turkey),207865,32502,Greeks,squad_extractive
1071,What has lead to the current situation of vast dispersion of the Greek people ?,"a huge wave of migration to the United States, Australia, Canada and elsewhere created the modern Greek diaspora.",207915,32510,Greeks,squad_extractive
1072,Where is Russian an official language?,"Russia, Belarus, Kazakhstan, Kyrgyzstan and many minor or unrecognised territories",208170,32549,Russian_language,squad_extractive
1073,Where is Russian popular but not an official language?,"Ukraine, Latvia, Estonia",208304,32567,Russian_language,squad_extractive
1074,When was the earliest writing in Old East Slavonic?,10th century,208662,32625,Russian_language,squad_extractive
1075,What kind of phonemes are soft sounds?,consonant phonemes with palatal secondary articulation,208715,32631,Russian_language,squad_extractive
1076,What kind of accent can mark stress?,optional acute accent,209103,32687,Russian_language,squad_extractive
1077,What kind of words can acute accents distinguish?,homographic words,209216,32705,Russian_language,squad_extractive
1078,"What word means both lock and castle, depending on its accent?",zamok,209255,32711,Russian_language,squad_extractive
1079,What language does Russian descend from?,the language used in Kievan Rus',209472,32746,Russian_language,squad_extractive
1080,What are Russian's closest relatives?,"Ukrainian, Belarusian, and Rusyn",209579,32765,Russian_language,squad_extractive
1081,Where is Surzhyk used?,eastern Ukraine,209873,32807,Russian_language,squad_extractive
1082,What kind of words in Russian have been influenced by Church Slavonic?,mainly abstract and literary words,210537,32907,Russian_language,squad_extractive
1083,What language does the Russian Orthodox Church use?,South Slavic Old Church Slavonic,210759,32940,Russian_language,squad_extractive
1084,What word forms are used together in some cases?,East Slavic and the Church Slavonic,210991,32978,Russian_language,squad_extractive
1085,Who spoke Russian before the 20th century?,the upper noble classes and urban population,211224,33016,Russian_language,squad_extractive
1086,When did the Soviets establish required education?,the mid-20th century,211356,33037,Russian_language,squad_extractive
1087,What nonstandard feature does Southern Russian use?,fricative,211604,33072,Russian_language,squad_extractive
1088,How much of Estonia is ethnic Russians?,25.5%,211717,33087,Russian_language,squad_extractive
1089,How much of Estonia's native Estonians speaks Russian?,58.6%,211763,33094,Russian_language,squad_extractive
1090,How much of Estonia speaks Russian?,67.8%,211842,33108,Russian_language,squad_extractive
1091,What is the ratio of young Estonians who speak Russian relative to those who speak English?,about one-third,212204,33166,Russian_language,squad_extractive
1092,When did Finland join the Russian Empire?,1809,212372,33197,Russian_language,squad_extractive
1093,How many Finns speak Russian?,"33,400",212451,33211,Russian_language,squad_extractive
1094,What percent of Finns speak Russian?,0.6%,212495,33216,Russian_language,squad_extractive
1095,How many Russian-speaking Finns are descended from early immigrants?,Five thousand,212519,33220,Russian_language,squad_extractive
1096,What is Russian's legal status in Ukraine?,"minority language, under the 1996 Constitution of Ukraine",212915,33284,Russian_language,squad_extractive
1097,How many Ukrainians speak Russian natively as of 2004?,"14,400,000",213038,33302,Russian_language,squad_extractive
1098,How many Ukrainians speak Russian actively as of 2004?,29 million,213096,33311,Russian_language,squad_extractive
1099,What percent of Ukraine is fluent in Russian as of 2006?,65%,213124,33315,Russian_language,squad_extractive
1100,What percent of Ukraine use Russian as their main language as of 2006?,38%,213181,33326,Russian_language,squad_extractive
1101,Where was Russian schooling mandatory in the 20th century?,"Poland, Bulgaria, the Czech Republic, Slovakia, Hungary, Albania, former East Germany and Cuba",213623,33402,Russian_language,squad_extractive
1102,Which countries speak other Slavic languages?,"Poland, Czech Republic, Slovakia, and Bulgaria",214073,33470,Russian_language,squad_extractive
1103,In which European countries do many Russian immigrants live?,"The United Kingdom, Spain, Portugal, France, Italy, Belgium, Greece, Brazil, Norway, and Austria",214319,33507,Russian_language,squad_extractive
1104,How many people in Ireland speak Russian?,"21,639",214515,33533,Russian_language,squad_extractive
1105,How much of Ireland's Russian speakers are Russian citizens?,13%,214601,33549,Russian_language,squad_extractive
1106,How much of Ireland's Russian speakers are Irish citizens?,20%,214629,33553,Russian_language,squad_extractive
1107,How much of Ireland's Russian speakers are Latvian citizens?,27%,214663,33558,Russian_language,squad_extractive
1108,What convention recognizes Russian in Armenia?,Framework Convention for the Protection of National Minorities,214837,33586,Russian_language,squad_extractive
1109,How many Armenians speak Russian natively?,"15,000",214965,33604,Russian_language,squad_extractive
1110,How many Armenians speak Russian actively?,1 million,215019,33613,Russian_language,squad_extractive
1111,What percent of Armenia speaks Russian?,30%,215046,33617,Russian_language,squad_extractive
1112,What convention recognizes Russian in Georgia?,Framework Convention for the Protection of National Minorities,215363,33674,Russian_language,squad_extractive
1113,How many Georgians speak Russian natively?,"130,000",215491,33692,Russian_language,squad_extractive
1114,How many Georgians speak Russian actively?,1.7 million,215546,33701,Russian_language,squad_extractive
1115,What percent of Georgia is fluent in Russian?,27%,215575,33705,Russian_language,squad_extractive
1116,What is the legal status of Russian in Kazakhstan?,according to article 7 of the Constitution of Kazakhstan its usage enjoys equal status to that of the Kazakh language in state and local administration,215898,33762,Russian_language,squad_extractive
1117,How many people in Kazakhstan speak Russian natively?,"4,200,000",216115,33797,Russian_language,squad_extractive
1118,How many people in Kazakhstan speak Russian actively?,10 million,216172,33806,Russian_language,squad_extractive
1119,What percent of people in Kazakhstan speak Russian fluently?,63%,216200,33810,Russian_language,squad_extractive
1120,What percent of people in Kazakhstan use Russian as their main language?,46%,216257,33821,Russian_language,squad_extractive
1121,Where did Russian explorers first reach North America?,Alaska,216816,33909,Russian_language,squad_extractive
1122,When did Russian explorers first reach North America?,1700s,216860,33917,Russian_language,squad_extractive
1123,When did the US buy Alaska?,1867,216939,33930,Russian_language,squad_extractive
1124,What portion of Russian-speaking Americans are ethnic Russians?,about 25%,217553,34024,Russian_language,squad_extractive
1125,What is the term for Russian-speaking people?,Russophones,217674,34043,Russian_language,squad_extractive
1126,What math competition has Russian as an official language?,International Mathematical Olympiad,219030,34213,Russian_language,squad_extractive
1127,What are Russian astronauts called?,cosmonauts,219211,34238,Russian_language,squad_extractive
1128,For which mission did NASA astronauts first learn Russian?,Apollo-Soyuz,219292,34250,Russian_language,squad_extractive
1129,When did Apollo-Soyuz fly?,1975,219334,34256,Russian_language,squad_extractive
1130,What percent of all websites are in Russian?,5.9%,219488,34282,Russian_language,squad_extractive
1131,What percent of all websites are in English?,54.7%,219559,34295,Russian_language,squad_extractive
1132,What percent of all .ru websites are in Russian?,89.8%,219595,34301,Russian_language,squad_extractive
1133,What percent of Ukraine's websites are in Russian?,79.0%,219760,34331,Russian_language,squad_extractive
1134,What two regions do some linguists divide Russian into?,"""Northern"" and ""Southern""",220218,34400,Russian_language,squad_extractive
1135,What three regions do some linguists divide Russian into?,"Northern, Central (or Middle) and Southern",220355,34421,Russian_language,squad_extractive
1136,What distinguishes Russian dialects?,"non-standard features of pronunciation and intonation, vocabulary and grammar",220813,34485,Russian_language,squad_extractive
1137,What region of dialects is the Volga River area in?,Northern Russian,220990,34510,Russian_language,squad_extractive
1138,What is okanye?,pronounce unstressed /o/ clearly,221065,34521,Russian_language,squad_extractive
1139,What do some Russian dialects do about vowels?,absence of vowel reduction,221149,34531,Russian_language,squad_extractive
1140,What articles are similar to Bulgarian?,"post-posed definite article -to, -ta, -te",221398,34570,Russian_language,squad_extractive
1141,What is pronounced [ɪ] in Moscow's dialect?,unstressed /e/ and /a/ following palatalized consonants and preceding a stressed syllable,221544,34591,Russian_language,squad_extractive
1142,What is pronounced [a] in Southern Russian?,unstressed /e/ and /a/ following palatalized consonants and preceding a stressed syllable,221544,34591,Russian_language,squad_extractive
1143,What does Southern Russian have a linguistic continuum with?,modern Belarusian and some dialects of Ukrainian (Eastern Polesian),222320,34711,Russian_language,squad_extractive
1144,When did Lomonosov study Russian dialects?,18th century,222488,34735,Russian_language,squad_extractive
1145,Who made the first dialectal Russian dictionary?,Vladimir Dal,222515,34740,Russian_language,squad_extractive
1146,When were detailed maps of Russian dialects created?,turn of the 20th century,222644,34758,Russian_language,squad_extractive
1147,How long did it take to compile the Dialectological Atlas of the Russian Language?,four decades,222897,34790,Russian_language,squad_extractive
1148,What did the old letter ⟨ѣ⟩ become?,⟨е⟩,222999,34806,Russian_language,squad_extractive
1149,What did the old letters ⟨і⟩ and ⟨ѵ⟩ become?,⟨и⟩,223053,34817,Russian_language,squad_extractive
1150,What did the old letter ⟨ѳ⟩ become?,⟨ф⟩,223085,34823,Russian_language,squad_extractive
1151,What did the old letter ⟨ѫ⟩ become?,⟨у⟩,223117,34829,Russian_language,squad_extractive
1152,What did the old letter ⟨ѭ⟩ become?,⟨ю⟩,223149,34835,Russian_language,squad_extractive
1153,What is 'moroz' a transliteration of?,мороз,223676,34918,Russian_language,squad_extractive
1154,What does 'moroz' mean?,frost,223684,34920,Russian_language,squad_extractive
1155,What is 'mysh' a transliteration of?,мышь,223721,34924,Russian_language,squad_extractive
1156,What does 'mysh' mean?,mouse,223728,34926,Russian_language,squad_extractive
1157,What font technology has reduced the need for transliteration?,"Unicode character encoding,",223921,34955,Russian_language,squad_extractive
1158,What systems used IBM866 encoding?,MS-DOS and OS/2,224402,35025,Russian_language,squad_extractive
1159,What encoding did early Macs use?,ISO/IEC 8859-5,224451,35032,Russian_language,squad_extractive
1160,What system used CP1251 encoding?,Microsoft Windows,224471,35034,Russian_language,squad_extractive
1161,In what years was CP1251 encoding used in most Russian online usage?,1995–2005,224702,35067,Russian_language,squad_extractive
1162,What organization is the Institute of Russian Language part of?,Russian Academy of Sciences,224768,35077,Russian_language,squad_extractive
1163,"What is distinguished from 'lock' only by an accent, in Russian?",castle,225033,35117,Russian_language,squad_extractive
1164,"What is distinguished from 'this is odd' only by an accent, in Russian?",this is marvelous,225110,35123,Russian_language,squad_extractive
1165,Who says Russian has 6 vowels?,St. Petersburg Phonological School,225756,35219,Russian_language,squad_extractive
1166,When are Russian vowels written differently?,depending on whether or not the preceding consonant is palatalized,225834,35229,Russian_language,squad_extractive
1167,What dialect is standard Russian based on?,Moscow dialect,226134,35274,Russian_language,squad_extractive
1168,What is done to unstressed vowels?,reduced to near-close vowels or an unclear schwa,226282,35295,Russian_language,squad_extractive
1169,What might /kʲ/ be considered?,a phoneme,226558,35339,Russian_language,squad_extractive
1170,What is palatalization?,the center of the tongue is raised during and after the articulation of the consonant,226816,35379,Russian_language,squad_extractive
1171,How are 'dental' sounds pronounced?,with the tip of the tongue against the teeth rather than against the alveolar ridge,227081,35427,Russian_language,squad_extractive
1172,When did Eastern Slavs become the dominant group in the area of Ukraine?,approximately 1000 AD,227205,35448,Russian_language,squad_extractive
1173,When was Kievan Rus' formed?,about 880,227457,35488,Russian_language,squad_extractive
1174,What countries did Kievan Rus' become?,"modern Russia, Ukraine and Belarus",227479,35492,Russian_language,squad_extractive
1175,What was the main language in Kievan Rus'?,Old East Slavic,227547,35501,Russian_language,squad_extractive
1176,Where did Russian get specialized vocabulary from?,the languages of Western Europe,228171,35601,Russian_language,squad_extractive
1177,Who wrote 'War and Peace'?,Leo Tolstoy,228337,35628,Russian_language,squad_extractive
1178,Who revolutionized modern Russian?,Alexander Pushkin,228597,35670,Russian_language,squad_extractive
1179,What did Pushkin reject from older Russian?,archaic grammar and vocabulary,228731,35688,Russian_language,squad_extractive
1180,What was 'high style'?,archaic grammar and vocabulary,228731,35688,Russian_language,squad_extractive
1181,What happened to some expressions in Pushkin's writing?,became proverbs or sayings which can be frequently found even in modern Russian colloquial speech,229307,35770,Russian_language,squad_extractive
1182,What unofficial status did Russian have in the USSR before 1990?,the unifying role and superior status,229596,35814,Russian_language,squad_extractive
1183,What department is the Research Center for Sociological Research part of?,Ministry of Education and Science (Russia),230158,35899,Russian_language,squad_extractive
1184,"Who wrote ""Russian language at the turn of the 20th-21st centuries""?",A. L. Arefyev,230333,35928,Russian_language,squad_extractive
1185,What does Arefyev say is happening to Russian?,In the countries of the former Soviet Union the Russian language is gradually being replaced by local languages.,230617,35975,Russian_language,squad_extractive
1186,A thorough understanding of adolescence in society depends on what?,"information from various perspectives, including psychology, biology, history, sociology, education, and anthropology.",231029,36039,Adolescence,squad_extractive
1187,Adolescene is viewed as what?,a transitional period between childhood and adulthood,231207,36060,Adolescence,squad_extractive
1188,What is the purpose of adolescence?,preparation of children for adult roles.,231292,36072,Adolescence,squad_extractive
1189,What is the cultural purpose of adolescence?,preparation of children for adult roles,231292,36072,Adolescence,squad_extractive
1190,Is adolescence a period of one transition or multiple transitions?,multiple transitions,231351,36083,Adolescence,squad_extractive
1191,What transitions occur during puberty in addition to living circumstances?,"education, training, employment and unemployment",231382,36086,Adolescence,squad_extractive
1192,A surge in hormone production triggers a number of physical changes during what stage of life?,Puberty,231497,36101,Adolescence,squad_extractive
1193,What causes puberty? ,a surge in hormone production,231551,36110,Adolescence,squad_extractive
1194,Puberty causes what to happen in boys?,a deeper voice and larger adam's apple,231752,36142,Adolescence,squad_extractive
1195,Which gland secretes a surge of hormonal agents into the blood stream?,pituitary,231960,36179,Adolescence,squad_extractive
1196,What releases testosterone?,The testes,232279,36229,Adolescence,squad_extractive
1197,Which part of the body releases testosterone in males?,testes,232283,36230,Adolescence,squad_extractive
1198,What releases estrogen?,the ovaries,232326,36235,Adolescence,squad_extractive
1199,Which part of the body relesases estrogen in females?,ovaries,232330,36236,Adolescence,squad_extractive
1200,"An imbalance in sex hormones, tissue responsiveness, or obesity can cause what in boys?",gynecomastia,232478,36256,Adolescence,squad_extractive
1201,What causes gynecomastia?,obesity.,232553,36267,Adolescence,squad_extractive
1202,Which body system are a person's lungs a major proponent of?,respiratory,232613,36274,Adolescence,squad_extractive
1203,How do a person's heart and lungs change during puberty?,increase in both size and capacity,232668,36282,Adolescence,squad_extractive
1204,Increased size and capacity of the heart and lungs result in what changes to the body?,increased strength and tolerance for exercise,232726,36292,Adolescence,squad_extractive
1205,The brain reaches what percentage of its adult size by the time a person is six years old?,90%,233330,36386,Adolescence,squad_extractive
1206,The biggest changes in the brain during puberty occur in the parts of the cortex that process what kinds of information?,cognitive and emotional,233654,36448,Adolescence,squad_extractive
1207,Which neuromodulator is involved in regulation of mood and behavior?,Serotonin,233692,36452,Adolescence,squad_extractive
1208,Serotonin is a neuromodulator that is involved in regulation of what?,mood and behavior,233748,36460,Adolescence,squad_extractive
1209,"Which system in the brain determines rewards and punishments, emotional experiences, and social information?",limbic,233786,36466,Adolescence,squad_extractive
1210,Which two neurotransmitters cause adolescents to be more emotional and more responsive to rewards and stresses?,dopamine and serotonin,233970,36491,Adolescence,squad_extractive
1211,Deductive reasoning leads to the development of what type of thinking?,hypothetical,234736,36599,Adolescence,squad_extractive
1212,What type of thinking provides the ability to plan ahead and makes adolescents more skilled debaters?,hypothetical,234736,36599,Adolescence,squad_extractive
1213,Adolescents develop a more sophisticated understanding of what mathematical concept thanks to their increased hypothetical thinking abilties?,probability,235067,36647,Adolescence,squad_extractive
1214,Are early or late maturing boys generally taller and stronger than their friends?,Early,235161,36659,Adolescence,squad_extractive
1215,What is one reason a late maturing boy may be less confident when comparing himself to others?,poor body image,235501,36713,Adolescence,squad_extractive
1216,What word is defined as the capacity for insight and judgement that is developed through experience?,Wisdom,236170,36818,Adolescence,squad_extractive
1217,How is wisdom defined?,capacity for insight and judgment that is developed through experience,236185,36821,Adolescence,squad_extractive
1218,Wisdom increases between age fourteen and what?,twenty-five,236300,36838,Adolescence,squad_extractive
1219,How is adolescence defined biologically?,the physical transition marked by the onset of puberty and the termination of physical growth,236807,36914,Adolescence,squad_extractive
1220,How is adolescence defined cognitively?,changes in the ability to think abstractly and multi-dimensionally,236918,36931,Adolescence,squad_extractive
1221,How is adolescence defined socially?,a period of preparation for adult roles,237002,36943,Adolescence,squad_extractive
1222,"Who founded the University of California, Berkeley's Institude of Human Development?",Jean Macfarlane,237913,37075,Adolescence,squad_extractive
1223,"What was the Univerity of California, Berkeley's Institute of Human Development formerly called?",Institute of Child Welfare,238030,37090,Adolescence,squad_extractive
1224,"What year was the University of California, Berkeley's Instutute of Human Development founded?",1927,238061,37095,Adolescence,squad_extractive
1225,What year was the Oakland Growth Study initiated?,1931,238483,37158,Adolescence,squad_extractive
1226,What year did data for the Oakland Growth Study stop being collected?,1981,238638,37182,Adolescence,squad_extractive
1227,What is a female's major landmark of puberty?,menstruation,239902,37380,Adolescence,squad_extractive
1228,"Besides heredity, what other factors contribute to when menustration begins?",diet and lifestyle,240026,37401,Adolescence,squad_extractive
1229,How can the ideal self be described in terms of the adolescent?,who the adolescent wishes to be,240887,37530,Adolescence,squad_extractive
1230,How can the feared self be described in terms of the adolescent?,who the adolescent does not want to be,240951,37542,Adolescence,squad_extractive
1231,What are two areas of the reproductive system that experience growth in females during puberty?,"uterus, vagina",241252,37587,Adolescence,squad_extractive
1232,What term is the beginning of menstruation given?,Menarche,241314,37596,Adolescence,squad_extractive
1233,What are primary sex characteristics?,those directly related to the sex organs,241715,37654,Adolescence,squad_extractive
1234,What does the first stage of puberty involve for males?,growth of the testes and scrotum,241803,37669,Adolescence,squad_extractive
1235,"After growth of the testes and scrotum, while male body part experiences growth next?",penis,241863,37680,Adolescence,squad_extractive
1236,Which male body parts enlarge and develop at the same time as the penis?,"seminal vesicles, the prostate, and the bulbourethral gland",241911,37689,Adolescence,squad_extractive
1237,What activity often results in a boy's first ejaculation?,masturbation,242248,37739,Adolescence,squad_extractive
1238,Which are the first areas to be pruned during puberty?,those involving primary functions,244252,38042,Adolescence,squad_extractive
1239,Which area of the brain is important for controlling impulses and planning ahead?,dorsolateral prefrontal cortex,245061,38160,Adolescence,squad_extractive
1240,Which part of the brain is important for evaluating rewards and risks?,orbitofrontal cortex,245256,38186,Adolescence,squad_extractive
1241,What are some social skills that peer groups offer members the opportunity to develop?,"empathy, sharing, and leadership",245545,38228,Adolescence,squad_extractive
1242,What is one area in which peer groups can have positive influences on an individual?,academic motivation and performance,246135,38313,Adolescence,squad_extractive
1243,What are some of the negative experiences that peer pressure can influence during adolescence?,"experimentation with drugs, drinking, vandalism, and stealing",246324,38340,Adolescence,squad_extractive
1244,What view towards cognitive development during adolescence did Piaget take?,constructivist,247336,38481,Adolescence,squad_extractive
1245,"Besides the information-processing perspective, what is the other major approach to understanding cognitive change during adolescence?","quantitative, state-theory",247422,38495,Adolescence,squad_extractive
1246,Did Piaget believe that cognitive improvement was sudden and drastic or slow and steadied?,sudden and drastic,247527,38505,Adolescence,squad_extractive
1247,The information-processing perspective towards cognitive development derives from the study of what?,artificial intelligence,247633,38520,Adolescence,squad_extractive
1248,Casual sexual encounters are often referred to as what?,hookups,247949,38566,Adolescence,squad_extractive
1249,"What seperates ""heavy"" sexual activity from other forms of affection?",genital stimulation,248422,38634,Adolescence,squad_extractive
1250,What is the term used to describe thinking about thinking itself?,metacognition,249207,38753,Adolescence,squad_extractive
1251,The imaginary audience and personal fable peak at what age?,fifteen,249999,38867,Adolescence,squad_extractive
1252,At what age does self-consciousness in general peak?,fifteen,249999,38867,Adolescence,squad_extractive
1253,What questionaire has been used to measure the age in which adolescents should be able to engage in autonomous behaviors?,teen timetable,250078,38877,Adolescence,squad_extractive
1254,What has the teen timetable questionnaire been used to guage?,differences in cultural perceptions of adolescent autonomy,250273,38908,Adolescence,squad_extractive
1255,What is an example of a poor birth control method?,withdrawal,251041,39011,Adolescence,squad_extractive
1256,A priority in sexual attraction and dating can prove helpful in order to complete what reproductive advantage?,impress potential mates,252602,39244,Adolescence,squad_extractive
1257,What does research indicate may affect risk-taking behavior throughout the lifespan?,baseline sensation seeking,252656,39251,Adolescence,squad_extractive
1258,What are some factors that make developing and maintaining an identity during the adolescent years a difficult task?,"family life, environment, and social status",253284,39351,Adolescence,squad_extractive
1259,What are two main aspects of identity development?,self-clarity and self-esteem,253612,39400,Adolescence,squad_extractive
1260,What are the three general approaches to understanding identity development?,"self-concept, sense of identity, and self-esteem",253950,39442,Adolescence,squad_extractive
1261,Do adolescents with a less privileged upbringing have a more or less difficult time developing their identity?,more difficult,254497,39525,Adolescence,squad_extractive
1262,Which theorist argued that not everyone fully achieves identity?,Erik Erikson,255502,39657,Adolescence,squad_extractive
1263,How do adolescents initially define themselves?,crowd membership,256022,39735,Adolescence,squad_extractive
1264,Which researcher developed the current method for testing an individual's process along the stages of identity?,James Marcia,256956,39879,Adolescence,squad_extractive
1265,How is Moratorium defined?,process of exploration,257500,39959,Adolescence,squad_extractive
1266,Which term is defined as one's thoughts and feelings about one's self-concept and identity?,Self-esteem,257675,39984,Adolescence,squad_extractive
1267,Which type of self-esteem fluctuates rapidly and can cause severe distress and anxiety?,Barometric self-esteem,258044,40041,Adolescence,squad_extractive
1268,Which type of self-esteem remains stable throughout adolescence?,baseline self-esteem,258134,40052,Adolescence,squad_extractive
1269,What is the most important function of friendship?,having someone who can provide social and moral support,258510,40106,Adolescence,squad_extractive
1270,What are factors causing a hightened suicide rate amongst LGBT adolescents?,bullying and rejection from peers or family members,261023,40515,Adolescence,squad_extractive
1271,"Are adolescents that have a good relationship with their parents more or less likely to smoke, drink, fight, or engage in unprotected sex?",less likely,261290,40554,Adolescence,squad_extractive
1272,"Which researchers conducted a 2009 study that concerned adolescents, their parents, and secondary education completion?",Adalbjarnardottir and Blondal,261497,40583,Adolescence,squad_extractive
1273,How many hours of television does the average teenager watch per year?,1500,262102,40673,Adolescence,squad_extractive
1274,"How is ""body dissatisfaction"" defined?",The concept of a person being unhappy with their own image or appearance,262232,40693,Adolescence,squad_extractive
1275,"Teenagers' views on body mass, loe self-esteem, and atypical eating patterns results in what?",body dissatisfaction,262363,40714,Adolescence,squad_extractive
1276,What is the current divorce rate?,about 50%,262681,40761,Adolescence,squad_extractive
1277,What new theory states that traumatic events during adolescence have lifelong effects?,epistemological trauma theory,263538,40895,Adolescence,squad_extractive
1278,What are a few examples of social and religious transition ceremonies?,"Confirmation, Bar and Bat Mitzvahs, Quinceañeras, sweet sixteens, cotillions, and débutante balls",264279,41009,Adolescence,squad_extractive
1279,What are some physical ways that some cultures mark the transition into adulthood?,tattoos and scarification,264624,41058,Adolescence,squad_extractive
1280,How many percent of adolescents have had a romantic relationship lasting one month or longer by age 15?,53%,265149,41136,Adolescence,squad_extractive
1281,At what average age did American males report their first sexual intercourse took place?,17.0,265561,41207,Adolescence,squad_extractive
1282,At what average age did American females report their first sexual intercourse took place?,17.3,265580,41211,Adolescence,squad_extractive
1283,How is culture defined?,symbolic and behavioral inheritance received from the past that provides a community framework for what is valued,267174,41430,Adolescence,squad_extractive
1284,What is a challenge researchers face when studying culture and adolescents?,not to define the culture's role in adolescence in terms of their own cultural beliefs,268159,41570,Adolescence,squad_extractive
1285,"To what does ""channel"" refer in terms if adolescent communication?",form of communication,268496,41623,Adolescence,squad_extractive
1286,How do adolescents use online technology?,experiment with emerging identities and to broaden their peer groups,268779,41664,Adolescence,squad_extractive
1287,What is a potential negative effect of using newer online channels of communication?,cyberbullying,269070,41710,Adolescence,squad_extractive
1288,What percentage of sexually active teenagers will contract an STI?,One in four,269583,41780,Adolescence,squad_extractive
1289,Girls ages 15 to 19 have higher rates of what STD than any other age group?,gonorrhea,270024,41851,Adolescence,squad_extractive
1290,What ratio of all new HIV cases occur in those under age 21?,One-quarter,270060,41857,Adolescence,squad_extractive
1291,"According to a survey by the Kaiser Family Foundation, what percentage of parents want schools to discuss contraception with their children?",eighty-one percent,270231,41888,Adolescence,squad_extractive
1292,What two countries have not legally committed to advancing an anti-discriminaory stance towards young people?,U.S. and South Sudan,271367,42061,Adolescence,squad_extractive
1293,What is legally different for an individual who has reached the age of majority?,regarded as adults who are responsible for their actions,271759,42120,Adolescence,squad_extractive
1294,A person below the age of majority may gain adult rights through what process?,legal emancipation,271939,42150,Adolescence,squad_extractive
1295,"According to family economic and financial education specialists, how do adolescents develop sound money management skills?",saving and spending money,272240,42189,Adolescence,squad_extractive
1296,"In developing countries, is it common for children to attend fewer or greater years of formal schooling?",fewer,272725,42261,Adolescence,squad_extractive
1297,"Why, in developting countries, do children often attend fewer years of formal schooling?","so that, when they reach adolescence, they can begin working",272757,42266,Adolescence,squad_extractive
1298,What word refers to the first ejactulation of a male?,semenarche,273017,42305,Adolescence,squad_extractive
1299,What is the term for a culture that discourages sexual activity in unmarried adolescents?,Restrictive,273322,42348,Adolescence,squad_extractive
1300,What is the term for cultures that perceive sexual behavior among unmarried teens as acceptable or even encouraged?,permissive,274172,42470,Adolescence,squad_extractive
1301,Are males and females expected to express their sexuality in the same ways or are there discrepancies between genders and cultures?,discrepancies,274385,42501,Adolescence,squad_extractive
1302,Which of the Five-Factor Model dimensions does not demonstrate an association with drinking motives?,Openness,275183,42622,Adolescence,squad_extractive
1303,Drinking to cope with negative emotional states correlates strongly with what behavioral qualities?,high neuroticism and low agreeableness,275568,42671,Adolescence,squad_extractive
1304,Which online activity has been consistently associated with increased liklihood of depression?,cyberbullying,276139,42746,Adolescence,squad_extractive
1305,How can the Internet be beneficial for socially anxious teens?,easier to interact socially online,276639,42813,Adolescence,squad_extractive
1306,Why do research findings believe the Internet has a negative effect on teen physical health?,time spent using the Internet replaces time doing physical activities,276794,42838,Adolescence,squad_extractive
1307,The heightened usage of what drug is most likely due at least in some part to the rising popularity of rave culture?,ecstasy,277694,42987,Adolescence,squad_extractive
1308,"What is the Latin meaning of the word ""adolescere""?",to grow up,278434,43108,Adolescence,squad_extractive
1309,What is another term for legal adulthood?,age of majority,278592,43132,Adolescence,squad_extractive
1310,Physical growth and cognitive development generally observed in adolescents can extend to what age?,early twenties,279207,43221,Adolescence,squad_extractive
1311,"In recent years, has the amount of social networking sites available to the public increased or decreased?",greatly increased,279473,43263,Adolescence,squad_extractive
1312,What percentage of 12-17 year olds claim to have at least one social networking profile?,73%,279618,43286,Adolescence,squad_extractive
1313,What percentage of teens say they text every day?,68%,279709,43301,Adolescence,squad_extractive
1314,What percentage of teens report visiting social netorking sites daily?,51%,279745,43308,Adolescence,squad_extractive
1315,"What ratio of teens are ""heavy"" social media users, using two types of media daily?",One in four (23%),279946,43343,Adolescence,squad_extractive
1316,Nearly half of Americam high school girls hope to achieve what goal with their diet?,lose weight,280518,43432,Adolescence,squad_extractive
1317,Are early or late maturing girls more exposed to alcohol and drug abuse?,early maturing,280758,43469,Adolescence,squad_extractive
1318,Do early or late maturing girls have more unwanted pregnancies?,early maturing,280758,43469,Adolescence,squad_extractive
1319,Who performs better in school: sexually experienced or inexperienced teen females?,inexperienced,280907,43497,Adolescence,squad_extractive
1320,What is the ratio between muscle and fat among post-pubertal boys?,three to one,281555,43595,Adolescence,squad_extractive
1321,What is the ratio between muscle and fat amoung post-pubertal girls?,five to four,281597,43604,Adolescence,squad_extractive
1322,"Elevation of the breasts, development of pubic hair, and elevation of the nippes are examples of what type of changes?",Changes in secondary sex characteristics,281675,43616,Adolescence,squad_extractive
1323,What is a secondary sex characteristic change?,every change that is not directly related to sexual reproduction,281724,43622,Adolescence,squad_extractive
1324,What was the occupation of the person who devised the Tanner categorization system?,pediatrician,282333,43719,Adolescence,squad_extractive
1325,Is refraining from touching a hot stoce a common sense or culturally-relative standard?,common sense,282703,43773,Adolescence,squad_extractive
1326,Is not dating until a certain age a common sense or culturally-relative standard?,culturally-relative,282769,43784,Adolescence,squad_extractive
1327,Who was the first president of the American Psychological Association?,G. Stanley Hall,283042,43826,Adolescence,squad_extractive
1328,What was the title of the publication that started the formal study of adolescent psychology?,Adolescence in 1904,283061,43830,Adolescence,squad_extractive
1329,"From the '50s to the '80s, was the field's focus devoted to describing patterns of behavior or explaining them?",describing,284275,44003,Adolescence,squad_extractive
1330,How do children tend to define themselves?,by physical traits,284918,44095,Adolescence,squad_extractive
1331,What social class of adolescents is most often studied?,middle class,285163,44130,Adolescence,squad_extractive
1332,Why are children from suburban communities more likely to participate in activies that benefit their identity?,exposed to more opportunities and better situations in general,286043,44271,Adolescence,squad_extractive
1333,Do adolescents become heavily emotionally invested in friends or are they generally anti-social?,heavily emotionally invested in friends,286948,44412,Adolescence,squad_extractive
1334,How is adolescence defined socially?,a period of development characterized by a dramatic increase in time spent with peers and a decrease in adult supervision,289480,44796,Adolescence,squad_extractive
1335,Did adolescents report more sexual or social events to researchers?,social events,290905,45014,Adolescence,squad_extractive
1336,Why do researchers believe the social event reporting by adolescents (rather than sexual activity) is important?,focus on the more positive aspects of adolescents,291041,45035,Adolescence,squad_extractive
1337,What are the three main types of autonomy?,"emotional independence, behavioral autonomy, and cognitive autonomy",291409,45089,Adolescence,squad_extractive
1338,Adolescent cultural differences are especially visible in which type of autonomy?,Behavioral,291658,45122,Adolescence,squad_extractive
1339,How is behavioral autonomy defined?,"encompasses an adolescent's developing ability to regulate his or her own behavior, to act on personal decisions, and to self-govern",291678,45124,Adolescence,squad_extractive
1340,How is cognitive autonomy defined?,the capacity for an adolescent to partake in processes of independent reasoning and decision-making without excessive reliance on social validation,291995,45168,Adolescence,squad_extractive
1341,Is an adolescent's mental health at its best when their feelings of autonomy match closely with their parents or when they are at odds?,match closely,292665,45253,Adolescence,squad_extractive
1342,Does the amount of time adolescents spend on work and leisure vary from culture to culture or reman relatively constant?,varies greatly,292790,45272,Adolescence,squad_extractive
1343,What are two potential reasons that adolescents in different cultures spend varying time on work and leisure activities?,"cultural norms and expectations, as well as various socioeconomic factors",292831,45280,Adolescence,squad_extractive
1344,What is one possible explanation for the shift towards marijuana and away from cigarettes?,recent changing social and political views towards marijuana,294264,45505,Adolescence,squad_extractive
1345,Are motives behind teen alcohol use varied or uniform across different cultures?,uniform,294566,45549,Adolescence,squad_extractive
1346,What two reasons for adolescent drinking are shared across cultural contexts?,Social engagement and personal enjoyment,294643,45560,Adolescence,squad_extractive
1347,"What is the most common reason for drinking among adolescents according to surveys in Argentina, Hong Kong, and Canada?",pleasure and recreation,294937,45603,Adolescence,squad_extractive
1348,Does the time frame of adolescence vary from culture to culture or remain universally agreed upon?,varies drastically by culture,295705,45724,Adolescence,squad_extractive
1349,How long does the United States believe adolescence lasts?,nearly a decade,295803,45739,Adolescence,squad_extractive
1350,Is the end of adolescence and beginning of adulthood easily agreed upon or does it vary by country?,varies by country,295967,45768,Adolescence,squad_extractive
1351,"Do milestones such as driving a vechile, serving on a jury, voting, and marriage all have a common age of responsibility?",different ages,296073,45786,Adolescence,squad_extractive
1352,Where does facial hair first present during puberty?,corners of the upper lip,296771,45888,Adolescence,squad_extractive
1353,When do the first facial hairs present in pubescent males?,between 14 to 17 years of age,296807,45894,Adolescence,squad_extractive
1354,"For how long does facial hair continue to get darker, coarser, and thicker?",2–4 years after puberty,297486,46018,Adolescence,squad_extractive
1355,How much later on average do males experience their growth spurt?,two years later,297748,46056,Adolescence,squad_extractive
1356,Growth rates during adolescent are comparible to those of what other life stage?,toddler,297922,46086,Adolescence,squad_extractive
1357,What is the growth rate during peak height velocity for a male adolescent?,4 inches (10.3 cm) a year,297936,46087,Adolescence,squad_extractive
1358,What is the growth rate during peak height velocity for a female adolescent?,3.5 inches (9 cm),297976,46096,Adolescence,squad_extractive
1359,Does the amount of grey matter in the brain increase linearly or follow an inverted-U pattern over the course of adolescence?,inverted-U pattern,298451,46172,Adolescence,squad_extractive
1360,During which process are unnecessary neuronal connections in the brain eliminated?,synaptic pruning,298496,46178,Adolescence,squad_extractive
1361,Does the brain become more or less efficient as a result of synaptic pruning?,more efficient,298703,46210,Adolescence,squad_extractive
1362,Who describes adolescence as the stage of life in which the individual's thoughts start taking more of an abstract form?,Piaget,298868,46234,Adolescence,squad_extractive
1363,What is another term for congitive skills that enable the control and coordination of thoughts and behavior?,executive functions,299179,46282,Adolescence,squad_extractive
1364,"Are puns, proverbs, metaphors, and analogies lower-order or higher-order logic?",higher-order,299723,46360,Adolescence,squad_extractive
1365,Most injuries sustained by adolescents are related to what?,risky behavior,300344,46445,Adolescence,squad_extractive
1366,Which theory proposes that adults and adolescents both weigh the potential rewards and consequences of an action?,behavioral decision-making theory,300880,46520,Adolescence,squad_extractive
1367,"When adolescents begin to qualify their traits, what are they demonstrating?",differentiation,301189,46563,Adolescence,squad_extractive
1368,When does differentiation appear fully developed?,by mid-adolescence,301430,46595,Adolescence,squad_extractive
1369,What is Troiden's first stage of development known as?,sensitization,301951,46669,Adolescence,squad_extractive
1370,In what stage is youth overwhelmed by feelings of inner turmoil regarding their sexual orientation?,identity confusion,302082,46688,Adolescence,squad_extractive
1371,Troiden's second stage is referred to as what?,identity confusion,302082,46688,Adolescence,squad_extractive
1372,At what stage to mixed-sex siblings generally experience an increase in intimacy?,middle adolescence,303283,46872,Adolescence,squad_extractive
1373,"When siblings act as peers, what positive effects are possible?",increase one another's sociability and feelings of self-worth,303560,46912,Adolescence,squad_extractive
1374,How are cliques defined?,"exclusive, single-sex groups of peers with whom they are particularly close",303949,46971,Adolescence,squad_extractive
1375,What are the positive effects that cliques may have on an adolescent?,help adolescents become socially acclimated and form a stronger sense of identity,304112,46995,Adolescence,squad_extractive
1376,What percentage of adolescents reporting having experienced physical violence in a relationship?,10-45%,305195,47152,Adolescence,squad_extractive
1377,What percentage of adolescents reported experiencing psychological aggression?,a quarter to a third,305302,47167,Adolescence,squad_extractive
1378,"Hitting, throwing objects, and slaps are examples of what type of aggression?",Physical,305541,47201,Adolescence,squad_extractive
1379,What is one large determining factor in normative adolescent behavior?,The extent to which an adolescent is expected to share family responsibilities,305928,47260,Adolescence,squad_extractive
1380,How are household chores frequently divided?,self-care tasks and family-care tasks,306247,47303,Adolescence,squad_extractive
1381,Through what means does an adolescent develop a unique belief system?,"interaction with social, familial, and cultural environments",306925,47402,Adolescence,squad_extractive
1382,What things are youth responsible for forming a set of beliefs about during adolescence?,"themselves, the world around them, and whatever higher powers they may or may not believe in",307145,47434,Adolescence,squad_extractive
1383,"Ceremonies, rituals, and confirmations are examples of what?",cultural traditions that intend to provide a meaningful transition to adulthood,307285,47458,Adolescence,squad_extractive
1384,What percentage of adolescent homes have access to the internet?,more than three-quarters,307700,47518,Adolescence,squad_extractive
1385,What percentage of adolescents use the internet at least occasionally?,90%,307794,47533,Adolescence,squad_extractive
1386,"In the last decade, has the amount oftime adolescents spend on the computer increased or dereased?",greatly increased,308053,47577,Adolescence,squad_extractive
1387,What online activity has the largest number of reported adolescent particpation?,video games,308142,47590,Adolescence,squad_extractive
1388,What percentage of adolescents report using social networking sites?,(65%),308238,47603,Adolescence,squad_extractive
1389,What are some of the negative things adolescents are susceptible to?,"drug addiction, sexual abuse, peer pressure, violent crimes and other illegal activities",308366,47623,Adolescence,squad_extractive
1390,What is DIS?,a fusion of the literature of both developmental and intervention sciences,308500,47640,Adolescence,squad_extractive
1391,What does the DIS focus on in adolescents?,risky and inappropriate behaviors,308732,47674,Adolescence,squad_extractive
1392,Do peer acceptance and social norms have a greater or lesser effect on behavior at the onset of adolescence?,significantly greater,308891,47694,Adolescence,squad_extractive
1393,What does the alcohol and illegal drug habits of teens tend to be shaped by?,the substance use of friends and other classmates,309052,47721,Adolescence,squad_extractive
1394,What is one possible reasoning behind many students choosing to continue their smoking habits from middle school into late adolescence?,addictive nature of cigarettes,309785,47841,Adolescence,squad_extractive
1395,What is the range of consentual age variance between jurisdictions?,12 to 20 years,310012,47874,Adolescence,squad_extractive
1396,What are other areas in which legal societal age varies?,"enlisting in the military, gambling, and the purchase of alcohol, cigarettes or items with parental advisory labels",310148,47900,Adolescence,squad_extractive
1397,What was the nickname given to Queen Victoria because all of her children married into noble families?,first cousin,310721,47986,Queen_Victoria,squad_extractive
1398,What was the name the first cousing that Victoria married?,Prince Albert of Saxe-Coburg and Gotha,310735,47988,Queen_Victoria,squad_extractive
1399,What was the name of the first cousin that Queen Victoria was married to?,Prince Albert of Saxe-Coburg and Gotha,310735,47988,Queen_Victoria,squad_extractive
1400,Who did Victoria marry?,Prince Albert of Saxe-Coburg and Gotha,310735,47988,Queen_Victoria,squad_extractive
1401,What is her nickname that she was given because her children married into royal families across the continent?,the grandmother of Europe,310915,48017,Queen_Victoria,squad_extractive
1402,What was Queen Victoria's nickname?,the grandmother of Europe,310915,48017,Queen_Victoria,squad_extractive
1403,What was Victoria's unofficial title?,the grandmother of Europe,310915,48017,Queen_Victoria,squad_extractive
1404,When did republicanism gain strength during Queen Victoria's reign?,After Albert's death in 1861,310943,48020,Queen_Victoria,squad_extractive
1405,"Due to Victorias mourning over Alberts death, what political party gained strength?",republicanism,311071,48040,Queen_Victoria,squad_extractive
1406,"In the later half of her reign, what happened to her popularity?",her popularity recovered,311150,48052,Queen_Victoria,squad_extractive
1407,Queen Victorias Golden and Diamond jubilees were a time of public what?,celebration,311229,48064,Queen_Victoria,squad_extractive
1408,How did Victoria describe her childhood?,rather melancholy,311286,48072,Queen_Victoria,squad_extractive
1409,What system of rules kept her isolated from other children?,Kensington System,311425,48091,Queen_Victoria,squad_extractive
1410,What is the formal name given to the system of rules Victoria was raised under?,Kensington System,311425,48091,Queen_Victoria,squad_extractive
1411,What system did Victorias mother raise her under?,Kensington System,311425,48091,Queen_Victoria,squad_extractive
1412,What system was in place to raise and educate Victoria; while also rendering her weak and dependent?,Kensington System,311425,48091,Queen_Victoria,squad_extractive
1413,What was the Kensington System?,an elaborate set of rules and protocols devised by the Duchess,311445,48092,Queen_Victoria,squad_extractive
1414,Who was the Dutchess' rumored lover?,Sir John Conroy,311555,48109,Queen_Victoria,squad_extractive
1415,Who was Victoria's mothers lover?,Sir John Conroy,311555,48109,Queen_Victoria,squad_extractive
1416,Who was Victorias mothers comptroller?,Sir John Conroy,311555,48109,Queen_Victoria,squad_extractive
1417,Who was rumored to be Victorias mothers lover?,Sir John Conroy,311555,48109,Queen_Victoria,squad_extractive
1418,Who was the Duchess's suspected lover?,Sir John Conroy,311555,48109,Queen_Victoria,squad_extractive
1419,Who was the Duchess' comptroller and cohort?,Sir John Conroy,311555,48109,Queen_Victoria,squad_extractive
1420,Who was included in the list of people that the Duchess and Sir John Conroy didn't want the Princess Victoria associating with?,most of her father's family,311727,48136,Queen_Victoria,squad_extractive
1421,"During her free time, what did she play with?",dolls,312201,48211,Queen_Victoria,squad_extractive
1422,What was Victoria's dog's name?,Dash,312237,48217,Queen_Victoria,squad_extractive
1423,What was the name of Victoria's childhood dog?,Dash,312237,48217,Queen_Victoria,squad_extractive
1424,What was the name of Victoria's King Charles Spaniel?,Dash,312237,48217,Queen_Victoria,squad_extractive
1425,What languages did Victoria take lessons in?,"French, German, Italian, and Latin",312264,48221,Queen_Victoria,squad_extractive
1426,What languages did Victoria study? ,"French, German, Italian, and Latin",312264,48221,Queen_Victoria,squad_extractive
1427,What are some of the languages that Victoria studied?,"French, German, Italian, and Latin",312264,48221,Queen_Victoria,squad_extractive
1428,When did Victoria give birth to her eigth child?,1853,312340,48234,Queen_Victoria,squad_extractive
1429,What anaesthetic helped her give birth to her eighth child?,chloroform,312433,48250,Queen_Victoria,squad_extractive
1430,What was the name of the new anesthetic given to Victoria for the birth of Leopold?,chloroform,312433,48250,Queen_Victoria,squad_extractive
1431,What was the name of the new anesthetic used during leopolds birth?,chloroform.,312433,48250,Queen_Victoria,squad_extractive
1432,What was the new anastethetic Victoria used in her last two childbirths? ,chloroform,312433,48250,Queen_Victoria,squad_extractive
1433,What was a new anaesthetic being used for childbirth in Victoria's time?,chloroform,312433,48250,Queen_Victoria,squad_extractive
1434,Why did members of the clergy oppose the use of chloroform? ,considered it against biblical teaching,312656,48290,Queen_Victoria,squad_extractive
1435,Why did members of the clergy oppose the use of chloroform for childbirth?,considered it against biblical teaching,312656,48290,Queen_Victoria,squad_extractive
1436,Why did medical professionals advise against using an anaesthetic during childbirth?,thought it dangerous,312740,48302,Queen_Victoria,squad_extractive
1437,What did Victoria suffer from after he pregnancies?,post-natal depression,312794,48310,Queen_Victoria,squad_extractive
1438,Hysteria and loss of control after the birts of many of her children were likely caused by what?,post-natal depression,312794,48310,Queen_Victoria,squad_extractive
1439,"After nine pregnancies, what could Victoria have been suffering from that would make her sad and depressed?",post-natal depression,312794,48310,Queen_Victoria,squad_extractive
1440,What did Albert complain about in letters to Victoria after the birth of her children? ,loss of self-control,312910,48326,Queen_Victoria,squad_extractive
1441,What did Albert complain about Victoria?,"her ""continuance of hysterics"" over a ""miserable trifle""",313029,48345,Queen_Victoria,squad_extractive
1442,When did Victoria's mother die? ,March 1861,313091,48354,Queen_Victoria,squad_extractive
1443,How did Victoria realize that her mother deeply loved her?,Through reading her mother's papers,313154,48364,Queen_Victoria,squad_extractive
1444,Who did Victoria blame for her poor relationship with her mother?,Conroy and Lehzen,313282,48383,Queen_Victoria,squad_extractive
1445,Who did Victoria blame for the problems between herself and the Duchess?,Conroy and Lehzen,313282,48383,Queen_Victoria,squad_extractive
1446,What was Albert ill with?,chronic stomach trouble,313468,48415,Queen_Victoria,squad_extractive
1447,What illness was Albert suffering from while he helped Victoria through her grief?,chronic stomach trouble,313468,48415,Queen_Victoria,squad_extractive
1448,Who did Victoria blame for Prince Albert's death?,"their son, the Prince of Wales",313532,48424,Queen_Victoria,squad_extractive
1449,What was Prince of Wales attending to in Dublin?,army manoeuvres,313582,48433,Queen_Victoria,squad_extractive
1450,What gossip did Prince Albert hear about their son?,had slept with an actress in Ireland,313715,48456,Queen_Victoria,squad_extractive
1451,Who was the Prince of Wales suspected to be having an affair with? ,an actress in Ireland,313730,48459,Queen_Victoria,squad_extractive
1452,What disease was Albert diagnosed with? ,typhoid fever,313915,48489,Queen_Victoria,squad_extractive
1453,What caused Prince Albert's death?,typhoid fever,313915,48489,Queen_Victoria,squad_extractive
1454,When did Albert die of his illness? ,14 December 1861,313960,48497,Queen_Victoria,squad_extractive
1455,What did Victoria blame Albert's death on?,Prince of Wales's philandering,314052,48512,Queen_Victoria,squad_extractive
1456,What was Victoria's nickname following Alberts death? ,widow of Windsor,314345,48562,Queen_Victoria,squad_extractive
1457,When was the shooting?,2 March 1882,314368,48565,Queen_Victoria,squad_extractive
1458,When did Maclean attempt to shoot Victoria?,2 March 1882,314368,48565,Queen_Victoria,squad_extractive
1459,What year was the Queen shot?,1882,314376,48567,Queen_Victoria,squad_extractive
1460,Who shot at the queen?,Roderick Maclean,314382,48568,Queen_Victoria,squad_extractive
1461,Who shot Queen Victoria?,Roderick Maclean,314382,48568,Queen_Victoria,squad_extractive
1462,"What disgruntled poet shot at Victoria's carriage on March 2, 1882?",Roderick Maclean,314382,48568,Queen_Victoria,squad_extractive
1463,Who attempted to assassinate the Queen?,Roderick Maclean,314382,48568,Queen_Victoria,squad_extractive
1464,What was Maclean's occupation?,poet,314414,48572,Queen_Victoria,squad_extractive
1465,What provoked the attack on Queen Victoria as she left Windsor? ,offended by Victoria's refusal to accept one of his poems,314430,48574,Queen_Victoria,squad_extractive
1466,Why did Maclean shoot at Victoria?,refusal to accept one of his poems,314453,48577,Queen_Victoria,squad_extractive
1467,Who stopped Maclean after he shot the Queen?,Two schoolboys from Eton College,314553,48595,Queen_Victoria,squad_extractive
1468,Which college were to two boys attending?,Eton College,314573,48598,Queen_Victoria,squad_extractive
1469,What school did the boys who defended the Queen with umbrellas attend? ,Eton College,314573,48598,Queen_Victoria,squad_extractive
1470,How did the schoolboys stop Maclean?,struck him with their umbrellas,314586,48600,Queen_Victoria,squad_extractive
1471,With what did the college boy's hit the shooter with?,umbrellas,314608,48604,Queen_Victoria,squad_extractive
1472,What was Victoria's reaction to the verdict?,outraged,314674,48615,Queen_Victoria,squad_extractive
1473,What was the verdict in Roderick Maclean's trial? ,he was found not guilty by reason of insanity,314688,48617,Queen_Victoria,squad_extractive
1474,What did the court determine was the fate for Maclean after shooting the Queen?,not guilty by reason of insanity,314701,48620,Queen_Victoria,squad_extractive
1475,What was the verdict in Maclean's trial?,not guilty by reason of insanity,314701,48620,Queen_Victoria,squad_extractive
1476,What position did Victoria take on being shot at?,"""worth being shot at—to see how much one is loved""",314827,48644,Queen_Victoria,squad_extractive
1477,What year did Gladstone return to power?,1892,314918,48660,Queen_Victoria,squad_extractive
1478,What year did Gadstone return to power?,1892,314918,48660,Queen_Victoria,squad_extractive
1479,How old was Gladstone when he returned to power?,82 years old,314948,48665,Queen_Victoria,squad_extractive
1480,How old was Gladstone after the general election in 1892? ,82 years old,314948,48665,Queen_Victoria,squad_extractive
1481,What radical MP did Victoria object to being appointed to the cabinet by Gladstone? ,Henry Labouchere,315030,48677,Queen_Victoria,squad_extractive
1482,What year did Gladstone retire?,1894,315106,48690,Queen_Victoria,squad_extractive
1483,What year did Gladstone retire?,1894,315106,48690,Queen_Victoria,squad_extractive
1484,Who did Victoria appoint to replace Gladstone?,Lord Rosebery,315202,48702,Queen_Victoria,squad_extractive
1485,Who did Victoria appoint to Prime Minister after Gladstone retired in 1894?,Lord Rosebery,315202,48702,Queen_Victoria,squad_extractive
1486,Who did Victoria appoint as Gladstone's succesor?,Lord Rosebery,315202,48702,Queen_Victoria,squad_extractive
1487,How did Lord Roseberry fare as Prime Minister?,His government was weak,315235,48707,Queen_Victoria,squad_extractive
1488,Who replaced Lord Rosebery the year following his appointment?,Lord Salisbury,315283,48715,Queen_Victoria,squad_extractive
1489,Who replaced Lord Rosenbery after only a year of government? ,Lord Salisbury,315283,48715,Queen_Victoria,squad_extractive
1490,Who replaced Lord Roseberry as Prime Minister?,Lord Salisbury,315283,48715,Queen_Victoria,squad_extractive
1491,How long did Lord Salisbury remain as Prime Minister?,for the remainder of Victoria's reign,315346,48723,Queen_Victoria,squad_extractive
1492,How long was Lord Sailsbury Prime Minister?,the remainder of Victoria's reign,315350,48724,Queen_Victoria,squad_extractive
1493,What year did Queen Victoria die?,1897,315389,48730,Queen_Victoria,squad_extractive
1494,Which two people helped lift Victoria's body into the coffin?,"Edward VII, the Kaiser and Prince Arthur, Duke of Connaught",315574,48762,Queen_Victoria,squad_extractive
1495,Who placed Victoria into her coffin?,"Edward VII, the Kaiser and Prince Arthur, Duke of Connaught",315574,48762,Queen_Victoria,squad_extractive
1496,What did Victoria wear upon her death in her coffin? ,She was dressed in a white dress and her wedding veil,315673,48779,Queen_Victoria,squad_extractive
1497,What clothing was Queen Victoria laid to rest in?,a white dress and her wedding veil,315692,48783,Queen_Victoria,squad_extractive
1498,How was Victoria dressed for burial?,a white dress and her wedding veil,315692,48783,Queen_Victoria,squad_extractive
1499,What item from her wedding was Victoria dressed in inside her coffin?,wedding veil,315714,48788,Queen_Victoria,squad_extractive
1500,A plaster cast of what part of Alberts body was placed in the coffin with the Queen?,his hand,315961,48831,Queen_Victoria,squad_extractive
1501,What was placed in the Queens left hand when she was placed in her coffin?,a lock of John Brown's hair,315977,48834,Queen_Victoria,squad_extractive
1502,What was hidden in Queen Victoria's hand by her father's family?,"a lock of John Brown's hair, along with a picture of him",315977,48834,Queen_Victoria,squad_extractive
1503,When did John Brown give Victoria his mother's wedding ring? ,1883,316258,48886,Queen_Victoria,squad_extractive
1504,When was Queen Victoria's funeral held? ,"Saturday, 2 February",316288,48892,Queen_Victoria,squad_extractive
1505,When was Queen Victoria's funeral held?,2 February,316298,48893,Queen_Victoria,squad_extractive
1506,Where was the funeral of Queen Victoria held?,"St George's Chapel, Windsor Castle",316313,48896,Queen_Victoria,squad_extractive
1507,Where was Queen Victoria laid to rest after her death? ,Frogmore Mausoleum at Windsor Great Park,316428,48914,Queen_Victoria,squad_extractive
1508,Where was Victoria laid to rest?,Frogmore Mausoleum at Windsor Great Park,316428,48914,Queen_Victoria,squad_extractive
1509,Who introduced Victoria and Albert?,her uncle Leopold,316549,48936,Queen_Victoria,squad_extractive
1510,Who did Victoria credit for her relationship to Albert?,her uncle Leopold,316549,48936,Queen_Victoria,squad_extractive
1511,Who was considered Victoria's best and kindest advisor?,uncle Leopold,316553,48937,Queen_Victoria,squad_extractive
1512,Who introduced Albert to Victoria?,uncle Leopold,316553,48937,Queen_Victoria,squad_extractive
1513,"Whom did Queen Victoria consider her ""best and kindest adviser""? ",uncle Leopold,316553,48937,Queen_Victoria,squad_extractive
1514,What did Victoria think of Albert at 17 years of age?,He possesses every quality that could be desired to render me perfectly happy,316741,48969,Queen_Victoria,squad_extractive
1515,What qualities did Victoria believe Albert posessed when she met him?,every quality that could be desired to render me perfectly happy,316754,48971,Queen_Victoria,squad_extractive
1516,What were Albert's best qualities?,"sensible, so kind, and so good, and so amiable",316829,48985,Queen_Victoria,squad_extractive
1517,What was Victoria's opinion of Albert's appearance? ,the most pleasing and delightful exterior,316896,48998,Queen_Victoria,squad_extractive
1518,How did Victoria find Albert's looks?,most pleasing and delightful exterior and appearance,316900,48999,Queen_Victoria,squad_extractive
1519,In what year did Melbourne resign?,1839,317170,49044,Queen_Victoria,squad_extractive
1520,What year did Melbourne resign?,1839,317170,49044,Queen_Victoria,squad_extractive
1521,Who voted against the bill to end the constitution of Jamaica?,Radicals and Tories,317201,49048,Queen_Victoria,squad_extractive
1522,What did the Radicals and Tories do that made Melbourne resign?,voted against a bill to suspend the constitution of Jamaica,317254,49056,Queen_Victoria,squad_extractive
1523,Why did the Radicals and Tories oppose the bill about the constitution of Jamaica?,The bill removed political power from plantation owners who were resisting measures associated with the abolition of slavery.,317315,49066,Queen_Victoria,squad_extractive
1524,Which group was resisting the abolisment of slavery and were subsequently removed from power when the bill was voted down?,plantation owners,317353,49072,Queen_Victoria,squad_extractive
1525,Which party was Sir Robert Peel a part of?,Tory,317466,49088,Queen_Victoria,squad_extractive
1526,Who did the Queen commission to form a new ministry?,Sir Robert Peel,317472,49089,Queen_Victoria,squad_extractive
1527,What Tory did Victoria commision after Melbourne resigned his postion? ,Sir Robert Peel,317472,49089,Queen_Victoria,squad_extractive
1528,What did the Queen commission Sir Robert Peel to do?,to form a new ministry,317489,49092,Queen_Victoria,squad_extractive
1529,"Who did Robert Peel want to replace the ladies of the bedchamber with, instead of wives of Whigs?",wives of Tories,317771,49142,Queen_Victoria,squad_extractive
1530,The removal of the Queens bedchamber ladies became known as what?,the bedchamber crisis,317812,49150,Queen_Victoria,squad_extractive
1531,What is the name of crisis where the wives of the Tories were replacing the wives of the Whigs?,bedchamber crisis,317816,49151,Queen_Victoria,squad_extractive
1532,Why did Peel resign his comission?,Peel refused to govern under the restrictions imposed by the Queen,317894,49161,Queen_Victoria,squad_extractive
1533,"After Queen Victoria refuse to replace her ladies with wives of Tories, what did Sir Robert Peel do? ",resigned his commission,317979,49174,Queen_Victoria,squad_extractive
1534,What was one of Victoria's major concerns?,improvement of relations between France and Britain,318099,49191,Queen_Victoria,squad_extractive
1535,Which two countries was Victoria trying to improve relations between?,France and Britain,318132,49195,Queen_Victoria,squad_extractive
1536,What two countries did Victoria take a large interest in improving relations between?,France and Britain,318132,49195,Queen_Victoria,squad_extractive
1537,Queen Victoria set up meetings between The Britian royal family and what house to help improve relations between Britain and France?,House of Orleans,318228,49211,Queen_Victoria,squad_extractive
1538,What French family did Victoria try to foster relations with? ,House of Orleans,318228,49211,Queen_Victoria,squad_extractive
1539,How was the House of Orleans and the British Royal family related?,by marriage through the Coburgs,318263,49217,Queen_Victoria,squad_extractive
1540,Who did Victoria stay with in Normandy?,King Louis Philippe I,318341,49231,Queen_Victoria,squad_extractive
1541,What was the name of the King of Normandy that Victoria and Albert stayed with in 1843 and 1845?,King Louis Philippe I,318341,49231,Queen_Victoria,squad_extractive
1542,Who was the first French King to visit Queen Victoria?,Louis Philippe,318574,49277,Queen_Victoria,squad_extractive
1543,Who was the first French king to visit Queen Victoria? ,Louis Philippe,318574,49277,Queen_Victoria,squad_extractive
1544,What year did Louis Philippe visit England?,1844,318615,49284,Queen_Victoria,squad_extractive
1545,What happened to Louis Philippe after the revolution in France? ,fled to exile in England,318742,49306,Queen_Victoria,squad_extractive
1546,Where did Victoria and her family retreat to safety during a conflict in 1848? ,Osborne House,318906,49336,Queen_Victoria,squad_extractive
1547,Where did Victoria and her family go to for safety during the revolutionary scare of April 1848?,"Osborne House, a private estate on the Isle of Wight",318906,49336,Queen_Victoria,squad_extractive
1548,"Which groups were demonstrating and trying to bring about a revolution before, ultimately, failing?",Chartists and Irish nationalists,319026,49356,Queen_Victoria,squad_extractive
1549,What year did Victoria first visit Ireland?,1849,319190,49380,Queen_Victoria,squad_extractive
1550,What year was Victorias first visit to Ireland?,1849,319190,49380,Queen_Victoria,squad_extractive
1551,What was the date of an attempted assasination on Napoleon?,14 January 1858,319306,49401,Queen_Victoria,squad_extractive
1552,When did Orsinin attempt to assassinate Napoleon?,14 January 1858,319306,49401,Queen_Victoria,squad_extractive
1553,Who attempted to assassinate Napoleon?,an Italian refugee from Britain called Orsini,319323,49404,Queen_Victoria,squad_extractive
1554,What was the name of the person that attempted to assasinate Napoleon?,Orsini,319362,49410,Queen_Victoria,squad_extractive
1555,How did Orsini try to assassinate Napoleon?,a bomb,319412,49417,Queen_Victoria,squad_extractive
1556,Where did Victoria visit that led her to reprimand Derby for the state of the Royal Navy?,French military port of Cherbourg,319623,49450,Queen_Victoria,squad_extractive
1557,What was the name of the French military port that opened on 5 August 1858?,port of Cherbourg,319639,49452,Queen_Victoria,squad_extractive
1558,What new military port in France did Victoria and Albert visit after the crisis in 1858?,Cherbourg,319647,49454,Queen_Victoria,squad_extractive
1559,Why did Victoria repremend Derby following her visit with Napolean III? ,the poor state of the Royal Navy in comparison to the French one,319840,49485,Queen_Victoria,squad_extractive
1560,When did Victoria ask Palmerston to resume his office?,June 1859,319949,49506,Queen_Victoria,squad_extractive
1561,What happened in June 1859?,Victoria recalled Palmerston to office,319959,49508,Queen_Victoria,squad_extractive
1562,What year did Palmerston die?,1865,320019,49516,Queen_Victoria,squad_extractive
1563,What year did Pamerston die? ,1865,320019,49516,Queen_Victoria,squad_extractive
1564,When did Palmerston die?,1865,320019,49516,Queen_Victoria,squad_extractive
1565,"Following Alberts death, what was the first year that Victoria attended the State opening of Parliment?",1866,320096,49530,Queen_Victoria,squad_extractive
1566,What event did Victoria attend in 1866 for the first time following Albert's death?,State Opening of Parliament,320124,49534,Queen_Victoria,squad_extractive
1567,"What Act by Victoria granted the ability to vote to working men, but not women? ",Reform Act 1867,320245,49554,Queen_Victoria,squad_extractive
1568,When did Derby resign?,1868,320411,49583,Queen_Victoria,squad_extractive
1569,Who replaced Derby after his resignation?,Benjamin Disraeli,320435,49588,Queen_Victoria,squad_extractive
1570,Who replaced Derby when he resigned in 1868? ,Benjamin Disraeli,320435,49588,Queen_Victoria,squad_extractive
1571,Who was Derby's replacement?,Benjamin Disraeli,320435,49588,Queen_Victoria,squad_extractive
1572,How long did Disralei last in office?,only lasted a matter of months,320657,49623,Queen_Victoria,squad_extractive
1573,How long was Disraeli in office?,matter of months,320671,49626,Queen_Victoria,squad_extractive
1574,What political view did Gladstone hold?,Liberal,320720,49637,Queen_Victoria,squad_extractive
1575,Who was Disraeli's rival?,William Ewart Gladstone,320735,49639,Queen_Victoria,squad_extractive
1576,What Liberal replaced Disraeli after only a few short months in office? ,William Ewart Gladstone,320735,49639,Queen_Victoria,squad_extractive
1577,What year was Victoria's Golden Jubilee held?,1887,320962,49675,Queen_Victoria,squad_extractive
1578,When was Queen Victoria's Golden Jubilee? ,1887,320962,49675,Queen_Victoria,squad_extractive
1579,When was Victoria's Golden Jubilee?,1887,320962,49675,Queen_Victoria,squad_extractive
1580,What is the point of the Golden Jubilee?,the fiftieth anniversary of her accession,321041,49685,Queen_Victoria,squad_extractive
1581,What year anniversary does the Golden Jubilee celebrate?,fiftieth anniversary,321045,49686,Queen_Victoria,squad_extractive
1582,What day did Queen Victoria celebrate her Golden Jubilee at a dinner with kings and queens from other nations? ,20 June,321086,49692,Queen_Victoria,squad_extractive
1583,What was the name of the waited that was promoted to Munshi?,Abdul Karim,321406,49747,Queen_Victoria,squad_extractive
1584,What was Abdul Karim teaching Queen Victoria after his promotion? ,Hindustani,321466,49757,Queen_Victoria,squad_extractive
1585,Who accused Karim of spying?,Her family and retainers,321501,49763,Queen_Victoria,squad_extractive
1586,Who was promoted from waiter to Munshi?,Abdul Karim,321553,49771,Queen_Victoria,squad_extractive
1587,Why did Victoria's family disapprove of Abdul Karim?,"spying for the Muslim Patriotic League, and biasing the Queen against the Hindus",321568,49774,Queen_Victoria,squad_extractive
1588,Who was Karim accused of spying for by Victoria's family? ,Muslim Patriotic League,321583,49777,Queen_Victoria,squad_extractive
1589,Who discovered that Victoria's new Munshi lied about his parentage?,Equerry Frederick Ponsonby,321650,49787,Queen_Victoria,squad_extractive
1590,Who discovered that Karim had lied about his parentage to Victoria? ,Equerry Frederick Ponsonby,321650,49787,Queen_Victoria,squad_extractive
1591,Whio was Equerry Frederick Ponsonby's father?,Sir Henry,321689,49793,Queen_Victoria,squad_extractive
1592,What was Munshi lying about?,his parentage,321742,49802,Queen_Victoria,squad_extractive
1593,Who did Ponsonby report the Munshis lies about his parentage to?,"Lord Elgin, Viceroy of India",321773,49807,Queen_Victoria,squad_extractive
1594,How long was Karim in the Queen's employment?,until he returned to India with a pension on her death,321972,49839,Queen_Victoria,squad_extractive
1595,Where did Victoria often go for holiday?,mainland Europe,322046,49852,Queen_Victoria,squad_extractive
1596,What year did Queen Victoria first set foot in Spain?,1889,322089,49858,Queen_Victoria,squad_extractive
1597,Where did Victoria stay in Spain in 1889? ,Biarritz,322112,49863,Queen_Victoria,squad_extractive
1598,"In 1889, what was Victoria the first reining monarch from Britian to do?",set foot in Spain,322176,49873,Queen_Victoria,squad_extractive
1599,Why was Victoria advised not to visit France in April of 1900?,the Boer War,322256,49889,Queen_Victoria,squad_extractive
1600,What war prevented Queen Victoria from taking her annual trip to France in 1900?,Boer War,322260,49890,Queen_Victoria,squad_extractive
1601,Why did Victoria visit Ireland in 1861?,acknowledge the contribution of Irish regiments to the South African war,322433,49921,Queen_Victoria,squad_extractive
1602,Which of Queen Victoria's children died in July of that year? ,her second son Alfred,322516,49934,Queen_Victoria,squad_extractive
1603,What tragedy did Victoria face in July of 1900?,"her second son Alfred (""Affie"") died",322516,49934,Queen_Victoria,squad_extractive
1604,"What was Victoria like, physically?","stout, dowdy and no more than five feet tall",322750,49973,Queen_Victoria,squad_extractive
1605,How tall was Queen Victoria?,no more than five feet tall,322767,49976,Queen_Victoria,squad_extractive
1606,How tall was Queen Victoria? ,five feet,322780,49979,Queen_Victoria,squad_extractive
1607,When did people really start to understand the political mind of Queen Victoria?,after the release of her diary and letters,323029,50019,Queen_Victoria,squad_extractive
1608,The extent of Victorias political influence became well known after the publishing of what?,her diary and letters,323050,50023,Queen_Victoria,squad_extractive
1609,Who wrote the biography about Queen Victoria that is now considered to be out of date? ,Lytton Strachey,323242,50054,Queen_Victoria,squad_extractive
1610,What woman wrote a biography of Queen Victoria in 1964?,Elizabeth Longford,323343,50070,Queen_Victoria,squad_extractive
1611,Who were two good biographers of Queen Victoria?,Elizabeth Longford and Cecil Woodham-Smith,323343,50070,Queen_Victoria,squad_extractive
1612,What year did Elizabeth Longford write a biography of Victoria?,1964,323390,50076,Queen_Victoria,squad_extractive
1613,When were the best biographies of Queen Victoria written?,1964 and 1972,323390,50076,Queen_Victoria,squad_extractive
1614,What kind of person was Victoria?,"emotional, obstinate, honest, and straight-talking",323501,50094,Queen_Victoria,squad_extractive
1615,Who took Victoria on a trip to Malvern Hills in 1830?,the Duchess of Kent and Conroy,323563,50101,Queen_Victoria,squad_extractive
1616,"In 1830, what part of England did Victoria travel to with Dutchess of Kent and Conroy?",the centre of England,323615,50110,Queen_Victoria,squad_extractive
1617,What town did Victoria visit in the center of England on her trip with the Dutchess of kent and Conroy?,Malvern Hills,323650,50117,Queen_Victoria,squad_extractive
1618,What years were journeys similar to the Queen trip to Melvern Hills made?,"1832, 1833, 1834 and 1835",323790,50141,Queen_Victoria,squad_extractive
1619,What annoyed the King about the way Victoria was received at her stops?,enthusiastically welcomed in each,323855,50152,Queen_Victoria,squad_extractive
1620,Why did the King dislike Victoria taking the trips?,concerned that they portrayed Victoria as his rival,323961,50168,Queen_Victoria,squad_extractive
1621,Willam was concerned that Victoria would was being portrayed as what because of her trips to central England?,his rival,324003,50174,Queen_Victoria,squad_extractive
1622,How did Victoria feel about all of the trips?,disliked,324059,50182,Queen_Victoria,squad_extractive
1623,Where did Victoria become seriously ill during one of her trips? ,Ramsgate,324354,50232,Queen_Victoria,squad_extractive
1624,What position did Conroy try and fail to get Victoria to appoint him to during her illness and later? ,private secretary,324567,50264,Queen_Victoria,squad_extractive
1625,"When she was made Queen, what did Victoria do about Conroy?",banned him from her presence,324709,50287,Queen_Victoria,squad_extractive
1626,Who was leading the government at the time of Victoria's accension?,Whig prime minister Lord Melbourne,324843,50311,Queen_Victoria,squad_extractive
1627,Who was in charge of the Governemnt at the time of Victorias ascession?,Lord Melbourne,324863,50314,Queen_Victoria,squad_extractive
1628,What was the name of the Whig Prime minister at the time of Victorias ascession?,Lord Melbourne,324863,50314,Queen_Victoria,squad_extractive
1629,What Whig was prime minister during Victoria's accession? ,Lord Melbourne,324863,50314,Queen_Victoria,squad_extractive
1630,Who thought that Melbourne saw Victoria as if she was his daughter? ,Charles Greville,324989,50334,Queen_Victoria,squad_extractive
1631,When was Queen Victorias coronation held?,28 June 1838,325212,50373,Queen_Victoria,squad_extractive
1632,When did Victoria's coronation take place at Westminster Abbey?,28 June 1838,325212,50373,Queen_Victoria,squad_extractive
1633,When was Victoria's coronation?,28 June 1838,325212,50373,Queen_Victoria,squad_extractive
1634,Where was Victorias coronation held?,Westminster Abbey,325228,50377,Queen_Victoria,squad_extractive
1635,How many visitors came to London for Victorias coronation?,"Over 400,000",325247,50379,Queen_Victoria,squad_extractive
1636,How many people visited London for the Coronation of Queen Victoria? ,"400,000",325252,50380,Queen_Victoria,squad_extractive
1637,Where did Queen Victoria reside?,Buckingham Palace,325361,50398,Queen_Victoria,squad_extractive
1638,What was Victoria's allowance upon becoming Queen? ,"£385,000 per year",325498,50421,Queen_Victoria,squad_extractive
1639,What major accomplishment did Victoria achieve with her civil list allowance?,she paid off her father's debts,325538,50426,Queen_Victoria,squad_extractive
1640,What crisis struck Ireland during 1845?,potato blight,325602,50439,Queen_Victoria,squad_extractive
1641,What happened that decimated a large portion of Ireland?,potato blight,325602,50439,Queen_Victoria,squad_extractive
1642,How long did the Great Famine last?,four years,325629,50444,Queen_Victoria,squad_extractive
1643,How many Irish people died during the Great Famine?,over a million,325640,50446,Queen_Victoria,squad_extractive
1644,How many people died during the Great Famine in Ireland?,over a million,325640,50446,Queen_Victoria,squad_extractive
1645,What was the label given to Queen Victoria during the Great Famine?,The Famine Queen,325780,50470,Queen_Victoria,squad_extractive
1646,What was Queen Victoria called in Ireland during the Great Famine? ,The Famine Queen,325780,50470,Queen_Victoria,squad_extractive
1647,What did the potato blight cause Victoria to be called?,The Famine Queen,325780,50470,Queen_Victoria,squad_extractive
1648,How much money did Victoria donate to famine relief?,"£2,000",325822,50475,Queen_Victoria,squad_extractive
1649,"How much did Queen Victoria actually donate to support relief in Ireland, making her the top individual donor? ","£2,000",325822,50475,Queen_Victoria,squad_extractive
1650,How much did Victoria donate to Ireland to help with famine relief?,"£2,000",325822,50475,Queen_Victoria,squad_extractive
1651,What story was later proven false about Victoria during the Great Famine? ,"that she donated only £5 in aid to the Irish, and on the same day gave the same amount to Battersea Dogs Home",326005,50503,Queen_Victoria,squad_extractive
1652,What was a major reason Victoria's monarchy was not as popular as some others?,self-imposed isolation from the public,326186,50538,Queen_Victoria,squad_extractive
1653,What did Victoria's isolation give way to?,the growth of the republican movement,326283,50551,Queen_Victoria,squad_extractive
1654,"When Victoria isolated herself from the public, what movement began to grow?",the republican movement,326297,50554,Queen_Victoria,squad_extractive
1655,What movement gained popularity due to the lack of Victoria appearing in public? ,republican movement,326301,50555,Queen_Victoria,squad_extractive
1656,Where did Victoria isolate herself?,in her royal residences,326401,50569,Queen_Victoria,squad_extractive
1657,What year did the Queen and Albert purchase Balmoral Castle?,1847,326527,50589,Queen_Victoria,squad_extractive
1658,What was the name of the private Estate in Scotland that Albert and Victoria purchased?,Balmoral Castle,326533,50590,Queen_Victoria,squad_extractive
1659,What private estate did Victoria aquire with Albert in 1847?,Balmoral Castle,326533,50590,Queen_Victoria,squad_extractive
1660,What year did a protester attach a note to the door at Buckingham Palace saying it was to be sold?,1864,326559,50594,Queen_Victoria,squad_extractive
1661,Where did a protector put a notice because of Queen Victoria's lack of public appearances in March of 1864?,Buckingham Palace,326611,50604,Queen_Victoria,squad_extractive
1662,Who advised Vicotria to begin appaering in public?,Her uncle Leopold,326748,50624,Queen_Victoria,squad_extractive
1663,Where did Victoria visit after Leopold advised her to make more public appearances? ,the gardens of the Royal Horticultural Society at Kensington,326833,50640,Queen_Victoria,squad_extractive
1664,Where did Victoria visit to become more in the public view?,Royal Horticultural Society at Kensington,326852,50644,Queen_Victoria,squad_extractive
1665,What else did Victoria do to try to return her former public image?,take a drive through London in an open carriage,326898,50650,Queen_Victoria,squad_extractive
1666,What caused the British East India Company to lose control of India?,the Indian Rebellion of 1857,326954,50660,Queen_Victoria,squad_extractive
1667,What company was dissolved after the Indian Rebellion?,British East India Company,326988,50666,Queen_Victoria,squad_extractive
1668,What company ruled much of India before the end of the Indian Rebellion?,British East India Company,326988,50666,Queen_Victoria,squad_extractive
1669,What ruler was dissolved after the Indian Rebellion in 1857?,British East India Company,326988,50666,Queen_Victoria,squad_extractive
1670,"Before 1857, who controlled most of India?",British East India Company,326988,50666,Queen_Victoria,squad_extractive
1671,What happened to the British possesions after the Rebellion of 1857? ,were formally incorporated into the British Empire,327133,50687,Queen_Victoria,squad_extractive
1672,What happened to the assets of the British East India Company after it was removed from power?,formally incorporated into the British Empire,327138,50688,Queen_Victoria,squad_extractive
1673,How did the Queen view the Indian Rebellion?,"relatively balanced view of the conflict, and condemned atrocities on both sides",327201,50698,Queen_Victoria,squad_extractive
1674,Who did the Queen condemn in the Indian Rebellion?,both sides,327271,50708,Queen_Victoria,squad_extractive
1675,What did Victoria believe that an official proclamation transferring control from the company to the monarchy would do?,"""should breathe feelings of generosity, benevolence and religious toleration""",327499,50748,Queen_Victoria,squad_extractive
1676,What statement was replaced in her proclamation about the civil war? ,"a reference threatening the ""undermining of native religions and customs""",327593,50760,Queen_Victoria,squad_extractive
1677,When was Queen Victoria get injured after taking a fall down some stairs? ,17 March 1883,327729,50779,Queen_Victoria,squad_extractive
1678,What year did Victoria fall down the stairs at Windsor?,1883,327738,50781,Queen_Victoria,squad_extractive
1679,What caused Victoria's rheumatism?,she fell down some stairs at Windsor,327744,50782,Queen_Victoria,squad_extractive
1680,"After her fall down the stairs, what health issue was Victoria plaged with thereafter?",rheumatism thereafter,327861,50803,Queen_Victoria,squad_extractive
1681,Who was Victorias private secretary during the years following her accident at Windsor?,Sir Henry Ponsonby,327974,50820,Queen_Victoria,squad_extractive
1682,Who was opposed to Victoria writing a biography of Brown?,Sir Henry Ponsonby,327974,50820,Queen_Victoria,squad_extractive
1683,What did Victoria begin working on after Brown's death?,a eulogistic biography,328017,50827,Queen_Victoria,squad_extractive
1684,How was Victoria notified of her youngest son leopolds death?,by telegram,328551,50915,Queen_Victoria,squad_extractive
1685,What happened in Victoria's life on the day after the one year anniversary of Brown's death?,"her youngest son, Leopold, had died in Cannes",328568,50918,Queen_Victoria,squad_extractive
1686,"Where did Victoria's youngest son, Leopold die? ",Cannes,328607,50925,Queen_Victoria,squad_extractive
1687,Victoria initially opposed Beatrice's marriage to what man? ,Prince Henry of Battenberg,328751,50949,Queen_Victoria,squad_extractive
1688,Where did Beatrice meet and fall in love with Prince Henry? ,at the wedding of Victoria's granddaughter Princess Victoria of Hesse,328778,50953,Queen_Victoria,squad_extractive
1689,What disease did Victoria's youngest son have? ,the blood-clotting disease haemophilia B,329217,51026,Queen_Victoria,squad_extractive
1690,What blood clotting disease did Victorias youngest son have?,haemophilia B,329244,51029,Queen_Victoria,squad_extractive
1691,What disease affected Leopold and was carried by two of Victoria's daughters?,haemophilia B,329244,51029,Queen_Victoria,squad_extractive
1692,Which two of Victoria's daughters also were carriers for the blood clotting disorder? ,Alice and Beatrice,329289,51037,Queen_Victoria,squad_extractive
1693,Which of Victoria's daughters were carriers of haemophilia?,Alice and Beatrice,329289,51037,Queen_Victoria,squad_extractive
1694,Which Royal haemophiliacs are said to have descended from Victoria?,"Tsarevich Alexei of Russia, Alfonso, Prince of Asturias, and Infante Gonzalo of Spain",329398,51050,Queen_Victoria,squad_extractive
1695,It was believed that Victorias true father was a hemophiliac and not who?,the Duke of Kent,329621,51086,Queen_Victoria,squad_extractive
1696,Who was Queen Victoria's father rumored to be instead of the Duke of Kent?,a haemophiliac,329642,51091,Queen_Victoria,squad_extractive
1697,How old was Victorias father at the time of her conception?,over 50,329946,51140,Queen_Victoria,squad_extractive
1698,What is a big factor on whether or not an offspring will spontaneously develop haemophilia?,older fathers,330042,51157,Queen_Victoria,squad_extractive
1699,In how many births do spontaneous cases of haemophilia arise?,about a third of cases,330091,51163,Queen_Victoria,squad_extractive
1700,Who was Queen Victorias father?,"Prince Edward, Duke of Kent and Strathearn, the fourth son of King George III",330145,51173,Queen_Victoria,squad_extractive
1701,What was the name of Victoria's father? ,"Prince Edward, Duke of Kent and Strathearn",330145,51173,Queen_Victoria,squad_extractive
1702,Who was Victoria's father?,"Prince Edward, Duke of Kent and Strathearn, the fourth son of King George III",330145,51173,Queen_Victoria,squad_extractive
1703,What year did Victorias Father die?,1820,330274,51198,Queen_Victoria,squad_extractive
1704,What year did King George III die?,1820,330274,51198,Queen_Victoria,squad_extractive
1705,When did the Duke of Kent die? ,1820,330274,51198,Queen_Victoria,squad_extractive
1706,Who raised Victoria?,mother Princess Victoria of Saxe-Coburg-Saalfeld,330347,51209,Queen_Victoria,squad_extractive
1707,What was Victoria's mother's name?,Princess Victoria of Saxe-Coburg-Saalfeld,330354,51210,Queen_Victoria,squad_extractive
1708,When did Victoria inherit the throne of England?,aged 18,330422,51218,Queen_Victoria,squad_extractive
1709,Why did Victoria inherit the throne?,"her father's three elder brothers had all died, leaving no surviving legitimate children",330437,51221,Queen_Victoria,squad_extractive
1710,What kind of government did England have at the time?,constitutional monarchy,330573,51241,Queen_Victoria,squad_extractive
1711,What was Victorias place in line of succession to the throne when she was born?,fifth,330883,51282,Queen_Victoria,squad_extractive
1712,What place was Victoria in the line of succession after her birth? ,fifth,330883,51282,Queen_Victoria,squad_extractive
1713,Where did Victoria fall in the line of succession?,fifth,330883,51282,Queen_Victoria,squad_extractive
1714,Who came in line for the throne before Victoria?,her father and his three older brothers,330921,51289,Queen_Victoria,squad_extractive
1715,"Whose infant daugheters both died, leaving him without an heir to the throne of England? ",Duke of Clarence,331007,51305,Queen_Victoria,squad_extractive
1716,What year did Victoria's father and grandfather die?,1820,331444,51378,Queen_Victoria,squad_extractive
1717,What was th elength of time between the deaths of Victoria's father and grandfather?,within a week of each other,331450,51379,Queen_Victoria,squad_extractive
1718,What year did the Duke of York die?,1827,331508,51392,Queen_Victoria,squad_extractive
1719,What happened when Victoria's Uncle George IV died?,became heiress presumptive to her next surviving uncle,331568,51404,Queen_Victoria,squad_extractive
1720,What was the Regency Act of 1830?,made special provision for the Duchess of Kent to act as regent in case William died while Victoria was still a minor.,331657,51418,Queen_Victoria,squad_extractive
1721,Who distrusted the Duchesses capability to reign in Victoria's place until she became of age? ,King William,331776,51440,Queen_Victoria,squad_extractive
1722,On what date did Victoria turn 18?,24 May 1837,331988,51476,Queen_Victoria,squad_extractive
1723,When did Victoria turn 18?,24 May 1837,331988,51476,Queen_Victoria,squad_extractive
1724,On what date did William IV die?,20 June 1837,332031,51485,Queen_Victoria,squad_extractive
1725,When did Victoria become Queen upon William IV's death? ,20 June 1837,332031,51485,Queen_Victoria,squad_extractive
1726,What caused Victoria to become the Queen of the United Kingdom?,"20 June 1837, William IV died",332031,51485,Queen_Victoria,squad_extractive
1727,Who informed Victoria of her Uncle's passing and that she was now to become Queen of England? ,the Archbishop of Canterbury and Lord Conyngham,332200,51520,Queen_Victoria,squad_extractive
1728,Who came to tell Victoria that she was to be Queen of the United Kingdom?,Archbishop of Canterbury and Lord Conyngham,332204,51521,Queen_Victoria,squad_extractive
1729,Where did she receive the news that she was to be queen?,sitting-room,332314,51543,Queen_Victoria,squad_extractive
1730,"What was the exact time that Victorias Uncle, the King, died?",12 minutes past 2,332475,51572,Queen_Victoria,squad_extractive
1731,What is the name given to Victoria on official documents?,Alexandrina Victoria,332617,51597,Queen_Victoria,squad_extractive
1732,What name was Victoria referred to as on only the first day of her reign?,Alexandrina Victoria,332617,51597,Queen_Victoria,squad_extractive
1733,What name did the first official documents of Victoria's monarchy have her listed as?,Alexandrina Victoria,332617,51597,Queen_Victoria,squad_extractive
1734,Why did Victoria live with her mother at the beginning of her reign?,was required by social convention,332760,51621,Queen_Victoria,squad_extractive
1735,Where did Victoria live at the beginning of her reign?,with her mother,332802,51628,Queen_Victoria,squad_extractive
1736,What did Victoria and her mother disagree on? ,the Kensington System,332850,51635,Queen_Victoria,squad_extractive
1737,Victoria and her mother had differences over what system?,Kensington System,332854,51636,Queen_Victoria,squad_extractive
1738,Where was Victorias mother assigned to live?,a remote apartment in Buckingham Palace,332947,51650,Queen_Victoria,squad_extractive
1739,Where did both Queen Victoria and her mother reside after she became Queen? ,Buckingham Palace,332969,51654,Queen_Victoria,squad_extractive
1740,"How did Victoria feel about the prospect of having to live with her mother, no matter how far away in the palace they put her?","close proximity promised ""torment for many years""",333083,51671,Queen_Victoria,squad_extractive
1741,How did Victoria feel about having to be married in order to escape living with her mother?,"a ""schocking  [sic] alternative""",333220,51691,Queen_Victoria,squad_extractive
1742,On what date did John Francis try to shoot Queen Victoria?,29 May 1842,333410,51723,Queen_Victoria,squad_extractive
1743,Where was Queen Victoria when Francis tried to shoot her?,"riding in a carriage along The Mall, London",333436,51728,Queen_Victoria,squad_extractive
1744,What was the name of the man that tried to shoot Queen Victoria?,John Francis,333486,51737,Queen_Victoria,squad_extractive
1745,Who made two unsuccessful attempts on Queen Victoria's life in 1842?,John Francis,333486,51737,Queen_Victoria,squad_extractive
1746,Who escaped Victoria's guards after attempting to fire a shot at her?,John Francis,333486,51737,Queen_Victoria,squad_extractive
1747,Why did Francis fail to kill Queen Victoria?,the gun did not fire,333525,51745,Queen_Victoria,squad_extractive
1748,What happened to Francis after his attempt to shoot Victoria?,he escaped,333547,51750,Queen_Victoria,squad_extractive
1749,What happened to John Francis after his second attempt to fire on the Queen?,death sentence was commuted to transportation for life,333887,51810,Queen_Victoria,squad_extractive
1750,What was John Francis's eventual sentence for the attempt on the Queens life? ,transportation for life,333918,51815,Queen_Victoria,squad_extractive
1751,"Who shot at Queen Victoria on July 3, days after John Francis's sentence was commuted? ",John William Bean,333943,51818,Queen_Victoria,squad_extractive
1752,What did John William Bean try to fire at Queen Victoria?,paper and tobacco,334031,51836,Queen_Victoria,squad_extractive
1753,What were the consequences of John William Bean's attempt to fire at the Queen?,18 months in jail,334177,51861,Queen_Victoria,squad_extractive
1754,When did William Hamilton fire a powder charge at Victoria's carriage?,1849,334219,51870,Queen_Victoria,squad_extractive
1755,Who fired a shot at Queen Victoria's carriage in 1849?,William Hamilton,334245,51873,Queen_Victoria,squad_extractive
1756,What person recieved a seven year transportation sentence for striking Victoria on the head with his cane? ,Robert Pate,334459,51906,Queen_Victoria,squad_extractive
1757,What political party was Russells ministry?,Whig,334686,51941,Queen_Victoria,squad_extractive
1758,To what party did Russell and Palmerston belong?,Whig,334686,51941,Queen_Victoria,squad_extractive
1759,What position did Lord Palmerston hold?,Foreign Secretary,334760,51953,Queen_Victoria,squad_extractive
1760,What was the name of the foreign secretary that Victoria found offensive?,Lord Palmerston,334779,51955,Queen_Victoria,squad_extractive
1761,Who was the Foreign Secretary of Russell's ministry?,Lord Palmerston,334779,51955,Queen_Victoria,squad_extractive
1762,What did Victoria express her displeasure at to Russell about Palmerton? ,Palmerston sent official dispatches to foreign leaders without her knowledge,334914,51975,Queen_Victoria,squad_extractive
1763,What year was Palmerston removed from office?,1851,335125,52007,Queen_Victoria,squad_extractive
1764,What scandal prompted Palmerstons removal in 1851?,he announced the British government's approval of President Louis-Napoleon Bonaparte's coup in France without consulting the Prime Minister,335164,52013,Queen_Victoria,squad_extractive
1765,Whom did Palmerston fail to gain approval from befoe announcing the support of the British government of Napoleon's coup? ,Prime Minister,335289,52029,Queen_Victoria,squad_extractive
1766,What happened to President Bonaparte in 1852?,declared Emperor Napoleon III,335349,52037,Queen_Victoria,squad_extractive
1767,What was president Bonapartes name changed to?,Emperor Napoleon III,335358,52038,Queen_Victoria,squad_extractive
1768,President Bonaparte was declared what in France? ,Emperor Napoleon III,335358,52038,Queen_Victoria,squad_extractive
1769,What replaced Russell's administration?,a short-lived minority government led by Lord Derby,335440,52050,Queen_Victoria,squad_extractive
1770,Who briefly replaced Russell as Prime Minister? ,Lord Derby,335481,52056,Queen_Victoria,squad_extractive
1771,When was Victoria's oldest daughter married?,Eleven days after Orsini's assassination attempt,335494,52058,Queen_Victoria,squad_extractive
1772,Who did Victorias eldest daughter marry?,Prince Frederick William of Prussia,335589,52070,Queen_Victoria,squad_extractive
1773,Who did Princess Victoria marry at the age of 17? ,Prince Frederick William of Prussia,335589,52070,Queen_Victoria,squad_extractive
1774,What did Queen Victoria hope for the marriage between her daughter and Prince Frederick William?,liberalising influence in the enlarging Prussian state,335876,52119,Queen_Victoria,squad_extractive
1775,What was the name of Queen Victoria's first grandchild? ,Wilhelm,336308,52192,Queen_Victoria,squad_extractive
1776,Who was the Queen's first grandchild?,Wilhelm,336308,52192,Queen_Victoria,squad_extractive
1777,What future awaited the first grandson of Queen Victoria?,the last German Kaiser,336334,52196,Queen_Victoria,squad_extractive
1778,What position did Wilhelm later hold in Germany? ,last German Kaiser,336338,52197,Queen_Victoria,squad_extractive
1779,Who was Queen Victorias father?,"Prince Edward, Duke of Kent and Strathearn",336381,52203,Queen_Victoria,squad_extractive
1780,Who was Queen Victorias father?,"Prince Edward, Duke of Kent and Strathearn",336381,52203,Queen_Victoria,squad_extractive
1781,What was Queen Victoria's father's official title?,"Prince Edward, Duke of Kent and Strathearn, the fourth son of the reigning King of the United Kingdom, George III",336381,52203,Queen_Victoria,squad_extractive
1782,Who was the only grandchild of George iii until 1817?,Princess Charlotte of Wales,336524,52227,Queen_Victoria,squad_extractive
1783,Who was the only legitimate grandchild of George III?,Princess Charlotte of Wales,336524,52227,Queen_Victoria,squad_extractive
1784,What year did Princess Charlotte of Wales die?,1817,336616,52242,Queen_Victoria,squad_extractive
1785,Who did the Duke of kent marry in 1818?,Princess Victoria of Saxe-Coburg-Saalfeld,336770,52268,Queen_Victoria,squad_extractive
1786,Who did Prince Edward marry in 1818 in the hopes of producing a child?,Princess Victoria of Saxe-Coburg-Saalfeld,336770,52268,Queen_Victoria,squad_extractive
1787,What was Queen Victoria's mother's official title?,Princess Victoria of Saxe-Coburg-Saalfeld,336770,52268,Queen_Victoria,squad_extractive
1788,Who were Princess Victoria's children from her previous marriage?,Carl (1804–1856) and Feodora (1807–1872),336857,52279,Queen_Victoria,squad_extractive
1789,Who was Princess Victoria widowed from?,Prince of Leiningen,336927,52288,Queen_Victoria,squad_extractive
1790,Who are Queen Victoria's mother and father?,The Duke and Duchess of Kent,337002,52298,Queen_Victoria,squad_extractive
1791,"What time was Queen Victoria born on May 24, 1819?",4.15 a.m,337067,52310,Queen_Victoria,squad_extractive
1792,When was Queen Victoria born?,4.15 a.m. on 24 May 1819,337067,52310,Queen_Victoria,squad_extractive
1793,Who wanted to see Victoria and Albert marry?,"the Duchess's brother, Leopold",337134,52323,Queen_Victoria,squad_extractive
1794,The Dutchesses brother Leopold was the King of what country?,the Belgians,337187,52332,Queen_Victoria,squad_extractive
1795,What year did Leopold become King of the Belgians?,1831,337206,52335,Queen_Victoria,squad_extractive
1796,Who was the nephew of leopold?,Prince Albert of Saxe-Coburg and Gotha,337252,52344,Queen_Victoria,squad_extractive
1797,Who was Alberts father?,"Ernest I, Duke of Saxe-Coburg and Gotha",337341,52357,Queen_Victoria,squad_extractive
1798,Who was the man William IV wanted Victoria to wed instead? ,Prince Alexander of the Netherlands,337642,52405,Queen_Victoria,squad_extractive
1799,Who did William IV feel was a suitable husband for Victoria?,Prince Alexander of the Netherlands,337642,52405,Queen_Victoria,squad_extractive
1800,Prince Alexander was the second son of whom? ,Prince of Orange,337697,52414,Queen_Victoria,squad_extractive
1801,How did Victoria feel about Albert?,enjoyed Albert's company from the beginning,337850,52438,Queen_Victoria,squad_extractive
1802,How did Victoria describe the physical appearance of Alexander?,very plain,338209,52502,Queen_Victoria,squad_extractive
1803,"What did Victoria think of her suiter, the Prince Alexander of Orange? ",very plain,338209,52502,Queen_Victoria,squad_extractive
1804,What year did Victorias reputation begin to suffer?,1839,338305,52518,Queen_Victoria,squad_extractive
1805,What was the job of lady Flora Hastings in Victorias household?,one of her mother's ladies-in-waiting,338330,52522,Queen_Victoria,squad_extractive
1806,"Who, in Victoria's court, was accused of having a pregnancy outside of mariage?","one of her mother's ladies-in-waiting, Lady Flora Hastings",338330,52522,Queen_Victoria,squad_extractive
1807,What lady in waiting was at the heart of a 1839 court scandal?,Lady Flora Hastings,338369,52527,Queen_Victoria,squad_extractive
1808,What health issue did Flora hastings develope that began to ruin Victorias reputation?,an abdominal growth,338400,52531,Queen_Victoria,squad_extractive
1809,What was Flora hastings abdominal growth rumored to be?,an out-of-wedlock pregnancy,338451,52540,Queen_Victoria,squad_extractive
1810,"Who was rumored to be the father of Flora Hastings ""pregnancy""?",Sir John Conroy,338482,52544,Queen_Victoria,squad_extractive
1811,"Who was believed to be the father of Lady Flor's ""baby""?",Sir John Conroy,338482,52544,Queen_Victoria,squad_extractive
1812,What did Victoria think of Lady Flora?,despised,338552,52555,Queen_Victoria,squad_extractive
1813,With whom did Lady Flora consipire against Queen Victoria? ,Conroy and the Duchess of Kent,338618,52565,Queen_Victoria,squad_extractive
1814,Why did Victoria hate Sir Conroy and Lady Flora?,the Kensington System,338652,52572,Queen_Victoria,squad_extractive
1815,What was the cause of Lady Flora's death in July? ,large tumour on her liver,339033,52634,Queen_Victoria,squad_extractive
1816,"What was actually the cause of Lady Flora's ""pregnancy""?",large tumour on her liver that had distended her abdomen,339033,52634,Queen_Victoria,squad_extractive
1817,What was Queen Victoria called after Lady Flora's death due?,Mrs. Melbourne,339149,52654,Queen_Victoria,squad_extractive
1818,What year was the Third French Republic established?,1870,339170,52656,Queen_Victoria,squad_extractive
1819,When did the Third French Republic come onto the scene?,1870,339170,52656,Queen_Victoria,squad_extractive
1820,How was the republican sentiment in Britain changed?,boosted after the establishment of the Third French Republic,339243,52667,Queen_Victoria,squad_extractive
1821,What helped to boost the rebublicians in 1870?,establishment of the Third French Republic,339261,52670,Queen_Victoria,squad_extractive
1822,Where was the republica rally held that called for Vuictorias removal?,Trafalgar Square,339327,52680,Queen_Victoria,squad_extractive
1823,Where was a rally calling for Queen Victoria's removal held? ,Trafalgar Square,339327,52680,Queen_Victoria,squad_extractive
1824,Who spoke against Victoria at the rally in Trafalgar Square?,Radical MPs,339377,52686,Queen_Victoria,squad_extractive
1825,Who spoke against Victoria at Trafalgar Square?,Radical MPs,339377,52686,Queen_Victoria,squad_extractive
1826,Who lanced and treated the abscess on Queen Victorias arm?,Joseph Lister,339494,52707,Queen_Victoria,squad_extractive
1827,What cutting edge treatment did Joseph Lister use to treat Queen Victoria's illness?,new antiseptic carbolic acid spray,339549,52715,Queen_Victoria,squad_extractive
1828,WHat was a new antiseptic being used to treat abcesses in the 1870's?,carbolic acid spray,339564,52717,Queen_Victoria,squad_extractive
1829,WHat was a new antiseptic being used to treat abcesses in the 1870's?,acid spray,339573,52718,Queen_Victoria,squad_extractive
1830,What disease nearly took the Prince of Wales life? ,typhoid fever,339681,52736,Queen_Victoria,squad_extractive
1831,What disease was contracted by the Prince of Wales that nearly ended his life?,typhoid fever,339681,52736,Queen_Victoria,squad_extractive
1832,After what event did the Prince of Wales' health begin to improve?,the tenth anniversary of her husband's death,339800,52757,Queen_Victoria,squad_extractive
1833,What major life event was Victoria facing when she also had to contend with her first assassination attempt?,first pregnancy,340156,52810,Queen_Victoria,squad_extractive
1834,Who attempted to assasinate Victoria while she was riding in a carriage?,Edward Oxford,340234,52823,Queen_Victoria,squad_extractive
1835,Who tried to assassinate Queen Victoria while she was pregnant with her first child?,Edward Oxford,340234,52823,Queen_Victoria,squad_extractive
1836,How many times did Oxford fire the gun at Victoria and miss?,twice,340376,52848,Queen_Victoria,squad_extractive
1837,What was Edward Oxford charged with after his assassination attempt?,high treason,340478,52868,Queen_Victoria,squad_extractive
1838,What happened to Edward Oxford to after he was found guilty of high treason?,acquitted on the grounds of insanity,340517,52875,Queen_Victoria,squad_extractive
1839,What did the first assassination attempt do for Victoria's reign?,popularity soared,340608,52889,Queen_Victoria,squad_extractive
1840,When was Queen Victoria's first daughter born? ,21 November 1840,340757,52910,Queen_Victoria,squad_extractive
1841,"What year was Albert Edward, Queen Victoria's first born son born? ",1841,341011,52948,Queen_Victoria,squad_extractive
1842,What caused Queen Victoria to threaten to abdicate five times? ,Russo-Turkish War,341285,52992,Queen_Victoria,squad_extractive
1843,What impact did Victorias threats have on the impact of the Russo=Turkish war?,no impact,341324,52998,Queen_Victoria,squad_extractive
1844,What ended the Russo-Turkish War?,Congress of Berlin,341377,53008,Queen_Victoria,squad_extractive
1845,What Disraeli policy did Victoria endorse?,expansionist foreign policy,341408,53012,Queen_Victoria,squad_extractive
1846,What conflicts can be attributed to Disraeli's stance on foreign policy?,Anglo-Zulu War and the Second Anglo-Afghan War,341491,53024,Queen_Victoria,squad_extractive
1847,What position did Victoria take on how to be a successful and top notch power?,"be Prepared for attacks and wars, somewhere or other, CONTINUALLY",341623,53047,Queen_Victoria,squad_extractive
1848,Why did Queen Victoria want to take over other countries? ,protecting native peoples from more aggressive powers or cruel rulers,341766,53069,Queen_Victoria,squad_extractive
1849,What did Victoria place to memorialize Disraeli?,a memorial tablet,342134,53129,Queen_Victoria,squad_extractive
1850,When did Napoleon iii visit London?,April 1855,342292,53153,Queen_Victoria,squad_extractive
1851,When did Napoleon III visit London?,April 1855,342292,53153,Queen_Victoria,squad_extractive
1852,Where did Napoleon Meet Victoria and Albert?,Dunkirk,342414,53176,Queen_Victoria,squad_extractive
1853,"Where did Napoleon III meet Victoria and Albert, before accompanying them to Paris?",Dunkirk,342414,53176,Queen_Victoria,squad_extractive
1854,What did Napoleon III and the royal couple visit? ,Exposition Universelle,342470,53185,Queen_Victoria,squad_extractive
1855,How many guests attented a ball at the Palace of Versaille with Napoleon III and the royal couple in attendence?,"1,200",342681,53220,Queen_Victoria,squad_extractive
1856,Victoria and Albert were the guests of honor at a large ball that took place where?,the Palace of Versailles,342701,53223,Queen_Victoria,squad_extractive
1857,Where were Victoria and Albert honored guests at ball thrown by Napoleon III?,Palace of Versailles,342705,53224,Queen_Victoria,squad_extractive
1858,What kind of a connection was rumored to exist between Victoria and John Brown?,a romantic connection,342841,53243,Queen_Victoria,squad_extractive
1859,What was the nickname given to Queen Victoria when rumors of a relationship with John Brown arose?,Mrs. Brown,342943,53262,Queen_Victoria,squad_extractive
1860,What was the name of the 1997 movie depicting the relationship between Victoria and John brown?,Mrs. Brown,343022,53275,Queen_Victoria,squad_extractive
1861,What was the name of the movie that told the story of Queen Victoria's romance with John Brown?,Mrs. Brown,343022,53275,Queen_Victoria,squad_extractive
1862,Which movie was made about the scandalous affair that Victoria was believed to have had with John Brown?,Mrs. Brown,343022,53275,Queen_Victoria,squad_extractive
1863,What artist painted the Queen and Brown which hung in the Royal Academy?,Sir Edwin Henry Landseer,343048,53280,Queen_Victoria,squad_extractive
1864,In what memior written by Queen Victoria was John Brown praised?,Leaves from the Journal of Our Life in the Highlands,343171,53300,Queen_Victoria,squad_extractive
1865,Which book did Victoria publish that did nothing to take away from the rumors about her and John Brown?,Leaves from the Journal of Our Life in the Highlands,343171,53300,Queen_Victoria,squad_extractive
1866,Where did Victoria spend the Christmas of 1900?,Osborne House,343402,53337,Queen_Victoria,squad_extractive
1867,Where did Victoria usually spend Christmases?,Osborne House on the Isle of Wight,343402,53337,Queen_Victoria,squad_extractive
1868,Where was osborne House that Victoria spent christmas at located?,on the Isle of Wight,343416,53339,Queen_Victoria,squad_extractive
1869,Where was Osborne House located?,Isle of Wight,343423,53341,Queen_Victoria,squad_extractive
1870,What had caused Victoria to be lame?,Rheumatism in her legs,343438,53344,Queen_Victoria,squad_extractive
1871,What caused Victoria limited mobility later in life?,Rheumatism,343438,53344,Queen_Victoria,squad_extractive
1872,Why was Victorias eyesight clouded?,cataracts,343516,53358,Queen_Victoria,squad_extractive
1873,When did Queen Victoria die? ,"Tuesday, 22 January 1901",343653,53380,Queen_Victoria,squad_extractive
1874,Whaen did Queen Victoria die?,"Tuesday, 22 January 1901",343653,53380,Queen_Victoria,squad_extractive
1875,What was the date of Queen Victorias death?,22 January 1901,343662,53381,Queen_Victoria,squad_extractive
1876,Who was Queen Victoria's successor after her death? ,King Edward VII,343752,53400,Queen_Victoria,squad_extractive
1877,Who was Queen Victoria's successor?,King Edward VII,343752,53400,Queen_Victoria,squad_extractive
1878,"Who did she wish to see on her deathbed, making it her last request? ","pet Pomeranian, Turri",343861,53418,Queen_Victoria,squad_extractive
1879,In a general election of what year was Disraeli returned to power?,1874,343938,53432,Queen_Victoria,squad_extractive
1880,When was Disraeli returned to office?,1874,343938,53432,Queen_Victoria,squad_extractive
1881,What removed Catholic Rituals from Anglican services? ,Public Worship Regulation Act 1874,344007,53443,Queen_Victoria,squad_extractive
1882,"Whic act, passed by Disraeli, allowed him to alter the Anglician liturgy?",Public Worship Regulation Act 1874,344007,53443,Queen_Victoria,squad_extractive
1883,What year was the Public Worship Regulation Act passed?,1874,344037,53447,Queen_Victoria,squad_extractive
1884,"What change, supported by Victoria, did Disraeli make to the Anglician liturgy?",removed Catholic rituals,344049,53449,Queen_Victoria,squad_extractive
1885,What Church did Victoria consider herself aligned with?,presbyterian Church of Scotland,344233,53474,Queen_Victoria,squad_extractive
1886,Which church did Queen Victoria consider her favorite? ,presbyterian Church of Scotland,344233,53474,Queen_Victoria,squad_extractive
1887,Where did Victoria really align herself when it came to religion?,presbyterian Church of Scotland,344233,53474,Queen_Victoria,squad_extractive
1888,What Act did Disraeli push through Parliment in 1876?,Royal Titles Act 1876,344322,53488,Queen_Victoria,squad_extractive
1889,What allowed Victoria to become the Empress of India?,Royal Titles Act 1876,344322,53488,Queen_Victoria,squad_extractive
1890,In 1876 Victoria held what title?,Empress of India,344397,53501,Queen_Victoria,squad_extractive
1891,When was Queen Victoria named the Empress of India? ,1 May 1876,344420,53504,Queen_Victoria,squad_extractive
1892,Where was the new title of Empress of India proclaimed? ,Delhi Durbar,344468,53514,Queen_Victoria,squad_extractive
1893,What kind of monarchy was formed under Queen Victoria?,modern constitutional monarchy,344558,53528,Queen_Victoria,squad_extractive
1894,What was Queen Victoria's reign considered? ,modern constitutional monarchy,344558,53528,Queen_Victoria,squad_extractive
1895,What kind of government was Victoria's reign leaning towards?,modern constitutional monarchy,344558,53528,Queen_Victoria,squad_extractive
1896,What increased the power in the House of Commons?,Reforms of the voting system,344611,53534,Queen_Victoria,squad_extractive
1897,Reforms to what system increased the power of the house fo commons?,the voting system,344622,53536,Queen_Victoria,squad_extractive
1898,How did the reforms of Britains voting system affect the House of Commons? ,increased the power,344640,53539,Queen_Victoria,squad_extractive
1899,Who paid the price for the reforms of the voting system?,House of Lords and the monarch,344706,53552,Queen_Victoria,squad_extractive
1900,What was most important as the monarchy under Queen Victoria shifted from political to symbolic? ,emphasis on morality and family values,344954,53594,Queen_Victoria,squad_extractive
1901,"As Victorias rule became less polital, what values were emphasized?",morality and family values,344966,53596,Queen_Victoria,squad_extractive
1902,What type of monarchy was established as time went on in Victorias rule?,family monarchy,345184,53632,Queen_Victoria,squad_extractive
1903,What idea was solidified to which the increasing middle classes in Britain could identify with?,family monarchy,345184,53632,Queen_Victoria,squad_extractive
1904,How did Victoria feel about the resignation of Gladstone?,pleased,345289,53645,Queen_Victoria,squad_extractive
1905,What year did Gladstone resign?,1885,345324,53650,Queen_Victoria,squad_extractive
1906,When did Gladstone resign?,1885,345324,53650,Queen_Victoria,squad_extractive
1907,Gladstone resigned after what was defeted?,his budget,345335,53652,Queen_Victoria,squad_extractive
1908,Why did Gladstone resign in 1885? ,his budget was defeated,345335,53652,Queen_Victoria,squad_extractive
1909,Why did Gladstone resign?,his budget was defeated,345335,53652,Queen_Victoria,squad_extractive
1910,Victoria blamed Gladstone for the death of who?,General Gordon at Khartoum.,345452,53674,Queen_Victoria,squad_extractive
1911,What man was Gladstone blamed for after his death at Khartoum?,General Gordon,345452,53674,Queen_Victoria,squad_extractive
1912,Who's death did Victoria blame on Gladstone?,General Gordon,345452,53674,Queen_Victoria,squad_extractive
1913,Who replaced Gladstone after he resigned?,Lord Salisbury,345506,53682,Queen_Victoria,squad_extractive
1914,Who replaced Gladstone for only a few short months? ,Lord Salisbury,345506,53682,Queen_Victoria,squad_extractive
1915,Who replaced Gladstone?,Lord Salisbury,345506,53682,Queen_Victoria,squad_extractive
1916,How long did Lord Salisburys government last?,a few months,345557,53688,Queen_Victoria,squad_extractive
1917,"What did the bill Gladstone failed to pass state, much to Queen Victoria's pleasure? ",granting Ireland home rule,345741,53721,Queen_Victoria,squad_extractive
1918,What biographer said Queen Victoria wrote an average of 2500 words a day in her journals?,Giles St Aubyn,345951,53753,Queen_Victoria,squad_extractive
1919,How avid of a writer was the Queen?,"Victoria wrote an average of 2,500 words a day",345967,53756,Queen_Victoria,squad_extractive
1920,How many words a day did Victoria write?,"average of 2,500",345985,53759,Queen_Victoria,squad_extractive
1921,How many volumes was Queen Victorias journal?,122,346139,53785,Queen_Victoria,squad_extractive
1922,How many journals did Queen Victoria write in her lifetime?,122,346139,53785,Queen_Victoria,squad_extractive
1923,How many volumes did her journal span?,122 volumes,346139,53785,Queen_Victoria,squad_extractive
1924,Who was Victoria's literary executer?,"her youngest daughter, Princess Beatrice",346176,53790,Queen_Victoria,squad_extractive
1925,Who was Victorias youngest daughter?,Princess Beatrice,346199,53793,Queen_Victoria,squad_extractive
1926,Who was appointed as Queen Victoria's literary executor upon her death? ,Princess Beatrice,346199,53793,Queen_Victoria,squad_extractive
1927,What did Beatrice do to her mothers diaries after her death?,transcribed and edited,346264,53801,Queen_Victoria,squad_extractive
1928,What did Beatrice do with her mother's journals?,transcribed and edited,346264,53801,Queen_Victoria,squad_extractive
1929,What did Beatrice do with the journals after she transcribed and edited them? ,burned the originals,346342,53811,Queen_Victoria,squad_extractive
1930,What did Beatrice do with the origional volumes of her mother's diaries?,burned,346342,53811,Queen_Victoria,squad_extractive
1931,Who transcribed Queen Victoria's journals from 1832 to 1861? ,Lord Esher,346477,53832,Queen_Victoria,squad_extractive
