question_id,question,evidence_char_pos,evidence_word_pos,correct_option_index,type,option_0,option_1,option_2,option_3,option_4
1,"(ruling that ordinance requiring developer of subdivision to “dedicate seven percent of the land area of the proposed subdivision to the public use” or pay equivalent in cash be reasonable); Mantua Town v. Carr, 584 P.2d 912, 914 (Utah 1978) (“[A court] will not intervene [in the administration of municipal services] unless the administrative action is capricious, arbitrary or unreasonable....”); Rose v. Plymouth Town, 110 Utah 358, 173 P.2d 285, 287 (1946) (mandamus will not lie to compel town officials to extend water line to plaintiffs residence unless refusal is unreasonable). Furthermore, courts of this state have not hesitated to enforce reasonableness in myriad other situations involving other services. See, e.g., Crawford v. City of Manti, 18 Utah 2d 79, 415 P.2d 665 (1966) (<HOLDING>); Salt Lake City v. Bennion Gas & Oil Co., 80",0,1,1,case_hold_mc,holding that territorial jurisdiction must be proven beyond a reasonable doubt,holding that ordinance regulating cityowned cemetery must be reasonable,holding that special damages must be shown to be reasonable and necessarily resulting from accident,holding that the evidence must be sufficient to support the agencys findings of fact and that the agencys inferences from those facts must be reasonable,holding that medical expenses must be proven to be both reasonable and necessary
2,"of the statute did not recognize mere statements to a supervisor as a protected activity. Id.; see also Lambert v. Genesee Hospital, 10 F.3d 46, 55 (2d Cir.1993) (“The plain language of this provision limits the cause of action to retaliation for filing formal complaints, instituting a proceeding, or testifying, but does not encompass complaints made to a supervisor.”) (citations omitted). Other courts have found oral complaints to be protected activity, but it is difficult to draw guidance from these decisions be cause many of them do not specifically state whether the complaint in question was written or purely verbal, and none discusses the statute’s use of the verb “to file” and whether it requires a writing. See EEOC v. Romeo Community Schools, 976 F.2d 985, 989-90 (6th Cir.1992) (<HOLDING>); EEOC v. White & Son Enters., 881 F.2d 1006,",856,137,1,case_hold_mc,holding without discussion of the verbalwritten distinction that employees voicing of concern was protected activity,holding without discussion of the verbalwritten distinction that plaintiffs apparently oral complaints to supervisors were protected activity,holding that informal complaints to superiors about discrimination constitute protected activity,holding that written but not oral internal complaints are protected based on the inclusion of the verb filed,holding without discussion of the verbalwritten distinction that defendants mistaken belief that plaintiff had made apparently oral complaints to supervisors was grounds for suit
3,"transfer, and everything else about the transaction was local to St. Thomas, to wit: Franklin Martinez, the lender and president of Transcaribbean, is a St. Thomas resident and has substantial business interests in the Virgin Islands. Those interests include that Martinez is an officer and part-owner of Colombian Emeralds, Inc. and its subsidiaries, and a part-owner of Sea Wind Food Distributors, Inc., Clark asserts that federal jurisdiction is inappo-site because the transaction occurred between Martinez and Peter Clark — both local businessmen — and involved a loan to fund a local real-estate development. This argument fails because the Court may assume jurisdiction on the basis of a single interstate wire communication. See United States v. Pecora, 693 F.2d 421, 424 (5th Cir.1982) (<HOLDING>). Moreover, facts alleged by Clark about the",1715,277,3,case_hold_mc,holding that single substantial act can support exercise of personal jurisdiction,holding that the jurys guilty verdict on the separate substantive count of bribery under federal law confirms beyond any reasonable doubt that the jury would have convicted the defendant of honest services fraud if the courts definition had been limited to the bribery basis that skilling expressly approved,holding in action involving single claim that if claim sounded only in admiralty there would be no right to a jury trial but if federal question was present as a separate and independent basis for federal jurisdiction then the jury demand must be honored,holding that a federal court can assume jurisdiction over a local bribery ease involving only local residents on the basis of a single interstate telephone call,holding the federal tort claims act did not permit exercise of pendant jurisdiction over additional parties as to which no basis for federal jurisdiction existed
4,"until her date last insured, nor did it mention how frequently Claimant’s MS symptoms arise. (Id.) The fact that the ALJ indicated it was “difficult to determine the exact period of time covered by Dr. Russell’s opinion” reveals the presence of an ambiguity that the ALJ was required to resolve. See 20 C.F.R. § 404.1512(e)(1) (2010). The time-frame the letter covers is especially important, as the record shows Claimant suffered a serious, five week long MS flare-up from February to March 2006 — mere weeks before her insured status lapsed. (R. at 14, 18); SSR 96-2p. Likewise, the ALJ made no effort to recontact Dr. TothRussell to explain the ambiguity surrounding the frequency and severity of Claimant’s MS flare-ups. (R. at 20); see Barnett v. Barnhart, 381 F.3d 664, 669 (7th Cir.2004) (<HOLDING>). Had the ALJ done so, Dr. Toth-Russell could",2572,408,4,case_hold_mc,holding that a domestic plaintiffs choice of forum is entitled to more deference than a foreign plaintiffs,holding that because the alj did not have the plaintiffs entire prior record he could not have constructively reopened the prior applications,holding that a plaintiffs belief that a product could fail in the future is not without more a legal injury sufficient to support plaintiffs claim,holding that plaintiffs are not required  to have asked for the precise form of relief that the district court may ultimately grant,holding that the alj should have contacted the plaintiffs doctor and asked for more detail regarding the fre quency of plaintiffs seizures
5,"the district court’s Rule 10(e) factual findings in the Settling Order were appropriate, the Defendants have not made the requisite showing of an affirmative courtroom closure for a non-trivial duration. See United States v. Shryock, 342 F.3d 948, 974 (9th Cir.2003) (a defendant must show not mere closure, but that it was closed affirmatively, completely, and pursuant to judicial act or order); see also United States v. Rivera, 682 F.3d 1223, 1229 (9th Cir.2012) (when a closure is trivial, “exclusion of members of the public from a judicial proceeding does not implicate the constitutional guarantee”); United States v. Withers, 638 F.3d 1055, 1063 (9th Cir.2011) (a courtroom closure must be total and of significant duration); United States v. Ivester, 316 F.3d 955, 959-60 (9th Cir.2003) (<HOLDING>). Here, the Settling Order reveals that the",3430,550,0,case_hold_mc,holding that some closures are too trivial to implicate the sixth amendment right to a public trial,recognizing that the sixth amendment is not violated every time the public is excluded from a courtroom an unjustified closure may on its facts be so trivial as not to violate the sixth amendment guarantee,holding the sixth amendment right to a jury trial applies to the states through the fourteenth amendment,holding that the fourteenth amendment incorporated the sixth amendment right to counsel,holding that a criminal defendant has a sixth amendment right to counsel at trial
6,"State v. Gill, 47 N.J. 441, 444, 221 A.2d 521 (1966))); Twp. of Pennsauken v. Schad, 160 N.J. 156, 170, 733 A.2d 1159 (1999). Our construction of N.J.S.A 39:4-88(b) is thus consonant with established principles of statutory construction. | IV. Applying statutes that are identical or very similar to the statute before the Court, courts of other states have reached varying conclusions. Several decisions have construed analogous statutes to describe two offenses, as this Court construes N.J.S.A 39:4-88(b). See People v. Butler, 81 Cal.App.3d Supp. 6, 146 Cal.Rptr. 856, 857 (Cal.Ct.App.1978) (construing Cal. Veh.Code § 21658 to state “two affirmative duties placed upon the operator of a motor vehicle”); People v. Smith, 172 Ill.2d 289, 216 Ill.Dec. 658, 665 N.E.2d 1215, 1218 (1996) (<HOLDING>); State v. Marx, 289 Kan. 657, 215 P.3d 601,",4288,684,1,case_hold_mc,holding that congress envisioned two separate petitions filed to review two separate final orders,holding that plain language of 625 ill comp stat ann 511709 establishes two separate requirements for lane usage,holding when ordinance language is clear courts must give language its plain meaning,holding that in context of motion for reconsideration or to reopen congress envisioned two separate timely petitions for review of two separate final orders,holding that the evidence supported two separate convictions and punishments for two attempted robberies of two different victims who suffered separate and distinct harms
7,"CURIAM. Carl Headley Chambers appeals the district court’s order denying relief on his 28 U.S.C. § 2241 (1994) petition. We have reviewed the record and the district court’s opinion and find no reversible error. Accordingly, we affirm on the reasoning of the district court. See Chambers v. Brooks, No. CA-01-1389-AM (E.D. Va. filed Oct. 11, 2001; entered Oct. 12, 2001); see also United States v. Kinter, 235 F.3d 192, 201-02 (4th Cir.2000) (<HOLDING>), cert. denied, 532 U.S. 937, 121 S.Ct. 1393,",5139,818,3,case_hold_mc,holding that apprendi does not apply to a judges exercise of sentencing discretion within a statutory range so long as a defendants sentence is not set beyond the maximum term specified in the substantive statute,holding that almendareztorres remains binding despite apprendi v new jersey 530 us 466 120 sct 2348 147 led2d 435 2000,holding that apprendi does not apply to judges exercise of sentencing discretion within statutory range so long as defendants sentence is not set beyond maximum term specified in substantive statute,holding that apprendi v new jersey 530 us 466 120 sct 2348 147 led2d 435 2000 does not apply to a judges exercise of discretion within a statutory range so long as a defendants sentence is not set beyond the maximum term specified in the substantive statute,holding that apprendi v new jersey 530 us 466 120 sct 2348 147 led2d 435 2000 was not violated where the sentence did not exceed the applicable statutory maximum
8,"an employer based on its status as successor to corporations that had designed and manufactured allegedly defective equipment for their own use. The equipment passed to the successor corporation through a series of mergers. The court held that, but for the merger, plaintiff could have sued the predecessor corporations based on their design and manufacture of the defective equipment. The court concluded that this potential liability survived the merger, “since the obligation upon which [the successor] is being sued arose not out of the employment relation, but rather out of [the] independent business transaction” of the merger itself. Id. at 161, 432 N.Y.S.2d at 885, 412 N.E.2d at 940; see also Schweiner v. Hartford Accident & Indem. Co., 120 Wis.2d 344, 354 N.W.2d 767, 772-73 (1984) (<HOLDING>). A strong dissent in Billy exposed the flaws",5644,900,4,case_hold_mc,holding that a third party holding legal title to property is a necessary party in an action for equitable distribution,holding the family court has jurisdiction to join third parties when property is alleged to be marital but is owned by a third party,holding that a third party has authority to consent to a search if the third party is a coinhabitant,holding that plaintiff could recover royalties only for products manufactured by defendant after disclosure of secret but before issuance of patent,holding that but for merger plaintiff could have sued predecessor that manufactured defective equipment as third party but not analyzing basis for such a suit
9,"See Tex. Ins.Code Ann. art. 21.04 (Vernon Supp.2003). Article 21.04 states the following: Any person who solicits an application for life, accident, or health insurance, or property or casualty insurance, shall, in any controversy between the insured or the insured’s beneficiary and the company issuing any policy upon such application or between the insured or the insured’s dependents and that company, be regarded as the agent of the company, and not the agent of the insured.... Tex. Ins.Code Ann. art. 21.04. By its own language, article 21.04 applies only to life, accident, health, property, or casualty insurance. Tex. Ins.Code Ann. art. 21.04; see generally Guthrie v. Republic Nat. Life Ins. Co., 682 S.W.2d 634, 637 (Tex.App.-Houston [1st Dist.] 1984, writ ref d n.r.e) (<HOLDING>). In this case, appellant purchased worker’s",6501,1036,4,case_hold_mc,holding that good faith exception does not apply because it is inconsistent with text of article 3823,holding assignment of a mortgage was not subject to article 9,holding that the contracts clause article i section 10 clause 1 to the united states constitution does not apply to the actions of the federal government,holding that a party could not pursue an employment discrimination claim under one article of a labor agreement when the complaint was framed exclusively in terms of another article of the same agreement,holding that when the type of insurance procured is not listed in article 2104 the article does not apply
10,"therefore is not owed Chevron deference. See Chevron, 467 U.S. at 842-43, 104 S.Ct. 2778 (“If the intent of Congress is clear, that is the end of the matter; for the court, as well as the agency, must give effect to the unambiguously expressed intent of Congress.”); see also Wilderness Soc’y v. United States Fish & Wildlife Serv., 353 F.3d 1051, 1061 (9th Cir.2003) (en banc) (“If, under these canons, or other traditional means of determining Congress’s intentions, we are able to determine that Congress spoke clearly ..., then we may not defer to the[agency’s] contrary interpretation.”). Moreover, the Secretary’s regulation conflicts with NAGPRA’s plain language and so is invalid for that reason. See Whitman v. Am. Trucking Ass’ns, 531 U.S. 457, 481, 121 S.Ct. 903, 149 L.Ed.2d 1 (2001) (<HOLDING>) (emphasis added) (internal quotation marks",7345,1167,1,case_hold_mc,holding that chevron deference is due only when the agency acts pursuant to delegated authority and the agency action has the force of law,holding that chevron deference is due only to a reasonable interpretation made by the administrator of an agency,holding that agency interpretation which is reasonable is entitled to deference,holding that under a due weight deference standard a more reasonable interpretation overcomes an agency interpretation,holding that chevron deference is due only when the agency acts pursuant to delegated authority
11,"provides that each class must accept the plan or be unimpaired. The plan may still be confirmed over the dissent of one or more classes of impaired creditors if the plan complies with all requirements of 11 U.S.C. § 1129(a) and the cramdown standard set forth in 11 U.S.C. § 1129(b). In addition to the considerations of objections raised by parties in interest, this Court has a mandatory independent duty to determine whether the plan has met all of the requirements of confirmation. United Student Aid Funds, Inc. v. Espinosa, 559 U.S. 260, 130 S.Ct. 1367, 1381, 176 L.Ed.2d 158 (2010) (stating that bankruptcy court has obligation to ensure Chapter 13 plan complies with the Code even if the creditor fails to object); Burnett v. Burnett (In re Burnett), 646 F.3d 575, 581 (8th Cir.2011) (<HOLDING>); Williams v. Hibernia Nat’l Bank (Matter of",8202,1304,0,case_hold_mc,recognizing that bankruptcy court preconfirmation bears an independent duty to assure compliance with title 11 even if no objection is lodged,holding that section 105a facilitates compliance with the bankruptcy code and the bankruptcy courts orders and compliance is one of the central goals of civil contempt sanctions,holding that an employer through its employees did not breach an independent duty to power company not to come in contact with power companys transmission lines because such a duty is a general duty not an independent one,holding that bankruptcy court has discretionary power pursuant to 11 usc  105a to order preconfirmation plan payments in a chapter 12 proceeding,holding that all core proceedings necessarily arise under title 11 or arise in a title 11 case
12,"set forth in the statute are met: the plaintiff must be “(1) an alien, (2) suing for a tort, which was (3) committed in violation of international law.” See Aldana v. Del Monte Fresh Produce, N.A., Inc., 416 F.3d 1242, 1246 (11th Cir.2005) (per curiam). However, the explicit statutory requirements are not the only requirements for jurisdiction. Some of the numerous additional jurisdictional predicates include, for example, whether liability on the part of the defendant and the plaintiffs’ theory therefor are cognizable. See Mastafa v. Chevron Corp., 770 F.3d 170, 179-80 (2d Cir.2014). Here, such initial prerequisites appear to be satisfied: Plaintiffs are citizens of Colombia bringing a civil suit for the extrajudicial killings of their decedents. See Romero, 552 F.3d at 1316 (<HOLDING>). Further, Plaintiffs may pursue their claims",9056,1448,3,case_hold_mc,holding that it would be difficult to contend that violations of international human rights are in the public interest,holding that under  1983 violations of constitutional rights are actionable for nominal damages without proof of actual injury,recognizing the possibility that 28 usc  1331 supplies jurisdiction for violations of international law but not reaching the ultimate merits of the issue,recognizing that claims for extrajudicial killings are actionable international law violations under the ats,holding that atca establishes cause of action for violations of international law but requiring the district court to perform a traditional choiceoflaw analysis to determine whether international law law of forum state or law of state where events occurred should provide substantive law in such an action
13,"raiser was litigated) was brought by Guardian Ad Litem, and his fees in doing so were adjudged against Harter. Guardian does not demonstrate how any issue involving those funds also provides a basis for an award of her attorney’s fees. Guardian fails to demonstrate that this case constitutes an unusual type of case, or unusually complicated litigation, in order to qualify under the “very unusual circumstances” exception to the “American Rule.” For that reason alone, it is necessary that we reverse the portion of the judgment awarding Guardian her attorney’s fees. In further support of reversal of the award of Guardian’s attorney’s fees, however, is the fact that such an award is unsupported by substantial evidence. See Estate of Zeppenfeld, 593 S.W.2d 890, 894-95 (Mo.App. E.D.1979) (<HOLDING>). The evidence in this case was heard on",9906,1579,1,case_hold_mc,holding merely that the evidence was sufficient to support the award of attorneys fees,holding that a public administrator was not entitled to attorneys fees in a claim against the estate of a former guardian where the case was not one where attorneys fees were authorized and there was no evidence to support the award,holding trial court had no authority to award attorneys fees when arbitrator had stated he would not award attorneys fees,holding that an award of attorneys fees under supreme court rule 38 precursor to rule 222 did not preempt an award of attorneys fees to which one is otherwise entitled and thus appellant could seek an award of attorneys fees pursuant to section 1577300 which permits an award of fees for a party prevailing in an action against a state agency,holding that no reason existed to create a uniform national rule in admiralty where the case concerned attorneys fees and whether the contractual provision which provided for attorneys fees should allow a party to recover attorneys fees where it succeeded on all but one minor issue
14,"century context. We hold, therefore, that a plaintiff may not recover for mental anguish for a potential injury to her unborn child that is wholly unsupported by any physical suffering during and after the incident in question and that explicitly has been ruled out by routine medical diagnostics. We are mindful of the fact, however, that pregnancy and childbirth continue to pose great mysteries that escape complete comprehension and control, and that carry risks with them, which, despite the latest advancements in medical research and technology, cannot be fully assessed. This has led some of our sister states to sustain their holdings in cases involving mental anguish suffered by pregnant women in recent decisions. See, e.g., Simons v. Beard, 188 Or.App. 370, 72 P.3d 96 (2003) (<HOLDING>). We emphasize that in an appropriate case this",10757,1715,1,case_hold_mc,holding that a woman who was six months pregnant at the time of the accident was permitted to recover damages for her apprehension that her child may be born dead or deformed as a result of striking her abdomen against the steering wheel in the accident,holding that a pregnant woman whose baby died just before being born as a direct result of defendantdoctors negligence was permitted to recover damages for her apprehension about the childs wellbeing before death after she learned that the baby was in a transverse position across the upper part of the birth canal and defendant did not undertake any steps to correct the position until after the baby had died,holding female supervisors alleged comments that she did not want to add stress to the baby were sufficient direct evidence in a pregnancy discrimination mixed motives case,holding woman who claimed she was terminated after giving birth because she became pregnant was part of the protected class,holding that there was sufficient evidence to show that the victim suffered before she died based on numerous bruises on her forearms that appeared to be defensive wounds and the large amount of blood found at the scene of the crime indicating that many of the wounds were inflicted before the victim died
15,"defendant claimed that the officer’s “request for permission to ‘look through’ defendant’s automobile was so vague that defendant may not have understood the extent of the search.” Id. In rejecting that argument, the court stated that: Defendant stood beside his car expressing no concern during this thorough and systematic search.... At no time did defendant attempt to retract or narrow his consent. Failure to object to the continuation of the search under these circumstances may be considered an indication that the search was within the scope of the consent. Id. (emphasis added). See also Olivier-Becerril, 861 F.2d at 425-26 (stating that the defendant was “cooperative during the search” and upholding a search in which police punched a hole in a car’s trunk); Lopez, 777 F.2d at 546-48 (<HOLDING>). B. Because Chaidez gave McMullin permission",11611,1851,4,case_hold_mc,holding that where defendant consented to search of the glove box the trunk and the remainder of his vehicle and stood by without objecting when trooper searched beneath back seat of vehicle it was reasonable to conclude that defendants acquiescence indicated that the search was within the scope of the consent,holding conviction for possession was supported by sufficient evidence when a firearm was found under the passenger seat where the defendant had been sitting and the arresting officer observed the defendant trying to place something in the glove compartment which when searched yielded an ammunition clip matching the gun under the seat,holding that the presence of a gun in a cars passenger compartment supported the possibility that the cars trunk contained ammunition additional weapons andor other contraband,holding that where defendant consented to search of his car and stood by as agent conducted a thorough and systematic search which included removal of vehicles back seat and raising of cars rear quarter panel defendants failure to object to search indicated search was within scope of consent,holding that the defendant who stood by and watched as the officers searched the vehicle consented to a search during which officers checked under a cars seat looked in the cars glove compartment and removed a speaker by unscrewing it from a panel
16,"facts underlying the charges for which the defendant had been acquitted were an “integral and natural part of an account of the [defendant’s] crimef.]” The same cannot be said for the facts at issue here, which relate to a seizure that occurred on an entirely different occasion. For that reason, we do not find either Agee or Solomon directly relevant to the present controversy. As a result, we will first examine the challenged evidence in light of the principles traditionally employed in evaluating challenges to evidence admitted pursuant to N.C. Gen. Stat. § 8C-1, Rule 404(b), which focus on the similarity between the prior incident and the incident that underlies the current charges against the defendant. See Dowling v. United States, 493 U.S. 342, 348, 107 L. Ed. 2d 708, 717 (1990) (<HOLDING>). To be sure, the events of 10 February 2005",12471,1986,2,case_hold_mc,holding that collateral estoppel component of tire double jeopardy clause did not preclude government from introducing defendants prior acquittal at trial because government was presented with lower standard of proof in the later case,holding that the estoppel doctrine did not apply because unlike the situation in ashe v swenson the prior acquittal did not determine an ultimate issue in the present case,holding that a prior acquittal does not preclude the admission of evidence of a defendants other alleged crimes in a prosecution for the bank robbery on the basis of collateral estoppel principles because    the prior acquittal did not determine an ultimate issue in the present case,holding that a criminal acquittal does not have collateral estoppel effect on a later civil forfeiture proceeding based on the same conduct,holding that there is no need for a formal motion for a judgment of acquittal in a bench trial because the plea of not guilty asks the court for a judgment of acquittal
17,"and decisions that such a party believed adversely affected his position. Because the premise for seeking removal is presumably a product of a lack of understanding of the process required by the Decree, it is best characterized as baseless. Accordingly, the request for removal will be denied. B. Plaintiffs’ Right to a Jury Trial and the Special Master Process As an initial matter, Paragraph 11(2) of the Stage II Consent Decree provides in relevant part that: This Decree settles in full all class-claims for monetary relief of whatever kind for members of the plaintiff class against Local 542 ... which have been, are, or could have been raised in this litigation. This Decree is not intended, however, to affect, limit or in any way resolve any , 79 F.R.D. 98, 105-06 (E.D.Pa. 1978) (<HOLDING>). The court notes that Local 542 does not",13329,2129,2,case_hold_mc,holding that a motion to terminate a consent decree was moot because the challenged provisions of the decree had expired,holding that where the action was filed as a class action and a consent decree was entered into entry of the consent decree was sufficient certification of the action as a class action under rule 23,holding that consent decree could not preclude plaintiffs from bringing claims that could not have been brought at time consent decree was filed and to which they were legally and procedurally entitled,holding that a motion to terminate a consent decree was moot because there was no  consent decree left to be terminated,holding a motion to revise an enrolled divorce decree because of a discrepancy between the separation agreement and the decree filed more than 5 years after entry of the enrolled decree was properly denied
18,"a drunk driver’s base offense level for involuntary manslaughter. 162 F.3d at 1252. Reasoning that “recklessness” covers a broad spectrum of behavior, the Tenth Circuit concluded that district courts should be free to depart if the facts indicate “a degree of recklessness that falls on the periphery of reckless conduct.” Id. at 1251. Among the factors justifying the upward departure were the defendant’s high blood-alcohol level, a prior conviction for drunk driving that had put her on notice of the dangerousness of her conduct, and several opportunities to avoid the accident on that day, including being refused service at a bar, having her keys taken from her, and narrowly avoiding a collision with another vehicle. Id. at 1252-53; see also Jones, 332 F.3d 1294, 2003 WL 21399025, at *4 (<HOLDING>). In both Whiteskunk and Jones, the Tenth",14178,2272,2,case_hold_mc,holding that the district court violated fedrcrimp 32 by departing upward in sentence without notice and the psr identified no grounds for departure,holding that district courts error was not harmless because the court relied on an improper factor in imposing an upward departure,holding that a high bloodalcohol content and prior drunk driving convictions justified an upward departure on extreme recklessness and public safety grounds,holding that notice must state the specific grounds for the departure,holding that defendants diminished capacity while grounds for departure from the guidelines sentencing range is not grounds for departure below the minimum sentence set by congress
19,"retail installment sales contract for eight vehicles nonexecutory where debtor’s only obligation was payment and creditor’s only obligation concerned limited repair warranty); Riggs Nat. Bank of Wash, D.C. v. Perry (In re Perry), 25 B.R. 817, 819-20 (Bankr.D.Md.1982) (finding installment sales contracts for vehicles not executory within meaning of § 365); Brock v. Am. Sec. Bank (In re Brock), 23 B.R. 998, 1002 n. 8 (Bankr.D.D.C.1982) (noting, without deciding, that installment sales contract for vehicle purchase “would not ordinarily be deemed an executory contract simply because the sole and remaining obligation under the contract is that of the debtor to maintain periodic contractual payments called for in the contract itself’); In re Whatley, 16 B.R. 394, 398 (Bankr.N.D.Ohio 1982) (<HOLDING>). Accordingly, we affirm the nonexe-cutory",15033,2410,4,case_hold_mc,holding that a lien cannot be estopped into existence where the borrowers promised to execute a lien in the manner mandated by the constitution and then failed to do so,holding the beginning of a creditors action to subject an equitable estate to the payment of a judgment gives a specific lien upon the property which it is sought to reach and this lien continues while the cause is pending,holding that the lien bond releases the property from the lien but the lien is then secured by the bond,holding that insurance obligation was primary to indemnity obligation,holding creditors obligation to cancel lien not sufficient to make the contract execute ry
20,"such as the instant case, federal courts must apply the substantive law of the forum state. Id. at 1515 (citing Erie R.R. v. Tompkins, 304 U.S. 64, 58 S.Ct. 817, 82 L.Ed. 1188 (1938) and Keller v. Miami Herald Publ’g Co., 778 F.2d 711 (11th Cir.1985)). This principle extends to the forum state’s choice of law rules. LaFarge, 118 F.3d at 1515 (citations omitted). We are thus bound to apply Florida’s choice of law rules in determining which state’s law governs this case. The district court held that Florida’s choice of law rules mandate the application of Florida law to a dispute over a contract to insure real property located within the state. The Sadikis concede, as they must, that the district court’s holding is entirely consistent with two prior opinions of this court. Id. at 1516 (<HOLDING>); Shapiro v. Associated Int'l Ins. Co., 899",15888,2536,2,case_hold_mc,holding that by selling approximately eighteen percent of its product to florida importers moving nearly all of its product through the state purchasing equipment and supplies from florida suppliers utilizing storage facilities in florida and establishing essential business relationships in this state all within its ongoing commercial relationship with florida defendant engaged  in substantial and not isolated activity within the state ,holding that where florida state court had not addressed choiceoflaw issues with regard to directors liability federal court could presume that florida court would follow the restatement second of conflict of laws based on the florida courts past reliance on the treatise,holding that florida courts would apply florida law to contracts insuring real property located within the state,holding that when an accident occurs outside florida workers compensation benefits are payable only if the contract of employment was made in florida or if the employees employment is principally located in florida,holding new york could lawfully modify a florida custody decree because florida court had right under florida law to change the decree
21,"who have not returned their consents 30 days from the date notice is mailed as unnecessary. Plaintiff replies that reminder notice is necessary because potential class members work in remote locations far away from their homes for long periods of time. Plaintiff argues that reminder notice affects the broad remedial purposes of the FLSA and ensures that potential class members receive notice of their rights and potential claims. District courts are split as to whether reminder notices to potential class members are proper in FLSA actions. See Santinac v. Worldwide Labor Support of Illinois, Inc., 107 F.Supp.3d 610, 618-19, 2015 WL 3486971, *6 (S.D.Miss. June 2, 2015) (citing Garcia v. TWC Administration, LLC, Civil Action No. SA: 14-CV-985-DAE, 2015 WL 1737932 (W.D.Tex, April 16, 2015) (<HOLDING>)). Courts that have denied requests for",16743,2682,3,case_hold_mc,holding that district courts do not have appellate jurisdiction over state courts,recognizing that uniformity has at its heart the equalization of the ratio among all properties in the district,holding that a district courts findings under rule 52a are to be liberally construed in support of the district courts judgment,recognizing split among district courts,recognizing district courts discretion to consider pending state charge in determining sentence
22,"writ denied); see also Attorney General of Tex. v. Redding, 60 S.W.3d 891, 893 (Tex.App.-Dallas 2001) (noting that defendant’s right to rely on statute of limitations vests when limitations period expires); Baker Hughes, Inc. v. Keco R. & D., Inc., 12 S.W.3d 1, 4 (Tex.1999) (same). Choice-of-law rules are alterable The majority suggests that chapter 149 disrupted Satterfield’s settled expectations in this case. It did not. Satterfield lacked any immediate entitlement or legally enforceable right to impose successor liability on Crown. Her successor-liability remedy depended entirely on the application of New York law through choice-of-law rules and those rules may be altered by statute in the same manner as other Texas law. See Owens Corning v. Carter, 997 S.W.2d 560, 574 (Tex.1999) (<HOLDING>); see also Restatement (Second) of Conflict of",17597,2815,3,case_hold_mc,recognizing appellate courts must not make fact findings,recognizing that police officers may use reasonable force to make a lawful arrest,holding that bpps may not engage in legal assistance make inquiries or answer legal questions,recognizing that courts may make reasoned adjustments in legal system,holding that a municipal sewer system is liable for the acts of a third party that discharged hazardous waste into the system
23,"training, skill, or experience that may be helpful to the jury in understanding or determining the facts. Crime-scene analysis, which involves the gathering and analysis of physical evidence, is generally recognized as a body of specialized knowledge. See generally 2 Wigmore, Evidence § 417b at 499 (1979); State v. Russell, 125 Wash.2d 24, 882 P.2d 747 (1994), cert. denied, 514 U.S. 1129, 115 S.Ct. 2004, 131 L.Ed.2d 1005 (1995); United States v. Meeks, 35 M.J. 64 (C.M.A.1992); People v. Nolan, 152 Ill.App.3d 260, 105 Ill.Dec. 336, 504 N.E.2d 205 (1987); and Hill v. State, 647 S.W.2d 306 (Tex.App.1982). Therefore, because crime-scene analysis is not scientific evidence, we conclude that we are not bound by the test enunciated in Frye. Cf. Ex parte Dolvin, 391 So.2d 677 (Ala.1980) (<HOLDING>). The proper standard to determine whether",18455,2946,0,case_hold_mc,holding that frye was inapplicable when evidence is in the nature of physical comparisons as opposed to scientific tests or experiments,holding that the frye test of general acceptance in the scientific community was superceded by the federal rules,holding under the restrictive frye test that pcrstr testing is generally accepted in the relevant scientific community,holding use of mtdna analysis to prove identity satisfied frye test for admissibility of new or novel scientific evidence,holding that federal rule of evidence 702 superceded the frye standard of admissibility of scientific evidence and that under rule 702 the district court had to determine that proffered expert testimony was both reliable and relevant
24,"deficient as to deprive the public of the ability to respond, when Tri-Valley CAREs itself relied upon that very document to specifically and publicly comment on the 2005 shipping incident? The purpose of an EA is not to compile an exhaustive examination of each and every tangential event that potentially could impact the local environment. Such a task is impossible, and never-ending. The purpose of the EA is simply to create a workable public document that briefly provides evidence and analysis for an agency’s finding regarding an environmental impact. 40 C.F.R. § 1508.9; League of Wilderness Defenders Blue Mountains Biodiversity Proje ient manner to put the opposing party on notice are deemed waived. Swierkiewicz v. Sorema, N.A., 534 U.S. 506, 512, 122 S.Ct. 992, 152 L.Ed.2d 1 (2002) (<HOLDING>). c. The 2008 Security Assessment NEPA requires",19305,3081,2,case_hold_mc,holding that generally arguments not briefed on appeal are deemed abandoned or waived,holding that arguments not raised before the trial court are waived,holding that claims must put parties on sufficient notice of underlying arguments or arguments are deemed waived,holding that arguments not raised in district court are waived,holding arguments not raised on appeal waived
25,"breach gives rise to a right to payment, whether or not such right to an equitable remedy is reduced to judgment, fixed, contingent, matured, unmatured, disputed, undisputed, secured, or unsecured.” 11 U.S.C. § 101(5)(B). Thus, it is clear that, under some circumstances, injunctions can constitute claims which are dischargeable in bankruptcy. The court must determine whether this case presents such a circumstance. A number of courts have considered whether an injunction prohibiting future breaches of a noncompete agreement can constitute a claim under Section 101(5)(B), reaching conflicting results based on a variety of reasonings. See e.g., In re Oseen, 133 B.R. 527 (Bankr.D.Idaho 1991) (finding that the injunction did not constitute a claim); In re Udell, 18 F.3d 403 (7th Cir.1994) (<HOLDING>); In re Ward, 194 B.R. 703 (Bankr.D.Mass.1996)",20167,3218,0,case_hold_mc,holding that the injunction did not constitute a claim,holding an appeal of injunction moot where the injunction expired three months before the appellate court heard arguments in the case,holding that plaintiffs were not entitled to a preliminary injunction,holding federal injunction countermanding a state court injunction did not violate antiinjunction act,holding that when the district court applies the wrong preliminary injunction standard this court may review the record to determine whether the injunction is justified
26,"literally refer to the possibility for rehabilitation. Finally, the jury instructions unambiguously permitted consideration of any mitigating evidence, unlike the recent situation in Payton, 299 F.3d at 824 (invalidating earlier jury instructions as too vague to guarantee that the jury considered post-conviction rehabilitation). Taken as a whole, there is no “reasonable likelihood” that the jury was prevented from considering constitutionally relevant evidence. Id. at 823 (quoting Boyde v. California, 494 U.S. 370, 380, 110 S.Ct. 1190, 108 L.Ed.2d 316 (1990)). VI Finally, Beardslee argues that the cumulative impact of multiple errors entitles him to relief. The district court did not rule on this claim, though it is cognizable. See Karis v. Calderon, 283 F.3d 1117, 1132 (9th Cir.2002) (<HOLDING>); Ceja v. Stewart, 97 F.3d 1246, 1254 (9th",21026,3348,4,case_hold_mc,recognizing possibility of problems but holding there was no rule 403 violation in admitting statistics,recognizing that the possibility of a tradeoff between merits relief and attorneys fees is often implicit in class action settlement negotiations,holding that apparent eligibility exists where the record raises a reasonable possibility that the petitioner may be eligible for relief,recognizing the possibility that a defendant could have been prejudiced by the actual conduct of a codefendants defense,recognizing the possibility but denying relief
27,"of domestic violence. Defense Counsel: Your Honor, I’m going to object to this as introducing extraneous evidence. Trial Court: Sir, the document has been introduced into evidence without objection. She may proceed. Your objection is overruled. Defense Counsel: May I have a running objection as to all the previous objection just made to this evidence? Trial Court: Yes. Appellant concedes he is not challenging the admissibility of the medical records, but rather the harm that resulted when evidence of an extraneous bad act was read to the jury. Appellant cannot object on appeal to statements read from medical records to the jury, when the medical records were previously admitted at trial without objection. Wright v. State, 776 S.W.2d 763, 766 (Tex.App.-Corpus Christi 1989, pet. ref'd) (<HOLDING>)- We overrule appellant’s ninth point of error.",21882,3476,3,case_hold_mc,holding that defendant waived his objection to the prosecutors use of her peremptory challenges by failing to make a contemporaneous objection during jury selection,holding any error in admission of evidence cured when same evidence later admitted without objection,holding that the foundational prerequisites are unnecessary where the test result is admitted in evidence without objection when evidence of one of the issues in the case is admitted without objection the party against whom it is offered waives any objection to the evidence and it may be properly considered even if the evidence would have been excluded upon a proper objection,holding defendant waived error when medical records admitted without objection and contents then read to jury,holding that parties waived any choice of law objection by not raising an objection
28,"added), while § 2702(a)(4) states, ""[a] person is guilty of aggravated assault if he: (4) attempts to cause or intentionally or knowingly causes bodily injury to another with a deadly weapon.” IcL., (emphasis added). 8 . A review of the certified record before us reveals appellant failed to file a pretrial motion to quash the information wherein he avers he was charged improperly with § 2702(a)(1) of the Crimes Code. Accordingly, this issue is arguably waived due to appellant's failure to raise the challenge at his first opportunity in a pretrial motion to quash. Compare Pa.R.Crim.P. 578, Omnibus Pretrial Motion for Relief, with Commonwealth v. Parmar, 448 Pa.Super. 470, 672 A.2d 314 (1996), appeal granted, 546 Pa. 640, 683 A.2d 879 (1996), affirmed, 551 Pa. 318, 710 A.2d 1083 (1998) (<HOLDING>). We have elected to address the merit of",22742,3610,3,case_hold_mc,recognizing that the appellants claim on appeal had been abandoned because although his motion for a coa  briefly asserted the claim he did not brief the issue,holding that an appellant has no standing to raise a due process issue where he has not shown that the alleged deficiency in the notice had any connection in fact with his own failure to seek review of the denial of his claim,holding that the defendant waived an argument by failing to raise it in his appellants brief,holding that while an appellants claim he was charged with the wrong crime may be waived due to his failure to properly preserve the issue by filing a pretrial motion to quash the waiver doctrine will not be applied where the statutes in question do not irreconcilably conflict on their face,holding that a challenge to the weight of the evidence is waived for failure to present the issue first to the trial court
29,"states to provide worker compensation protection to maritime workers. See, e.g., Washington v. W.C. Dawson & Co., 264 U.S. 219, 44 S.Ct. 302, 68 L.Ed. 646 (1924); Knickerbocker Ice Co. v. Stewart, 253 U.S. 149, 40 S.Ct. 438, 64 L.Ed. 834 (1920); Southern Pacific Co. v. Jensen, 244 U.S. 205, 37 S.Ct. 524, 61 L.Ed. 1086 (1917). The Act created a worker compensation Scheme that provided coverage to injured employees with out regard to employer liability, see 33 U.S.C. § 904, but that also was apparently intended to be an exclusive remedy, see 33 U.S.C. § 905(a) (1988) (stating that “[t]he liability of an employer prescribed in section 904 of this title shall be exclusive”). But see Jones & Laughlin Steel Corp. v. Pfeifer, 462 U.S. 523, 530-31, 103 S.Ct. 2541, 2546, 76 L.Ed.2d 768 (1983) (<HOLDING>). In 1972, Congress substantially amended the",23596,3750,3,case_hold_mc,holding that an employer who commits an intentional tort against his employee cannot claim that the act was accidental so that workers compensation is the employees exclusive remedy,holding that title vii did not provide exclusive remedy for sex discrimination in public employment claim could also be brought under equal protection clause,holding that glc 152 15 provides that the only party immune from suit under the statute is the direct employer a special employer is not immune because the special employer is not liable for the payment of workers compensation and there was no agreement between the direct employer and the special employer that the special employer would be liable for the payment of such compensation,holding that under 1972 amendments  904 worker compensation is not exclusive remedy under lhwca where employer also happens to be vesselowner,holding that once the workers compensation act provides a remedy it is exclusive and the employee has no right to bring an action in commonlaw negligence against his employer
30,"fact affirmatively rejected the court’s invitation to consider the instruction’s applicability. Additionally, the State argues, the evidence did not generate a self defense instruction, because appellant’s recorded statement to the police and her trial testimony showed that she understood the spitting to be accidental, and appellant did not produce testimony that she believed that she was in immediate or imminent danger of bodily harm. Analysis We agree with the State that any error on the part of the trial court in failing to give a self defense instruction is not only not preserved for our review, but is affirmatively waived. First, appellant waived her rights on this issue when she did not request a self defense instruction. See Tull v. State, 230 Md. 152, 156, 186 A.2d 205 (1962) (<HOLDING>); Martin v. State, 174 Md.App. 510, 520, 922",24454,3894,4,case_hold_mc,holding that instruction that omitted elements of crime that defense had conceded was error although not plain error,holding that it was not error for the court to give a substantive new instruction to the jury after deliberations began where the instruction was given in court with the defendant and his counsel present,holding that failure to request jury instruction about manner in which evidence was obtained was not error and thus did not constitute ineffective assistance because defendant was not entitled to instruction,holding that failure to give a limiting instruction for 404b evidence is not plain error,holding that it was not plain error for the court not to give a self defense jury instruction where the defendant did not request one
31,"and that the error was not fundamental. In Cagle v. State, 821 So.2d 443 (Fla. 2d DCA 2002), in which the State conceded error on appeal, this court clearly stated: A trial court may conduct probation revocation proceedings in an informal manner and it may question witnesses, but it may not assume the role of the prosecutor. Edwards v. State, 807 So.2d 762, 763 (Fla. 2d DCA 2002). Doing so deprives the defendant of the fair and impartial tribunal which is the cornerstone of due process. See Marshall v. Jerrico, Inc., 446 U.S. 238, 100 S.Ct. 1610, 64 L.Ed.2d 182 (1980). Such conduct amounts to fundamental error that may be raised for the first time on appeal. See Sparks v. State, 740 So.2d 33 (Fla. 1st DCA 1999). Id. at 444; see also Lyles v. State, 742 So.2d 842 (Fla. 2d DCA 1999) (<HOLDING>). In the present case, the trial court assumed",25311,4033,3,case_hold_mc,holding that the trial courts failure to dismiss the action to quiet title was error because the plaintiff was not in possession of the land in question but the error was not fatal to the claim because the superior court could sua sponte amend the pleadings to include an action in ejectment,holding lack of subjectmatter jurisdiction is fundamental error that this court may properly raise and recognize sua sponte,holding that in admitting evidence the failure of the trial court to give a limiting instruction sua sponte is not reversible error,holding that trial court committed fundamental error where it gave the appearance of partiality by taking sua sponte action which benefitted the state ie reopening the probation revocation hearing and ordering the probationer to submit to fingerprinting,holding that a claim is considered exhausted by arizonas fundamental error review if it was explicitly noted in the briefs presented to the state appellate court or the state court mentions it is considering the claim sua sponte
32,"on a peer-to-peer file sharing network” and “knowingly allowed others access to his Ares Shared Folder.” Viewing the instructions as a whole, we cannot conclude the district court abused its discretion in refusing to give the jury Meisel’s proposed identification instruction. Although it is certainly possible Meisel’s proposed theory-of-defense instruction could have given the jury a “clearer understanding of the issues,” the district coui’t’s jury instructions were not erroneous or inadequate as given. See Bowling, 619 F.3d at 1183-84. And although this'court, if it were deciding the issue in the first instance, might well have instructed the jury consistent with Meisel’s theory-of-defense instruction, the governing standard of review is a deferential one; See Jordan, 485 F.3d at 1218 (<HOLDING>). The , district court did not abuse its",26167,4186,1,case_hold_mc,holding that under the arbitrary and capricious standard this court must consider whether the decision was based on a consideration of the relevant factors and whether there has been a clear error of judgment,holding that under the abuseofdiscretion standard this court will reverse only if the district courts decision is arbitrary capricious or whimsical or results in a manifestly unreasonable judgment quotation omitted,holding court of appeals should review district courts determination regarding punitive damages under abuseofdiscretion standard,holding that under chevron step two courts may not disturb an agency rule unless it is arbitrary or capricious in substance or manifestly contrary to the statute internal quotations omitted,holding that when applying an arbitrary and capricious standard of review the courts role is to determine whether the plan administrators decision was completely unreasonable
33,"court that the fact [a prisoner] is barred by the one-year limitation period from asserting his claims pursuant to § 2255 does not establish that the remedy in § 2255 is ‘inadequate or ineffective to test the legality of his detention.’ ”) (quoting 28 U.S.C. § 2255(e)). Mr. Jones’s reliance on Reyes-Requena v. United States, 243 F.3d 893 (5th Cir. 2001) is equally unavailing. First, the Fifth Circuit’s decision in Reyes-Requena does not suggest that a claim of actual innocence, standing alone, is sufficient to satisfy § 2255(e)’s savings clause. While Reyes-Requena establishes that the Fifth Circuit’s § 2255(e)’s savings clause test includes an “actual innocence prong,” it also indicates a petitioner must show more than actual innocence in order to proceed under § 2241. 243 F.3d at 904 (<HOLDING>). Second, and more importantly, “this court",27022,4314,1,case_hold_mc,holding that an ineffectiveassistanceofcounsel claim may be brought in a collateral proceeding under  2255 whether or not the petitioner could have raised the claim on direct appeal,holding  2255es savings clause applies to a claim i that is based on a retroactively applicable supreme court decision which establishes that the petitioner may have been convicted of a nonexistent offense and ii that was foreclosed by circuit law at the time when the claim should have been raised in the petitioners trial appeal or first  2255 motion,holding that  2255 is not available to test the legality of matters which should have been raised on appeal quotation omitted,holding that a claim including a constitutional claim must have been asserted to the trial court to be raised on appeal,holding that a claim not raised before the trial court will not be considered for the first time on appeal
34,"had to inquire into each deposit compared with the relatively simple procedure a customer could follow — by depositing the funds into a separate account, with proper notice to the bank, and keeping the funds segregated — to ensure that the funds remain exempt. Id. That portion of Bemardini holding that funds in a bank account lost their special status when commingled with a debtor’s general funds has been followed by the Fourth Circuit. Alexander & Jones v. Sovran Bank, N.A. (In re Nat Warren Contracting Co.), 905 F.2d 716, 718-19 (4th Cir.1990). But see NCNB Financial Servs., Inc. v. Shumate, 829 F.Supp. 178, 180-81 (W.D.Va.1993), aff'd sub nom. Nationsbank of North Carolina, N.A. v. Shumate, 45 F.3d 427 (4th Cir.1994), cert. den. 515 U.S. 1161, 115 S.Ct. 2616, 132 L.Ed.2d 859 (1995) (<HOLDING>); In re Woolard, 23 Collier Bankr.Cas. 59",27880,4451,2,case_hold_mc,holding that  407a imposes a broad bar against the use of any legal process to reach all social security benefits,holding that use of social security benefits satisfied child support obligation,holding that under 42 usc  407a social security benefits commingled with other nonexempt funds in a bank account remain exempt if the funds are reasonably traceable to social security income on a firstin firstout basis,holding a social security number is not private,holding that the express language of  407a and the clear intent of congress that social security benefits not be attachable
35,"self-incrimination because the prosecutor might have moved to set aside Harley’s plea on the basis of false testimony and to file charges against him fo crime apart from perjury Harley might reasonably be charged with in a future prosecution. The State refers only to capital murder, which in this case would be precluded by the prior conviction for the lesser included offense of first degree murder. As to the risk of prosecution for perjury, we are likewise skeptical. A witness may not invoke the privilege against self-incrimination to prevent himself from imminent commission of peijury. Although the reverse is possible, i.e., a witness may claim the privilege to prevent himself from revealing a previous peijury, see, e.g., United States v. Partin, 552 F.2d 621, 632 (5th Cir.1977) (<HOLDING>), the State fails to detail such circumstances",28735,4593,3,case_hold_mc,recognizing privilege,holding that where a witness who testifies under oath and is subject to crossexamination in a prior state court proceeding explicitly refuses to answer the same questions at trial the refusal to answer is inconsistent with his prior testimony,recognizing that informing the jury that testifying witness has agreed to cooperate with the government is a doubleedged sword as the existence of such agreement may suggest either that the witness will testify in accordance with the governments wishes regardless of the truth or that the witness will not he under threat of revocation of the agreement should the witness commit perjury,recognizing that a witness may claim the privilege if his new testimony might suggest that he had perjured himself in testifying on the same subject at a prior proceeding,holding that a witness may invoke the privilege against selfincrimination at trial despite testifying previously before a grand jury in the same case
36,"The bankruptcy court lacks discretion, however, to alter the scope of the assignment. That being so, the bankruptcy court’s order finally assigned the assets to Baum. See, e.g., Poole, 796 F.2d at 321 (stating that a bankruptcy court’s order is final if “further bankruptcy court proceedings would not affect the scope of the order”). Turning to the second criterion, the assignment transferred the only significant assets from the estates. Therefore, the assignment seriously affected the rights of all creditors, including Duckor, to receive payment for their claims. We conclude that the district court did not err by holding that the order was “final” for the purposes of appellate review. Cf. Law Offices of Nicholas A. Franke v. Tiffany (In re Lewis), 113 F.3d 1040, 1044 (9th Cir.1997) (<HOLDING>); United States v. Stone (In re Stone), 6 F.3d",29590,4729,4,case_hold_mc,holding that companys president was trustee of trust funds because he had control and direction over the funds,holding not an abuse of discretion to deny funds,holding that ncaa was not an indirect recipient of federal funds even though it received dues from schools that received federal funds,holding it was not an abuse of discretion to deny funds,holding that an order to disgorge funds was final even though the order did not distribute the funds
37,"aligns us with a broad coalition of other courts which, subsequent to Seminole Tribe, have rejected similar arguments aimed at barring suits for prospective in-junctive relief commenced by Medicaid beneficiaries against state actors. See, e.g., Frazar v. Gilbert, 300 F.3d 530, 550-51 & n. 109 (5th Cir.2002) (concluding that the Medicaid Act does not possess an intricate remedial scheme regulating noncompliance by states and permitting Ex parte Young action on behalf of Medicaid beneficiaries to secure EPSDT benefits); Mo. Child Care Ass’n v. Cross, 294 F.3d 1034, 1038 (8th Cir.2002) (concluding “that the [Child Welfare Act of 1980, Title IV-E of the Social Security Act] does not reflect any intent to limit Ex parte Young actions”); Antrican v. Odom, 290 F.3d 178, 190 (4th Cir.2002) (<HOLDING>); Westside Mothers v. Haveman, 289 F.3d 852,",30447,4867,0,case_hold_mc,holding that the medicaid act does not provide the type of detailed remedial scheme that would supplant an ex parte young action,holding that existence of a detailed remedial scheme shows congressional intent to prohibit recourse to the ex parte young fiction,holding that the medicaid act provision allowing reduction of funds to noncompliant states is not a detailed remedial scheme sufficient to show congresss intent to preempt an action under ex parte young,holding that ex parte young permits jurisdiction over officials who have authority to control the assessments of railroad taxes that are in violation of federal law,holding that the cwa does not include a remedial scheme sufficient to preclude an ex parte young action
38,"communication with a juror or the jury from an outside source that presents a likelihood of affecting the verdict”); United States v. Pennell, 737 F.2d 521, 532 (6th Cir.1984) (observing that “Remmer ... controls the question of how the district court should proceed where ... allegations [of potential jury partiality] are made, i.e., a hearing must be held during which the defendant is entitled to be heard”). Here, after individually interviewing each juror and alternate juror, the district court learned that most had indeed heard the reported “racist redneck” comment. The court thus should have provided Taylor a meaningful opportunity to prove actual bias. Because the court denied Taylor’s request for a Remmer hearing, it abused its discretion. See Herndon, 156 F.3d at 637 (<HOLDING>); see also Turner v. Murray, 476 U.S. 28,",31302,5001,4,case_hold_mc,holding that the defendant by not bringing his knowledge of possible juror bias to the attention of the district court prior to verdict waived his right to a new trial,recognizing district court application of the same rule,recognizing discretion of district court in determining a fee award,holding that preservation for review requires a fair ruling or decision by the district court in order to provide the lower court with an opportunity to correct any mistake give the opposing party an opportunity to demonstrate why the district court should rule in its favor and create a record which enables this court to make informed decisions,holding that although this court affords broad discretion to the district court in determining the type of investigation necessary to determine juror bias the district court must provide the defendant a meaningful opportunity to prove the same
39,"Monterey, Ltd., 526 U.S. 687, 702, 119 S. Ct. 1624, 143 L. Ed. 2d 882 (1999), which expressly defined the term “exaction” to be “the dedication of property to public use.” (Emphasis added.) The City, citing City of Monterey v. Del Monte Dunes at Monterey, Ltd., 526 U.S. 687, 702, 119 S. Ct. 1624, 1635, 143 L. Ed. 2d 882 (1999), argues that the Dolan proportionality standard does not apply here because there was no “exaction” as the United States Supreme Court uses that term — “the dedication of property to public use.” We disagree for the following reasons: (1) the language in Del Monte Dunes defining exactions is nonbinding dicta, see Honesty in Environmental Analysis & Legislation (HEAL) v. Central Puget Sound Growth Management Hearings Bd., 96 Wn. App. 522, 534, 979 P.2d 864 (1999) (<HOLDING>); and (2) even if Del Monte Dunes did control,",32146,5135,4,case_hold_mc,holding authority to control limits duty to control,holding that the puc does not have the authority to regulate or control the management decisions of a utility absent a finding that the management decision would adversely affect the public,holding that pharmaceutical benefit management companies are generally not erisa fiduciaries because they lack discretionary authority or control in the management of the plan but rather engage in ministerial duties,holding that a partner in and accounting firm who brought an action under the age discrimination in employment act adea and the employee retirement income security act erisa was considered an employee because he was subject to the control of a management committee which acted in secrecy and had no bona fide ownership interest fiduciary relationship voting right or management control,holding that del monte dunes dicta did not control applicability of nollandolan to growth management act regulations
40,"but refuse to do anything about it.”); Aff. of Harry Seymour, Nov. 30, 1992 (""It is my observation that throughout the institution that there is a continuous covering over of filth and dirt, rather than a unified regimen of daily house keeping and cleaning. My observation is that policy is to let area go uncleaned and paint over it when it looks bad or when outside people are touring the area.”); Aff. of James Doane, Mar. 26, 1993 (recounting his efforts, over the course of four days, to replace a broken Pak-A-Pottie and stating that he was told there were none available). 10 . I respectfully suggest that, in making that decision, the Superior Court failed to follow the sequential rule in cases alleging constitutional violations. See Saucier, 533 U.S. at 201, 121 S.Ct. 2151 (<HOLDING>); see also Fabiano, 352 F.3d at 453 (holding",33006,5282,1,case_hold_mc,holding that the question of qualified immunity dovetails with the substantial inquiry in a  1983 action in that both depend on the specific contours of the constitutional right at issue,holding that the initial inquiry for a court called upon to rule upon the qualified immunity issue is whether the facts alleged show the violation of a constitutional right,holding that the court evaluating a claim of qualified immunity must first determine whether the plaintiff states a claim of a constitutional violation at all and then must determine whether the claimed right was clearly established before proceeding to the qualified immunity question,holding that the threshold inquiry assuming as true the facts alleged by the injured party is whether the officers conduct violated a constitutional right,holding that defendant is entitled to qualified immunity because plaintiff failed to allege the violation of a clearly established constitutional right
41,"Ill We AFFIRM the district court’s order dismissing plaintiffs’ claims. 1 . The plaintiff-appellants also purport to challenge the district court's denial of limited jurisdictional discovery. However, the argument in their opening brief contains no discussion of the discovery ruling apart from a few statements suggesting dissatisfaction with it. See Aplt. Br. at 8 (“The Trial Court erred in dismissing the case ... without permitting any discovery as to the true nature and identity of SCTC.”); id. at 16 (suggesting that the case could be remanded to the district court for further factual development). Plaintiffs have therefore waived this issue through their failure to adequately address it in their opening brief. Cf. United States v. Beckstead, 500 F.3d 1154, 1164-65 (10th Cir.2007) (<HOLDING>); Christian Heritage Acad. v. Okla. Secondary",33853,5427,1,case_hold_mc,holding that appellant waived issue by failing to raise it in opening brief,holding issue waived when discussion of it in the opening brief was limited to two section headings a single sentence in the briefs summary and two phrases in arguments otherwise challenging a separate issue,holding that arguments not raised in the opening brief are waived,holding that the failure to raise an issue in the opening brief waives the issue,holding that a partys failure to raise an issue in the opening brief waived the issue even though the party raised the issue in his reply brief
42,"Education. In Peoria and Parsons, the plaintiffs made the eligibility for federal aid argument and added the argument that state action existed because the accreditation agency was incorporated, and thus a creature of state law. The arguments asserted in those cases were easily disposed of under traditional state action doctrine. Collateral consequences of eligibility for federal aid is not enough for state action under Blum v. Yaretsky, U.S. 991, 102 S.Ct. 2777, 73 L.Ed.2d 534 (1982); a company is not a state actor merely because it is itself regulated, see Jackson, 419 U.S. at 352-55, 95 S.Ct. at 454-55; and a corporate charter cannot create “state action” because such a rule would transform nearly every business entity into a state actor, cf. Burton, 365 U.S. at 726, 81 S.Ct. at 862 (<HOLDING>). In this case, by contrast, McKeesport can",34710,5557,0,case_hold_mc,recognizing the need to avoid a rule that creates universal application of state actor status,holding that amtrak was a state actor,recognizing district court application of the same rule,holding that a state agency created under state law was a state actor,holding that fraud creates an exception to the rule
43,"their questionnaires, the District Court instructed them that [i]t is a common practice followed in many cases in the Federal court to keep the names and the identities of the jurors in confidence. This is [in] no way unusual. It is a procedure being followed in this case to protect your privacy even from the Court. United States v. Edmond, Crim. No. 89-0162, slip op. at 2 (D.D.C. Sept. 5, 1989) (Preliminary Statement To Be Read To Jury Venire) (“Preliminary Instruction”), reprinted in J.A. I 259. By instructing jurors that the use of an anonymous jury was routine, the District Court avoided the possibility that jurors would view the procedure as an extraordinary precaution signaling a threat from the defendants and, inferentially, the defendants’ guilt. See Tutino, 883 F.2d at 1133 (<HOLDING>). In addition, the District Court immediately",35568,5697,4,case_hold_mc,holding that in a criminal trial the trial court must correct or amend an improper instruction if the proper instruction is necessary for the jury to understand the case,holding that when no objection was made to jury instruction evidence to support finding based on instruction should be assessed in light of the instruction given,holding that failure to consider an improper jury instruction would constitute a miscarriage of justice,holding that lay opinion testimony is not admissible when the jury can readily draw the necessary inferences and conclusions without the aid of the opinion,holding that identical instruction was sufficient to ensure that the jury would not draw improper conclusions from the preservation of their anonymity
44,"arm’s-length transaction or from making as prompt or searching investigation as might otherwise be expected. In some situations there is no legal duty to use means available for discovering the fraud.... We are not prepared to say, however, that one in a relationship of trust and confidence is always justified as a matter of law in neglecting every precaution until something occurs to arouse his suspicions. Courseview, 312 S.W.2d at 205; Duthu v. Pena, 228 F.3d 409, 2000 WL 1056126, at *7-9 (5th Cir.2000) (unpublished) (collecting cases). This case presents precisely the sort of intentional concealment of ill-gotten profits (in the face of a duty to disclose such profits) that allows a plaintiff to benefit from equitable estoppel. See Borderlon v. Peck, 661 S.W.2d 907, 908 (Tex.1983) (<HOLDING>);. Gibson v. Burkhart, 650 S.W.2d 185, 188-89",36425,5836,1,case_hold_mc,holding a cause of action accrues once an injury has occurred and manifested itself,holding that because a physician lias a duty to disclose a negligent act or fact that an injury has occurred and physician failed to do so cause of action was deferred until victim learned of the right of action,recognizing negligent procurement to be a negligence cause of action,recognizing cause of action,recognizing the cause of action
45,"under section 2254(d)(1), “a state court need not even be aware of [its] precedents, ‘so long as neither the reasoning nor the result contradicts them.’ ” Id. (quoting Early v. Packer, 537 U.S. 3, 7-8, 123 S.Ct. 362, 154 L.Ed.2d 263 (2002) (per curiam)). The state PCR court’s rejection of Wilson’s claim in this case was based on its conclusion that, “the trial judge properly found that [the QCRB report] contained neither exculpatory nor mitigating evidence that was undisclosed in a different form.” J.A. 590. We believe this demonstrates that the court was conducting the proper inquiry, under Skipper v. South Carolina, 476 U.S. 1, 106 S.Ct. 1669, 90 L.Ed.2d 1 (1986), and that therefore its decision was not “contrary to ... clearly established Federal law.” See id. at 5, 106 S.Ct. 1669 (<HOLDING>). We next consider whether the state court",37283,5972,4,case_hold_mc,holding that the relevant question in imposing restitution under the mvra is whether the loss is caused by the specific conduct that is the basis of the offense of conviction,holding that the relevant time is the time of the employment decision,holding that the relevant time of inquiry is the date of the filing of the complaint,holding that a sentencer may not refuse to consider as a matter of law any relevant mitigating evidence,holding that the relevant question is whether the courts decision deprived the petitioner of his right to place before the sentencer relevant evidence in mitigation of punishment
46,"Right to Know Act); Annenberg v. Commonwealth, 562 Pa. 570, 757 A.2d 333 (1998) (appointing a special master to make findings of fact and conclusions of law regarding whether a taxing statute violated the Commerce Clause of the United States Constitution); Pa. State Ass'n of County Comm'rs v. Commonwealth, 545 Pa. 324, 681 A.2d 699 (1996) (appointing a special master to prepare recommendations to the Supreme Court regarding the implementation of the unified judicial system); Commonwealth v. Banks, 612 Pa. 56, 29 A.3d 1129 (2011) (appointing a trial court judge as a special master to make findings of fact and conclusions of law relating to a challenge to the competency of a defendant to be executed). See also In re City of Pittsburgh, 143 Pa.Cmwlth. 618, 600 A.2d 630, 632 (1991) (<HOLDING>). 4 . The grand jury presentment found",38138,6114,0,case_hold_mc,holding that cjourts historically possess the inherent authority to appoint masters to assist them in performing their various functions,holding that the samaritan act does not immunize doctors from suit when they are performing their normal job functions,recognizing the qualified immunity from liability extended to a police officer in performing discretionary functions achieves this balance,holding that qualified immunity extends to government officials performing discretionary functions,holding that social workers are entitled to absolute immunity in performing quasiprosecutorial functions connected with the initiation and pursuit of child dependency proceedings
47,"in favor of William Spencer, et al., (Spencer) and setting the penalties for violation of the California False Claims Act (CFCA). Spencer cross-appeals the denial of post-trial motions and refusal to award attorney’s fees. We affirm on all grounds. I BART’s unjust enrichment claim fads for want of a loss. Lectrodryer v. SeoulBank, 77 Cal.App.4th 723, 726, 91 Cal.Rptr.2d 881 (2000) (noting that the elements of unjust enrichment are “receipt of a benefit and unjust retention of the benefit at the expense of another.”). Even assuming that County of San Bernardino v. Walsh, 158 Cal.App.4th 533, 69 Cal.Rptr.3d 848 (2008), recognized an exception to this rule, BART’s claim does not fall into that exception. See Peterson v. Cellico P’ship, 164 Cal.App.4th 1583, 1594, 80 Cal.Rptr.3d 316 (2008) (<HOLDING>). Concrete financial loss is required for",38983,6254,1,case_hold_mc,holding preemption is appropriate where unjust enrichment claim does not allege that the defendants were enriched by anything other than copyright infringement,holding that walsh does not support plaintiffs assertion that they need not allege any actual injury to bring an unjust enrichment claim,holding that where plaintiffs filed a complaint for conversion unjust enrichment and injunctive relief they had an adequate remedy at law,holding that there is no cause of action in california for unjust enrichment,holding that erisa does not permit a plaintiff to assert an independent federal common law cause of action such as unjust enrichment to enforce the terms of an erisa plan thus to the extent plaintiffs third cause of action for unjust enrichment is brought pursuant to a federal common law right it must be dismissed
48,"was pending on, AEDPA’s effective date. See Lindh v. Murphy, 521 U.S. 320, 117 S.Ct. 2059, 138 L.Ed.2d 481 (1997); United States v. Skandier, 125 F.3d 178 (3d Cir.1997). “Because the District Court relied entirely upon the state court record and did not hold an evidentiary hearing, our review [of the District Court’s decision] is plenary.” Hassine v. Zimmerman, 160 F.3d 941, 947 (3d Cir.1998) (citing Johnson v. Rosemeyer, 117 F.3d 104, 109 (3d Cir.1997)). Like the District Court, we must presume all state court factual findings tó be correct, 28 U.S.C. § 2254(d), but we “exercise plenary review over state court conclusions on mixed questions of law and fact and pure issues of law.” Hassine, 160 F.3d at 947; see Miller v. Fenton, 474 U.S. 104, 105, 106 S.Ct. 445, 88 L.Ed.2d 405 (1985)(<HOLDING>); Sumner v. Mata, 455 U.S. 591, 597, 102 S.Ct.",39839,6389,4,case_hold_mc,holding that the finding of intent to discriminate is a factual determination subject to the clearly erroneous standard of review,holding that the jones act provides an independent basis for subject matter jurisdiction,holding that subject matter questions may be but are not necessarily decided before questions of personal jurisdiction,holding that petitions for confirmation or vacatur must show how the ultimate disposition of the matter by the federal court necessarily depends on resolution of a substantial question of federal law,holding that while subsidiary factual questions are subject to  2254ds presumption the ultimate legal question of confessions constitutional voluntariness is a matter for independent federal determination
49,"property where the entire cost exceeds $10,000. A school board cannot avoid this bidding requirement by contracting for materials or services “piecemeal” for the purpose of obtaining prices under $10,000. 24 P.S. § 7-751(f). Bennett argues that the Board clearly violated these sections of the Code because the dugouts were constructed “piecemeal” at a cost in excess of $10,000. Bennett also argues that limiting his remedy to the appeal process of Section 2451 penalizes taxpayers for the mistakes of auditors. We understand Bennett’s concerns over the actions of the school officials in this case, but we cannot ignore the holdings of our courts that auditors’ reports must be challenged exclusively as provided by statute. Skelton v. Lower Merion Township, 318 Pa. 356, 178 A. 387 (1935) (<HOLDING>); Festa v. Derry Township, 49 Pa.Cmwlth. 297,",40697,6534,2,case_hold_mc,holding age discrimination claim barred,holding that the appellant waived his claim on appeal because he failed to address that claim in either his application for a coa or his brief on appeal,holding that a tax collectors assumpsit claim was barred for having failed to submit his claim to the township auditors,holding disability discrimination claim barred,recognizing that an a3 claim for equitable relief could survive despite a claim for benefits under a1b but dismissing plaintiffs a3 claim because it was simply one for benefits based solely on claims that fiduciary failed to interpret plan properly failed to adequately investigate the claim failed to properly administer the claim and failed to administer the plan for the benefit of the beneficiaries
50,"Where an association asserts claims solely on behalf of its members, standing “depends in substantial measure on the nature of relief sought.” Id. at 515, 95 S.Ct. 2197, quoted in Discovery House, 319 F.3d at 280. In such cases of pure associational standing, an association is limited to relief that, “if granted, will inure to the benefit of those members of the association actually injured.” Id. However, in addition to bringing suit on behalf of its members, an entity may also be granted “standing in its oum right to seek judicial relief from injury to itself and to vindicate whatever rights and immunities the association itself may enjoy.” Id. at 511, 95 S.Ct. 2197 (emphasis added); see also Havens Realty Corp. v. Coleman, 455 U.S. 363, 372-79, 102 S.Ct. 1114, 71 L.Ed.2d 214 (1982) (<HOLDING>). As we understand it, the Seventh Circuit’s",41552,6669,0,case_hold_mc,holding that a nonprofit organization had standing to bring an action in its own right where  congress intended standing under the fair housing act to extend to the full limits of art iii quoting gladstone realtors v vill of bellwood 441 us 91 103 n 9 99 sct 1601 60 led2d 66 1979,holding an organization had standing because some of its individual members did,holding that courts should look to the standing principles  developed under section 4 of the clayton act for guidance in interpreting section 303s standing requirements id at 406 for a recent discussion of standing under the clayton act see associated general contractors v california state council of carpenters us 103 sct 897 74 led2d 723 1983,recognizing associational standing when members would have standing in own right,holding that a nonprofit organization lacked standing under unruh because its civil rights had not been personally violated and it failed to show that any of its members would suffer injury
51,"could have allowed one to two more spectators to sit with Mrs. Bucci, Mrs. Keefe, and Mrs. Jordan. It is, however, of no constitutional moment that the court did not do so. 9 . Indeed, Mrs. Keefe — whose testimony showed her to be a devoted mother who carefully followed every moment of the trial, talked to her son every day during his incarceration, and even led the effort to collect affidavits for Bucci’s habeas petition — was likely the most important member of the public to be present from Bucci’s perspective. Hr’g Tr. vol. 2 at 30, 33. 10 . Other jurisdictions that have considered this issue have also held that prohibiting public ingress and egress during a jury charge does not constitute ""closure” under the Sixth Amendment. E.g., Herring v. Meachum, 11 F.3d 374, 380 (2d Cir.1993) (<HOLDING>); Bell v. Evatt, 72 F.3d 421, 433 (4th",42409,6812,3,case_hold_mc,holding that trial court did not err in refusing to give charge because plaintiff failed to demonstrate that his requested charge was tailored to the evidence,holding that counsel was deficient when he failed to object to error in jury charge referring to aggravated assault when the charge was assault on a public servant,holding trial courts error in overruling objection to prosecutors misstatement of law of intoxication that differed from definition in charge was harmless when there was evidence supporting the jurys verdict and it was presumed the jury followed the instructions in the charge,holding that trial was never closed when court locked doors during jury charge because all members of the public who wanted to observe the charge were permitted to do so if there was enough space and they arrived in time,holding that because trial court actually gave part of a jury charge that appellant claimed was improperly omitted and because remainder of courts charge adequately defined one of the legal terms at issue the courts jury charge taken as a whole was not misleading and did not constitute reversible error
52,"in ongoing litigation.”). Conditioning Gutten-berg’s dismissal on an attorney’s-fees-and-costs award is therefore inappropriate at this juncture. Emery disagrees. He implies that Gut-tenberg’s filings — and Emery’s responses to them — were unnecessary, because they “resulted in the Court’s rejection of three of the four claims originally asserted by Plaintiffs.” Def.’s Resp. at 7. But winning and losing has never been the stick by which courts have measured whether to impose fees-and-costs conditions. See SBM Wageneder Gesellschaft, 113 F.R.D. at 663 (“To condition a voluntary dismissal on an award of fees, the case law requires that defendant’s efforts must have been unnecessary, not that the plaintiff must prevail.”); Combo v. Viacom, Inc., 2007 WL 39410, at *1 (D.D.C. Jan. 5, 2007) (<HOLDING>). Put differently, the mere fact that",43261,6961,3,case_hold_mc,holding a district court may in its discretion award attorneys fees upon a finding that plaintiffs action was frivolous unreasonable or without foundation even though not brought in subjective bad faith,holding trial court had no authority to award attorneys fees when arbitrator had stated he would not award attorneys fees,holding merely that the evidence was sufficient to support the award of attorneys fees,holding that whether plaintiffs arguments were frivolous was irrelevant to the question of whether to award attorneys fees and costs upon his motion to voluntarily dismiss the suit,recognizing that an award of temporary attorneys fees and costs is based on an assessment of need and ability to pay as well as the reasonableness of the fees and costs
53,"See also United States v. Morgan, 384 F.3d 1, 6 (1st Cir.2004) (questioning whether plain error was even available, or whether the issue was waived entirely, when a Blakely issue was neither raised below nor initially in this court). Plain error is an extremely deferential standard; errors will be corrected only if “(1) ... an error occurred (2) which was clear or obvious and which not only (3) affected [his] substantial rights, but also (4) seriously impaired the fairness, integrity, or public reputation of judicial proceedings.” Id. (quoting United States v. Duarte, 246 F.3d 56, 60 (1st Cir.2001)). In applying the plain error standard after Blakely, we have held that no plain error occurs where the facts underlying the enhancement _ were undisputed. Savarese, 385 F.3d at 22 (<HOLDING>). We have also noted, and now emphasize, that",44112,7089,3,case_hold_mc,holding that a sentencing court may warn a defendant of the possibility of a sentence enhancement,holding that omission was not plain error,holding that a defendant who fails to object to an error at a plea colloquy hearing must satisfy the plain error rule,holding that a defendant who did not dispute the factual basis underlying the sentence enhancement forecloses a finding of plain error,holding that any error was harmless and thus not plain error
54,"was never good history and is no longer good law.”). 8 . Union Pac. R.R. Co. v. Sheehan, 439 U.S. 89, 94, 99 S.Ct. 399, 58 L.Ed.2d 354 (1978). 9 . Norris, 512 U.S. at 252-53, 114 S.Ct. 2239 (quoting 45 U.S.C. § 151a) (emphasis added). 10 . Consol. Rail Corp. v. Ry. Labor Executives' Ass’n, 491 U.S. 299, 305, 109 S.Ct. 2477, 105 L.Ed.2d 250 (1989); see also Anderson v. Am. Airlines, Inc., 2 F.3d 590, 595 (5th Cir.1993) (citing id.). 11 . Norris, 512 U.S. at 265, 114 S.Ct. 2239. 12 . Saridakis v. United Airlines, 166 F.3d 1272, 1276 (9th Cir.1999). 13 . Norris, 512 U.S. at 264 n. 10, 114 S.Ct. 2239 (quoting Conrail, 491 U.S. at 311-12, 109 S.Ct. 2477). 14 . Id. at 264, 114 S.Ct. 2239. 15 . Id. at 264 n. 10, 114 S.Ct. 2239 (quoting Detroit & Toledo Shore Line R 171 (1st Cir.1998) (<HOLDING>); Benson v. Northwest Airlines, Inc., 62 F.3d",44962,7227,1,case_hold_mc,holding section 301 preempted plaintiffs claim for tortious interference with contract because that claim would require interpretation of a collective bargaining agreement,holding that the present controversy concerns the plaintiffs rights under state and federal statutes which exist independently of the collective bargaining agreement and do not require interpretation of that agreement,holding that antidiscrimination rights under title vii cannot be waived by a collective bargaining agreement,holding that plaintiffs retaliatory discharge claim was not completely preempted and noting that state court on remand would have to apply federal law to remaining issues requiring interpretation of collective bargaining agreement,holding that an arbitrators interpretation of the scope of the issue submitted to him is entitled to the same deference accorded his interpretation of the collective bargaining agreement
55,"due process rights.” Id. Doc. 31 at 4. The district court adopted the recommendation and denied the petition. Id. Doc. 35 at 3. II. Discussion On review of the denial of a petition for habeas corpus, we review the district court’s legal conclusions de novo. See Patterson v. Knowles, 162 F.3d 574, 575 (10th Cir.1998). Mr. Mayberry argues that he has a liberty interest in his earned good-time credits even though the DOC now asserts they were not validly earned. We agree with Mr. Mayberry. Oklahoma “has created a liberty interest in earned credits and an inmate is entitled to due process protection prior to the loss of those credits.” Waldon v. Evans, 861 P.2d 311, 313 (Okla.Ct.Crim.App.1993); see also Wolff v. McDonnell, 418 U.S. 539, 557, 94 S.Ct. 2963, 41 L.Ed.2d 935 (1974) (<HOLDING>). Under Oklahoma law, once good-time credits",45813,7389,1,case_hold_mc,recognizing a parents right to rear his or her children without state interference as a constitutionallyprotected fundamental liberty interest,holding that when state provides right to good time and specifies method of forfeiture inmate has constitutionallyprotected liberty interest entitling him to procedures designed to ensure that the statecreated right is not arbitrarily abrogated,holding that state statutes which merely establish procedures and do not mandate any particular substantive result do not give rise to a statecreated liberty interest,holding that inmates have no constitutionallyprotected liberty interest in access to grievance procedure,holding that the right to drive is not a fundamental right
56,"11 Agreement lacks a description or itemized list of the “ballroom furniture” or the “equipment, telephone systems, and security system.” Appellants also argue that the phrase “take over control” as it pertains to the common areas and collecting assessments and expenditures is undefined and overbroad. The essential or material terms of a contract, whether oral or written, must be definite, certain, and clear and, if they are not, the contract is unenforceable. T.O. Stanley Boot Co. v. Bank of El Paso, 847 S.W.2d 218, 221 (Tex.1992); Southern v. Goetting, 353 S.W.3d 295, 299-301 (Tex.App.-El Paso 2011, pet. denied); Meru v. Huerta, 136 S.W.3d 383, 390 (Tex.App.-Corpus Christi 2004, no pet.); see, e.g., Loeffler v. Lytle ISD, 211 S.W.3d 331, 346 (Tex.App.-San Antonio 2006, pet. denied) (<HOLDING>). The issue of whether a Rule 11 settlement",46660,7531,1,case_hold_mc,holding that an attorney approval clause in a contract for the sale of real estate was a part of that contract and would have to be satisfied for the underlying contract to be enforceable,holding that a contract to sell real property was unenforceable because it did not contain a sufficient description of land subject to contract,holding contract for sale of water which did not specify price was unenforceable because price of water was essence of contract,holding unenforceable a contract for real estate commissions formed by an unlicensed corporation,holding unenforceable a real estate contract that provided for the payment of brokerage fees to an unlicensed corporation
57,"matter to the BIA for a ruling on its merits. I also note that the majority concedes that the BIA may require that the petitioner’s claim of ineffective assistance of counsel address the Lozada factors. Nonetheless, as the majority contravenes controlling precedent by expanding our jurisdiction to cover an issue not raised before the BIA and not factually supported, I respectfully dissent. 1 . Moreover, Dearinger ex rel. Volkova v. Reno, 232 F.3d 1042, (9th Cir.2000), which was cited in Ray, suggests that despite the passage of the Illegal Immigration Reform and Immigrant Responsibility Act of 1996, an alien may file a habeas petition alleging ineffective assistance of counsel in his or her immigration proceedings. Id. at 1044; see also Hernandez v. Reno, 238 F.3d 50, 55 (1st Cir.2001) (<HOLDING>). But see Goonsuwan v. Ashcroft, 252 F.3d 383,",47516,7666,4,case_hold_mc,holding that a habeas corpus petitioner who did not raise an ineffective assistance claim in his first state habeas petition satisfied the cause prong of the cause and prejudice test when counsel on the first state habeas petition was also trial counsel whose performance was allegedly inadequate,holding that the appropriate vehicle for claims alleging that defense counsel violated a defendants right to testify is a claim of ineffective assistance of counsel,recognizing a constitutional claim for ineffective assistance of counsel,holding that under oregon law a claim of ineffective assistance of counsel must be raised in the initial habeas proceeding,holding that a district court had jurisdiction to consider a habeas petition alleging ineffective assistance of counsel in an immigration proceeding when the petitioner is threatened with immediate deportation
58,"by the prosecution of evidence favorable to an accused violates due process if the evidence is material to guilt or punishment.” Syvertson v. State, 2005 ND 128, ¶ 6, 699 N.W.2d 855 (quoting City of Grand Forks v. Ramstad, 2003 ND 41, ¶ 9, 658 N.W.2d 731). To establish a Brady violation, the defendant must prove: “ ‘(1) the government possessed evidence favorable to the defendant; (2) the defendant did not possess the evidence and could not have obtained it with reasonable diligence; (3) the prosecution suppressed the evidence; and (4) a reasonable probability exists that the outcome of the proceedings would have been different if the evidence had been disclosed.’ ” Syvert-son, at ¶ 6 (quoting State v. Goulet, 1999 ND 80, ¶ 15, 593 N.W.2d tute, 194 F.3d 547, 556 (4th Cir.1999) (<HOLDING>). Furthermore, “[s]uch evidence is material ‘if",48377,7805,3,case_hold_mc,holding that a prior inconsistent statement was admissible and the defendant failed to ask for a limiting instruction that the jury could not use the statement as substantive evidence,holding witnesss prior consistent statement admissible where defense counsel implied in his opening statement that witness should not be believed because of the favorable consideration he received from the government in his plea bargaining agreement,holding that a specific instruction was unnecessary because eyewitness was crossexamined and the eyewitness testimony was discussed in defense counsels opening statement,holding witnesss prior inconsistent statement about whether he was an eyewitness was evidence favorable to the defendant establishing brady violations first requirement,holding that a witnesss prior inconsistent statement to an officer could be used to impeach her
59,"464 U.S. 826, 104 S.Ct. 97, 78 L.Ed.2d 102 (1983). This line of cases also answers the possible contention that Title VII awards, because authorized by statute, are somehow different than back pay awards. The constitutional question does not change because Congress has created the right. See Curtis, 415 U.S. at 194, 94 S.Ct. at 1008. Although it has not confronted the Seventh Amendment question directly, this Circuit has endorsed the proposition that in a Title VII action “back pay is not in the nature of a claim for damages, but rather an integral part of the statutory equitable remedy.” Evans v. Sheraton Park Hotel, 503 F.2d 177, 186 (D.C.Cir.1974) (quoting Johnson v. Georgia Highway Express, 417 F.2d at 1125). See also Sparrow v. Commissioner, 949 F.2d 434, 438 (D.C.Cir.1991) (<HOLDING>), cert. denied, — U.S. —, 112 S.Ct. 3009, 120",49230,7947,3,case_hold_mc,holding that an award of damages specifically allocated to back pay as a result of a wrongful discharge in violation of first amendment rights under  1983 was nontaxable under  104a2,holding that an award of back pay under title vii remains an equitable remedy to be awarded by the district court in its discretion,holding that punitive damages are excludable from gross income under 26 usc  104a2,holding that back pay awards are not excludable from gross income under 26 usc  104a2 1988 because the overwhelming weight of authority supports the view that an award of back pay under title vii does not constitute the legal remedy of damages,holding that an award of back pay is an issue for the court
60,"a standard of review, the government did not know what its burden would be. Like the district court, it proceeded on the assumption that the highest standard of scrutiny applied and then relied almost entirely on conclusory reasoning by analogy from Heller’s reference to the “presumptive” constitutionality of felon-dispossession laws. That was a mistake, for the reasons we have explained. In any event, our discussion here of the appropriate standard of review should provide guidance for the proceedings on remand. Before closing, we offer a few additional observations to help those proceedings along. Intermediate scrutiny tolerates laws that are somewhat overinclusive. See, e.g., Fox, 492 U.S. at 480, 109 S.Ct. 3028; Anheuser-Busch, Inc. v. Schmoke, 101 F.3d 325, 327-28 (4th Cir.1996) (<HOLDING>). How much is too much is hard to say; it",50083,8088,2,case_hold_mc,holding that appropriate standard of review regarding campaign finance disclosure laws is intermediate not strict scrutiny,holding that the commonlaw distinction between governmental and proprietary acts known as the proprietarygovernmental dichotomyapplies in the contractclaims context just as it does in the tort claims context,recognizing that intermediate scrutiny in the commercialspeech context allows some latitude between the regulation and the governmental objective,holding that some form of heightened constitutional scrutiny applies,recognizing a hearing officers latitude in making credibility calls
61,"S.D.Ohio 2008) (“[T]o defeat the trustee’s status, a creditor must possess a perfected security interest on the date the debtor filed a bankruptcy petition.” (internal quotation marks omitted)). Under § 544(a)(2), the trustee has the rights and powers of an unsatisfied execution creditor, a hypothetical “creditor that extends credit to the debtor at the time of the commencement of the case, and obtains, at such time and with respect to such credit, an execution against the debt- or that is returned unsatisfied at such time....” 11 U.S.C. § 544(a)(2). A creditor obtaining such an execution could not use it to avoid or otherwise obtain priority over prior perfected mortgages. See Fundex Capital Corp. v. Balaber-Strauss (In re Tampa Chain Co.), 53 B.R. 772, 777-78 (Bankr.S.D.N.Y.1985) (<HOLDING>). Likewise, the holder of a mortgage that is",50937,8221,1,case_hold_mc,holding that one who acquires legal title with notice of a prior equitable interest in the property is not a bona fide purchaser,holding that unsatisfied execution creditor had rights in property superior to all but prior secured creditors and bona fide purchasers for value,holding that the rights of a bona fide purchaser outweighed those of an under secured second mortgage holder,recognizing that if a creditors claim is subject to a bona fide dispute that creditor lacks standing to file an involuntary petition,holding that property seized by a creditor prior to debtors bankruptcy was property of the estate even though creditor  the irs  held a secured interest  a tax lien  in the property
62,"20, 2006 Trial Test, of James Keeling. 79 . Vine St. Exhibit 104 (J. Keeling 07/12/05 Dep. at 28). 80 . Mar. 20, 2006 Trial Test, of James Keeling; Vine St. Exhibit 40 at 001947. 81 . Mar. 20, 2006 Trial Test, of James Keeling; Vine St. Exhibit 104 (J. Keeling 07/12/05 Dep. at 38-39, 58). 82 . Mar. 20, 2006 Trial Test, of James Keeling; Vine St. Exhibit 104 (J. Keeling 07/12/05 Dep. at 62, 67). 83 . Mar. 20, 2006 Trial Test, of James Keeling. 84 . Id.; Vine St. Exhibit 104 (J. Keeling 7/12/05 Dep. at 64-65, 67-78). 85 . Mar. 20, 2006 Trial Test, of 589, 596 n. 12, 598 (S.D.Tex.1996) (indicating but not directly holding that the arranger need not have owned or possessed the substance); United States v. Iron Mountain Mines, Inc., 881 F.Supp. 1432, 1451 (E.D.Cal.1995) {""Iron Mountain I"") (<HOLDING>). 100 . New York v. Shore Realty Corp., 759",51792,8356,4,case_hold_mc,holding that defendant had standing to challenge the seizure of a box regardless of who owned it because it was in a house owned and possessed by defendant,holding without discussion that a cercla arranger must own or possess the hazardous substance at issue,holding authority to control limits duty to control,holding that defendant was potentially liable as an arranger when it discharged hazardous substances into a river,holding that an arranger must have owned or possessed or had the authority to control or duty to dispose of  the hazardous materials at issue
63,"is no genuine issue as to any material fact and that the moving party is entitled to a judgment as a matter of law.” Fed.R.Civ.P. 56(c). A. Fourth Amendment Malicious Prosecution Claim against Popp Popp argues he should have been granted qualified immunity on the malicious prosecution claim because there was no Fourth Amendment violation. We agree, because Popp did not make the decision to charge Kinkus, and there is no proof in the record that Kinkus presented false information to the prosecutor. This Court has held that a police officer cannot be liable for Fourth Amendment malicious prosecution when he did not make the decision to bring charges, as long as the information he submitted to the prosecutor is truthful. See Skousen v. Brighton High Sch., 305 F.3d 520, 529 (6th Cir.2002) (<HOLDING>); see also McKinley v. City of Mansfield, 404",52649,8513,1,case_hold_mc,holding that the defendant could not be liable for malicious prosecution where the plaintiff presented no evidence suggesting that defendants conspired with influenced or even participated in the prosecutors decision to bring charges against him,holding that a police officer cannot be held liable for malicious prosecution when he did not make the decision to prosecute the plaintiff,holding that the statute applies also to malicious prosecution actions,holding that malicious prosecution claim accrues when underlying prosecution is terminated,holding the same for malicious prosecution
64,"of no more than ten pages and limited to the private search issue, by November 3, and the government is ordered to submit a supplemental sur-reply, also of no more than ten pages and limited to the private search issue, by November 10. A suppression hearing is scheduled for November 13 at 10 AM. SO ORDERED. 1 . The exact meaning of ""Internet Service Provider” is unclear. Wikipedia defines the term broadly — to encompass not only entities that provide ""internet service,” thereby allowing consumers to get online (such as Comcast and Tim 014 WL 2918271, at *2 (N.D.Cal. June 26, 2014). 67 . See United States v. Caraballo, 963 F.Supp.2d 341, 361 (D.Vt.2013). But see In re United States for an Order Authorizing the Release of Historical Cell-Site Infonnation, 809 F.Supp.2d 113 (E.D.N.Y.2011) (<HOLDING>). 68 . With respect to one of the electronic",53508,8656,3,case_hold_mc,holding that cumulative cellsite  location records require a warrant because of the significant governmental intrusion into information which is objectively recognized as highly private  that is the governments surveillance of ones movements over a considerable time period,holding inmates have some fourth amendment protection where no institutional need is served by the search,holding that records relating to a student court were not education records,holding that fourth amendment protection extends to cellsite location records,recognizing an implied fourth amendment action for damages
65,"... shall exist within the United States,” U.S. Const, amend. XIII, § 1, and empowers Congress to enforce its provisions, see U.S. Const, amend. XIII, § 2. The Supreme Court has interpreted this grant of power broadly, finding that Congress can affirmatively enforce the ban on slavery and involuntary servitude, and enact legislation to erase “all badges and incidents of slavery in the United States.” Civil Rights Cases, 109 U.S. 3, 20, 3 S.Ct. 18, 27 L.Ed. 835 (1883). Moreover, in Jones v. Alfred H. Mayer Co., 392 U.S. 409, 88 S.Ct. 2186, 20 L.Ed.2d 1189 (1968), the Supreme Court opened the door to the inclusion of private acts of racial discrimination within the “badges and incidents of slavery” language as stated in the Civil Rights Cases. See Jones, 392 U.S. at 413, 88 S.Ct. 2186 (<HOLDING>). Although the Thirteenth Amendment was",54367,8801,0,case_hold_mc,holding that 42 usc  1982 a provision of the civil rights act of 1866 which allows victims of racial discrimination to sue private defendants was a valid exercise of congress thirteenth amendment authority,holding official immunity is available in claims of discrimination if plaintiff fails to establish his treatment by defendants was so at variance with what would reasonably be anticipated absent racial discrimination that racial discrimination is the probable explanation,holding that civil rights claims under 42 usc  1981 and 1982 are personal injury tort claims,holding that the retaliation provision of title vii is an adequate exercise of congress authority under section 5 of the fourteenth amendment,holding that 18 usc  245 a statute passed on the same day as 42 usc  3631 and for similar purposes constituted a valid enactment under congress thirteenth amendment authority as applied to racially motivated interference with federallyprotected rights
66,"to require jury trials); State ex rel. D.J., 817 So. 2d 26 (La. 2002) (rejecting argument that the analysis supporting the decision in McKeiver has been undermined by recent revisions to the juvenile system that make it more akin to adult criminal justice system); State v. Gleason, 404 A.2d 573, 581 (Me. 1979) (revisions to juvenile code retained informality, flexibility of dis-positional alternatives, and criteria for selection of proper disposition which distinguish juvenile system from adult system); State v. Chavez, 163 Wash. 2d 262, 180 P.3d 1250 (2008) (rejecting argument that the juvenile charged with serious violent offenses faces process and consequences so akin to adult system that right to jury trial should be required); State v. Schaaf, 109 Wash. 2d 1, 743 P.2d 240 (1987) (<HOLDING>); State v. Lawley, 91 Wash. 2d 654, 591 P.2d",55218,8944,4,case_hold_mc,holding that juvenile adjudications may not be used for impeachment purposes because the disposition of a juvenile does not constitute a criminal conviction,holding that statute allowing for transfer of juvenile to adult criminal court does not implicate apprendi because the judges transfer determination does not subject the juvenile to enhanced punishment it subjects the juvenile to the adult criminal justice system,recognizing that the admonition to function in a parental relationship is not an invitation to procedural arbitrariness and holding that a juvenile is entitled to a hearing on the issue of whether juvenile court jurisdiction should be waived before being released to a criminal court for prosecution,holding that the constitutional guarantee of a right to trial by jury includes the right to a complete and correct charge of the law so that each issue of fact raised by the evidence will be submitted to the jury on proper instructions,holding that more recent revisions to the juvenile system have not so transformed it into a criminal prosecution that the right to trial by jury must be afforded
67,"906 (9th Cir.2002) (<HOLDING>). The report was adopted by the district judge,",56075,9081,2,case_hold_mc,recognizing that for fourth amendment purposes an arrest warrant supported by probable cause carries with it limited authority to enter a dwelling in which a suspect lives when there is reason to believe that the suspect is within,holding that the facts that the vehicle described in the tip was parked outside the home that allen gave inconsistent answers to officers questioning and that in addition the defendant fit the physical description of the suspect were sufficient to support the officers reasonable inference that the defendant was actually the suspect and therefore that there was probable cause to arrest him,holding that police officers had probable cause to arrest a suspect where the facts suggest a fair probability that the suspect has committed a crime,holding that if a police officer inflicted no constitutional injury on a suspect it is inconceivable that the police commissioners could be liable to the suspect,holding in the alternative that even if handcuffing a suspect did convert the detention into an arrest the arrest was justified by probable cause
68,"defense or a prima facie case. Although the OAH rule references Rule 60(b), that requirement is not stated in the rule itself. It is derived from our case law. Frausto argues that it is not clear that one in her position (i.e., the successful party at the initial stage of her request for unemployment compensation) is required to show an adequate defense even under Rule 60(b). She cites this court’s decision in Lester v. District of Columbia, 806 A.2d 206, 208 n. 2 (D.C.2002) where we observed that an adequate defense is irrelevant to a Rule 60(b) motion filed by a plaintiff. We agree that, in the circumstances of the present case as above-described, no additional showing was required for purposes of the motion. 8 . See Rodriguez v. Filene’s Basement, Inc., 905 A.2d 177, 180 (D.C.2006) (<HOLDING>). 9 . Frausto also argues that she has a",56159,9094,3,case_hold_mc,holding that review of the construction of a sentencing statute is de novo,recognizing de novo standard of review,holding that we review legal conclusions of the court of federal claims de novo,holding that the oah properly accorded no deference to the determination of the claims examiner where the administrative review of unemployment compensation claims is conducted de novo,holding that the proper review for the trial courts application of the law is de novo
69,"in a single limits policy covering multiple vehicles as to sums required to be provided by statute. Id. at 431, 475 S.E.2d at 775. The supreme court reversed the court of appeals and held that a policy provision prohibiting stacking of liability coverage is valid because “[liability coverage, ... while statutorily required, is limited to the particular vehicle for which it is purchased.” Ruppe v. Auto-Owners Ins. Co., 329 S.C. 402, 406, 496 S.E.2d 631, 633 (1998). The Ruppe case is not dispositive in this case, however, because we determined that no Class I insured was involved in the accident. Inasmuch as the appellants were Class II insureds under the garage policy, none were entitled to stack. Fireman’s Ins. Co. v. State Farm Mut. Auto. Ins. Co., 295 S.C. 538, 370 S.E.2d 85 (1988) (<HOLDING>). Therefore the order of the circuit court is",57013,9242,3,case_hold_mc,holding that no class member may opt out of a rule 23b1 class action,recognizing a narrow class of cases in which the termination of the class representatives claim for relief does not moot the claims of the class members,holding that it is error to certify class when named class representatives are not members of the class they purport to represent,holding that although class i insureds may stack coverage class ii insureds may not,holding that no subsequent class actions may benefit from tolling when class certification has been denied
70,"941, 944 (1937); Meunier v. Bernich, 170 So. 567, 572 (La.Ct.App.1936); Fitchette v. Taylor, 191 Minn. 582, 254 N.W. 910, 911 (1934); Akron Bar Ass’n v. Bojonell, 88 Ohio St.3d 154, 724 N.E.2d 401, 402 (2000); Cincinnati Bar Ass’n v. Cromwell, 82 Ohio St.3d 255, 695 N.E.2d 243, 244 (1998); Mazzacaro, 351 A.2d at 234; Brown v. Unauthorized Practice of Law Comm., 742 S.W.2d 34, 42 (Tex.Ct.App.1987); accord 16 John A. Appleman and Jean Appleman, Insurance Law and Practice § 8649, at 137 (1981) (“generally the courts have held that if a lay adjuster attempts to handle claims on behalf of plaintiffs, or to effect settlements for them, even though litigation is not required, such amounts to the practice of law”); cf. Unauthorized Practice of Law Comm. v. Jansen, 816 S.W.2d 813, 814-16 (1991) (<HOLDING>). The reasoning of these courts is helpful in",57871,9386,0,case_hold_mc,holding that public insurance adjusters were not engaged in the practice of law when they merely documented and presented firstparty claims for property damage to insurance compa nies even though they discussed the competing valuations with the inhouse insurance adjuster the court distinguished these activities from the evaluation and presentation of personal injury claims and from the negotiation of settlements,holding that the proceeds of a liability insurance policy were not property of the estate,holding that legal injury occurred for purposes of negligence action against insurance agent when insurance company rejected the claim,holding claims for negligent procurement of insurance accrued on date the insured purchased the insurance policies,holding that even if an insurance broker is the agent of the insurance company for purposes of soliciting and procuring the policy that would not necessarily make the broker the agent of the insurance company for the purpose of receiving notice of suits and claims
71,"the same objections. (Govt.’s Opp’n [94] 3-4.) While the parties argue objections relating to matters as varied as timeliness, privilege, proper procedure, undue burden, materiality, this Court finds that the jurisdictional issue is dispositive. Defendant’s motion must be denied because it has provided no valid basis on which to compel a federal agency to comply with a subpoena. This Court must have authority to compel discovery. The most likely source are the Federal Rules of Civil Procedure. As the Government notes, however, Federal Rule of Civil Procedure 45 cannot provide a basis for granting defendant’s motion to compel because the United States is not a “person” within the meaning of that rule. See U.S. ex. rel. Taylor v. Gabelli, 233 F.R.D. 174, 175-76 (D.D.C.2005) (Leon, J.) (<HOLDING>); Lerner v. District of Columbia, 2005 WL",58731,9530,1,case_hold_mc,holding that the defendant cannot overcome this presumption of service merely by denying that he did not receive the complaint,holding that the presumption that rule 45 does not apply to the federal government can only be overcome by affirmative evidence,holding evidence insufficient to overcome presumption of correctness,recognizing presumption and finding that it was overcome,holding the fourteenth amendment does not apply to the actions of the federal government
72,"physical boundaries of his property when harm reaching outside those boundaries is foreseeable.” Id. In Almarante, the plaintiff was struck and injured by a motorcycle while crossing a highway that ran between two school dormitory buildings that she frequented as a student. Id. at 704. The defendant moved to dismiss on the basis that it had no legal duty to provide a reasonably safe passage across property that it did not own. Id. The Almarante court held that plaintiffs complaint stated a valid cause of action because the school created a foreseeable zone of danger for its students by building its dormitory on either side of a busy highway without taking steps to ensure their safe passage. Id. at 705; see also Bailey Drainage Dist. v. Stark, 526 So.2d 678, 682 (Fla.1988) (per curiam) (<HOLDING>); Gunlock v. Gill Hotels Co., 622 So.2d 163,",59584,9665,1,case_hold_mc,holding that even if the industry and federal regulations evidenced an inherent danger and the defendant knew or should have realized that the device was or was likely to be dangerous for the use for which it was supplied there was a complete absence of evidence that the defendant had reason to believe that the plaintiff or its employees would not realize the danger,holding that even if overgrown brush causing a dangerous condition for passing motorists was located on privately owned property so that removal is not an option the defendant still has a duty to warn of the danger,recognizing that duty to warn of dangerous conditions could be based on constructive knowledge of that condition as well as actual knowledge,holding that engineering firm whose work was dictated by and complied with contractual specifications had no duty to warn of dangerous condition on premises,holding that no abandonment of property as homestead was shown merely because after house located on property was destroyed in hurricane debtor had quit premises allowed property to become overgrown with weeds and posted a for sale sign
73,"v. Pub. Utils. Comm’n, 157 Colo. 188, 196, 402 P.2d 194, 198 (1965)). The absence of an established market for an asset does not, however, preclude application of the fair market value standard. Rather, fair market value is a term that has long been used in the law as applicable to property having no actual current market place. Whitlow v. Comm’r of Internal Revenue, 82 F.2d 569, 572 (8th Cir.1936) (noting that in such a case, the term means “the sum that would in all probability result from fair negotiations between an owner who is willing to sell and a purchaser who desired to buy,” quoting De Laval Steam Turbine Co. v. United States, 284 U.S. 61, 72, 52 S.Ct. 78, 80, 76 L.Ed. 168 (1931)); see also Guggenheim v. Rasquin, 312 U.S. 254, 258, 61 S.Ct. 507, 509, 85 L.Ed. 813 (1941) (<HOLDING>). Here, Commerce City presented expert",60442,9809,4,case_hold_mc,holding merely that to the extent a breaching party claims that the appropriate measure of damages is the difference between the contract price and the market price it holds the burden of proving that there is in fact an available market for the goods in issue,holding that evidence of contamination is relevant and admissible on the issue of market value in an eminent domain valuation trial,holding that the measure of damages for the breach of a contract of sale where no fraud is shown is the difference between the contract price and the market price of the goods on the date of the breach,holding that the market price is understood to mean the current market price being paid for gas at the well where it is produced,holding that the absence of a market price is no barrier to valuation for purposes of assessing tax liability
74,"44-14-161(a) governs actions between a defendant debtor and the SBA. United States v. Dismuke, 616 F.2d 755, 759 (5th Cir.1980); see also United States v. Irby, 618 F.2d 352, 355 (5th Cir.1980) (applying Mississippi real property law to determine reasonableness and validity of foreclosure sale by SBA under guaranty agreement). Furthermore, § 44-14-161(a) applies to both primary debtors and guarantors; an action for the balance remaining on a note following a foreclosure sale against a guarantor rather than the primary debtor is still an action for a deficiency judgment under the statute and is barred if no confirmation was obtained. United States v. Dismuke, 616 F.2d 755, 759 (5th Cir.1980); see also First National Bank & Trust Co. v. Kunes, 230 Ga. 888, 889, 199 S.E.2d 776, 778 (1973) (<HOLDING>). Thus, if the foreclosure sale in the case sub",61289,9959,0,case_hold_mc,holding that guarantors and sureties are  debtors within the meaning of the georgia confirmation statute immediately upon the default on the promissory notes,holding that in order to establish liability under the ada the plaintiff must demonstrate that the defendant was an employer within the meaning of the statute,holding that order denying confirmation of plan became final when upon being notified that the debtors did not intend to seek confirmation of an alternate plan the court dismissed their case,holding that a debtors right to strip off a wholly unsecured lien is conditioned on the debtors obtaining confirmation of and performing under a chapter 13 plan that meets all of the statutory requirements rather than on a debtors discharge,holding that workers compensation awards remained property of the estate despite confirmation of the debtors plans where the confirmation orders specifically provided that property of the estate did not vest in the debtor until the completion of the plan
75,"issue in the case before us is byzantine in its complexity, but from the morass of dependent clauses one may distill the following: If one is discharged for misconduct, in general, one loses one’s rights to unemployment compensation for six weeks, unless one is discharged (among other things) for theft or larceny in connection with one's work, in which case one is disqualified from receiving any unemployment compensation benefits until one has found a new job and worked for thirty days in covered employment. 205 W.Va. at 202, 517 S.E.2d at 299 (footnote and citation omitted). 3 . See W. Va.Code § 61-6-16 (1923) (Repl.Vol. 2000). 4 . See W. Va.Code § 61-6-18 (1969) (Repl.Vol. 2000). 5 . See W. Va.Code § 61-3-53 (1998) (Repl.Vol. 2000). 6 .See Summers, 205 W.Va. at 202, 517 S.E.2d at 299 (<HOLDING>). However, in the context of proving fraud, for",62151,10099,2,case_hold_mc,holding that the burden of persuasion by a preponderance of the evidence remains with the movant,holding that appellant bears burden of establishing jurisdiction by a preponderance of the evidence,holding that burden is upon employer to demonstrate by preponderance of evidence that claimant committed act in question,holding that a claimant must demonstrate by a preponderance of the evidence entitlement to an administrative claim,holding that the burden of proof is on the claimant
76,"(<HOLDING>). We deny all pending motions, AFFIRMED, **",63013,10246,3,case_hold_mc,holding that a federal district court lacked subject matter jurisdiction over a suit that effectively sought review of an indiana state courts decision,holding  2254d authorizes federal court to review state courts decision only and not explanation of decision,holding that the federal district court had no subject matter jurisdiction to review the courts denial of a particular application for admission to the district of columbia bar,holding that federal district courts lack jurisdiction to review a final state court decision in a particular case,holding that federal district court lacked subjectmatter jurisdiction to review the decision of a district of columbia high court determining application of a local rule to the case before it
77,"690 F.Supp. 317 (D.C.N.J.1988) (direct mail solicitation in New Jersey confers personal jurisdiction). In light of CCC’s uncontested affidavit, therefore, the court was justified in denying further discovery. CBS argues that it could not have made more specific allegations without jurisdictional discovery and that it never had the opportunity to take such discovery. Further, CBS points to cases in this circuit suggesting that a district court abuses its discretion w . 308, 312 (S.D.Ind.1997) (citing cases and holding “it is reasonable for a court ... to expect the plaintiff to show a colorable basis for jurisdiction before subjecting the defendant to intrusive and burdensome discovery”); International Terminal Operating Co., Inc., v. Skibs A/S Hidlefjord, 63 F.R.D. 85 (S.D.N.Y.1973) (<HOLDING>). To be sure, CBS had no obligation to make",63074,10255,1,case_hold_mc,holding that section 144 requires both a factual affidavit and a separate certificate that the affidavit was made in good faith,holding jurisdictional discovery not appropriate when plaintiff merely hopes to find statements in defendants affidavit not accurate but has not made counterallegations in its own affidavit,holding that because plaintiff has met defendants affidavit evidence with mere speculation plaintiffs request for  jurisdictional discovery  must be denied,holding that an affidavit did not provide probable cause sufficient to validate a warrant where the affidavit stated an incorrect date uncontradicted by any other specific fact in the affidavit,holding affidavit insufficient to support probable cause when one cannot learn from the affidavit when the past activities occurred and when the observations were made
78,"of an applicant’s claim. Id. An applicant’s failure to mention relevant facts before her asylum hearing, such as her omission of those facts from her asylum application, may support an adverse-credibility finding. Forgue, 401 F.3d at 1287-88. In Forgue, for example, we held that substantial evidence supported the IJ’s adverse-credibility determination because the petitioner failed to mention important facts until his asylum hearing, including the fact that he was doused with acid and had prevented members of an opposing political party from committing election fraud. Id. We have held that even one inconsistency and one omission, with respect to relatively minor details, may justify an adverse-credibility determination. See Xia v. U.S. Att’y Gen., 608 F.3d 1233, 1240-41 (11th Cir.2010) (<HOLDING>). An applicant’s provision of tenable",63929,10384,0,case_hold_mc,holding that an adversecredibility determination was supported where the applicants testimony included at least one internal inconsistency how old she was when she had the abortion and one omission identifying data on the abortion operations certificate and where the petitioner did not provide corroborating evidence that would have rebutted these inconsistencies and omissions,holding woman who alleged she was terminated for having an abortion stated a prima facie case for discrimination,holding that trial court was not required to conclude that wife was disabled for alimony purposes where she testified about her disability and offered documentation of her social security disability benefits but where she produced no medical testimony and where other evidence indicated that she was otherwise active and did not stay in bed all day as she claimed,holding that admission of one defendants deposition was proper where she was present at the deposition even though she was represented at the time by the same counsel as her codefendants,holding that substantial evidence did not support agencys finding fear speculative when petitioner had offered evidence that she had already had two children that she planned to have more that she had gone to great lengths to avoid being sterilized in china and that she had removed her iud after escaping to the united states
79,"or (B) the final order in a proceeding under section 2255. (2) A certificate of appealability may issue under paragraph (1) only if the applicant has made a substantial showing of the denial of a constitutional right. (3) The certificate of appealability under paragraph (1) shall indicate which specific issue or issues satisfy the showing required by paragraph (2). 2 . We decline to address whether a COA that fails to specify the issue or issues for appeal may nevertheless suffice to confer jurisdiction on this Court under 28 U.S.C. § 2253(c), or whether, in certain circumstances, we may address the merits of a petitioner’s claims despite their having been brought to the attention of the Court of Appeals by a defective COA. Cf. Soto v. United States, 185 F.3d 48, 52-53 (2d Cir.1999)",64780,10510,4,case_hold_mc,holding that under 28 usc  2253c1 certificate of appealability may issue only if the applicant has made a substantial showing of the denial of a constitutional right,holding that appellate jurisdiction is limited to the issues contained in the certificate of appealability,holding that summary judgment order that does not dispose of all claims between parties does not confer appellate jurisdiction because it is not a final decision under 28 usc  1291,holding that order denying relief under fedrcivp 60b in a habeas setting is the final order in a habeas corpus proceeding subject to the certificate of appealability requirement of 28 usc  2253c1a 2000,holding that a certificate of appealability issued without meeting the substantial showing of the denial of a constitutional right requirement nonetheless suffices to confer appellate jurisdiction quoting 28 usc  2253c2
80,"it has not done so here. Under the express terms of the Statute, Satterfield has no available remedy against Crown Cork. See Tex. Civ. Prac. & Rem.Code Ann. §§ 149.001-.006. Texas courts have recognized that a cure for retroactivity is to allow statutes to operate prospectively or for the Legislature to provide a grace period when enacting statutes affecting vested rights. See, e.g., Likes, 962 S.W.2d at 502 (upholding retroactive application of new immunity defense when the Legislature afforded a reasonable time to file accrued causes of action); Texas Water Rights Comm’n, 464 S.W.2d at 649 (permittee afforded a reasonable time after enactment of statute to preserve their rights, thus providing a “reasonable remedy” after fair opportunity to protect rights); Middleton, 185 S.W. at 560 (<HOLDING>). In Middleton, the Texas Supreme Court upheld",65580,10645,1,case_hold_mc,holding that the fair sentencing act does not apply retroactively to defendants whose criminal conduct occurred before its enactment even if those defendants were sentenced after its enactment,recognizing that new law did not apply to claims that accrued prior to enactment,holding that the damages and jury trial provisions of the 1991 act apply to conduct occurring prior to the date of enactment,recognizing that aedpa would not apply to a habeas petition that was pending at the time of its enactment,holding that the payments accrued
81,"held unconstitutional, as long as the unlawfulness [of defendant’s actions] was apparent in light of pre-exist-ing law.” Malik v. Brown, 71 F.3d 724, 727 (9th Cir.1995). Butler cites no case directly demonstrating that the asserted right was clearly established in 2005. She contends that in 2005 it was clearly established that “a seizure becomes unlawful when it is more intrusive than necessary to accomplish the objectives that justified the seizure in the first place.” Be that as it may, the circumstances of Butler’s arrest do not demonstrate that her detention was unconstitutionally intrusive. To the contrary, it was established that Perez could detain Butler during the search of her car and home. See Michigan v. Summers, 452 U.S. 692, 705, 101 S.Ct. 2587, 69 L.Ed.2d 340 (1981) (<HOLDING>); see also Maryland v. Wilson, 519 U.S. 408,",66441,10779,3,case_hold_mc,holding that agents were allowed to seize and question occupants of business while executing search warrant for illegal aliens,holding that it is permissible under the fourth amendment to detain occupants of a residence while executing a search warrant of the residence,holding that a warrant to search for contraband founded on probable cause implicitly carries with it the limited authority to detain the occupants of the premises while a proper search is conducted,holding that officers may detain the occupants of a house while executing a search warrant,holding that officers executing a search warrant for contraband have the authority to detain the occupants of the premises while a proper search is conducted
82,"1989); Tweedle v. State, 153 Tex.Crim. 200, 218 S.W.2d 846 (1949). But Humphreys was not convicted in a Texas court, and we think it sufficient answer to point out the obvious: Texas criminal procedure does not govern federal criminal trials in Iowa. BODA was required, under Tex.R.Disci-plinaey P. 8.02 (1992), to treat the record of conviction as “conclusive evidence” of Hum-phreys’s guilt. Moreover, U.S. Const, art. 4, § 1, and 28 U.S.C. § 1738, require Texas to extend “full faith and credit” to the judgments of federal trial courts in other states just as Texas must to the decisions of other state courts. Hancock Nat’l Bank v. Farnum, 176 U.S. 640, 645, 20 S.Ct. 506, 508, 44 L.Ed. 619 (1900); see generally Bard v. Charles R. Myers Ins. Agency, Inc., 839 S.W.2d 791, 794 (Tex.1992) (<HOLDING>). While Texas will not extend full faith and",67294,10916,1,case_hold_mc,holding this rule does not deny full faith and credit,holding that texas is required to extend full faith and credit to valid judgments from other states,holding that puerto rican judgments are entitled to full faith and credit,holding that a judgment of another states court is entitled to full faith and credit j when the judgment is considered final under the laws of the rendering state,holding that the full faith and credit clause does not require a state to apply another states law in violation of its own legitimate public policy
83,"the undisputed facts do not establish that Perez currently lives in the Dominican Republic or is a member of the police force in that country, as Pau-lino asserts. Moreover, the evidence does not show that any public official in the Dominican Republic would consent or acquiesce to the mistreatment of Paulino. The record, therefore, does not compel the conclusion that Paulino is entitled to deferral of removal under the CAT. Finally, to the extent that Paulino takes issue with the BIA’s resolution of factual issues (such as whether Perez lives in the Dominican Republic or is a police officer there), and its weighing of the evidence presented, we agree with respondent that we lack jurisdiction to review those issues. See Jarbough v. Att’y Gen., 483 F.3d 184, 189 (3d Cir.2007) (<HOLDING>). III. For the reasons stated, we will deny the",68149,11061,2,case_hold_mc,recognizing that the bia must defer to the factual findings of the ij unless they are clearly erroneous,holding that an attorneys arguments are not evidence,recognizing that arguments such as that an ij or the bia incorrectly weighed evidence failed to consider evidence or improperly weighed equitable factors are not questions of law under  1252a2d,holding that we will not review an issue or claim that was not presented to the bia in the petitioners notice of appeal or brief to the bia even if the bia considered the issue or claim sua sponte,holding that review of questions not raised to the bia is barred
84,"that subsequent extraneous offenses are admissible to show a defendant’s intent as to an earlier offense. See U.S. v. Germosen, 139 F.3d 120, 128 (2nd Cir.1998) (upholding admission of subsequent act under Federal Rule of Evidence 404(b) to show intent regarding charged offense and holding, “[t]he fact that the evidence involved a subsequent rather than prior act is of no moment”); U.S. v. Latney, 108 F.3d 1446, 1449 (D.C.Cir.) (construing Federal Rule of Evidence 404(b) and holding that it “draws no distinction b Austin 1990, no pet.) (same). Accordingly, we hold that the trial court did not abuse its discretion by rejecting Russell’s contention that the Vogt Street offense was not admissible simply because it occurred after the Fast Freddy’s offense. Cf. Montgomery, 810 S.W.2d at 380 (<HOLDING>). Although, based on the authorities cited by",68999,11202,4,case_hold_mc,holding that the grant of an injunction is reviewed for abuse of discretion but without deference to the legal conclusions of the trial court,recognizing that an appellate court reviews a trial courts decision whether or not to grant equitable relief only for an abuse of discretion,holding failure to exercise discretion is abuse of discretion,holding not an abuse of discretion to deny funds,recognizing that an abuse of discretion occurs when the trial court acts without reference to any guiding principles or rules
85,"must demonstrate that reasonable jurists would find the district court’s assessment of the constitutional claims debatable or wrong.” Miller-El v. Cockrell, 537 U.S. at 338, 123 S.Ct. at 1040 (quoting Slack v. McDaniel, 529 U.S. at 484, 120 S.Ct. at 1604). Accord Tennard v. Dretke, 542 U.S. at 282, 124 S.Ct. at 2569. In a case in which the petitioner wishes to challenge on appeal this Court’s dismissal of a claim for a reason not of constitutional dimension, such as procedural default, limitations, or lack of exhaustion, the petitioner must show jurists of reason would find it debatable whether the petition states a valid claim of the denial of a constitutional right and whether this Court was correct in its procedural ruling. See Slack v. McDaniel, 529 U.S. at 484, 120 S.Ct. at 1604 (<HOLDING>). In death penalty cases, any doubt as to",69859,11338,2,case_hold_mc,holding that when a district court dismisses a habeas petition on procedural grounds a petitioner is entitled to a coa only if he shows both that reasonable jurists would find it debatable whether he had stated a valid constitutional claim and debatable whether the district courts procedural ruling was correct,holding that a plaintiff is not required to state the statutory or constitutional basis for his claim only the facts underlying it,holding when a district court denies a habeas claim on procedural grounds without reaching the underlying constitutional claim a coa may issue only when the petitioner shows that reasonable jurists would find it debatable whether 1 the claim is a valid assertion of the denial of a constitutional right and 2 the district courts procedural ruling was correct,holding that if the court denies a habeas petition on procedural grounds the certificate of appealability must show that jurists of reason would find debatable two issues 1 that the district court was correct in its procedural ruling and 2 that the applicant has established a valid constitutional violation emphasis in original,holding that when a district court dismisses a habeas petition on procedural grounds a petitioner is entitled to a coa only if he shows both that reasonable jurists would conclude it debatable whether he had stated a valid constitutional claim and debatable whether the district courts procedural ruling was correct
86,"officials’ need for maintaining order and discipline in school is such that school officials do not need either probable cause or a search warrant to search students and their belongings. Instead, T.L.O. provides that “the legality of a search of a student should depend simply on the reasonableness, under all the circumstances, of the search.” Id. at 341,105 S.Ct. 733. In evaluating whether a search is reasonable under the circumstances, T.L.O. requires that courts apply a two-prong test: (1) whether the school authority’s search was justified at its inception and (2) whether the search was reasonably related in scope to the circumstances that justified the interference. Id.; see also Safford Unified Sch. Dist. No. 1 v. Redding, — U.S.-, 129 S.Ct. 2633, 2639, 174 L.Ed.2d 354 (2009) (<HOLDING>). At issue in the present case is the first",70713,11482,3,case_hold_mc,holding warrantless search of probationers home by law enforcement officer for investigatory purposes was reasonable when conditions of probation included a search term and search was supported by reasonable suspicion,holding a warrantless search of cell phone contents did not exceed permissible scope of search incident to arrest,holding that refusal to consent to search cannot support a finding of reasonable suspicion,holding that when reasonable suspicion exists a school search will be permissible in its scope when the measures adopted are reasonably related to the objectives of the search,holding that the challenged item was within the scope of the search because it reasonably fell within the expressed object of the search even though it turned out to be the defendants personal property
87,"464, 27 P.3d 456; State v. Meadors, 121 N.M. 38, 42, 908 P.2d 731, 735 (1995); see also Schmuck v. United States, 489 U.S. 705, 717-18, 109 S.Ct. 1443, 103 L.Ed.2d 734 (1989) (“[t]he defendant may not have constitutionally sufficient notice to support a lesser included offense instruction requested by the prosecutor if the elements of that lesser offense are not part of the indictment.”). Committing an aggravated battery against Thomas does not presume that an assault would therefore be committed against Thompson. {12} Here, alleging the existence of a new victim of a separate criminal act altered a material element of the crime with which Child was originally charged and about which he was entitled to notice. See State v. Mankiller, 104 N.M. 461, 466, 722 P.2d 1183, 1188 (Ct.App.1986) (<HOLDING>). This is basically unfair. {13} Furthermore,",71567,11620,1,case_hold_mc,holding that the date of the federal indictment not the date of the state arrest was the triggering date for the speedytrial act,holding that the date of the offense was material to the defense where defendant could not have anticipated from the date specified in the indictment that the state would present evidence that the crime occurred nearly two months later,recognizing that the government need only prove that crime occurred reasonably near the date stated in the indictment,holding that where the date of the offense is not an element of the charge  a variance between the indictment date and the proof at trial is not fatal so long as the acts charged were committed within the statute of limitations period and prior to the return date of the indictment,holding that the date of sale for an installment contract was the date of contract formation not the date of the last payment due
88,"transaction or a contract evidencing a transaction involving commerce to settle by arbitration a controversy thereafter arising out of such contract or transaction ... shall be valid, irrevocable, and enforceable, save upon such grounds as exist at law or in equity for the revocation of any contract.’ "" (quoting 9 U.S.C. § 2)). 30 . Id. at 339-40, 131 S.Ct. 1740 (citations omitted). That arbitration agreements are instruments of a fraudulent scheme is not an arbitration-specific defense. Any contract employed as an instrument of a fraudulent scheme would similarly be invalid. In any event, the cases cited by the Court evidence its concern for state laws targeting arbitration clauses. E.g., Doctor's Associates, Inc. v. Casarotto, 517 U.S. 681, 683, 116 S.Ct. 1652, 134 L.Ed.2d 902 (1996) (<HOLDING>). 31 . — U.S.-, 133 S.Ct. 2304, 186 L.Ed.2d 417",72427,11759,4,case_hold_mc,holding that state law governs whether an arbitration clause is enforceable against a nonsignatory under the faa,holding that all arbitration provisions dealing with transactions involving interstate commerce are subject to the faa,holding that whether in federal or state court a challenge to the validity of the contract as a whole and not specifically to the arbitration clause within it must go to the arbitrator and not the court,recognizing a liberal federal policy favoring arbitration in the faa,holding that montanas firstpage notice requirement which governs not any contract but specifically and solely contracts subject to arbitration conflicts with the faa and is therefore displaced by the federal measure
89,"within three hundred days after the alleged unlawful employment practice occürred... , It is undisputed that the 300-day limitations period applied here, and that the filing date of Kassaye’s charge for EEOC purposes was January 18, 1991. It is also undisputed that Kassaye received actual notice of the tenure denial, at the latest, by January 20, 1990 Thus, Kassaye’s EEOC charge was timely only if “the alleged unlawful employment practice” occurred within 300 days before January 18, 1991. Kassaye concedes that if, as the district court held, the gravamen of his complaint was the tenure denial, his charge was filed too late because it was not filed until 363 days after January 20, 1990. See Delaware State College v. Ricks, 449 U.S. 250, 258, 101 S.Ct. 498, 504, 66 L.Ed.2d 431 (1980) (<HOLDING>). Kassaye’s administratively-filed",73289,11897,4,case_hold_mc,holding that in computing time to determine whether an act was performed within a specified period of time under the statute of limitations the first day is excluded and the last day of the period is included,holding that the statute of limitations for an employment discrimination lawsuit by a college professor who did not receive tenure began when the college made the tenure decision and communicated that decision to the plaintiff,holding that the date on which the plaintiff learned of the defendants denial of tenure not the date on which the plaintiff became unemployed was when the statute of limitations began to run,holding that when prisoner diligently seeks information about the status of his case the limitations period may be equitably tolled until he receives notice of its denial,holding that the limitations period for a discrimination charge based on tenure denial begins when aggrieved person receives notice of denial not on the last day of employment
90,"does not contain evidence of other exigent circumstances compelling the officers to use a greater than usual amount of force against him. Kyles was tased five times in a short time span, causing him to lose control of his muscles, spasm involuntarily, and beg for the tasing to stop. Id. ¶ 6-8. While Kyles was not pregnant, the plaintiffs pregnancy in Brooks does not appear to be a dispositive factor in the court’s analysis. Moreover, according to Kyles’s testimony, unlike the plaintiff in Brooks, he was not in any way resisting when the allegedly excessive .force was used against him. Kyles Depo. ¶ 4. Finally, if Kyles’s version of events is proven at trial, a juror could reasonably conclude that the deployment of Xena violated clearly established law. See Watkins, 145 F.3d at 1093 (<HOLDING>); Mendoza v. Block, 27 F.3d 1357, 1362 (9th",74134,12033,4,case_hold_mc,holding that deputies use of a police dog is subject to excessive force analysis,holding in case where po lice dog bit plaintiff for approximately fifteen seconds in officers presence that excessive duration of the bite and improper encouragement of a continuation of the attack by officers could constitute excessive force,holding that inquiry as to whether officers are entitled to qualified immunity for use of excessive force is distinct from inquiry on the merits of the excessive force claim,holding that in excessive force cases the threshold question for the court is whether the officers conduct violated a clearly established constitutional right,holding that in 1998 the law was clearly established that excessive duration of a police dog bite and improper encouragement of a continuation of the attack by officers could constitute excessive force
91,"the reasons for the plaintiffs failure to obtain the action or for not making the effort. Addressing the identical federal rule, the Supreme Court has stated that “[o]n its face, Rule 23.1 speaks only to the adequacy of the shareholder representatives pleadings.” Kamen, supra, 500 U.S. at 96, 111 S.Ct. 1711. The rule itself does not create a demand requirement. Id. “[T]he function of the demand doctrine in delimiting the respective powers of the individual shareholder and of the directors to control corporate litigation clearly is a matter of ‘substance, not procedure.’ ” Id. at 96-97, 111 S.Ct. 1711 (quoting Daily Income Fund, supra, 464 U.S. at 543-44 & n. 2, 104 S.Ct. 831 (1984) (Stevens, J., concurring in judgment) (other citations omitted)); see also Bazata, supra, 400 A.2d at 316 (<HOLDING>). Thus, the demand requirement or its futility",74988,12177,1,case_hold_mc,holding that an antitrust injury is a necessary element of a  2 claim,holding that for purposes of super ct civ r 41b demand is not jurisdictional but an element of the shareholders claim,holding that reasonable reliance is not an element of the defense,holding that a motion to dismiss is not a responsive pleading for purposes of super ct civ r 15a which permits a party to amend once as a matter of course before a responsive pleading is served,holding the connection is an element
92,"be effected in accordance with the provisions of paragraph (a) of this section. 5 . For clarity, the first “final denial” refers to the April 28; 1995 letter. The second “final denial"" refers to the USPS inaction on BOND’S June 28, 1995 request for reconsideration. It should be noted the USPS has never denied BOND’S request for reconsideration. The USPS did not send a second ""final denial” by certified mail. Six months passed since the request for reconsideration, and BOND, at the veiy least, has six months from that date to file an action against USPS. At the earliest, BOND’S claim against the USPS would run afoul of the statute of limitations on either June 28 or July 3, 1996. But see. Conn v. U.S., 867 F.2d 916 (6th Cir.1981); Taumby v. United States, 919 F.2d 69 (8th Cir.1990) (<HOLDING>); Pascale v. United States, 998 F.2d 186 (3rd",75849,12317,2,case_hold_mc,holding that time limit for filing petition for review is mandatory and jurisdictional,holding that a time limit for filing a complaint as a creditor in bankruptcy proceedings is not jurisdictional,recognizing that there is no time limit for filing ftca action when administrative claim is deemed denied due to agencys inaction,holding that the time limit for filing a petition for review of a final order of deportation is jurisdictional,holding that a plaintiff has exhausted his administrative remedies when his claim is deemed denied because of failure of administrator to respond in a timely manner
93,"2012 WL 4344571, *3 (S.D.Fla. Sept. 21, 2012) (Moore, J.); see also Mount Vernon Fire Ins. Co., 645 N.Y.S.2d 433, 668 N.E.2d at 406 (equating “arising out of’ and “based on” for purposes of insurance policy interpretation). Thus, the conversion claims, and any liability incurred as a result, plainly arose out of the TCPA-violating fax advertisements in this case. See Policy at 44. As such, the conversion claims are excluded from coverage by the TCPA Exclusion, and Plaintiff therefore owes no duty to indemnify Med Waste for them. Furthermore, the Policy states that “[w]here there is no coverage under this policy, there is no duty to defend.” Id. at 25; see also Mt. Hawley Ins. Co. v. Dania Dist. Centre, 763 F.Supp.2d 1359, 1366 (S.D.Fla.2011) aff'd, 513 Fed.Appx. 890 (11th Cir.2013) (<HOLDING>). Having found that both the TCPA claims and",76704,12466,3,case_hold_mc,holding that duty to defend ends when it is apparent there is no potential for coverage,holding that there is a duty to defend if any of the complaints allegations fall within the risk covered by the policy,holding where there is no duty to defend there is no duty to indemnify,holding that where claims are cast wholly within policy exclusion there is no duty to defend,holding exclusion did not absolve insurer of duty to defend because no factual or legal basis currently exists for applying the exclusion
94,"not explicitly mentioning the prior art problem of having to store complete copies of the web site’s content on multiple servers, claim 6 contains provisions that refer to the solution to this problem: the preamble language indicating that the nodes (servers) contain different resources, and the steps relating to the delayed resource-binding aspect of the invention. The claim does not, however, make any reference to the bottleneck problem or to the bypass solution of that problem. Therefore, without explicit claim language relating to the bottleneck problem, we see no reason why the invention as recited in claim 6 must include the bypass feature described in the written description as a solution to that problem. See Honeywell, Inc. v. Victor Co. of Japan, 298 F.3d 1817 (Fed.Cir.2002) (<HOLDING>). Alteon also relies on the “Detailed",77559,12607,1,case_hold_mc,holding that the computer readable code claimed in claim 6 the product claim was a part or component of that invention,holding that claimed invention did not need to solve both problems in the prior art when claim included language addressing only one problem,recognizing that courts must be careful not to allow hindsight reconstruction of references to reach the claimed invention without any explanation as to how or why the references would be combined to produce the claimed invention,holding that the moving party must show prior art references which alone or combined with other references would have rendered the invention obvious to one of ordinary skill in the art at the time of the invention,holding that the one challenging the patent must in part show that the subject matter of the sale or offer to sell fully anticipated the claimed invention or would have rendered it obvious by its addition to the prior art
95,"of the injury inflicted. See Leslie v. Ingram, 786 F.2d 1533, 1536 (11th Cir.1986) (citations omitted); Raby v. Baptist Medical Center, 21 F.Supp.2d 1341, 1349 (M.D.Ala.1998); Griffin v. City of Clanton, 932 F.Supp. 1359, 1368 (M.D.Ala.1996). Use of force must be judged on a case-by-case basis “from the perspective of a reasonable officer on the scene, rather than with the 20/20 vision of hindsight."" Id. Moreover, “[n]ot every push or shove, even if it may later seem unnecessary in the peace of a judge’s chambers,” violates the Fourth Amendment. Id. (citing Johnson v. Glick, 481 F.2d 1028, 1033 (2nd Cir.)). Because the excessive force standard establishes no bright line, qualified immunity applies unless every reasonable officer in the Defendant’s position would conclude t Cir.1991) (<HOLDING>). Additionally, the court finds that it was",78409,12741,1,case_hold_mc,holding that a police officer was not liable for use of excessive force since  951 requirements were satisfied,holding that officer did not use excessive force in requiring passenger to lie on ground while he directed shotgun toward her and her companions,holding that inquiry as to whether officers are entitled to qualified immunity for use of excessive force is distinct from inquiry on the merits of the excessive force claim,holding that a military police officer was entitled to qualified immunity from an excessive force suit when he objectively reasonably believed that he used reasonable force,holding that relative to the threat that she posed physically separating tina cortez from her telephone taking her by the arm  escorting her from her home taking the keys to her home and locking the door and  placing her in the locked back seat of a patrol car was excessive force as well as an unlawful seizure under the fourth amendment
96,"she consented in the belief that Defendant was a professional whose explanations were in her best interest. She also believed that a buttock massage was a normal component of a full-body massage. A rational jury could reasonably infer that it was not until Defendant touched Jessica’s vagina without warning that she realized that Defendant was perhaps not behaving in a professional manner, but that until that point Jessica believed Defendant to be a professional health care provider who was in a position of authority over her and used this position to exercise undue influence over her, as evidenced by his ability to convince her that breast and buttock massages are normal components of a full-body massage. See State v. Trevino, 113 N.M. 804, 807, 833 P.2d 1170, 1173 (Ct.App. 1991) (<HOLDING>), aff'd in part by State v. Orosco, 113 N.M.",79264,12874,4,case_hold_mc,holding that reliance must be proven by some evidence,holding that medical expenses must be proven to be both reasonable and necessary,holding that best interest of child need only be proven by a preponderance of the evidence,holding that circumstances evidencing a defendants authority over a minor victim inferentially support a finding of coercion,holding that use of a position of authority to coerce sexual contact may be proven inferentially
97,"applying Old § 1-201(37) developed percentage tests to determine whether the option price contained in a purported lease is nominal (“Percentage Tests”). Percentage Tests compare: (1) the option price contained in the agreement with the original purchase price of the “leased” goods; (2) the option price with the total stream of rental payments made under the contract; and (3) the original cost of the “leased” goods with the total payment stream. See, e.g., Orix Credit Alliance, Inc. v. Pappas, 946 F.2d 1258, 1261-62 (7th Cir.1991) (stating that an option price that represents 12% of total rental payments, while not dispositive, indicates a secured sale rather than true lease); Fruehauf Corp. v. Int’l Plastics, Inc. (In re Int’l Plastics, Inc.), 18 B.R. 583, 587 (Bankr.D.Kan.1982) (<HOLDING>); Equilease Corp. v. AAA Mach. Co. (In re AAA",80117,13015,2,case_hold_mc,holding that under an option requiring renewal at the expiration of the lease the lessee was required to exercise the option on or before the last day of the lease,holding that the measure of damages for the breach of a contract of sale where no fraud is shown is the difference between the contract price and the market price of the goods on the date of the breach,holding that option amount that is 53 of cash sale price on the date agreement was executed reflected a true lease,holding that under an option requiring renewal at the expiration of the lease but providing no more specific time requirement the lessee had a reasonable time to exercise the option within the term of the lease,holding that the question of whether a bankruptcy trustee or a putative lessor was entitled to the proceeds of an equipment sale depended on whether a true lease was involved when the lease is intended as a security interest article 9 applies however a bona fide lease is not affected by article 9
98,"172, 30 N.E.2d 369 (1940) (applying the “general concept” that the distinction between an employee and an independent contractor turns on “the right of control over the [worker] in respect of the manner in which his work is to be done”); see also Restatement (SeCOnd) of Agency § 220(1) cmt. d (1958) (stating that “control or right to control the physical conduct of the person giving service is important and in many situations is determinative” of whether that person is an employee or independent contractor); Warren A. Seavy, Agenoy § 84, at 142 (1964) (observing that “the right to control the physical movements of the employee is [typically] the most important single element”); cf. Tieberg v. Unemployment Ins. Appeals Bd., 2 Cal.3d 943, 88 Cal.Rptr. 175, 471 P.2d 975, 980, 982 (1970) (<HOLDING>). B. The District Court’s determination as to",80971,13150,2,case_hold_mc,holding that a general contractors right to forbid the work from being performed in a dangerous manner and the fact that he would have stopped the work and required protective equipment had he seen the employee of the independent contractor not using such equipment merely showed the possibility of control not actual control,holding a defendant is liable as a control person if the defendant had the power to control the general affairs of the entity primarily liable at the time the entity violated the securities laws but declining to decide whether power to control means simply abstract power to control or actual exercise of the power to control internal quotations omitted,holding that the right to control the means by which the work is accomplished is clearly the most significant test of the employment relationship and observing that many of the other factors enumerated in the restatement second are merely evidentiary indicia of the right to control,holding that defendant was not an agent because alleged principal did not control means by which the defendants accomplished their duties,holding that the right to control is measured by considering 1 the independent nature of the workers business 2 the workers obligation to furnish necessary tools supplies and materials to perform the job 3 the workers right to control the progress of the work except as to the final results 4 the time for which the worker is employed and 5 the method of payment whether by unit of time or by the job
99,"and TILA Subclass members are also Payday Loan Subclass members. See Brief at 3-4. The only reason that the TILA and EFTA Subclasses are so much smaller than the other subclasses is because the TILA and the EFTA both have one-year statutes of limitations, which restrict the number of proposed class members who have valid claims under these statutes. See Brief at 3-4. Although it is said that there is “no set formula,” Rex v. Owens, 585 F.2d at 436, or “strict numerical test” for determining when a class is sufficiently numerous for joinder to be impracticable, Bittinger v. Tecumseh Prods. Co., 123 F.3d at 884 n. 1, the reality is that a per se numerosity threshold seems to exist somewhere south of 150 proposed class members, see Mullen v. Treasure Chest Casino, LLC, 186 F.3d at 624 (<HOLDING>); Anderson Living Trust v. WPX Energy Prod.,",81829,13291,3,case_hold_mc,recognizing that substantial numbers usually satisfy the numerosity requirement,holding that a potential class of 256 members did not satisfy numerosity,recognizing that in determining numerosity the proper focus is not on numbers alone but on whether joinder of all members is practicable in view of the numerosity of the class and all other relevant factors,holding that 100 to 150 members  is within the range that generally satisfies the numerosity requirement,holding joinder not practicable where 100 to 150 class members were geographically dispersed
100,"§ 2707(a) (2006) provides that a party “aggrieved” by a violation of the Act may pursue a civil remedy against “the person or entity, other than the United States, which engaged in that violation . . . .” 18 U.S.C. § 2708 (2006) states, “[t]he remedies and sanctions described in this chapter are the only judicial remedies and sanctions for nonconstitutional violations of this chapter.” The United States District Court for the District of Columbia analyzed the same issue presently before this Court and held that even if the State does not comply with the provisions of the Stored Communications Act, “the statute does not provide for a suppression remedy.” United States v. Ferguson, 508 F.Supp. 2d. 7, 10 (D.D.C. 2007); see also United States v. Smith, 155 F.3d 1051, 1056 (9th Cir. 1998) (<HOLDING>), superseded on other grounds, Konop v.",82684,13438,0,case_hold_mc,holding that the stored communications act does not provide an exclusion remedy it allows for civil damages  and criminal punishment    but nothing more,holding that 42 usc  1983 does not provide a remedy for flsa violations,holding that a criminal statute does not provide a corresponding civil cause of action,holding that civil settlements have no bearing on decisions of criminal punishment and imposition of a restitution order is a form of punishment and part of a criminal sentence,holding that  1983 does not provide a remedy if there is no violation of federal law
101,"presented by the facts of this case, the majority opinion correctly reserves judgment as to that matter for another day. Although I join this Court’s majority opinion’s holding that a trial court generally has continuing authority to rescind its order granting a new trial, I observe that a trial court must always proceed cautiously when either granting or denying a motion for new trial because there are limitations to the grounds upon which a trial court may properly grant a new trial. Recently, in State v. Thomas, this Court reaffirmed the principle that “[tjhere must be some legal basis underpinning the grant of a new trial,” and a trial court may not grant a new trial for a “non-legal or a legally invalid reason.” See State v. Thomas, 428 S.W.3d 99, 104, 105, 107 (Tex.Crim.App.2014) (<HOLDING>) (citations omitted); see also Tex.R.App. P.",83536,13580,4,case_hold_mc,holding that the trial court can and should grant a new trial if the manifest weight of the evidence is contrary to the verdict,holding that posttrial motion for new trial is critical stage requiring counsel or valid waiver,holding that if appellant preserves legal sufficiency complaint in motion for new trial new trial is all the relief appellate court can give because that is all the relief appellant requested in trial court,holding that to grant a new trial the error must be more than harmless,holding that motion for a new trial whether for guilt or punishment requires a valid legal claim a court cannot grant a new trial unless the defendant shows that he is entitled to one under the law
102,"F.3d 65, 75 (2d Cir.2003). In this case, the defendants claim that the Rosado case constitutes precisely such a pending state proceeding. The district court, however, refused to apply Younger on the ground that there was not a strict identity of plaintiffs in the state and federal court actions; whereas the plaintiffs in state court are The New York Times and The Hartford Courant, in federal court they are The Courant and The Connecticut Law Tribune. Hartford Courant Co., 290 F.Supp.2d at 272-73. The question of the extent to which the plaintiffs in a federal action must be identical to the plaintiffs or defendants in the state court case upon which abstention is based is more complicated and less settled, however, than the district court acknowledged. Compare Spargo, 351 F.3d at 85 (<HOLDING>), with Steffel v. Thompson, 415 U.S. 452, 94",84395,13723,4,case_hold_mc,holding that younger abstention is jurisdictional,holding that while younger abstention is only justified if the pending state proceeding has the authority to adjudicate a litigants federal claims when a litigant has not attempted to present his federal claims in related statecourt proceedings a federal court should assume that state procedures will afford an adequate remedy in the absence of unambiguous authority to the contrary,holding that younger abstention was appropriate while the case works its way through the state appellate process,holding that to avoid younger abstention plaintiffs must demonstrate that state law bars the effective consideration of their federal claims,holding that because the federal plaintiffs claims were essentially derivative of the state defendants younger abstention applied
103,"(adopting view among states that if two escape clauses within insurance policy operate to negate coverage, those escape clauses are null and void). 8 . Harris v. Magee, 573 So.2d at 653; see o.2d 670, 673 (Miss.1976) (""An insurance company cannot by the provisions in one uninsured motorist endorsement limit its liability and endorsement in a separate policy and defeat the mandatory provisions of the statute.""); Talbot, 291 So.2d at 703 (declaring invalid clause which reduced uninsured motorist coverage by amounts paid under medical coverage provisions of policy); Lowery, 285 So.2d at 771-77 (declaring invalid restriction in policy that required ""insured"" to own the automobile described in the policy until uninsured motorist coverage applied); Harthcock, 248 So.2d at 459-60, 461-62 (<HOLDING>); see also Youngblood, 515 F.2d at 1256-58",85251,13865,0,case_hold_mc,holding that conditioning uninsured motorist coverage on insureds agreement to not settle with other tortfeasors contravenes the um act also declaring void other insurance provision of policy which operated to relieve insurer of payment if insured secured statutory minimum from other source,holding that a policy with an excess other insurance clause provides no coverage until a policy with a pro rata other insurance clause is exhausted,holding that language requiring insurer to pay all sums which the insured  shall be legally entitled to recover as damages from the owner or operator of an uninsured automobile includes recovery of exemplary damages under uninsured motorist provision of policy,holding that policy exclusion for uninsured motorist claims involving permissive users violated mississippi public policy as expressed in the um act,holding that while the owner of several vehicles by paying a single premium for um coverage applicable to only one of them secures um coverage for himself and his family while occupying the uninsured vehicles as well as the insured vehicle the number of uninsured motorist coverages available to be stacked should be based upon the number of coverages for which uninsured motorist premiums were paid
104,"the terms so used to be effective, wherefore an interpretation of a statute which gives a word, phrase or clause thereof no function to perform, or makes it, in effect, a mere repetition of another word, phrase or clause thereof must be rejected as being unsound, if it be possible so to construe the statute as a whole, as to make all of its parts operative and effective. 4 . This Court recognized that a tort action for wrongful death could be brought on behalf of a viable unborn child in Syllabus Point 1 of Baldwin v. Butcher, 155 W.Va. 431, 184 S.E.2d 428 (1971). 5 . Contrary to the majority of states, South Carolina and Alabama have held an unborn child is a child, person, or individual for purposes of criminal prosecution. See Ankrom v. State, 152 So.3d 373 (Ala.Crim.App.2011) (<HOLDING>); Whitner v. State, 328 S.C. 1, 492 S.E.2d 777",86103,13994,1,case_hold_mc,holding a fetus is not a child person or individual for purposes of criminal prosecution under the reckless injury to a child statute,holding an unborn child is a child for purposes of prosecuting chemical endangerment of a child,holding that an unborn child is not a dependent for purposes of the neglect statute,holding a mothers ingestion of a controlled substance while pregnant does not constitute child abuse as an unborn child is not a person for purposes of criminal prosecution,holding an unborn child is not a child for purposes of criminal prosecution of mistreatment of a child
105,"or to correct a deficiency — and appeals the deficiency — is no different than the remedy the Secretary ordinarily would impose in the first instance.” Id. Finally, while the Secretary conceded that a home’s deficiencies are posted on the Internet, she also noted that a home can post a reply. Id. In sum, the Court concluded that the statutes that ere- ate the special review channel adequately protect the rights of the nursing homes. Here, of course, the County has sued DHS, not the Secretary of DHHS. But this makes no difference. DHS is standing in the shoes of DHHS. DHS is acting on behalf of, and pursuant to its contract with, the federal agency. See Nursing Inn of Menlo Park v. California Dept. of Health Services, No. C 02-1675, 2003 WL 1872961, *4 (N.D.Cal. April 7, 2003) (<HOLDING>). If nursing homes may not bring actions for",86958,14146,1,case_hold_mc,holding that state judges were not necessary parties to action challenging constitutionality of state laws relating to detention of juveniles,holding that state agency that performs surveys of nursing homes under contract with dhhs not a proper party to action challenging constitutionality of dhhs regulations,holding that agency regulations cannot be applied retroactively unless congress has so authorized the administrative agency and the language of the regulations require it,holding that material prejudice was not present under the facts however an agency of the state was not a party to the action,holding that agency is bound by its regulations
106,"plain error. Because the record contains other cognizable errors that in and of themselves require a new trial, see text infra, we are content to allow our comments on the “property interest” ruling to stand as a guide to the district court on retrial. See Rosaly v. Ignacio, 593 F.2d 145, 147-48 (1st Cir.1979) (employing a similar strategy)- This brings us to the two evi-dentiary bevues (both of which were properly preserved). In employment discrimination cases, the factors that motivate a decision are central to the decisionmaker’s liability in his personal capacity. See Acevedo-Garcia v. Vera-Monroig, 204 F.3d 1, 11 (1st Cir.2000) (stating that a political discrimination claim “has no meaning absent the allegation of impermissible motivation”); see also Gómez I, 218 F.Supp.2d at 77 (<HOLDING>) (quoting Kelley v. LaForce, 288 F.3d 1, 7 (1st",87807,14295,4,case_hold_mc,holding that the most important factor in the preservation hierarchy is whether the relevant issue was raised in the trial court and the least important factor is whether the appellant alerted the trial court to the specific argument raised on appeal,recognizing that there is an important privacy interest in corporate financial documents the court agrees that the information can be protected therefore the court  required that the information be disclosed pursuant to a confidentiality order only to be used in connection with this litigation,recognizing that admission is important to the evaluation of witness credibility,recognizing that the third factor permanence is the most important,recognizing that the information possessed by the defendant is an important variable in that equation
107,"not review issues raised only by amicus curiae. Russian River Watershed Prot. Comm. v. City of Santa Rosa, 142 F.3d 1136, 1141 (9th Cir. 1998). Even had they made the argument, the district court nonetheless was correct to conclude that the rights plaintiffs assert are no different than the rights contained within the general scope of the Copyright Act. The complaint asserts statutory and common law publicity-right claims, and a claim for a violation of the UCL. Plaintiffs, however, do not identify any use of their likenesses independent of the display, reproduction, and distribution of the copyrighted material in which they are depicted. We have held that under those circumstances, none of plaintiffs’ claims is qualitatively different from a copyright claim. See Laws, 448 F.3d at 1144 (<HOLDING>); see also id. at 1143-44 (“squarely",88667,14431,1,case_hold_mc,holding that causation is an essential element in failure to warn claim,holding that the mere presence of an additional element commercial use in section 3344 is not enough to qualitatively distinguish a right of publicity claim from a claim in copyright,holding that the right of publicity is descendible,holding that when a plaintiffs name and identity are used without intent to obtain a commercial advantage but where they are used for some other purpose the use is incidental and does not violate the right of publicity,holding that an antitrust injury is a necessary element of a  2 claim
108,"(citing Shepard, 544 U.S. at 26, 125 S.Ct. 1254). The court then compares the elements of the crime of conviction with those of the generic offense. Descamps, 133 S.Ct. at 2281. During oral argument, the question was raised as to whether W. Va. Code § 61 — 3— 11(a) is divisible because it states alternative locational elements. See W. Va. Code § 61 — 3— 11(a) (criminalizing entry into a ""dwelling house, or an outhouse” (emphasis added)). Neither party briefed this issue, and the district court did not address it below. Moreover, there are no Shepard documents in the record pertinent to Defendant’s West Virginia burglary convictions. We therefore need not and do not reach the question of divisibility to resolve this appeal. See United States v. McLeod, 808 F.3d 972, 977 (4th Cir. 2015) (<HOLDING>). Nor do we express any view as to whether W.",89518,14566,2,case_hold_mc,holding that application of the modified categorical approach did not establish a covered conviction where the judgment of conviction did not contain the factual basis for the crime,holding that virginia burglary statute comes within definition of generic burglary,holding that a conviction under a divisible statute could not qualify as acca burglary pursuant to the modified categorical approach when there were no shepard documents to show that the crime of conviction was generic burglary,holding modified categorical approach unavailable where the statute of conviction was missing an element of the generic definition,holding that iowa burglary is not categorical burglary as the elements of iowa burglary law are broader than those of generic burglary
109,"because the court had not entered the deadly weapon finding in the judgment, under the specific facts the probationary sentence was not void. However, Hooks involved a bench trial, and therefore the judge was the trier of fact. Moreover, Hooks relied on Ex parte Lucke, 742 S.W.2d 818 (Tex.App.-Houston [1st Dist.] 1987, no pet), in reaching its conclusion that article 42.12, section 3g(a)(2) did not bar probation for the appellant because the trial court had not entered an affirmative finding in the judgment. Lucke also involved a case of a plea before the court, and held that “the trial court, as trier of fact, simply declined to enter the additional affirmative finding in the judgment.” Lucke at 820; see also Johnson v. State, 233 S.W.3d 420, (Tex.App.-Fort Worth 2007, pet. ref'd) (<HOLDING>). Finally, the Hooks court cited Poe with",90377,14713,1,case_hold_mc,holding trial court failed to make a finding of fact but rather made a finding of the ultimate question of law  that the defendants plea was not knowingly and intelligently made,holding that where trial court is trier of fact and has made an affirmative deadly weapon finding it retains discretion to enter finding in judgment,holding trial court did not abuse its discretion in finding violation was willful and substantial,recognizing that the supreme court has indicated that affirmative misconduct is a prerequisite to a finding of estoppel against the united states,holding that the trial judge retains the discretion to exclude dna evidence if errors in the laboratory procedures render it so unreliable that it would not be helpful to the trier of fact but that trial court did not abuse its discretion by admitting that evidence
110,"It is specially agreed that the liability of each of the Guarantors for the payment of each note ... shall be joint and several; and that suit may be brought against the Guarantors jointly and severally and against any one or more of them, less than all, without impairing the rights of the Lender .... against the other of the Guarantors, (emphasis added). In other words, Burch-field expressly agreed that Prosperity’s bringing suit against “less than all” of the guarantors (i.e., only Woodall) would not impair Prosperity’s right against the other guarantors (i.e., Burchfield). Allowing Burchfield to avoid liability by invoking res judicata would thus contradict the terms of the agreement. See Gilbert v. Fireside Enter., Inc., 611 S.W.2d 869, 877 (Tex.Civ.App.-Dallas 1980, no writ) (<HOLDING>); Cf. Restatement (Second) of Judgments §",91229,14853,3,case_hold_mc,recognizing the right to waive a jury trial,recognizing this as the general rule,recognizing general rule,recognizing general rule that a party may waive the defense of res judicata,recognizing that defendant may waive miranda rights
111,"by approaching the Buick and detaining him. See Doc. # 18 at 1. Since the Defendant did not make a similar argument in his post-hearing memorandum, it has been waived. However, if the Defendant had made such an argument, the Court would have rejected same. The Fourth Amendment limits the ability of government agents to conduct searches and seizures. Since the officers did not search or seize the Defendant by approaching the Buick in which he was passed out, they did not violate the Fourth Amendment by doing so. Based upon reasoning set forth below, the Court concludes that the detention of the Defendant was a lawful arrest supported by probable cause. Therefore, that detention did not violate the Fourth Amendment. See Beck v. Ohio, 379 U.S. 89, 85 S.Ct. 223, 13 L.Ed.2d 142 (1964) (<HOLDING>). 4 . The Defendant also contends that",92079,14986,2,case_hold_mc,holding that an arrest made by an officer outside his jurisdiction does not violate the fourth amendment,holding that a warrantless arrest on probable cause does not violate the fourth amendment even if state law required the police to have prior authorization,holding that a warrantless arrest does not violate the fourth amendment if at the time of the defendants arrest police had probable cause to believe that an offense has been is being or will be committed,holding a warrantless arrest by a law officer is reasonable under the fourth amendment where there is probable cause to believe that a criminal offense has been or is being committed,holding that warrantless arrest based on probable cause did not violate the fourth amendment
112,"I would affirm the district court’s award of summary judgment. See Lynch v. Am. Family Mut Ins. Co., 626 N.W.2d 182, 185 (Minn.2001) (stating that an insurer’s liability is generally determined by the insurance contract, as long as the relevant insurance policy neither (1) omits coverage that is required by law nor (2) violates applicable statutes). I agree with the majority’s decision that the plain language of the policy prevents Pepper from recovering UIM benefits. But I cannot conclude that the policy exclusion violates Minn.Stat. §§ 65B.41-.71 (2010), the Minnesota No-Fault Automobile Insurance Act. Minnesota caselaw allows for insurance companies to impose limitations on receipt of UIM benefits. See, e.g., Myers v. State Farm Mut. Auto. Ins. Co., 336 N.W.2d 288, 292 (Minn.1983) (<HOLDING>). As explained by the majority, we have held",92926,15130,0,case_hold_mc,holding that insurance policys exclusion of vehicles owned by furnished for or made available for the regular use of the named insured from the definition of an underinsured motor vehicle is valid,holding that the insurance applicable to the tortfeasors vehicle must be compared to the underinsured vehicle policy limits to determine whether a vehicle is underinsured,holding that the statutory definition of motor vehicle is not controlling,holding as unambiguous under iowa law the insurance policys exclusion of coverage to any obligation of the insured to indemnify another because of damages arising out of  a bodily injury to any employee of the insured arising out of and in the course of his employment by the insured,holding that under the plain and obvious meaning of the uim statute a prerequisite to the term underinsured motor vehicle is the existence of  bodily injury liability insurance coverage which is less than the liability for damages imposed by law  and where no such coverage existed tortfeasor was not underinsured under the statute but rather uninsured concluding that terms underinsured and uninsured are mutually exclusive as applied to the same motor vehicle and the combination of these two coverages by the insured was contrary to legislative intent
113,"“rel ear-cut method for determining whether a state law which merely has some unintended effects on ERISA-gov-erned plans will be preempted. However, in implicit recognition of the fact that the Supreme Court’s guidance often can only obscure the issue, the Eighth Circuit has held that a variety of tests can provide assistance when determining the effect of a state law on an ERISA plan. Johnston v. Paul Revere Life Ins. Co., 241 F.3d 623, 630 (8th Cir.2001). One such test was set forth by the Eighth Circuit in Prudential Insurance Co. 1072, 1073 (8th Cir.2000) (“ERISA remedies preempt ‘state common law tort and contract actions asserting improper processing of a claim for benefits’ under an ERISA plan.”) (quoting Pilot Life Ins. Co.); Hull v. Fallon, 188 F.3d 939, 943 (8th Cir.1999) (<HOLDING>); accord McDonald v. Household Int’l, Inc., 425",93783,15263,0,case_hold_mc,holding that where the basis of state claims for medical malpractice relates to the administration of plan benefits those claims fall squarely within the scope of erisa,holding that declaratory judgments fall outside the scope of the court of claims jurisdiction,holding that claims were preempted where the factual basis of the complaint was the denial of reimbursement of plan benefits,holding that general medical malpractice claims do fall with waiver provision of ttca,holding that erisa does not preempt the plaintiffs claim that the erisa plan administrator is liable for medical malpractice where the plaintiff premised the claim solely on state law and did not invoke the erisa plan
114,"individually or collectively, a prima facie derivative citizenship claim. See United States v. Guerrier, 428 F.3d 76, 79-80 (1st Cir.2005) (affirming district court’s exclusion of certain evidence that supported some, but not all, of the requirements for derivative citizenship). Williams argues, however, that his purpose in introducing these documents was not to raise an affirmative claim of derivative citizenship, but rather to undermine the government’s case on the theory that Schoenroek failed to definitively rule out the possibility that Williams may have derived citizenship, notwithstanding that Schoenroek was (or should have been) on notice that Williams had challenged his alienage in his prior deportation proceeding. Cf. United States v. Thompson, 37 F.3d 450, 454 (9th Cir.1994) (<HOLDING>). Even assuming arguendo that the district",94642,15403,1,case_hold_mc,holding that when determining prejudice under the objective test relevant considerations include 1 whether the extrinsic evidence was received by the jury and the manner in which it was received 2 whether it was available to the jury for a lengthy period of time 3 whether it was discussed and considered extensively by the jury 4 whether it was introduced before a jury verdict was reached and if so at what point during the deliberations and 5 whether it was reasonably likely to affect the verdict considering the strength of the governments case and whether the governments case outweighed any possible prejudice caused by the extrinsic evidence,holding that the district court erred by not permitting defense counsel to argue to the jury that the governments case was weakened by a lack of evidence allegedly caused by its failure to investigate,holding that the district court erred in requiring the defense to disclose a report which the defense did not intend to introduce into evidence and which was merely designed to aid in the crossexamination of a witness for the state,holding that the district court erred when it relied on the governments representation that the property sought by the defendant had been destroyed because the government did not submit any evidence of the propertys destruction,holding that under the extraordinary circumstances found by the district court it was not an abuse of discretion to order that defendants be permitted to take depositions of the witnesses in the presence of their attorney and the governments counsel
115,"of others that in some respects conflict with some of Thomas’s public statements that were contained in his authorized biography. Moreover, the article does not challenge the principal claims made by Thomas, but rather permits the reader to draw his own conclusions regarding some of the relatively minor details. See Partington v. Bugliosi, 56 F.3d 1147, 1152 n. 9 (9th Cir.1995) (citing with approval Chapin v. Knightr-Ridder, Inc., 993 F.2d 1087, 1094 (4th Cir.1993), which held that a publication offering alternative versions of facts does not give rise to a defamatory implication); see also Chapin, 993 F.2d at 1094 (“[I]nquiry itself, however embarrassing or unpleasant to its subject, is not accusation.”); Phantom Touring, Inc. v. Affiliated Publ’n., 953 F.2d 724, 731 (1st Cir.1992) (<HOLDING>). Further, as the district court correctly",95499,15527,0,case_hold_mc,holding that no defamatory implication existed because the authors readers implicitly were invited to draw their own conclusions from the mixed information provided,holding no defamation existed,holding that identical instruction was sufficient to ensure that the jury would not draw improper conclusions from the preservation of their anonymity,holding that rico claims were personal and plaintiffs were therefore entitled to sue on their own because their injuries were distinct from the injuries to creditors in general resulting from the diversion of corporate assets,holding no liability existed under the circumstances
116,"date of the Act, N.J. Property Liab. Guar. Ass’n v. Brown, 174 N.J.Super. 629, 633-634, 417 A.2d 117 (App.Div.), certif. denied, 85 N.J. 462, 427 A.2d 561 (1980), is instructive. There, a bail bondsman in his office accidentally shot a friend who had paid him a social visit with a gun possessed for business reasons. We held that the exception to the insured’s homeowners’ policy exclusion for non-business pursuits provided coverage because “[sjhowing a gun to a friend in such circumstances would not be an activity ordinarily incident” to the duties of a bail bondsman. Id. at 634, 417 A.2d 117. Cases decided after the effective date of the Act have also given effect to exception to exclusion clauses. See Burdge v. Excelsior Ins. Co., 194 N.J.Super. 320, 476 A.2d 880 (App.Div.1984) (<HOLDING>). Because an exception to an exclusion clause",96353,15658,0,case_hold_mc,holding that the underlying action arose out of insureds exercise of his personal and political rights and not out of business pursuits and thus the policy exclusion for claims arising out of business pursuits did not apply because the exception to the exclusion for nonbusiness pursuits was applicable,holding that nature of alleged bias must be personal and not arising out of litigation,holding that an arising out of exclusion applies to claims flowing from or growing out of the excluded activity,holding as unambiguous under iowa law the insurance policys exclusion of coverage to any obligation of the insured to indemnify another because of damages arising out of  a bodily injury to any employee of the insured arising out of and in the course of his employment by the insured,holding that employees claims against firm were not subject to mandatory arbitration because they did not arise out of business activities of either employee or firm but instead arose out of divorce agreement
117,"see infra ¶ 35, we should not force such changes on the legislature by judicial mandate. 15 . The dissent posits that equitable adoption may represent the wishes of some decedents and may not prolong all estate proceedings. See infra ¶¶ 47-48. But this hedging is significant; it ultimately supports the conclusion that equitable adoption adds uncertainty and complexity to the intestacy scheme. Justice DURHAM, dissenting: 4[ 34 I disagree with the majority's conclusion that it is ""impossible"" to follow both the doctrine of equitable adoption and Utah's version of the Uniform Probate Code (Probate Code o n the basis of policy, they are responsible for determining the constitutionality of challenged statutes. See, e.g., Gallivan v. Walker, 2002 UT 89, ¶¶ 64, 83, 54 P.3d 1069 (<HOLDING>). Additionally, courts can call the attention",97206,15799,4,case_hold_mc,holding the statutory scheme of two federal laws was not void for vagueness and did not violate equal protection or due process even though the defendants conduct violated both laws,holding that an amendment to the colorado constitution that repealed all local and statewide laws prohibiting sexualorientation discrimination violated the federal equal protection clause,holding that central assessment by the unit method of valuation did not violate the equal protection clause of the united states constitution or the uniform operation of laws provision in the utah constitution,holding that lprs are entitled to the protection of the equal protection clause,holding that the multicounty signature requirement for initiatives violated the uniform operation of laws clause and the federal equal protection clause
118,"of whether evidence of a conviction for a third degree sexual offense is admissible for impeachment under Rule 5-609, the intermediate appellate court opined that the conviction was not relevant to credibility and thus inadmissible for impeachment purposes: As shown by an examination of section 3-307 of the Criminal Law Article, there are numerous ways that the State can convict a person under that section. The offense can be committed by various assaultive acts (see Section 3-307(a)(1)), but the offense can also be committed by nonassaultive means. See § § 3-307(a)(2), (3), (4), and (5). “[A]cts of violence generally have little, if any, bearing on honesty and veracity.” Prout, 311 Md. at 364, 535 A.2d 445. See also Fulp [v. State], 130 Md.App. [157] at 167[, 745 A.2d 438 (2000)] (<HOLDING>) Likewise, the non-assaultive ways that a",98051,15933,2,case_hold_mc,holding that an infamous crime under the arkansas constitution is a crime involving elements of deceit and dishonesty,holding that larceny being a felony is an infamous crime,holding that the crime of assault with intent to murder was neither an infamous crime nor a crime relevant to the witnesss credibility 130 mdapp at 167 745 a2d 438,holding that counsel did not admit the defendant was guilty of a crime when counsel noted that if the evidence established the commission of any crime that crime was voluntary manslaughter not murder,holding that conviction of dueling was not an infamous crime under former state constitutional provision disenfranchising persons convicted of an infamous crime but concluding that the right to hold public office was separate from the right of suffrage
119,"Baseball & Athletic Ass’n, 185 Minn. 507, 240 N.W. 903 (1932)); Missouri (Anderson v. Kansas City Baseball Club, 231 S.W.2d 170 (Mo.1950)); New York (Akins v. Glens Falls City Sch. Dist., 53 N.Y.2d 325, 441 N.Y.S.2d 644, 424 NE.2d 531 (1981)); North Carolina (Cates v. Cincinnati Exhibition Co., 215 N.C. 64, 1 S.E.2d 131 (1939)); Ohio (Cincinnati Baseball Club Co. v. Eno, 112 Ohio St. 175, 147 N.E. 86 (1925)); Texas (Friedman v. Houston Sports Ass'n, 731 S.W.2d 572 (Tex.App.1987)); Utah (Lawson v. Salt Lake Trappers, Inc., 901 P.2d 1013 (Utah 1995)). 3 See Colorado Baseball Spectator Safety Act of 1993, Colo.Rev.Stat. § 13-21-120 (1993); Baseball Facility Liability Act, III. Comp. Stat. 38/1-49 (1992). 4 See, e.g., City of Milton v. Broxson, 514 So.2d 1116, 1118 (Fla.Dist.Ct.App.1987) (<HOLDING>); Bellezzo v. Arizona, 174 Ariz. 548, 851 P.2d",98902,16071,3,case_hold_mc,holding that a store owner has a duty to protect invitees from foreseeable criminal acts,holding a business owner must protect invitees against injury caused by third persons,holding state of the law must be determined at time of challenged action,holding that liability must be determined by the common law standards  governing the duty of landowners to invitees,holding that the constitutional level of punitive damages is not a finding of fact that must be determined by the jury it may be determined de novo by the court
120,"power to prohibit discrimination that is itself unconstitutional under the Fourteenth Amendment, and to regulate otherwise constitutional conduct through legislation that exhibits “congruence and proportionality between the injury to be prevented or remedied and means adopted to that end.” Garrett, 531 U.S. at 365, 121 S.Ct. 955 (quoting City of Boerne v. Flores, 521 U.S. 507, 520, 117 S.Ct. 2157, 138 L.Ed.2d 624 (1997)). A number of courts have reconsidered, in light of these recent Supreme Court decisions, whether Congress validly abrogated the states’ Eleventh Amendment im munity in enacting Title VII. These courts have concluded that Title VII, including the retaliation provision, does indeed abrogate state sovereign immunity. See Warren v. Prejean, 301 F.3d 893, 899 (8th Cir.2002) (<HOLDING>); Nelson v. Kansas, 220 F.Supp.2d 1216, 1220-1",99761,16208,3,case_hold_mc,holding that a plaintiff can prove illegal retaliation under   1981 in the same manner as he establishes retaliation under title vii,holding that title ii of the ada was a valid use of congress power under section 5 of the fourteenth amendment,holding that bankruptcy jurisdiction is not within section 5 of the fourteenth amendment,holding that the retaliation provision of title vii is an adequate exercise of congress authority under section 5 of the fourteenth amendment,holding title vii abrogates the eleventh amendment because it is based in fourteenth amendment which limits state authority in other ways as well
121,"“[A]n action can ‘affect’ the exercise of powers by an agency without being aimed directly at [the agency].” Hindes v. FDIC, 137 F.3d 148, 160 (3d Cir.1998). In Hindes, the Third Circuit held that the protections afforded to receivers in § 1821(j) extend to third parties. In rejecting the argument that § 1821(j) does not apply to a non-FDIC third party, the court stated, “the statute, by its terms, can preclude relief even against a third party, including the FDIC in its corporate capacity, where the result is such that the relief ‘restraints] or affect[s] the exercise of powers or functions of the [FDIC] as a conservator or a receiver.’ ” Id. (alterations in original) (quoting 12 U.S.C. § 1821(j)). Cf. Telematics Int’l, Inc. v. NEMLC Leasing Corp., 967 F.2d 703, 707 (1st Cir.1992) (<HOLDING>). We agree with the reasoning in Hindes and",100622,16336,3,case_hold_mc,holding that defendant defrauded fdic when actions diluted value of fdics security interest thereby being likely to frustrate and impair the fdics ability to realize the benefit of the interest,holding that section 363f applies only to in rem interests which have attached to the property by way of either the debtors consent to a security interest or the creditors attachment of the property resulting in a lien,holding that the doench doctrine protects the fdic even where the fdic does not have an interest in an asset,holding that  1821j applied to bar a claim seeking to attach a lien to a certificate of deposit in which the fdic had a security interest because the attachment would ultimately have an effect upon the fdics exercise of its powers as receiver,holding that while section 1825b2 does not extinguish an earlier lien or excuse the payment of a tax by the fdic it does deny the ability to use a lien on fdic property as a vehicle for collection of delinquent tax
122,"and armed robbery would authorize a jury to find that Simpkins was willing to commit murder for pecuniary gain. OCGA § 17-10-30 (b) (4). Although the evidence probably will authorize a jury to find these two aggravating factors in the vast majority of armed robbery-murder cases, and although these aggravating factors arise from the same conduct in this case, the aggravating circumstances reveal different characteristics of the defendant and his crimes, and each aggravating circumstance genuinely serves to narrow the class of defendants eligible for the death penalty. 9 Zant v. Stephens, 462 U. S. 862, 877 (103 SC 2733, 77 LE2d 235) (1983); Lowenfield v. Phelps, 484 U. S. 231, 244 (108 SC 546, 98 LE2d 568) (1988). 10 See generally Henderson v. Dugger, 925 F2d 1309, 1319 (11th Cir. 1991) (<HOLDING>). 11 See Gregg v. Georgia, 428 U. S. 153, 221,",101476,16480,1,case_hold_mc,holding that the crime of attempted felony murder no longer existed in florida,holding that in florida there is no impermissible doublecounting of aggravating circumstances when the same facts   reveal different characteristics of the crime,holding that the determination whether relevant facts are extraordinary aggravating circumstances  is a conclusion of law that remains within the discretion of the trial court if it is based on blakelycompliant or blakelyexempt facts,holding that there is no crime of attempted felony murder in florida,holding that the public disclosure must reveal both the true state of facts and that the defendant represented the facts to be something other than what they were
123,"testified that Gollapudi admitted that he prepared and signed the W-2 forms and that they were false. Additionally, although Gollapudi presented evidence that the withholding amounts were true based on his “gross up” method, the District Court found this theory to be without merit based on the testimony of another IRS agent who demonstrated that no withholding was actually made. Moreover, it was established that the alleged withholding was never submitted to the IRS, but rather, was maintained in Gollapudi’s corporate checking account. Furthermore, Gollapudi’s reliance on Reynolds and Borman is misguided. Both of those cases involved § 7206(1) charges for filing the wrong tax form. Reynolds, 919 F.2d at 437 (“Using the wrong form does not violate § 7206(1).”); Borman, 992 F.2d at 126 (<HOLDING>). Furthermore, in Reynolds, the theory in the",102337,16624,3,case_hold_mc,holding that materiality is not an element of  1542 because any false statement is sufficient,holding that plaintiff failed to prove reasonable reliance on a false statement,holding that form 4790 is not an administrative rule but is merely incidental to the statute and regulations and therefore false statements on the form can lead to criminal prosecution,holding that filing of improper form is not enough to establish false statement for  72061 purposes,holding that a false schedule c is an integral part of a tax return and is incorporated therein by reference thus giving rise to liability under  72061
124,"235, 239 (Fed.Cir.1988). On appeal, Mr. Baney does not challenge the Board’s determination that collateral estoppel bars his leave-related claims. We agree with the Board that Mr. Baney’s claims are barred by collateral estoppel because they challenge the same issues that Mr. Baney actually litigated and that were necessary to the decisions in previous proceedings. See, e.g., Baney v. Dep’t of Justice, 409 Fed.Appx. 319 (Fed.Cir.2010) (finding no USERRA violation for charging Mr. Baney with eleven and a half hours of AWOL in November 2008); Baney v. Dep’t of Justice, 263 Fed.Appx. 892 (Fed.Cir.2008) (finding no USERRA violation for charging Mr. Baney with 23 days of leave while on active military duty for 30 days); see also Baney v. Dep’t of Justice, 327 Fed.Appx. 895 (Fed.Cir.2009) (<HOLDING>). Accordingly, we affirm the Board’s decision",103195,16758,3,case_hold_mc,holding that because relitigation of issue was barred by collateral estoppel res judicata determination of finality of judgment dismissed for lack of standing was not relevant,holding that collateral attacks on bankruptcy courts jurisdiction are barred by res judicata,holding that the plaintiffs claims were barred by res judicata when the federal courts judgment was finalized by denial of his petition for certiorari,holding that mr baneys challenge to being charged with 208 hours of annual leave while on active military duty for 30 days was barred by the res judicata effects of our 2008 decision,holding that a trustees claim was barred by res judicata and stating that the trustee could have asked the bankruptcy court to reserve his fraud claims for later adjudication which would have avoided his claims being barred
125,"was in control of the premises when and where the accident occurred. McCraney v. Gibson, 952 N.E.2d 284, 288 (Ind.Ct.App.2011) (quoting Yates v. Johnson County Bd. of Comm’rs, 888 N.E.2d 842, 847 (Ind.Ct.App.2008)), trans. denied. This rule is meant to impose liability upon the party who could have known of any dangers on the land and could have acted to prevent any foreseeable harm. Id. (quoting Beta Steel, 830 N.E.2d at 70). Although duty usually presents a question of law, whether a duty exists in premises liability cases may depend upon resolution of underlying facts by the trier of fact, including questions regarding who controlled the property at the time and place of an accident. Id. (quoting Yates, 888 N.E.2d at 847); see also Rhodes v. Wright, 805 N.E.2d 382, 386 (Ind.2004) (<HOLDING>). Whether there has been possession and control",104052,16892,3,case_hold_mc,holding that there was a genuine issue of material fact precluding summary judgment,holding that plaintiff failed to show genuine issue of material fact on equitable estoppel claim,holding that when there are no genuine issues of material fact summary judgment is appropriate,holding there was genuine issue of material fact to be decided by jury as to who controlled property at time and place of accident for purposes of premises liability duty,holding that unsupported allegations or denials are insufficient to create a genuine issue of material fact for purposes of summary judgment
126,"challenged on appeal by the State. Upon entering the room, the officer saw the drugs on the table. Only after Bridges placed appellant under arrest did appellant pick up the two baggies of cocaine and throw them out of the room. Under these facts, Hodari and Perez have no application. All the contraband discovered by the officer was the direct fruit of the initial illegal entry. That Dempsey then picked up the drugs and attempted to throw them out of the room did not amount to an abandonment and most certainly did not turn back time to a point before the Fourth Amendment violation. Because the cocaine was the fruit of the Fourth Amendment violation, the trial judge should have granted the suppression motion in its entirety. See Robinson v. State, 615 So.2d 201, 203 (Fla. 3d DCA 1993) (<HOLDING>); see also U.S. v. Simpson, 944 F.Supp. 1396,",104911,17033,4,case_hold_mc,holding that defendants voluntary consent to search his apartment dissipated taint of prior illegal search,holding that cocaine trafficking was not a forcible felony so as to preclude the defense of selfdefense when the killing occurred during an attempt to traffic in cocaine,holding that no search occurred when police officers entered an open business,holding that observations made a during prior illegal search should not have been included in the affidavit for the search warrant,holding that where the defendant dropped cocaine during the course of an illegal police search no voluntary abandonment occurred
127,"(III) (B). 25 Jones v. State, 318 Ga. App. 26, 36 (5) (733 SE2d 72) (2012); see Kidwell v. State, 264 Ga. 427, 432 (10) (444 SE2d 789) (1994) (“Since the grant or denial of a motion to sever is left in the discretion of the trial court, its ruling will only be reversed for an abuse of discretion . . . .”) (punctuation omitted). 26 Jones, 318 Ga. App. at 36 (5) (punctuation omitted); accord McClendon v. State, 299 Ga. 611, 615 (3) (791 SE2d 69) (2016). 27 Jones, 318 Ga. App. at 36 (5) (punctuation omitted); see Kidwell, 264 Ga. at 432 (10) (“The burden is on the defendant requesting the severance to ‘make a clear showing of prejudice_’ ”) (punctuation omitted). 28 Jones, 318 Ga. App. at 36 (5) (punctuation omitted); see Kidwell, 264 Ga. at 432 (10). 29 See McClendon, 299 Ga. at 615 (3) (<HOLDING>); Jones, 318 Ga. App. at 36 (5) (holding that",105769,17182,4,case_hold_mc,holding that trial court did not abuse discretion in denying motion to sever because codefendants defenses were not antagonistic,holding that trial court did not abuse its discretion in denying motion to amend complaint because the proposed amendment would have been futile,holding that trial court did not abuse its discretion by denying motion for continuance when not in proper affidavit form,holding that trial court did not abuse its discretion in denying motion to continue trial three months where although trial was complex and records were voluminous court had already granted two prior continuances and continuance of three weeks was sufficient to prepare for trial,holding that trial court did not abuse discretion in denying motion to sever because trial of three defendants would not create confusion
128,"erning whether an error is harmless include ""the importance of the witness’ testimony in the prosecution’s ■ case, whether the testimony was cumulative, the presence or absence of evidence corroborating or contradicting the testimony of the witness on mate rial points, the extent of cross-examination otherwise permitted, and, of course, the overall strength of the prosecution’s case”). 78 . Fed.R.Evid. 406. 79 . Jones v. S. Pac. R.R., 962 F.2d 447, 449 (5th Cir.1992) (quoting Reyes v. Mo. Pac. R.R. Co., 589 F.2d 791, 794 (5th Cir.1979)). 80 . Leonard v. Nationwide Mut. Ins. Co., 499 F.3d 419, 442 (5th Cir.2007) (quoting Reyes, 589 F.2d at 794) (internal quotation marks omitted); see also Mobil Exploration and Prod. U.S., Inc. v. Cajun Constr. Servs., Inc., 45 F.3d 96, 99 (5th Cir.1995) (<HOLDING>). 81 . Reyes, 589 F.2d at 795 (quoting",106628,17342,0,case_hold_mc,holding that with respect to a businesss routine practice the plaintiff must show regularity over substantially all occasions or with substantially all other parties with whom the defendant has had similar business transactions,holding a substantially similar probation condition overbroad,recognizing a similar exception to its rule with respect to corporations,holding that an insured has substantially complied with the change of beneficiary provisions of a life insurance policy when he has done all that he could to comply with the provisions,holding that a contractor who had substantially complied with the building specifications substantially performed
129,"Moreover, even though E.C. was the only eyewitness, her testimony about the assault was cumulative of the testimony of Nurse Bufford and Officer Horace, thus lessening the importance of E.C.’s testimony about the assault. Finally, E.C. gave a statement about the assault to Officer Horace and Nurse Buf-ford immediately after the assault occurred, but before she was arrested. Thus, even if her testimony had been important to the State’s case, her testimony about the assault comports with what she told Nurse Bufford and Officer Horace after the assault but before she was arrested and placed on deferred-adjudication probation; she could have gained no advantage for herself merely by repeating that testimony. See Hall v. State, 663 S.W.2d 154, 158 (Tex.App.-Fort Worth 1983, no pet.) (<HOLDING>). Moreover, appellant presented no evidence to",107481,17482,4,case_hold_mc,holding that trial court did not err in refusing to parse witnesss testimony or to have it replayed in its entirety,holding that where no description of witnesss evidence offered and no suggestion made as to how testimony would affect defendants case trial court did not err in refusing to issue certificate ordering witnesss attendance,holding that a witnesss testimony or an exhibit may not explicitly and directly contain an opinion as to a trial witnesss credibility,holding that a trial witnesss testimony as to the credibility of another witness was prejudicial error,holding that trial court did not err in refusing to allow defendant to introduce evidence of witnesss pending indictment when witnesss testimony regarding defendants participation in murder was virtually identical to witnesss written statement which was sworn to on day of murder and prior to offense for which witness was indicted
130,"in the contract related to judicial scrutiny of a claim denial. Section 10-3-1116(3) eliminates Defendants’ option to minimize scrutiny of benefit denials, and eliminates Defendants’ autonomy to guarantee terms congenial to its own interests. Colorado insureds may no longer agree to a discretionary clause in the absence of de novo judicial review and the right to a jury trial in exchange for a more affordable premium. By requiring de novo judicial review, and thereby removing the benefit of a deferential standard of review from insurers, such litigation may lead to a greater number of claims being paid, thus increasing the benefit of risk pooling for consumers. See Standard Ins., 584 F.3d at 845; see also McClenahan v. Metro. Life Ins. Co., 621 F.Supp.2d 1135, 1140-42 (D.Colo.2009) (<HOLDING>) (citation omitted), aff'd, 416 Fed.Appx. 693,",108334,17614,2,case_hold_mc,holding that erisa does not preempt section 22213b7,holding that erisa does not preempt revstatmo  51343010e because it is entirely consistent with both erisa and the bankruptcy code,holding that erisa does not expressly preempt colo rev stat  10311162 as enforcement of the statute would dictate to the insurance company the conditions under which it must pay for the risk that it has assumed,holding that erisa does not preempt the plaintiffs claim that the erisa plan administrator is liable for medical malpractice where the plaintiff premised the claim solely on state law and did not invoke the erisa plan,holding that erisa does not preempt professional malpractice claims
131,"debt is excepted from discharge under § 523(a)(6).” Petralia v. Jercich (In re Jercich), 238 F.3d 1202, 1205 (9th Cir.), cert. denied, 533 U.S. 930, 121 S.Ct. 2552, 150 L.Ed.2d 718 (2001). The state court judgment necessarily included this essential element of § 523(a)(6). The jury found that the Diamonds “intentionally caused injury” to the Kolcums “without just cause.” In order to find fraud, the jury had to determine that there was intentional tortious conduct. Therefore, the issues implicated by § 523(a)(6) were actually litigated in the state court proceeding, and the bankruptcy court was correct to accord the state court judgment preclusive effect with regard to the Kolcums’ § 523(a)(6) claim. Cf. Baldwin v. Kilpatrick (In re Baldwin), 249 F.3d 912, 918-20 (9th Cir.2001) (<HOLDING>). 3. Preclusive Effect of a State Court",109191,17748,0,case_hold_mc,holding that the issues implicated by  523a6 were actually litigated in a california state intentional tort suit and therefore according the judgment collateral estoppel effect under california law,holding that california courts assertion of personal jurisdiction over floridabased reporters did not violate due process when allegedly defamatory article that was the basis of the suit focused on the california activities of california residents,holding that the ninth circuit is bound by the california supreme courts interpretation of california law,recognizing a hypothetical situation where california law left a party free to sue on a claim in maryland even after the claim was precluded in california because the california statute of limitations had expired,holding that the doctrine of collateral estoppel bars readjudication of issues when 1 the prior suit resulted in judgment on the merits 2 identical issues are involved 3 the issue was actually litigated 4 the issue was actually determined and 5 the determination was necessary to the resulting judgment
132,"Firefighters Pension & Ret. Sys., 28 P.3d 589, 547 (Okla.2001) (same); see State Farm Mut. Auto. Ins. Co. v. Boellstorff, 540 F.3d 1223, 1228-30 (10th Cir.2008) (discussing rationale for American Pipe rule). A claim accruing after the filing of a class action but before denial of class certification is subject to tolling, see Crown, Cork & Seal Co. v. Parker, 462 U.S. 345, 354, 103 S.Ct. 2392, 2398, 76 L.Ed.2d 628 (1983); Philip Morris USA, Inc. v. Christensen, 394 Md. 227, 905 A.2d 340, 363 (2006), and the statute of limitations remains tolled for all members of the putative class until class certification has been denied. Rosenthal, 883 P.2d at 531. However, the filing of successive class actions cannot serve to perpetually toll the running of the statute of limitations. See id. (<HOLDING>). In Korwek v. Hunt, 827 F.2d 874, 879 (2d",110036,17882,2,case_hold_mc,holding that tolling applies to a subsequent class action when class certification was granted in a prior case,recognizing rule,recognizing but not ruling on basis of federal rule prohibiting tolling during a successive class action,holding that tolling applies to a subsequent class action when the prior denial of class certification was based solely on rule 23 deficiencies of the putative representative,holding that tolling does not apply to additional defendants who were not named in the class action
133,"on which she was indicted. On the videotape, DeSalvo claimed knowledge and expertise in furnishing Medicare providers with substantial, no-risk benefits by subscribing to lost charge audit services. The videotape illustrated DeSalvo’s promotion of and proficiency in lost charge audits, thus tending to show that when she previously submitted false Medicare claims, she knew them to be false. Similar cases have found applicability of Rule 404(b) in less persuasive circumstances. See United States v. McDonald, 576 F.2d 1350, 1356 (9th Cir.) (finding that developer’s subsequent statements on land deals implied knowledge of previously fraudulent conduct), cert. denied, 439 U.S. 830, 99 S.Ct. 105, 58 L.Ed.2d 124 (1978); see also United States v. Bibo-Rodriguez, 922 F.2d 1398, 1399 (9th Cir.) (<HOLDING>), cert. denied, 501 U.S. 1234, 111 S.Ct. 2861,",110888,18025,0,case_hold_mc,holding that despite differences in method evidence of subsequent drug smuggling could be admitted to show prior knowledge and intent,holding there was no rule 404b violation where the evidence was admitted to show knowledge and knowledge was an element of the crime charged,holding prior drug convictions relevant to show that defendant had knowledge and intent necessary to possess drugs at issue in case,holding that evidence of a 10yearold drug conviction was properly admitted to show intent in a prosecution for possession with intent to distribute,holding that evidence of prior drug transactions was admissible under rule 404b to show inter alia intent to enter into the drug conspiracy and knowledge of the conspiracy
134,"test results became so critical to the defense and were so thoroughly discussed that they surely attributed to the verdict. While the jury could have reached the same verdict without the laboratory test results, that evidence surely influenced the verdict in some way. We therefore conclude that the error in admitting this evidence was not harmless and that appellant is entitled to a new trial. II. Given our decision to grant appellant a new trial, we need not discuss in detail the remaining issues raised by appellant. We nevertheless mention the sentencing issue to give some guidance to the district court on retrial. At sentencing, appellant concedes that the district court followed the procedure endorsed by the supreme court in State v. Chauvin, 723 N.W.2d 20, 27 (Minn.2006) (<HOLDING>). Appellant merely challenges the instructions",111748,18154,1,case_hold_mc,holding that the district court possessed the inherent judicial authority to empanel a resentencing jury on remand from  reversal of the respondents enhanced sentence and because the district court erred by failing to recognize that it possessed this inherent judicial authority boehl reversed and remanded for the district courts discretionary determination of whether to exercise that authority,holding that district courts have inherent judicial authority to impanel sentencing jury for purposes of departing from presumptive sentence,recognizing district courts inherent authority to dismiss with prejudice for abuse of judicial process,holding that outside of rule 35 there exists no inherent authority for a district court to modify a sentence,holding that courts have inherent authority in special circumstances to stay adjudication
135,"to intervene” as a linguistic tool to highlight how little personal participation the defendant had in the arrest in that particular case. The passage shows how far below the required minimum level of involvement that particular defendant exhibited. Read in whole, Brown more accurately shows that personal participation in an arrest, or supervisory control over the arresting officer, is required in order to establish liability for unlawful arrest — mere presence is not enough. However, even assuming Plaintiffs are correct, and that law enforcement officers have a duty to intervene in other officer’s unlawful arrests, it cannot be said that the Canine Handlers or Alma Officers violated clearly established law in this case. See, e.g., Jones v. Cannon, 174 F.3d 1271, 1286 (11th Cir.1999) (<HOLDING>). The Canine Handlers and Alma Officers were",112599,18289,3,case_hold_mc,holding that inquiry as to whether officers are entitled to qualified immunity for use of excessive force is distinct from inquiry on the merits of the excessive force claim,holding that an officer could be held liable for failing to intervene in preventing an unlawful strip search,holding that a military police officer was entitled to qualified immunity from an excessive force suit when he objectively reasonably believed that he used reasonable force,holding that while case law generally indicates that an officer can be held liable for failing to intervene in another officers use of excessive force the absence of authority from the supreme court or the eleventh circuit dealing with similar circumstances supported granting qualified immunity to a defendant,holding that a police officer was not liable for use of excessive force since  951 requirements were satisfied
136,"1946, no writ). 20 . 113 S.W.2d 1018 (Tex.Civ.App.-Amarillo 1938, writ dism’d). 21 . McClung, 430 S.W.2d at 181. 22 . Id. 23 . Ford v. Exxon Mobil Chem. Co., 235 S.W.3d 615, 617-18 (Tex.2007) (per curiam). 24 . See Shell Oil Co. v. Ross, 356 S.W.3d 924, 928 (Tex.2011). 25 . HECI Exploration Co., 982 S.W.2d at 887; Ford, 235 S.W.3d at 617-18 (public records in a grantor’s chain of title generally create an irrebuttable presumption of notice). 26 . Thigpen v. Locke, 363 S.W.2d 247, 251 (Tex. 1962). 27 . See In re Bank of Am., N.A., 278 S.W.3d 342, 345 (Tex.2009) (""The general rule is that in the absence of a showing of fraud or imposition, a party’s failure to read an instrument before signing it is not a ground for avoiding it.”). 28 . See HECI Exploration Co., 982 S.W.2d at 886 (<HOLDING>). 29 . Id. at 887. 30 . 457 S.W.3d 52, 59",113456,18422,3,case_hold_mc,holding that the governments interest in the welfare of children embraces not only protecting children from physical abuse but also protecting childrens interest in the privacy and dignity of their homes and in the lawfully exercised authority of their parents,recognizing minnesotas interest in protecting the interests of the child,recognizing virginias interest in protecting defendants from claims and in holding down insurance costs,recognizing that mineral interest owners bear some obligation to exercise reasonable diligence in protecting their interests,holding that pennsylvanias interest in compensating victim of defamation outweighed new yorks interests in protecting free discussion and financial injury to defendant
137,"shall wave “O’er the land of the free and the home of the brave!” http://www.bcpl.net/~etowner/anthem.html. As pointed out by the Court, California law requires public elementary schools to “conduc[t] . . . appropriate patriotic exercises” at the beginning of the schoolday, and notes that the “giving of the Pledge of Allegiance to the Flag of the United States of America shall satisfy the requirements of this section.” Cal. Educ. Code Ann. §52720 (West 1989). The School District complies with this requirement by instructing that “[ejach elementary school class recite the [Pjledge of [A]llegiance to the [F]lag once each day.” App. 149-150. Students who object on religious (or other) grounds may abstain from the recitation. West Virginia Bd. of Ed. v. Barnette, 319 U. S. 624, 642 (1943) (<HOLDING>). Notwithstanding the voluntary nature of the",114304,18581,1,case_hold_mc,holding that students refusal to stand during the pledge of allegiance was constitutionally protected by first amendment,holding that the government may not compel school students to recite the pledge,holding that school district policy requiring that students obtain the review and approval of school officials prior to distributing any written material violated free speech rights of students,holding that school could not compel students to salute american flag,holding that a public school cannot compel students to perform the pledge of allegiance
138,"that in December 1995, his wage was $8.67 per hour. Lewis stated that a Caucasian employee, who misrepresented his knowledge of desktop publishing, was hired at a rate of $9.00 per hour in his department. This employee ultimately was “[p]ushed out the door.” Supp.App. at 354. Lewis also stated that another Caucasian employee received a pay increase from $7.50 to $8.25 per hour after he went from part-time to full-time status, and that a third Caucasian employee told him that he received a raise after his father called the store manager. The District Court held that Lewis failed to establish a prima facie case of discrimination because he had not shown that the employees he identified were similarly situated to him. See Watson v. Eastman Kodak Co., 235 F.3d 851, 857-58 (3d Cir.2000) (<HOLDING>). Finally, on his wrongful termination claim,",115163,18716,1,case_hold_mc,holding that caucasian employees who engaged in the same act as the plaintiff but it did not result in injury to others were not similarly situated,holding that a plaintiff who did not show that he was paid at a lower rate than similarly situated employees could not survive summary judgment,holding that plaintiff was not similarly situated to another employee who also engaged in protected activity for purposes of plaintiffs retaliation claim,holding that employees of differing seniority levels were not similarly situated,holding that employee who violated a different policy of the store than plaintiff was not similarly situated
139,"lead levels, from which “a jury could reasonably infer that if [defendant’s property] was not contributing source [of lead exposure,]” plaintiffs blood lead levels would have decreased while living at that property). And, of course, a plaintiff who overcomes summary judgment still bears the burden of proof as to the element of causation at trial, where expert opinion can play a critical role in persuading a jury. The standard for admissibility of expert testimony as to source causation is thus a vital one in lead paint actions. The Majority holds today that an expert who gives an opinion that a defendant’s property caused a plaintiffs harm does not need to show or explain that other reasonably probable sources did not cause the plaintiffs harm. Majority Op. at 250-51, 164 A.3d at 238 (<HOLDING>) The Majority’s removal of the requirement that",116019,18857,3,case_hold_mc,holding that the district court did not abuse its discretion in allowing plaintiffs expert witness to testify when it also allowed defendants expert witness who disputed the methodology used by plaintiffs expert to testify,holding that an expert is not competent to testify as to statutory interpretation,holding that an expert witnesss testimony on an ultimate issue was admissible recognizing that the expert did not specifically testify that the defendant was guilty or that as a matter of law the facts satisfied the applicable legal standard,holding that it is not the rule that a source causation expert in a lead paint action must exclude other properties before he can testify that the plaintiff was exposed to lead at the subject property,recognizing that a plaintiff must produce a medical expert to testify as to causation in all but the most selfevident medical malpractice actions
140,"by citizens of other States, the Supreme Court has long held that the Amendment also bars suits against the State by its own citizens. Hans v. Louisiana, 134 U.S. 1, 15, 10 S.Ct. 504, 33 L.Ed. 842 (1890); Sacred Heart Hospital of Norristown v. Pennsylvania (In re Sacred Heart Hospital of Norristown), 133 F.3d 237, 241 (3d Cir.1998). The Amendment divests federal courts from jurisdiction over private suits against unconsenting states. Seminole Tribe of Florida v. Florida, 517 U.S. 44, 54, 116 S.Ct. 1114, 1122, 134 L.Ed.2d 252 (1996). Nor may Congress pass a law under its Article I powers to vest federal courts with jurisdiction to hear such suits. Seminole Tribe, 517 U.S. at 72-73, 116 S.Ct. at 1131-32; see also Alden v. Maine, 527 U.S. 706, 119 S.Ct. 2240, 2266, 144 L.Ed.2d 636 (1999) (<HOLDING>). Eleventh Amendment immunity derives from the",116879,18998,2,case_hold_mc,holding that congress may abrogate a states immunity pursuant to its enforcement power under  5 of the fourteenth amendment,holding that congress did not properly abrogate states eleventh amendment immunity from suits under the patent act,holding that states likewise retain immunity from private suit in their own courts which congress may not abrogate by article i legislation,holding that congress had no power under article i to abrogate state sovereign immunity,holding that congress could not abrogate state sovereign immunity pursuant to the patent clause of article i
141,"purposes of nonclient standing] is a question of fact.”). Neither party argues that Mark and Marie share some type of legally recognizable confidential relationship, and Marie offered no evidence to the district court that Mark acquired any privileged, confidential information from Marie. In Brown, this court concluded that “disqualification is not warranted absent proof of a reasonable probability that counsel actually acquired privileged, confidential information.” 116 Nev. at 1202, 14 P.3d at 1267 (emphasis added). Similarly, in the context of familial relationships, other courts have declined to disqualify counsel absent proof that counsel actually acquired confidential information from a family member. See, e.g., Addam v. Superior Court, 10 Cal. Rptr. 3d 39, 42 (Ct. App. 2004) (<HOLDING>); DCH Health Services, 115 Cal. Rptr. 2d at",117739,19142,0,case_hold_mc,holding in a marital dissolution action that a sibling relationship between a husbands attorney and a wifes former physician was insufficient to disqualify the attorney and explaining that the attorneys brother presumably possesses confidential information relating to the wife but there is no evidence that he disclosed any such information to his sister,holding that presumption of access to and knowledge of confidential information between attorney and former client notwithstanding attorneys declarations to the contrary may not be rebutted,holding that in order to determine whether disqualification of plaintiffs attorney is appropriate because of a previous attorneyclient relationship he had with the defendant the court must determine whether confidential information was passed from client to attorney,holding that a wife is not liable simply by virtue of the marital relationship for her husbands fraudulent acts,holding that a corporate insider must abstain from trading in shares of his own corporation unless he has first disclosed the material information known to him not because of the relationship between the buyer and seller but because of the relationship of trust and confidence between the shareholders and the insider who obtained the confidential information by reason of his position with that corporation that relationship gives rise to a duty to disclose because of the need to prevent the insider from taking unfair advantage of the uninformed minority stockholders
142,"Id. at 1234. The defendant sought and we granted cer-tiorari from the court of appeals' judgment. We now consider the issue of whether the defendant in this case owed a duty of care to the plaintiff, II. Standard of Review A. Summary judgment is appropriate when the pleadings and supporting documents demonstrate that no genuine issue as to any material fact exists and that the moving party is entitled to summary judgment as a matter of law. Martini v. Smith, 42 P.3d 629, 632 (Colo.2002) (citing Vail/Arrowhead, Inc. v. Dist Ct., 954 P.2d 608, 611 (Colo.1998)). An appellate court's review of a trial court's order granting or denying a motion for summary judgment is de novo. Vail/Arrowhead, Inc., 954 P.2d at 611; see also Joe Dickerson & Assocs. v. Dittmar, 34 P.3d 995, 1003 (Colo.2001) (<HOLDING>); Feiger, Collison & Killmer v. Jones, 926 P.2d",118593,19268,3,case_hold_mc,holding that when trial courts decision turns on question of law appellate review is de novo,recognizing that appellate court reviews questions of law de novo,holding appellate court reviews legal conclusions de novo,holding that an appellate court reviews a trial courts grant of a summary judgment motion de novo because it is a question of law,holding that statutory construction is a question of law which this court reviews de novo
143,"subject to setoff, the court emphasized the legislative purpose underlying the availability of fees, namely, to encourage the availability of effective legal representation. See id. at 1366. In response to the argument that the provision of the statute mandating the award of fees to the plaintiff (and not to the attorney) vests ownership of the award in the plaintiff, the court indicated that this approach emphasized form over substance; reasoned that reliance upon such allocation to the detriment of attorneys practicing truth-in-lending law would undermine the purpose of the fee-shifting provisions; and determined that “the fee once awarded becomes in effect an asset of the attorney, not the client.” Id.; see also Sullivan v. Crown Paper Board Co., 719 F.2d 667, 669-70 (3d Cir.1983)(<HOLDING>); Rodriguez v. Taylor, 569 F.2d 1231, 1245 (3d",119453,19413,3,case_hold_mc,holding that public policy considerations require that the burden be placed on the attorney to provide for allocation of courtawarded attorneys fees in the contingent fee agreement,holding that court of appeals erred by rendering judgment for full amount of attorneys fees sought after reversing 0 fee award because jury awarded less in damages than amount sought and therefore uncontroverted attorney testimony on amount of attorneys fees did not establish amount of reasonable and necessary fees as a matter of law,holding that by choosing the words any actual expenses including attorneys fees incurred congress did not intend to remove the discretion of the district court to award fees in cases such as contingent fee or pro bono cases where the client has not actually incurred the obligation to pay her attorneys fees,holding that attorneys representing plaintiffs in federal antidiscrimination cases should be permitted to obtain the amount established by their contingent fee agreement or the courtawarded fees whichever is greater citing sargeant v sharp 579 f2d 645 649 1st cir1978,holding that a plaintiff is entitled to either statutory treble damages or punitive damages whichever is the greater
144,"Ninth Circuit has extended this definition of ""physical force” to other generic offense provisions (though not the Section 924(c)(3) force clause), including 18 U.S.C. § 16(a) and U.S.S.G. § 2L1.2, both of which define “crime of violence” using language that is identical or essentially identical to the language used in the ACCA force clause and the Section 924(c)(3) force clause). The Court finds it appropriate to do the same here. 3 . The text of Section 924(c)(3)(A) does not explicitly require that there be an intentional use of physical force in order for a crime to constitute a ""crime of violence.” Still, Wade cites Ninth Circuit authority holding that similar penalty-enhancing statutes implicitly require intent. See Fernandez-Ruiz v. Gonzales, 466 F.3d 1121, 1130 (9th Cir. 2006) (<HOLDING>), However, the Supreme Court recently held that",120311,19546,4,case_hold_mc,holding that those crimes with a mens rea of negligence or recklessness do not trigger the enhanced penalties mandated by the acca,holding that one can be convicted of attempted manslaughter under the subsections of section 765205 that require intentional conduct but not under the subsection that only requires the mens rea of recklessness,holding that bank robbery is a crime of violence because a defendants knowledge that his behavior is intimidating satisfies 924cs mens rea requirement,holding that a mens rea of unlawfully in the indictment was sufficient because the indictment referenced the applicable statute which required a reckless mens rea,holding that neither recklessness nor gross negligence is a sufficient mens rea to establish that a conviction is for a crime of violence under section 16
145,"effect at the time Simmons committed his offense, or the 2002 Guidelines, which were in effect on the date of his sentencing. Federal law requires judges presumptively to apply the sentencing Guidelines as they exist at the time of sentencing. 18 U.S.C. § 3553(a) (“The court, in determining the particular sentence to be imposed, shall consider ... the kinds of sentence and the sentencing range ... set forth in the guidelines ... that ... are in effect on the date the defendant is sentenced-”). The Constitution’s Ex Post Facto Clause, however, prevents the Government from imposing additional penalties for crimes that have already been committed. See U.S. Const, art. I. § 9, cl. 3 (“No ... ex post facto Law shall be passed.”); Calder v. Bull, 3 U.S. (3 Dall.) 386, 390, 1 L.Ed. 648 (1798) (<HOLDING>). Consequently, although courts must",121171,19681,3,case_hold_mc,holding that a change in parole law violates the ex post facto clause if the change in the law created a sufficient risk of increasing the measure of punishment attached to the covered crimes,holding that the fact that a retroactive law may have a deleterious effect on an individual does not mean that it is ex post facto punishment,holding that one way in which the ex post facto provision of the constitution can be violated is by applying a law that makes more burdensome the punishment of a crime after its commission,holding that every law that changes the punishment and inflicts a greater punishment than the law annexed to the crime when committed is an ex post facto law within the words and the intent of the prohibition,holding that an ex post facto claim can only be successful if the law can be characterized as punishment in the constitutional sense
146,"is such that it is generally out of the public view .... [and] visibility is limited to those informants who are discovered.” 23 I. & N. Dec. at 960. The BIA has continued to apply social visibility analysis in later cases, determining that “no particular social group” exists for individuals seeking protection as “affluent Guatemalans,” In re A-M-E & J-G-U, 24 I. & N. Dec. at 75-76, or for Salvadoran youths who had rejected or resisted criminal gang recruitment efforts, In re S-E-G-, 24 I. & N. Dee. 579 (BIA 2008), or for young Hondurans resistant to gang membership, In re E-A-G-, 24 I. & N. Dec. 591 (BIA 2007). A number of our sister circuits have adopted the BIA’s use of social visibility as a relevant criterion. See, e.g., Davila-Mejia v. Mukasey, 531 F.3d 624, 629 (8th Cir.2008) (<HOLDING>); Arteaga v. Mukasey, 511 F.3d 940, 945 (9th",122022,19823,1,case_hold_mc,holding the applicant must show social visibility and particularity,holding that status as competing family business owners did not give petitioners sufficient social visibility to be perceived as a group by society,holding a court need not find the harassment to be psychologically injurious so long as the environment would reasonably be perceived and is perceived as hostile or abusive,holding that the proposed social group of affluent guatemalans depends on no disadvantage other than purported visibility to criminals so that the scales are tipped away from considering those people a particular social group ,holding that government informants are not members of a particular social group
147,"California, there was an insufficient basis for a California court to exercise in personam jurisdiction. Id. at 112-13. Four other Justices held that Asahi’s awareness that the ultimate product would be marketed in California did establish sufficient minimum contacts with California. Id. at 116-17 (Brennan, J., concurring in part). Even if mere awareness that a product will ultimately end up in Virginia coul e stream of commerce is not, by itself, sufficient to allow a federal district court to exercise in personam jurisdiction over nonresident manufacturers, in the absence of evidence that manufacturers “purposefully availed” themselves of the privilege of conducting business in the forum state. Id. at 658-660; see also Lesnick v. Hollingsworth & Vose Co., 35 F.3d 939 (4th Cir.1994) (<HOLDING>). Marketing and advertising within the forum",122878,19972,2,case_hold_mc,holding that in a diversity action a federal court must apply the law of the forum state,holding that a defendants agreement that a substantial performance of contractual duties take place in the forum state is dispositive on whether defendant purposefully availed itself of that forum,holding that the defendant must have created a substantial connection to the forum state by action purposefully directed toward the forum state or otherwise invoking the benefits and protections of the laws of the state,holding that phone and facsimile communications to the forum purchase orders and payments sent to the forum a choice of law clause within the contract regarding the forum state and delivery of the product within the forum state were not enough to satisfy minimum contacts,recognizing that where plaintiff is from the forum state and defendant is from an alternate forum each forum can claim a connection to one of the parties
148,"F.2d at 453 (emphasis added) (citation omitted). This Court held similarly in Hooker Chemicals & Plastics Corp. v. Train, That no plant in a given industry has adopted a pollution control device which could be installed does not mean that that device is not “available.” Congress did not intend to permit continuance of pollution by industries which have failed to cope with and attempt to solve the problem of polluted water. 537 F.2d 620, 636 (2d Cir.1976); see also Cal. & Hawaiian Sugar Co. v. EPA, 553 F.2d 280, 286 (2d Cir.1977) (technology used “ ‘in other industries with similar raw waste characteristics’ ” was “available” (quoting Liquid and Crystalline Cane Sugar Refining Subcategory, 39 Fed.Reg. 10,522, 10,522 (1974))); Am. Petrol. Inst. v. EPA, 858 F.2d 261, 264-65 (5th Cir.1988) (<HOLDING>). For a technology in one industry to be",123735,20102,3,case_hold_mc,recognizing mackey is not consistent with our decision in wood v national basketball assn,holding that a determination of residual functional capacity must include a discussion of why reported daily activity restrictions are or are not reasonably consistent with the medical evidence  quoting avery 797 f2d at 29,holding that the interpretation of statutory language should be consistent with the legislatures purpose and intent,holding that a process can be deemed available even if it is not in use at all because such an outcome is consistent with congress intent to push pollution control technology  quoting assn of pac fisheries v epa 615 f2d 794 816 9th cir1980 weyerhaeuser co v costle 590 f2d 1011 1061 dccir1978,holding that it is not
149,"itself have been established through procedures satisfying the fair notice, reasonable doubt, and jury trial guarantees.” Id. at 249, 119 S.Ct. 1215. Huber argues that this language forbids the use of a prior conviction unless the conviction was the result of a jury verdict. This argument misapprehends the rationale behind the prior-conviction exception. Apprendi and Blakely set limits on judicial factfinding. See Blakely, 542 U.S. at 303-04, 124 S.Ct. 2531 (“[T]he ‘statutory maximum’ for Apprendi purposes is the maximum sentence a judge may impose solely on the basis of the facts reflected in the jury verdict or admitted by the defendant”) (em 80 (App.2005) (upholding sentencing enhancement based on prior misdemeanor conviction); Goldsberry v. State, 821 N.E.2d 447, 461 (Ind.App.2005) (<HOLDING>). We recognize that some courts and",124590,20242,2,case_hold_mc,holding that we cannot properly receive and consider evidence that was not presented to and considered by the trial court,holding that trial judge did not err in refusing to transfer to another judge defendants motion for substitution of judge for cause where defendants motion lacked specificity,holding that trial judge properly considered defendants misdemeanor convictions,holding when defendant waived objection to introduction of evidence but evidentiary hearing granted and judge considered claim defendants waiver was effectively waived by judge,holding that trial judge did not err in refusing to transfer to another judge defendants motion for substitution of judge for cause where defendants motion was not made in good faith
150,"Id. Oriedo objected that this was an undisclosed expert opinion, so the government withdrew the question and rephrased to ask whether the agent was “personally concerned” about the presence of two vehicles. Id. The agent responded in the affirmative because “more than one vehicle ... raises concerns about being countersurveillance [sic].” Id. (omission and bracketed text in original). We concluded that this was lay testimony under Rule 701 because, although the agent’s “specialized knowledge informed his mental state, he was not called upon to testify generally about narcotics counter-surveillance practices or to offer an explicit opinion that what he observed was counter-surveillance.” Id. (citation omitted); see also United States v. Rollins, 544 F.3d 820, 831-32 (7th Cir. 2008) (<HOLDING>). Similarly, Agent Labno’s experience with the",125440,20370,1,case_hold_mc,holding that plaintiff could not show that he was disabled because he conceded that he could do his job despite his impairment,holding that agent could testify as to his impressions of intercepted telephone conversations under rule 701 because he was explaining coded  words and phrases that were unique such that his understanding came only as result of things he had perceived not from specialized knowledge,holding that individuals could not maintain action against private citizens and law enforcement officers who intercepted individuals cordless telephone conversations as users of cordless telephone did not have justifiable expectation of privacy for their conversations,holding that defendant was not resident of his mothers household even though his drivers license listed his mothers address and he received mail there because he expressed a belief that his residence was in a different location than his mothers home he rented and occupied his own residence and he testified that he was only living with his mother after expiration of his lease until he could find another place to live,holding that a witness may testify about his subjective interpretation of a conversation in which he is participating as long as his opinion is rationally based on his perception and is helpful either to an understanding of his testimony or to the determination of a fact in issue
151,"because Sten-nes was no longer free to leave to avoid answering the officer’s questions. See Popple v. State, 626 So.2d 185, 187-88 (Fla.1993); Young v. State, 803 So.2d 880, 882 (Fla. 5th DCA 2002). As the fifth district has written, “positioning a patrol car to obstruct the path of [a] vehicle once it is stopped elevates the encounter to an investigatory stop.” Young, 803 So.2d at 882 (citing Griffin v. State, 800 So.2d 345, 347 (Fla. 4th DCA 2001)) (stating “when [the officers] drove their vehicle behind the appellant’s car, effectively preventing his exit, [the appellant] could not leave. Therefore, the police effected a stop unsupported by either reasonable suspicion or probable cause.”) (citations omitted); see Richardson v. State, 291 So.2d 253, 255 (Fla. 1st DCA 1974) (<HOLDING>); see also L.J.S. v. State, 905 So.2d 222, 225",126296,20496,2,case_hold_mc,holding that although officers observation and stop of the defendants vehicle occurred outside of the officers geographical jurisdiction the officer still had jurisdiction where the officer was requested by a state trooper to stop the suspects vehicle,holding automobile exeeption did not apply to warrantless search of vehicle where vehicle was not readily mobile because the vehicle was legally parked in parking lot occupants of vehicle were seated on a bench in the playground near the parking lot police officers surrounded the vehicle and the driver of the vehicle was handcuffed for safety purposes,holding a stop was effected where officers vehicle blocked defendants vehicle from proceeding,holding that the stop of defendants vehicle was unlawful where officers stopped the vehicle to check the license and registration but had observed no suspicious activity,holding that officers had reasonable suspicion to conduct a vehicle stop where official license and registration records reflected that the vehicle was registered to a driver with a revoked license
152,"case. Having determined that the court only has subject matter jurisdiction to review the fiscal intermediary’s action in denying the interest expense based on § 413.153(c)(1), the court now reviews that action. However, there is no longer anything for the court to review. The parties have resolved the issue between themselves. The Secretary has conceded that the fiscal intermediary’s action of disallowing the interest expense solely because the loans were from related parties was an error of law. Thus, because it is undisputed that the fiscal intermediary erred, the proper action at this juncture is for the court to remand the case to the Secretary. See South Prairie Constr. Co. v. Local No. 627, Int’l Union of Operating Eng’rs, 425 U.S. 800, 806, 96 S.Ct. 1842, 48 L.Ed.2d 382 (1976) (<HOLDING>); Federal Power Comm’n v. Idaho Power Co., 344",127147,20634,3,case_hold_mc,holding that a reviewing courts task is to determine whether there was substantial evidence before the administrative agency on the record as a whole to support the agencys conclusions,holding that when an administrative agencys decision was a mixed question of fact and law a reviewing court should apply a clearly erroneous standard of review,holding that summary judgment is appropriate when no issue of material fact exists and the court is reviewing administrative record for sufficiency of evidence,holding that the function of the reviewing court ends when the administrative agencys error on the legal issue is laid bare,holding that the district court is limited to considering the administrative record in reviewing the denial of benefits under an erisa plan
153,"still pending as of the time plaintiffs filed the § 301 action. The six-month limitations period for challenging a union’s action under § 301 begins running when a union takes an “unequivocal position” that it will not pursue an employee’s claim against the employer. Glass, Molders, Pottery, Plastics & Allied Workers Local v. A-CMI Mich. Casting Ctr., 191 F.3d 764, 767 (6th Cir.1999). In the present case, the UAW’s GM representative publicly informed Delphi employees on December 1, 2000, that the union did not object to the Delphi spin-off, the Trenton facility closure, or the SAP. As of this date, Zeek reasonably should have known of the union’s unequivocal position regarding the plant closure and SAP. See Chrysler Workers Ass’n v. Chrysler Corp., 834 F.2d 573, 579-81 (6th Cir.1987) (<HOLDING>). The plaintiffs did not file their § 301",128007,20774,3,case_hold_mc,holding that hybrid section 301 action could not be maintained until plaintiff could fairly allege that the union refused to process his grievance,holding that timeliness of section 301 hybrid claim against union is measured from the date the internal union appeals procedure is exhausted or broken down,holding that the statute of limitations begins to run under federal law when plaintiffs knew or should have known of the injury which forms the basis of their claims,holding that a knew or should have known standard applies to triggering of statute of limitations for action against union in hybrid  301 action,holding that a cause of action accrues when the claimant knew or reasonably should have known of the wrong
154,"concluded, that the city’s conduct was operational because it failed to implement its plan to reconstruct the water main once it received adequate funding from a grant. But as we have previously discussed, because no development plan for Main Street was in place at the time of the January 2015 leak, there was no definite reconstruction plan that the city failed to implement. And even if there had been a definite plan, the city’s conduct was constrained by economic considerations. Holmquist, 425 N.W.2d at 234 (“Sometimes the implementation of a policy itself requires policymaking.”). Magnolia next asserts that the city’s conduct was operational because the city delayed infrastructure repairs of a known hazard. See Marlow v. City of Columbia Heights, 284 N.W.2d 389, 391-92 (Minn. 1979) (<HOLDING>). In Marlow, the supreme court held that",128861,20913,2,case_hold_mc,holding that in order to maintain a derivative cause of action a shareholder must maintain a continuous ownership interest in the corporation,holding that a business owner has a duty to use reasonable care to maintain premises in a reasonably safe condition for patrons,holding that the failure to maintain the facility in a safe condition or to warn of hazards was an  operational failure following the planning decision to operate and maintain the public landing,holding that a failure to warn was not a policy judgment,holding that passenger cannot maintain action for breach of implied warranty to provide safe passage
155,"of the statute, the FDA’s regulations, the FDA’s internal interpretation, and precedent all demonstrate that a sterilizer for dental hand-pieces is a “device” as that term is defined in 21 U.S.C. § 321(h). That being so, both SteriSafe and its accessory SteriDot are within the jurisdiction of the FFDCA. Defendant nevertheless posits three reasons why SteriSafe and SteriDot are not devices. First, defendant argues that the government failed to prove that dental handpieces transmit disease and, thus, that SteriSafe actually prevents disease. Such proof is not required. Congress had two purposes in enacting' the FFDCA: (1) to regulate products that actually prevent disease, and (2) to regulate products that falsely claim that they prevent disease. Because of those d 1006 (9th Cir.1952) (<HOLDING>). Defendant next argues that the Steri-Safe is",129714,21048,1,case_hold_mc,holding that because the doctor who submitted an expert report did not demonstrate knowledge of cancer treatment he was not qualified to offer an opinion that an earlier diagnosis could have produced a better outcome for the plaintiff,holding that a machine that allegedly eliminated lumps from womens breasts was governed by the ffdca even though expert witnesses expressed the unanimous belief that appellants instruments are useless for diagnosis or treatment of any human ailment,holding the expert witnesses were protected by witness immunity to ensure expert objectivity,holding in a case where there was no evidence that the expert was incompetent or that the petitioners lawyers had any reason to question the experts professional qualifications that it was objectively reasonable for  trial counsel to rely upon the experts diagnosis,holding that the admissibility of expert testimony was governed by state law
156,"the burden of proving (1) that the defendant was enriched, (2) that such enrichment was at the plaintiff’s expense, and (3) “that the circumstances were such that in equity or good conscience [the defendant] should return the money or property to [the plaintiff].” Martin v. Martin, 54 V.I. 379, 394 (V.I. 2010) (citing Gov’t Guarantee Fund of Republic of Finland v. Hyatt Corp., 955 F. Supp. 441, 460, 35 V.I. 356 (D. V.I. 1997)). However, this Court summarily adopted those elements of unjust enrichment by citing a single District Court of the Virgin Islands case, without determining whether that rule represents the sounder rule for the Virgin Islands. See Gov’t of the V.I. v. Connor, 60 V.I. 599, 607 n.1 (V.I. 2014); Banks v. Int’l Rental & Leasing Corp., 55 V.I. 967, 979 (V.I. 2011) (<HOLDING>). Moreover, after this Court issued its Martin",130572,21179,3,case_hold_mc,recognizing that a trial judge can implicitly find a prosecutors proffered reasons credible,recognizing that a construction contract implicitly imposes a duty on contractors to perform work according to the standard of due care,recognizing wrongful adoption cause of action grounded in fraud and fraudulent misrepresentation,recognizing that the legislature implicitly repealed 1 vic  4 through its adoption of 4 vic  21 in 2004,recognizing this purpose albeit implicitly
157,"of peremptory strikes, the holdings of those Supreme Court opinions would be undermined. But we can engage in no comparative juror analysis here, because we do not know what happened during the entirety of the voir dire. Because we hold that, under the clearly established Supreme Court precedent of Batson, comparative juror analysis is an important tool that courts should utilize on appeal when assessing a defendant’s plausible Batson claim, we also must conclude that all defendants, including those who are indigent, have a right to have access to the tools which would enable them to develop their plausible Batson claims through comparative juror analysis. “[T]he State must provide an indigent defendant with a transcript of prior 94, 87 S.Ct. 362, 17 L.Ed.2d 290 (1966) (per curiam) (<HOLDING>). We recognize that the Court has never",131429,21323,0,case_hold_mc,holding that a courts failure to provide a defendant with any portion of a habeas transcript was error,holding that any error was harmless and thus not plain error,holding that appellants waived any claim of error as to the portion of the lower courts ruling that they did not expressly challenge on appeal,holding that the lack of evidence that the magistrate judge examined the trial transcript in its sufficiencyoftheevidence analysis left the court no alternative but to reverse the denial of habeas relief and remand for review of the transcript,holding that failure to review the evidence presented to the magistrate and failure even to have a transcript filed with the district court  was reversible error
158,"statute? [Counsel]: There’s no answer that I can give Your Honor, just wasn’t done, and my argument is that the merits of the statute, the substance, the intent of it has been fulfilled based on the report that has been provided. It is apparent that non-compliance with the statute in this case was due to attorney carelessness. An attorney’s carelessness does not qualify as an extraordinary circumstance. See Palanque, supra, 327 N.J.Super. at 164, 742 A.2d 1002; see also Burns v. Belafsky, 326 N.J.Super. 462, 471-72, 741 A.2d 649 (App.Div.1999); Hyman Zamft Manard, L.L.C. v. Cornell, 309 N.J.Super. 586, 593, 707 A.2d 1068 (App.Div.1998); cf. Hartsfield v. Fantini, 149 N.J. 611, 619, 695 A.2d 259 (1997) and Wallace v. JFK Hartwyck at Oak Tree, Inc., 149 N.J. 605, 610, 695 A.2d 257 (1997) (<HOLDING>). The order is reversed. The case is remanded",132279,21459,0,case_hold_mc,holding in both eases that an attorneys mistake cannot give rise to extraordinary circumstances capable of relaxing the thirtyday limitations period for filing a demand for a trial de novo after arbitration,holding that the proper review for the trial courts application of the law is de novo,holding plaintiffs motion for trial de novo of award in counterclaim only but not of damages awarded in main cause of action was not void and remanding for a trial de novo of both the main cause of action and the counterclaim,holding that review of the denial of a motion to compel arbitration is under the de novo standard,recognizing de novo standard of review
159,"of a consecutive five-year sentence where a defendant possesses a firearm in furtherance of a crime of violence; however, “if the firearm is brandished, [the defendant shall] be sentenced to a term of imprisonment of not less than 7 years.” 18 U.S.C. § 924(c)(l)(A)(ii). “A defendant may be convicted of a § 924(c) charge on the basis of a coconspirator’s use of a gun if the use was in furtherance of the conspiracy and was reasonably foreseeable to the defendant.” United States v. Wilson, 135 F.3d 291, 305 (4th Cir.1998). Moreover, a defendant may be convicted of a § 924(c) offense on the basis of eoconspirator liability even without a separate conspiracy charge. United States v. Zackery, 494 F.3d 644, 647-48 (8th Cir.2007); cf. United States v. Ashley, 606 F.3d 135, 143 (4th Cir.2010) (<HOLDING>). Applying these standards, we hold that the",133139,21602,0,case_hold_mc,holding that vicarious coconspirator liability need not be charged in the indictment,holding that prior convictions relevant only to the sentencing of an offender found guilty of the charged crime do not need to be charged in an indictment or proven to a jury beyond a reasonable doubt,holding that an indictment gave sufficient notice when the indictment charged the elements of the offense,holding that elements of statute which became  924e need not be reflected in indictment for crime charged,holding that apparent authority as a separate theory of vicarious liability should not be considered in ftca claims
160,"material fact or any omission to state a material fact necessary in order to make the statements made, ■ in the light of the circumstances under which they were made, not misleading. H. To sign or circulate any statement, prospectus, or other paper or document required by any provision of this Act or pertaining to any security knowing or having reasonable grounds to know any material representation therein contained to be false or untrue. I. To employ any device, scheme or artifice to defraud in connection with the sale or purchase of any security, directly or indirectly. 815 111. Comp *3 (N.D.Ill. Feb. 9, 1996) (“[S]cienter is not an essential element to an action under the Illinois Blue Sky laws.”). But see People v. Whitlow, 89 Ill.2d 322, 60 Ill.Dec. 587, 433 N.E.2d 629, 634 (1982) (<HOLDING>). In the instant case, Allstate has adequately",133996,21745,3,case_hold_mc,holding dismissal proper where complaint fails to allege an essential element of plaintiffs claim,holding that causation is an essential element in failure to warn claim,holding that under illinois law interpreting the meaning of a contract is a question of law determined by the court,holding that scienter is an essential element of a claim alleged under  121 of the illinois security law,holding dollar amount is not an essential element
161,"validity of those prior convictions used to enhance his sentence regardless of when they occurred. Davis’ and Williams’ convictions are AFFIRMED. We VACATE their sentences and REMAND to the district court for re-sentencing. 1 . The parties stipulated that the substance was cocaine base on the second day of trial. 2 . The government argues on appeal that Richardson was not acting as a government agent. But the government cannot make use of an informer and then claim disassociation. See Sherman v. United States, 356 U.S. 369, 375, 78 S.Ct. 819, 822, 2 L.Ed.2d 848 (1958). Where, as here, the informant was clearly acting on behalf of the government before inducing a defendant, the informant is an agent of the government. See id.; United States v. Bushy, 780 F.2d 804, 806-07 (9th Cir.1986) (<HOLDING>). 3 . Williams did not contest the court's",134857,21890,0,case_hold_mc,holding that inducement occurring before the informant was directed or supervised by the government could not support an entrapment defense,holding an inducement to commit a crime by a private party who has no government involvement does not establish an entrapment defense,holding the defendant is entitled to an entrapment instruction when sufficient evidence exists from which a reasonable jury could find entrapment,holding that defendant was not entitled to entrapment instruction when there was insufficient evidence to support such an instruction,holding that a request for an instruction on entrapment should be refused even if there is evidence to support the defense if the defendant has denied under oath the acts constituting the crime that is charged
162,"is limited in applicability to only cases, like this one, in which the total noneconomic damages awarded by the jury were in excess of both of the $250,000 caps and in excess of the $500,000 combined total of both applicable caps; the jury here awarded $1,725,000 in noneconomic damages. 29 . Chesser argues that because a jointly and severally liable defendant possesses a right of contribution, the statutory provisions at issue do not conflict. A right of contribution, however, presupposes that the defendant has actually paid the damages — that is, has already been civilly liable — for noneconomic damages in excess of the $250,000 cap applicable to that defendant, in violation of the express language of section 74.301(b). See Tex. Civ. Prac. & Rem.Code Ann. § 33.015(a), (b) (West 2008) (<HOLDING>). 30 . Appellees concede that Hospital remains",135713,22033,3,case_hold_mc,recognizing a right to contribution,recognizing that prior to 1949 when the statute permitting contribution among joint tortfeasors was enacted no right of contribution existed between jointtortfeasors in delaware,recognizing contribution in the appropriate case,recognizing in both subsections a right of contribution when a defendant has paid a percentage of damages greater than his percentage of responsibility,recognizing right of contribution against joint tortfeasor where release is obtained on his behalf
163,"515 N.W.2d at 39 (citing the Rich tripartite test, and noting that since Rich we have adhered to its analysis regarding application of the incidental rule); Ripperger, 514 N.W.2d at 750-51. I think it is apparent that a challenge to the instruction, particularly in a case where the evidence supporting confinement in excess of that incidental to sexual abuse was thin, a challenge to a jury in-, struction as not conforming with Rich and its clear progeny applying the tripartite test was a claim worth raising. See State v. Schoelerman, 315 N.W.2d 67, 72 (Iowa 1982) (finding nothing would have stopped an attorney from raising an issue if the attorney would have consulted the law in other jurisdictions when none existed in Iowa); see also State v. Ross, 845 N.W.2d 692, 698 (Iowa 2014) (<HOLDING>); State v. Ondayog, 722 N.W.2d 778, 785 (Iowa",136573,22173,4,case_hold_mc,holding that neither failure to object to an instruction nor an express statement of no objection to an instruction waive plain error review pursuant to rule 3020,holding that the failure to object to an instruction constitutes a waiver of error,holding failure to disclose may constitute supplying false information to support negligent misrepresentation claim where such failure breaches a statutory duty,holding that a party must submit a proposed instruction to preserve an objection for appeal,recognizing failure to preserve error by objecting to an inaccurate jury instruction breaches an attorneys duty
164,"otherwise nonremovable claims or causes of action, the entire case may be removed and the district court may determine all issues therein, or, in its discretion, may remand all matters in which State law predominates. 28 U.S.C. § 1441(c). While the amended third-party complaint alleges a claim involving a federal question against the Chase Defendants, the Circuits are split on whether section 1441(c) permits removal by a third-party defendant. Compare Lewis v. Windsor Door Co., 926 F.2d 729, 733 (8th Cir.1991) (‘We do not ... believe § 1441(c) was intended to effect removal of a suit, not otherwise within federal jurisdiction, because of the introduction of a third-party claim.” (internal quotations omitted)) and First Nat’l Bank of Pulaski v. Curry, 301 F.3d 456, 465 (6th Cir.2002) (<HOLDING>) with Carl Heck Eng’rs, Inc. v. Lafourche",137427,22317,1,case_hold_mc,holding that review of an original removal decision and a subsequent removal order are distinct,holding that removal under section 1441c may only be done by the original defendant,holding that  1441c does not allow the remand of claims that are not separate and independent,recognizing that  1441c limits removal to situations in which a federal question is joined with a separate and independent claim of a nonfederal nature,holding that any defect in removal procedure must be cured within the 30day removal period or it is fatal to the removal and defendants failure to attach exhibits to the notice of removal within that time required remand
165,"337, 338 (9th Cir.1986) (“If the district court finds that more than 20 percent of the plaintiffs’ work was not rendered to aid the operation of the vessel as a means of transportation, then plaintiffs were not ‘seamen’ and are entitled to overtime compensation under the FLSA.”). And, perhaps most importantly, Alabama Pilot’s argument glosses over the fact that the DOL announced its 20% rule in the context of the seaman exemption back in 1948. Congress has had 59 years to correct any misreading of its intent by the DOL’s implementing regulations. As defendant itself recognizes, Congress has taken full advantage of that opportunity to revise the FLSA in other respects, but has left this aspect of the seaman exemption untouched and undespoiled. See Petroleum Treaters, 876 F.2d at 522 (<HOLDING>). This omission is presumed to be the product",138280,22452,0,case_hold_mc,recognizing that in 1961 congress revised the seaman exemption in certain respects but did not change dols interpretive definition as to who qualifies as seamen,holding that rule 6e qualifies as a statute for purposes of exemption 3,holding act qualifies as exemption statute under exemption 3,holding that  6103 qualifies as an exemption statute,holding that the statute qualifies as an exemption 3 statute
166,"policy, (DE 50, pg. 35), count 6 of the amended complaint is a claim for rescission of the life insurance policies based on “the brokers” fraudulent actions allegedly committed in violation of the brokerage agreements. (DE 50, pg. 33-34). This Court therefore RECOMMENDS that the District Court GRANT the Mo tion to Compel Arbitration as to Defendants Richardson and LBEG. See Provident Bank, 141 F.Supp.2d at 313-314 (granting motion to compel arbitration of claims including fraud, breach of fiduciary-duty, negligence, and rescission where arbitration clause provided that all disputes ‘arising out of the agreement were to be settled by arbitration, and because all the claims arose out of alleged breaches of duty imposed by the parties’ loan agreement); Sease, 697 F.Supp. at 1192-1193 (<HOLDING>) (citing Shearson Hayden Stone, Inc., 671 F.2d",139136,22592,0,case_hold_mc,holding that claims of breach of fiduciary duty negligence and fraud were subject to arbitration in light of broad arbitration clause which called for arbitration of any controversy  arising out of or relating to this agreement breach thereof or any aecounts  ,holding that trial court properly denied motion to compel arbitration of claims for fraud and unfair and deceptive trade practices because arbitration clause in agreement only applied to indemnification claims and there were no other arbitration clauses in agreement,holding that a clause covering any controversy or claim  related directly or indirectly to this agreement was a broad arbitration clause,holding that a clause requiring arbitration of any controversy or claim that shall arise out of this agreement or the breach thereof was sufficiently broad to cover a 1934 securities act claim involving fraudulent misrepresentation,holding that the language of the arbitration clause   any controversy or claim arising out of     was broad enough to encompass the plaintiffs claim alleging fraud in the inducement of the contract
167,"on a motion to suppress under an abuse of discretion standard. Padillas v. Stork-Gamco, Inc., 186 F.3d 412, 418 (3d Cir.1999) (stating that whether to hold evidentiary hearing on admissibility of contested evidence “rests in the sound discretion of the district court.’’). 2 . Other Courts of Appeals likewise require a defendant to raise significant factual disputes in order to receive a pretrial evidentiary hearing. See United States v. Howell, 231 F.3d 615, 620 (9th Cir.2000) (stating “An eviden-tiary hearing on a motion to suppress need be held only when the moving papers allege facts with sufficient definiteness, clarity, and specificity to enable the trial court to conclude that contested issues of fact exist.”); United States v. Glass, 128 F.3d 1398, 1408-1409 (10th Cir.1997) (<HOLDING>); United States v. Sophie, 900 F.2d 1064,",139992,22724,3,case_hold_mc,holding that when material facts that affect the resolution of a motion to suppress evidence seized during a warrantless search are in conflict the appropriate way to resolve the conflict is by holding an evidentiary hearing after which the district court will be in a position to make findings,holding that an evidentiary hearing is not required if there are no factual issues in dispute,holding that a defendant must present sufficiently detailed and controverted factual allegations in order to receive an evidentiary hearing,holding that defendant bears the burden of showing there are material facts in dispute and an evidentiary hearing is only required when the motion to suppress raises factual allegations that are sufficiently definite specific detailed and nonconjectural to enable the court to conclude that contested issues of fact going to the validity of the search are in issue,holding plenary hearings are required when there are contested issues of material fact on the basis of conflicting affidavits
168,"bankruptcy petition was filed. According to the live pleadings, Buffington suffered damages proximately caused by the alleged negligence because, in August 2007, a restraining order was entered forbidding him from entering the premises to his business warehouse or operating his business and an injunction was granted allowing the trustee to take possession of and ultimately sell the business’s assets. Presuming for the sake of argument that Buffington’s claim is a viable one, Sharp alleges that Buffington’s damages occurred only after the bankruptcy petition was filed. See In re Swift, 129 F.3d 792, 800 (5th Cir.1997) (providing that no damage was suffered until a creditor objected to an exemption after debtor filed for bankruptcy); In re Swift, 198 B.R. 927, 931 (Bankr.W.D.Tex.1996) (<HOLDING>). See also Goggin v. Grimes, 969 S.W.2d 135,",140843,22857,4,case_hold_mc,holding that the right of action accrued upon failure to perform contract,holding that the cause of action accrued on the date of sale,holding that the payments accrued,holding that the plaintiffs cause of action accrued on the date of the repealer statute not on the date the wrong occurred despite the federal courts ruling as to the statutes unconstitutionality,holding the negligence claim accrued postpetition because the action on which it was based occurred postpetition
169,"so as to give full meaning and effect to all of its provisions”(alterations, internal quotation marks and citation omitted) (emphasis added)). A party who has agreed to a particular term in a valid contract cannot later renege on that term or unilaterally declare it to no longer apply simply because the contract could have been formed without it. Contracting parties are bound to perform on the terms that they did agree to, not what they might have agreed to under different circumstances. Reyes counters that because the TCPA is a remedial statute enacted to protect consumers from unwanted telephone calls, any ambiguities in its text must be construed to further that purpose. See Atchison, Topeka & Santa Fe Ry. Co. v. Buell, 480 U.S. 557, 562, 107 S.Ct. 1410, 94 L.Ed.2d 563 (1987) (<HOLDING>); E.E.O.C. v. Staten Island Sav. Bank, 207 F.3d",141699,22988,1,case_hold_mc,holding that federal courts should apply state substantive law,holding that when interpreting broad remedial statutes courts should apply a standard of liberal construction in order to accomplish congresss objects citation omitted,holding on to objects in the room,holding that statutes are to be interpreted in accordance with the legislative intent and in a manner that will not render the statutes application absurd unreasonable or unjust internal quotation marks and citation omitted,holding federal courts should apply the aedpas deferential standard of review even when the petitioners claims have been summarily denied by the state courts
170,"unfair prejudice. See United States v. Downing, 297 F.3d 52, 59 (2d Cir.2002). b.Heroin Sales Evidence The district court acted within its discretion in concluding that Serrano’s involvement in four heroin sales between December 2012 and January 2013 was not being offered to prove propensity but, rather, as direct evidence of the 2012 to July 2013 conspiracy to distribute and possess with intent to distribute one kilogram or more of heroin. See United States v. Eppolito, 543 F.3d 25, 47 (2d Cir.2008) (“Where, as here, the indictment contains a conspiracy charge, uncharged acts may be admissible as direct evidence of the conspiracy itself.” (internal quotation marks omitted)). As such, this evidence was highly probative, see United States v. Concepcion, 983 F.2d 369, 392 (2d Cir. 1992) (<HOLDING>), and not unfairly prejudicial so as to",142554,23131,0,case_hold_mc,recognizing high probative value of act done in furtherance of conspiracy because it is part of the very act charged,holding criminal conspiracy is sustained where the commonwealth establishes the defendant entered into an agreement to commit or aid in an unlawful act with another person with a shared criminal intent and an overt act was done in furtherance of the conspiracy a coconspirator may commit the overt act and conspirators are liable for acts of the coconspirators committed in furtherance of the conspiracy,recognizing requirement that defendant conspired to commit an overt act in state in furtherance of the conspiracy,holding that venue is proper in any district where any act in furtherance of the conspiracy took place,recognizing high probative value of evidence providing conduct that was part of the very act charged
171,"Restatement was not error. Plaintiffs rely on Bell v. Poplar Bluff Physicians Group, Inc., for the contention that incidental transfer of a product does not relieve an entity from strict products liability. Bell v. Poplar Bluff Physicians Group, Inc., 879 S.W.2d 618, 619 (Mo.App.1994). This case is distinguishable however, because in Bell there was no question that the implant placed into petitioner’s body was done so in the course of the business of respondent. Id. The issue was whether respondent was a “seller” within the meaning of section 402A of the Restatement (Second) of Torts. Id. In this case, the issue is whether Corrigan sold the manlift in the course of its business. This is apparently a question of first impression in Missouri. Corrigan characterizes the issue 713 (1975) (<HOLDING>). The case of Abbott v. U.S.I. Clearing Corp.,",143407,23266,3,case_hold_mc,holding that for a transaction to constitute a sale and trigger a first right of refusal it must involve an armslength transaction resulting in an actual change in control of the burdened property rather than simply moving it from the individual owners to an entity controlled by them,holding that net lease provisions in agreement together with other factors establish that the transaction is a sale,holding that an auction sale by an unlicensed auctioneer did not invalidate the sale,holding that the onetime sale of an industrial saw by a sawmill was an isolated transaction that did not come within the provisions of section 402a,holding that an isolated derogatory remark did not create an inference of discrimination
172,"I, who sought an injunction against any federal or state court proceedings in conflict with the ruling in Canady I pursuant to the All Writs Act. 28 U.S.C. § 1651 (enabling federal courts to “issue all writs necessary or appropriate in aid of their respective jurisdictions”). The judgment protected by the injunction is the judgment in Canady I, which was properly issued in federal court, as it is undisputed that appellants properly filed their original class action complaint in federal court. As long as the original lawsuit was properly brought in federal court, the federal court retains subject matter jurisdiction to remove any subsequent state law action to federal court for purposes of applying the All Writs Act. See Xiong v. Minnesota, 195 F.3d 424, 426-27 (8th Cir.1999) (Xiong) (<HOLDING>); see also NAACP v. Metropolitan Council, 144",144266,23405,0,case_hold_mc,holding that removal to federal court was proper for claims asserted under all writs act,holding that this court has authority in appropriate circumstances to issue writs under all writs act 28 usc  1651a,holding that district court had jurisdiction to consider claims under the all writs act,recognizing the all writs act gives federal courts authority to issue writs of coram nobis to correct fundamental errors in criminal proceedings where the person is no longer in custody,holding that the all writs act does not provide an independent basis for supplemental federal jurisdiction in situations where federal jurisdiction is otherwise wholly lacking
173,"unconditional, in that Defendants were expressly informed that their purchase of components from Intel did not grant them a license to infringe LGE’s patents by combining those components with other non-Intel parts. LGE is correct that the patent exhaustion doctrine requires an unconditional sale. B. Braun Medical, Inc. v. Abbott Lab., 124 F.3d 1419, 1426 (Fed.Cir.1997) (“[It is] an unconditional sale of a patented device [or its essential components that] exhausts the patentee’s right to control the purchaser’s use of the device thereafter.”). Further, LGE is correct that it is entitled to impose conditions on the sale of its patented products or the essential components of its patented products, if it chooses. Mallinckrodt, Inc. v. Medipart, Inc., 976 F.2d 700, 706-08 (Fed.Cir.1992) (<HOLDING>). Nor is there any support in the case law for",145123,23543,2,case_hold_mc,holding in the analogous context of choiceoflaw in relation to the sale of personal property that compensation for arranging the sale is assessed apart from underlying sale,holding that a claim arises from the purchase or sale of a security only if there is an allegation of fraud in the purchase sale or issuance of the  instrument,holding that the patent exhaustion doctrine is only applicable if there is an unconditional sale and that private parties retain the freedom to contract concerning conditions of sale,holding that an assignment or sale of rights in the invention and potential patent rights is not a sale of the invention within the meaning of section 102b,holding that the new jersey real estate licensing act is applicable to the sale of a company through a stock sale
174,"Id. at 153, 121 S.Ct. 2079; see also United States v. Parker, No. WDQ-09-0360, 2011 WL 4682177, at *2 (D.Md. Oct. 3, 2011) (“Article IV(e)’s dismissal is strictly interpreted; there are no exceptions for de minimis, technical, or harmless errors.”); United States v. Gezelman, 522 F.Supp.2d 344, 347 (D.Mass.2007) (interpreting Bozeman as rejecting the view that a prisoner must be involved in rehabilitative programs for the IAD to apply and holding that the IAD must be strictly applied). Because the interpretation of the IAD is a question of federal law, we must follow the Supreme Court of the United States’ holding in Bozeman. See Cuyler, 449 U.S. at 438, 101 S.Ct. 703; In re All Assessments, 67 S.W.3d 805, 818-19 (Tenn.Ct.App.2001) (“[O]nly the decisions of the United Stat t.App.2000) (<HOLDING>); State v. Breen, 126 Idaho 305, 882 P.2d 472,",145983,23677,0,case_hold_mc,holding the iad inapplicable to a prisoner at a temporary holding facility and noting that while there may be an occasional case in which a prisoner awaiting transfer is involved in rehabilitative programs offered at the local facility such rehabilitation efforts themselves ultimately would be disrupted by that prisoners transfer to his permanent correctional residence,holding that because the stated purpose of the iad is to prevent interference with a prisoners rehabilitative environment there is no reason for the iad to apply to a prisoner until he or she is assigned to the institution where the sentence will be served,holding that an inmate had no liberty interest in avoiding transfer to a more restrictive facility,holding the iad was not applicable to a prisoner who had been sentenced but was incarcerated in a local jail or holding facility while awaiting transfer to the assigned penal institution,holding that court would not imply a bivens cause of action for a prisoner held in a private prison facility
175,"asserts that the real reason for his termination was UPS’s failure to reasonably accommodate his disability. “Whether summary judgment is appropriate ... depends on numerous factors, including the strength of the employee’s prima facie case, the probative value of the proof that the employer’s explanation is false, and any other evidence that supports the employer’s case and that properly may be considered.” Price v. Fed. Express Corp., 283 F.3d 715, 720 (5th Cir.2002). We conclude that Cooper has not produced sufficient evidence from which a reasonable factfinder could infer that Cooper was discharged as retaliation for filing claims of discrimination. Accordingly, summary judgment in favor of UPS on Cooper’s retaliatory discharge claims is appropriate. Cf. McCoy, 492 F.3d at 562 (<HOLDING>). III. CONCLUSION For the foregoing reasons, we",146843,23817,2,case_hold_mc,holding that plaintiff cannot establish pretext because she is unable to show any causal connection her complaints and the adverse action,holding that the plaintiffs evidence of pretext was insufficient because the plaintiff failed to present evidence that the employer did not honestly believe its proffered reasons for its action,holding that summary judgment was appropriate where plaintiff attempted to prove pretext simply by showing that the defendant knew of her complaints and took an adverse employment action shortly thereafter and did not offer reasons as to why the legitimate reasons proffered for her discharge were pretextual,holding that posthoc reasons for an adverse employment decision constitute evidence of pretext,holding that the conflicting explanations given by defendants agents for the plaintiffs termination were also sufficient to raise a reasonable inference that defendants proffered reasons for the termination were pretextual the inconsistent testimony  regarding the motivating reasons for plaintiffs termination cast doubts on the asserted nondiscriminatory legitimate reasons and may alone  be sufficient to preclude summary judgment on plaintiffs claim
176,"was first introduced prior to his taking the stand, Valentine took the stand and presented testimony that he was silent when told he was under arrest for murder. Because Valentine testified to his own silence, neither Doyle nor Fletcher clearly applies to these facts. We conclude that the state court decision is not contrary to Supreme Court law, and consider whether the state court’s application of clearly established law was objectively unreasonable. Circuit court precedent is relevant only to the extent that it “illuminates the application of clearly established law.” Casey v. Moore, 386 F.3d 896, 907 (9th Cir.2004). In this case, circuit court precedent reveals a divergence of opinion in cases addressing this issue. Compare United States v. Moore, 104 F.3d 377, 385 (D.C.Cir.1997) (<HOLDING>); United States v. Whitehead, 200 F.3d 634, 638",147700,23946,3,case_hold_mc,holding that the government may comment on a defendants prearrest premiranda silence as well as his postarrest pr emiranda silence,holding that the admission of a defendants postarrest premiranda silence in the prosecutions caseinchief violates the fifth amendment because the defendant was in custody,holding that substantive use of prearrest silence is contrary to fifth amendment,holding that introduction of defendants premiranda custodial silence is violation of fifth amendment,holding fifth amendment prohibits comment on accuseds silence during police custodial interrogation
177,"the view before and after the trees were cut down after the accident. They could easily be compared to other photographs depicting the trees present at the intersection the night Haley approached the intersection. Any error in the admission of testimony is rendered harmless if the objecting party subsequently permits the same or similar evi dence to be introduced without objection. Gee v. Liberty Mut. Fire Ins. Co., 765 S.W.2d 394, 896 (Tex.1989); Dalworth Trucking Co. v. Bulen, 924 S.W.2d 728 (Tex.App.-Texarkana 1996, no pet.). Thus, the error in admitting other evidence of the subsequent remedial measures was rendered harmless. We overrule this contention of error. We affirm the judgment. 1 . But see Sipes v. City of Grapevine, 146 S.W.3d 273, 285 (Tex.App.-Fort Worth 2004, no pet.) (<HOLDING>). 2 . See Jezek v. City of Midland, 605 S.W.2d",148560,24081,4,case_hold_mc,holding that the district court did not have jurisdiction and remanding the matter to state court,holding that a conclusion that reasonable suspicion supported the stop of a vehicle was subsumed within the trial courts ruling that the officer had probable cause for the stop,holding that the district courts order refusing to exercise jurisdiction and remanding to the magistrate court for trial was sufficiently final for purposes of appeal and then determining that the remand was in error,holding that superior court erred in reversing trial courts order granting new trial and remanding for a new trial limited to apportionment of damages,holding there was some evidence that city had negligently implemented discretionary act involving stop light and remanding for trial
178,"District Attorney’s Office to discriminate in the jury selection process. On April 26, 2007, the PCRA court issued an order denying Appellant relief and the instant appeal followed. Appellant raises the following claim: The lower court erred by limiting Appellant’s hearing solely to proof of a policy or culture of discrimination by the Philadelphia District Attorney and further erred by denying Appellant the opportunity to develop and prove discrimination in his case. Before we proceed with a review of the merits of this issue, we must ascertain whether the PCRA court was correct in its conclusion that Appellant timely filed his fifth PCRA petition for, if he did not, we are without jurisdiction to address his claim. Commonwealth v. Abu-Jamal, 596 Pa. 219, 941 A.2d 1263 (2008) (<HOLDING>). Pursuant to 42 Pa.C.S. § 9545(b)(1), any PCRA",149420,24221,2,case_hold_mc,holding that railroad immunity act should be strictly construed,holding that the time requirements of the statute are as much a part of the jurisdictional threshold as the mandate to file for a rehearing and that the time limits must be strictly construed and may not be waived by ferc or evaded by the courts,holding pcra time limits are jurisdictional in nature and must be strictly construed,holding that a governments consent to be sued must be construed strictly in favor of the sovereign,holding  2513 to be jurisdictional and therefore must be strictly construed
179,"because they would no longer be moot. There was no Open Meetings Act violation; DNR simply listened to public complaints about loose horses. Any information gathered by DNR as a result of those investigations was not conclusive on any issue in dispute before the hearing o hat agency directive to use certain standard in awarding contracts was not regulation when agency had repeatedly required that standard and when standard was consistent with existing regulation). 13 . See Messerli v. Department of Natural Resources, 768 P.2d 1112, 1117-18 (Alaska 1989) (concluding that policy manual was not regulation because definitibns in manual merely conditioned already existing right), overruled on other grounds by Olson v. State, Dep't of Natural Resources, 799 P.2d 289, 292-93 (Alaska 1990) (<HOLDING>). 14 . See Op. at 143-144. 15 . See Op. at 139.",150273,24358,1,case_hold_mc,holding that the standard of review under rule 60 is abuse of discretion,holding that rational basis test used in messerli was incorrect and employing abuse of discretion standard of review for discretionary acts not requiring formal procedures to allow agencies latitude to act commensurate with their discretion,holding failure to exercise discretion is abuse of discretion,holding that the appropriate standard of review is abuse of discretion,holding that the judge did not abuse his discretion but applied an incorrect standard
180,"own participation in the speech of others. Where public property is a traditional or designated public forum, the government is limited as to what restrictions it can impose, despite the fact that the government is, in effect, subsidizing the speech and participating in it by giving speakers use of the public property. Further, as Forbes makes clear, at least in the context of broadcast political debates, where the government offers its resources to third parties for transmission of those parties’ communica tions “with minimal intrusion” by the government, the government may not engage in viewpoint discrimination even in a private forum. See id. at 1640; see also Rosenberger v. Rector and Visitors of the University of Virginia, 515 U.S. 819, 834, 115 S.Ct. 2510, 132 L.Ed.2d 700 (1995) (<HOLDING>) In these types of cases, however, the essence",151131,24495,3,case_hold_mc,holding that an identity of interest existed between the university and one of its doctors because the university took steps to provide counsel for the doctor and required that all communications concerning the plaintiffs claim be sent to the universitys risk management attorney or to the doctors counsel,recognizing private right of action,holding that speech addressing a private interest within a letter containing matters of public interest was protected and noting that we have emphasized that speech of public importance is only transformed into a matter of private concern when it is motivated solely by the speakers personal interests quotations omitted,holding that if university expends funds to encourage a diversity of views from private speakers then universitys right to control its own speech not at issue,holding student activity fees not to be state funds when they were segregated from university funds and the state treasury
181,"owed to a licensee and those owed to an invitee in premises liability cases based on conditions of the land. Id. at 94. In neither case did the parties assert or the court address whether a premises liability claim could arise out of an activity on the land. Here, defendant’s activity of mopping the floor created a condition in the concourse that led to plaintiffs injury. The legal rules concerning defendant’s liability for that injury apply, even if its activity created the condition on the premises that led to plaintiffs injury. See Ragnone v. Portland School Dist. No. 1J, 291 Or 617, 621-22, 633 P2d 1287 (1981) (describing duties of an occupier of land as to both conditions of and activities on the land); Bryant v. Sherm’s Thunderbird Mkt., 268 Or 591, 602-03, 522 P2d 1383 (1974) (<HOLDING>). Defendant next argues that the evidence did",151991,24633,3,case_hold_mc,holding that a company that cut removed and sold timber from land that secured a debt held by the plaintiff was liable as a matter of law under the gtccs because it had not first obtained the written consent of the plaintiff,holding that a company that cut and removed timber from land that secured a debt held by the plaintiff was liable as a matter of law under an earlier version of the gtccs because it had not first obtained the written consent of the plaintiff,recognizing duty of possessor of land or chattels to control conduct of licensee,holding that as one who does an act or carries on an activity upon land on behalf of the possessor refrigeration supply company could be liable for physical injury caused to others on premises as though it were a possessor of land when its employees allegedly removed plywood covering trench inside market and plaintiff tripped over exposed cables,holding that land sales contracts were not securities because they involved no investment in an enterprise even if land was bought on expectation that development of the area would increase the value of the land
182,"all the allegations in the complaint are true even if doubtful in fact.’ ” Corus Staal BV v. United States, 515 F.Supp.2d 1337, 1345 (CIT 2007) (quoting Bell Atl. Corp. v. Twombly, 127 S.Ct. 1955, 1959 (2007)). Canex argues that the Government failed to exhaust administrative remedies by commencing this action for liquidated damages without engaging in mitigation proceedings. Under 19 C.F.R. § 172.1(b) and 19 U.S.C. § 1623(c), a principal or surety can petition Customs for relief from payment of liquidated damages through such proceedings. See United States v. Cocoa Berkau, Inc., 990 F.2d 610, 615 (Fed. Cir. 1993). Mitigation proceedings are voluntary and informal, and relief is granted at the discretion of Customs. United States v. Ataka Am., Inc., 826 F. Supp. 495, 502 (CIT 1993) (<HOLDING>); Cocoa Berkau, 990 F.2d at 615 (“[T]he",152848,24779,1,case_hold_mc,recognizing that liquidated damages under the flsa  are compensation not a penalty or punishment ,holding that a mitigation proceeding for liquidated damages under 19 usc  1623cis voluntary,holding that because liquidated damages under the adea are punitive in nature a jurys award of state punitive damages and adea liquidated damages constitutes a double recovery and therefore reducing the total recovery by the amount of the liquidated damages award,holding that liquidated damages under the adea are intended to punish and deter while contrasting them to the legislative purpose of liquidated damages under the fsla,holding that liquidated damages under fair labor standards act constitutes compensation for the retention of a workmans pay which might result in damages too obscure and difficult of proof for estimate other than by liquidated damages
183,"he might have also attended other meetings where the Application was discussed, but he could not remember. After the Application was filed, D’Antonio and his staff assisted Applicant in drafting a public notice to be published in local newspapers pursuant to the statute. Once the notice was published, D’Antonio’s next contact with the Application was when he reviewed the findings and recommendations of the hearing examiner in his capacity as the State Engineer. Neither he nor any of his personnel assisted in drafting the Application. {70} Protestants rely on Reid and cite to other cases for the proposition that hearing officials like D’Antonio should be recused when there is an “appearance of bias.” See City of Albuquerque v. Chavez, 1997-NMCA-054, ¶¶ 15-16, 123 N.M. 428, 941 P.2d 509 (<HOLDING>); see also Reid, 1979-NMSC-005, ¶ 5 (holding",153698,24916,2,case_hold_mc,holding that a person is seized when a reasonable person would have believed that he was not free to leave,holding that compliance with an officers orders is a material fact when deciding whether the officers use of force was reasonable,holding that recusal is appropriate when a reasonable person would seriously doubt the hearing officers objectivity,holding that denial of a prerevocation parole violation hearing harmless beyond a reasonable doubt,holding potential prejudice caused by equating reasonable doubt with a substantial doubt mitigated by providing an alternate definition of reasonable doubt as a doubt that would cause a reasonable person to hesitate to act
184,"Civ. P. 329b. If within that time a party files a motion for a new trial or a motion to vacate, modify, correct, or reform the judgment, then the trial court’s plenary power is'extended for thirty days after the last such motion is expressly or implicitly overruled. Id. The Manns contend that the sanctions order is void because the trial court signed it more than thirty days after it signed the final judgment even though no one filed a motion that extended the trial court’s plenary power. They acknowledge, however, that the Texas ■ Supreme Court has held that any timely filed motion for a substantive change in the existing judgment is a motion to modify that extends the trial court’s plenary jurisdiction. See Lane Bank Equip. Co. v. Smith S. Equip., Inc., 10 S.W.3d 308, 314 (Tex.2000) (<HOLDING>). The Manns attempt to distinguish Lane on",154556,25053,3,case_hold_mc,holding that absent a timely postjudgment motion the trial court has no jurisdiction to alter amend or vacate a final judgment,holding that a motion to continue a hearing on a postjudgment motion was ineffective to extend the period for the trial court to rule on the motion absent the express consent of the parties,holding that the courts denial of either a motion to dismiss or a motion for summary judgment is not a final judgment and is not reviewable ,holding that a postjudgment motion to incorporate a sanction as part of the final judgment is a motion to modify the judgment and extends the trial courts jurisdiction,recognizing that a final judgment may provide for a particular standard upon which to modify a final judgment
185,"to pay the full amount would cause an economic hardship or would be unfair and inequitable. A taxpayer files an offer-in-compromise by completing a Form 656, Offer in Compromise. In most cases, the taxpayer is of a more narrowly tailored statute does not necessarily prevent prosecution under a broader statute, so long as the defendant is not punished under both statutes for the same conduct.”); Hale, 1992 WL 163600, at *3 (same). 9 . See United States v. Beacon Brass Co., 344 U.S. 43, 46, 73 S.Ct. 77, 97 L.Ed. 61 (1952) (""By providing that the sanction of s 145(b) should be 'in addition to other penalties provided by law,’ Congress recognized that some methods of attempting to evade taxes would violate other statutes as well.”). 10 . See Computer Sciences Corp., 689 F.2d at 1187 (<HOLDING>). 11 . It is worth noting that while no other",155412,25200,2,case_hold_mc,holding that the defendant could be prosecuted for making false claims against the government under either the false claims statute 18 usc  287 or the mail and wire fraud statutes 18 usc  1341 1343,holding that in a criminal mail fraud prosecution under 18 usc  1341 where proof of specific intent is required it may be found from a material misstatement of fact made with reckless disregard for truth,holding that submitting false claims to the government could be charged under either the false claims act 18 usc  287 or the mail and wire fraud statutes 18 usc  1341 1343 because nothing in the statutory language of the relevant statutory provisions provided any evidence of an intent to withdraw from one statute a coverage it obviously has standing alone because of a coverage also afforded by another statute,holding that the provisions of the false claims act allowing suit imposing liability on any person who presented false claims to the federal government did not allow suits against state governments,holding that the defendant contractor violated 18 usc  286  a companion statute to the criminal fca  because his claims were false when submitted even though the false claims were ultimately irrelevant to the total amount paid by the government to the contractor
186,"arises from the events of May 31, 2007. Jones alleges that he was served and ate part of a tamale pie without having been- notified of its pork contents. Nopp declares, however, that he did not order cooks to add pork to the tamale pie and that the tamale pie did not contain pork. Jones’s evidence is not sufficient to raise an issue of fact as to whether the tamale pie contained pork and or whether Nopp ordered cooks to add pork to the dish. The unsworn statements of the inmate cook who told Jones that Nopp had -directed the cook to mix pork in with the meat used in the tamale pie are hearsay, see Fed.R.Evid. 801(c), and cannot properly be considered in opposition to a summary judgment motion. See Fed.R.Civ.P. 56(c)(4); Block v. City of Los Angeles, 253 F.3d 410, 419 (9th Cir.2001) (<HOLDING>). Raymond Mayes, another inmate kitchen worker,",156265,25348,3,case_hold_mc,holding that hearsay in affidavit which would be inadmissible in evidence at trial could not be considered on motion for summary judgment,holding that a court may not consider hearsay contained in an affidavit when ruling on a summary judgment motion,holding that the affidavit in question did not satisfy the burden of the party moving for summary judgment where affiants eonclusory statement failed to indicate personal knowledge of the circumstances in question and personal knowledge could not be reasonably inferred from the contents of the affidavit,holding that it was an abuse of discretion for the district court at the summary judgment stage to consider information from an affidavit based on inadmissible hearsay rather than the affiants personal knowledge,holding that an affidavit  consisting entirely of inadmissible hearsay is not sufficient to survive summary judgment
187,"Schwan’s three unsuccessful applications before the PTO demonstrate that BRICK Oven is generic or, at most, descriptive without secondary meaning. As noted above, both of the PTO’s final rejections of Schwan’s applications stated, The overwhelming evidence shows that BRICK Oven is a generic term when used in connection with pizza, including frozen pizza. For these reasons the [agency’s provisional decision] is maintained and made FINAL. (PTO Office Action dated Apr. 29, 2005; PTO Office Action dated May 18, 2005) (emphasis in original). Schwan’s objects to the introduction of this evidence, claiming that — despite the PTO’s use of the word “final” — their rejections are not, in fact, final decisions. See Everest Capital Ltd. v. Everest Funds Mgmt., LLC, 393 F.3d 755, 764 (8th Cir.2005) (<HOLDING>) (citing Johnson v. Yellow Freight Sys., Inc.,",157123,25501,2,case_hold_mc,holding that a district court did not abuse its discretion in excluding the testimony of a witness that was not highly probative,holding trial court acted within its discretion in excluding expert testimony,holding that district court acted within its discretion in excluding from the jury evidence of ptos tentative opinion as unfairly prejudicial under fedrevid 403,holding that the district court did not abuse its discretion in excluding hearsay evidence and evidence that violated the best evidence rule in deciding a summary judgment motion,holding that the district court acted within its discretion when it denied plaintiffs request for counsel
188,"morning. However, he asserted that he hoped to represent Plaintiff if the case were reopened. 9 .Plaintiff testified that attorney Weeks advised her to let Watkins and Andrews proceed with reopening her case. 10 . Decisions of the former Fifth Circuit rendered prior to the close of business on September 30, 1981 are binding precedent in the Eleventh Circuit. Bonner v. City of Prichard, Ala., 661 F.2d 1206, 1209 (11th Cir.1981). 11 . Dr. Kilgore’s testimony that he observed a gradual but severe decline in Watkins' health in the two to three years prior to the grievance proceeding is not conclusive of Watkins’ alleged incapacitation from the date of removal to the date of dismissal. Compare Benjamin v. Lockhart, No. 94-3020, 1996 WL 44197, *3 (E.D.La. Feb. 2, 1996) (citation omitted) (<HOLDING>) with Russell v. Henderson, No.",157984,25635,2,case_hold_mc,recognizing rule,holding that a motion that alleged rule 60b1 grounds could not be treated as a rule 60b6 motion in the absence of allegations of aggravating circumstances,recognizing that debilitating illness which precludes all participation in the litigation may constitute compelling reason for relief under rule 60b6,holding that rule 60b6 may be used to grant relief in case of extreme and undue hardship,holding that relief under rule 60b6 is not available unless the other clauses 1 through 5 are inapplicable
189,"show that the identification was unreliable. See Diaz, 248 F.3d at 1102. During the robbery, Spence did not wear a mask or hat, and the teller was face-to-face with Spence for a ""significant amount of time.” [Dkt. 72 at 50], The next morning, the detective prepared the photograph lineup, and he told the teller that the suspect’s photo might not be included. The teller still identified Spence without any doubt or hesitation. [Dkt. 76 at 55], 2 . Even assuming arguendo that there was error in failing to strike Yunta, Spence still cannot show reversible error. Yunta ultimately did not sit on the jury because Spence struck her with a peremptory strike. Spence must show that his actual jury still included an impartial juror. See United States v. Farmer, 923 F.2d 1557, 1566 (11th Cir.1991) (<HOLDING>). Spence contends that because he improperly",158826,25773,0,case_hold_mc,holding that a defendants claim that a jury was not impartial must focus on the jurors who ultimately sat,holding that a defendant could not establish stricklands prejudice prong because any erroneous exclusion of an impartial juror was harmless because we have every reason to believe the replacement was also an impartial juror the defendant does not dispute that he was convicted and sentenced by an impartial jury and he presents no reason to think that a jury composed of a slightly different set of impartial jurors would have reached a different verdict,holding that the defendants right to an impartial jury was not impaired when there was no common thread or similarity among the group of excluded jurors,recognizing that the focus must be on whether the facts alleged would place a reasonably prudent person in fear of not receiving a fair and impartial trial,holding that the trial court should have granted the defendants motion for mistrial after it was revealed that a police officer who also was a prosecution witness had sat with several jurors during a lunch break even though the witness testified that he did not discuss the business of the case with the jurors
190,"is the only entity with the capacity to impose or implement SEQRA, and the Villages have only attempted to ensure such action through a lawsuit. Cf. Westchester Day Sch., 386 F.3d at 189 (equating “implementation of a land use regulation” with “regulation or rejection” of actions by a zoning board). This interpretation is borne out in what actually happened in the Chestnut Ridge Action: Defendants did not prevail, and as such, the lawsuit had no bearing on the actions that Ramapo took in implementing SEQRA. It is also consistent with the plain meaning of RLUIPA; Congress made no mention of “enforcing,” or “litigation relating to,” land use regulations in RLUIPA, even though it could have easily done so. Cf. Faith Temple Church v. Town of Brighton, 405 F.Supp.2d 250, 255 (W.D.N.Y.2005) (<HOLDING>). The Court therefore agrees with Defendants",159683,25916,1,case_hold_mc,holding that the exclusionary rule generally does not apply to immigration proceedings,holding that rluipa does not apply to eminent domain proceedings because congress made no mention of it and the concept is hardly  arcane or littleknown,holding that the right of privacy does not attach to matters already within the public domain,holding that because the farr act does not expressly mention habeas corpus or 28 usc  2241 it does not eliminate habeas jurisdiction,holding that it is not
191,"was more important than his prosecution, considering the context, we can find no error, let alone plain error. That statement related to the evidence of record which showed that Bond’s testimony was gained by virtue of an agreement and that the Government’s star witness had his own credibility problems. Indeed the making of such “judgments” - routine exercises of prosecutorial discretion - commonly form the basis of defense attacks upon the prosecution when an uncharged accomplice cooperates by providing testimony. Since it was obvious to the jury that the Govern ment had charged Brennan, and since they learned from the testimony that the Government had not charged Bond, the prosecutor’s remark conveyed to the jurors no more than they already knew. See Saada, 212 F.3d at 225 (<HOLDING>); Milan, 304 F.3d at 289-90 (holding that it",160541,26055,1,case_hold_mc,holding that prosecutors reference to code of silence among witnesses to shooting not plain error where argument finds support in record,holding that prosecutors reference to cooperation agreements with government witnesses was not plain error,holding prosecutors reference to defendant being only witness in courtroom during testimony as tailoring opportunity not plain error,holding that state prosecutors agreements with defendant not binding on federal prosecutors,holding that prosecutors reference to the fact that not one white witness has produced contradictory evidence was plain error
192,"was inconsistent with the large amount of blood at the crime scene. Detective Garretson also testified that an informant told him appellant said she hid her bloody clothes at an abandoned house. The jury had the duty to resolve the conflicting evidence in this case. See Anderson v. State, 701 S.W.2d 868, 872-73 (Tex.Crim.App.1985). “Simply because the jury found appellant’s evidence unconvincing is not grounds for finding insufficient evidence to support the verdict.” Id. Detective Garretson’s expert testimony discredited appellant’s statements that a third person was present, that she hit the complainant (but did not stab him) and that she was wearing the unstained clothes and shoes at the crime scene. See Barcenes v. State, 940 S.W.2d 739, 745 (Tex. App.-San Antonio 1997, pet. ref d) (<HOLDING>). If the jury believed appellant attempted to",161389,26192,0,case_hold_mc,holding evidence that appellant tried to cover up his actions and expert medical testimony discrediting appellants explanation of inju ries was sufficient to sustain murder conviction,holding that the uncorroborated testimony of an informant may be sufficient to sustain a conviction,holding proof of possession of stolen goods is sufficient evidence to sustain conviction for theft,recognizing that if there is evidence upon which one may reasonably infer an element of the crime the evidence is sufficient to sustain that element and where reasonable minds could differ the evidence is sufficient to sustain a conviction,holding that uncorroborated testimony of one witness is sufficient by itself to sustain a conviction
193,"opposing party access to the terms of the agreement between the paying party and the compensated witness. Many courts, including courts in this Circuit, have found that a compensated fact witness is competent to testify as long as the fact that payments were made to that witness is disclosed to the trier of fact. See Jamaica Time Petroleum, Inc. v. Federal Ins. Co., 366 F.2d 156, 158 (10th Cir.1966) (finding that an agreement to pay a reward or “[t]he payment of the reward affects the credibility of the witness and the weight to be given his testimony. These factors are not determinative of competence to testify.”); Goldstein v. Exxon Research and Eng’g Co., No. 95 Civ. 2410, 1997 WL 580599, at *6 (D.N.J. Feb. 28, 1997); New York v. Solvent Chem. Co., 166 F.R.D. 284, 291 (W.D.N.Y.1996) (<HOLDING>). In sum, the “newly discovered evidence” put",162249,26327,2,case_hold_mc,holding that evidence that the defendant and a witness sold drugs together was relevant to prove how the witness knew the defendant,holding that the constitution does not require the government to disclose impeachment evidence prior to entering a plea agreement with a criminal defendant,holding that the appropriate sanction was to require the defendant to disclose the nature of the agreement with the witness,recognizing that informing the jury that testifying witness has agreed to cooperate with the government is a doubleedged sword as the existence of such agreement may suggest either that the witness will testify in accordance with the governments wishes regardless of the truth or that the witness will not he under threat of revocation of the agreement should the witness commit perjury,holding that due process requires a hearing appropriate to the nature of the case
194,"instruct the jury on all elements of self-defense. See Rule 5-608(A) NMRA (requiring that the “court must instruct the jury upon all questions of law essential for a conviction”); Foxen, 2001-NMCA-061, 1112, 130 N.M. 670, 29 P.3d 1071 (discussing the “well-established principle that adequate instruction on self-defense is the duty of the courts where it finds support in the evidence”). The deficiency in the given instructions did not comport with the district court’s position that Defendant be able to present his theory that he was defending himself and Crouch against all three assailants. The court’s failure to adequately and accurately describe Defendant’s theory of defense violated Defendant’s fundamental rights. Cf. State v. Coffin, 1999-NMSC-038, ¶ 13, 128 N.M. 192, 991 P.2d 477 (<HOLDING>). {29} In addition to failing to present",163109,26473,3,case_hold_mc,holding that district court did not abuse its discretion in giving jury instructions that taken together fairly and adequately conveyed the issues to the jury,holding that when both parties agree that the facts of the case entitled defendant to a selfdefense instruction failing to so instruct the jury was error,holding that it is not reversible error to reject a defendants proposed instruction on his theory of the ease if other instructions adequately cover the defense theory internal quotation marks omitted,holding that jury instructions that included both victims and their alleged threatening actions adequately and accurately reflected the defendants selfdefense theory and were not in error,holding that the pretrial order did not adequately disclose a theory because it did not give notice of that theory
195,"those reasons. In its Petitioner’s Recommendation for Sanctions, the petitioner offered the following rationale for its recommendation that the respondent be disbarred: “Respondent’s conduct constituted a betrayal of the trust placed in him by his law partner and clients. Respondent engaged in further dishonest and deceitful conduct in his representations to Bar Counsel in order to cover up his misconduct. Judge Norman found no mitigating factors. Absent compelling extenuating circumstances, intentional misappropriation of another’s funds is deceitful and dishonest conduct which justifies disbarment. See e.g. Attorney Grievance Commission v. Carithers, 421 Md. 28, 58-59, 25 A.3d 181, 199 (2011), citing Attorney Grievance Commission v. Vlahos, 369 Md. 183, 186, 798 A.2d 555, 556 (2002) (<HOLDING>) and Attorney Grievance Commission v. Spery,",163962,26604,4,case_hold_mc,holding that outofstate plaintiff had procured his own absence at trial of his case where record contained no intimation that his absence resulted from any reason other than his own volition,holding that disbarment was the appropriate sanction where an attorney misappropriated funds from his real estate partners,holding an attorney violated his duty of candor to the tribunal by changing his clients interrogatory answers without the clients knowledge,holding that disbarment was the appropriate sanction for an attorney who converted partnership money to his own use without authorization and without disclosure to his other partners,holding that disbarment was proper where the attorney misappropriated payments from clients of his firm for his own use and took steps to conceal his conduct from his firm
196,"determination is whether the state law relied upon in the well-pleaded complaint “relates to” an employee benefit plan. Ingersoll-Rand, 498 U.S. at 138, 111 S.Ct. at 482; Cefalu v. B.F. Goodrich Co., 871 F.2d 1290, 1292 (5th Cir.1989). A state law “relates to” an employee benefit plan “if it has a connection with or reference to such a plan.” Shaw, 463 U.S. at 96-97, 103 S.Ct. at 2899-2900. Therefore, a state law may “relate to” an employee benefit plan even if the law is not designed to affect the plan or does so even in an indirect manner. Pilot Life, 481 U.S. at 47,107 S.Ct. at 1552-53. Nevertheless, the reach of ERISA preemption is not limitless. See, e.g., Mackey v. Lanier Collection Agency & Serv., Inc., 486 U.S. 825, 841, 108 S.Ct. 2182, 2191-92, 100 L.Ed.2d 836 (1988) (<HOLDING>); Fort Halifax Packing Co. v. Coyne, 482 U.S.",164820,26726,0,case_hold_mc,holding that erisa did not preempt a states general garnishment statute even when applied to collect judgments against plan participants,holding that erisa does not preempt section 22213b7,holding that erisa did not preempt hospitals claims against erisa plan administrator for misrepresentation under texas insurance code because hospitals claims were not dependent on or derived from the beneficiarys right to recover benefits under the plan,holding that erisa does not preempt professional malpractice claims,holding that erisa does not preempt the plaintiffs claim that the erisa plan administrator is liable for medical malpractice where the plaintiff premised the claim solely on state law and did not invoke the erisa plan
197,"have motivated their actions in other areas of the system.” Keyes, 413 U.S. at 208, 93 S.Ct. 2686. Plaintiffs quote Dayton II for the proposition that such a system is “under a continuing duty to eradicate the effects of that system, and [ ]. the system-wide nature of the violation furnished pri-ma facie proof that current segregation in the [ ] schools was caused at least in part by prior intentionally segregative official acts.” Dayton II, 443 U.S. at 536, 99 S.Ct. 2971 (internal citation omitted). Keyes and Dayton II were ongoing school desegregation cases that involved purposeful discrimination by school systems attempting to avoid their affirmative obligation to undo systemic discrimination under Brown v. Bd. of Educ., 347 U.S. 483, 495, 74 S.Ct. 686, 98 L.Ed. 873 (1954) (Brown I) (<HOLDING>) and Brown v. Bd. of Educ., 349 U.S. 294, 301,",165670,26874,1,case_hold_mc,holding that the classofone equal protection theory has no place in the public employment context,holding that the concept of separate but equal has no place in public education,holding section 625 only requires a showing that the conduct was done in a place that is open to the public or where the public has a right to be,holding that segregation in public education is a denial of equal protection of the laws,holding that wisconsin violated equal protection rights of handicapped children by denying them an education at public expense
198,"impairment that substantially limits one or more of the major life activities of [an] individual; (B) a record of such an impairment; or (C) being regarded as having such an impairment. 42 U.S.C. § 12102(2) (2000). Arrington asserts that he meets either definition (A) or definition (B) because he suffers from diabetes. Specifically, he argues that this circuit held, in Gonzales v. City of New Braunfels, 176 F.3d 834, 837 (5th Cir.1999), that insulin-dependent diabetes is a “disability” as that term is defined in the ADA. SW Bell disagrees, and contends that Arrington must produce evidence suggesting that his diabetic condition “substantially limits” at least one of his “major life activities.” See 42 U.S.C. § 12102(2)(A); EEOC v. R.J. Gallagher Co., 181 F.3d 645, 655 (5th Cir.1999) (<HOLDING>). SW Bell correctly identifies the flaws in",166531,27017,4,case_hold_mc,holding that a plaintiffs ability to work is substantially limited when his impairment foreclosed him generally from obtaining jobs doing the type of work plaintiff has chosen as his field,holding that plaintiff could not show that he was disabled because he conceded that he could do his job despite his impairment,holding that 42 usc  405g may be equitably tolled based on a plaintiffs mental impairment,holding that impairment has not substantially limited the major life activity of lifting where an individual could clean his dishes clean the yard bathe his dog do the groceries take out the garbage and prepare his own meals,holding that for a plaintiff to prove that he has a record of impairment under 42 usc  121022b there must be a record of an impairment that substantially limits one or more of his major life activities
199,"a year to file Edwards’s fifty-one page federal habeas petition. War-droup accepted full-time employment and allegedly ceased working on Edwards’s case four months after he had timely filed Edwards’s habeas petition and the limitations period expired. See Mem. Op. at 9. Thus, to the extent that Wardroup “abandoned Edwards,” it was after Wardroup had shepherded Edwards’s federal habeas petition to court. Further, after he accepted this employment, Wardroup submitted a reply to Texas’s response to Edwards’s habeas submission, as well as a notice and full and timely briefing to us on his first COA request. It is difficult to see abandonment here, where Wardroup missed no deadlines and filed substantive arguments. See, e.g., Wilkins v. Stephens, 560 Fed.Appx. 299, 304 (5th Cir. 2014) (<HOLDING>). Furthermore, Edwards has not alleged any",167385,27153,3,case_hold_mc,holding that evidence was sufficient where inter alia the victim woke up to find the defendant on top of her and engaged in sex,holding inter alia that common law claims were preempted,holding inter alia that appellant must use local cpiu where available,holding no abandonment where inter alia counsel never missed a filing deadline and filed a lengthy petition on petitioners behalf,holding that court did not prejudice defendant by limiting his counsel to preestablished limitations on inter alia the scope of crossexamination
200,"added)). 3 . The district court ""preliminarily” found statutory jurisdiction to be proper. Because it believed statutory jurisdiction to be an element of an offense under United States v. Smith, 282 F.3d 758 (9th Cir.2002), the court then submitted the question of consent to the jury. The district court need not have taken this second step since consent was uncontested. 4 . We do not require nexus for stateless vessels. See Perlaza, 439 F.3d at 1161; United States v. Moreno-Morillo, 334 F.3d 819, 829 (9th Cir.2003). 5 . The First and Fifth Circuits have rejected the position that nexus is required for foreign vessels when the flag nation has consented to the application of United States law to the defendants. See United States v. Bustos-Useche, 273 F.3d 622, 627-28 (5th Cir.2001) (<HOLDING>); United States v. Cardales, 168 F.3d 548,",168236,27284,4,case_hold_mc,holding that by the introduction and admission of the delawares as part of the cherokee nation they became a part of the people of such nation and bound in common with the cherokees by the political power of the nation,holding that regulatory requirements are not jurisdictional in nature,holding gwaltney limited to jurisdictional question and does not prohibit recovery of past penalties in citizen suit if jurisdictional requirements met,holding that as a matter of law the embassy of a sovereign nation is a foreign state,holding that jurisdictional requirements were met because the flag nation consented to the enforcement of the mdlea over the foreign vessel
201,"285 S.W.3d 884, 890 (Tex.Crim.App.2009) (quotation omitted). B. Crush Analysis Testimony Yergin was apparently planning to testify about estimated speeds of the F-250 and the Hyundai based on the amount of “crush” to the Hyundai. Although Yer-gin testified in front of the jury that there was probably a difference in speed between the two vehicles of 10 to 20 miles per hour, she never stated at any time what speeds she estimated the vehicles to be traveling. Nor did appellant’s counsel explain to the court what speeds Yergin concluded the vehicles were traveling. This information would be crucial to understanding what testimony was excluded and whether the exclusion was harmful. See id. A general statement that she would testify about the vehicles’ speeds is insufficient. See id. at 891 (<HOLDING>). Further, appellant’s trial counsel explained",169087,27424,4,case_hold_mc,holding that evidence of impaired mental functioning is inherently mitigating and that a defendant is not required to demonstrate a nexus between his mental capacity and the crime committed,holding defendant was not required to make a reasonable accommodation for an employee because the employee did not apprise defendant that she suffered from a mental impairment,holding that counsels performance was deficient for failing to investigate readily available evidence of mental impairment,holding that the defendant lacked sufficient contacts with the forum state because there was no evidence the defendant knew where the product would be sold,holding that a general statement about how the defendant wanted to introduce evidence of medical or mental impairment to show that the defendant lacked the proper mental state was an insufficient offer  there must be some meat of the actual evidence
202,"to clarify” it. Furthermore, the specific objection that counsel was purportedly required to make goes unmentioned, as does any authority supporting the conclusion that the evidence was inadmissible. Thus, we are left to guess at the reasoning underlying appellant’s claim and at the legitimacy of that reasoning, if any. And, because of that, the complaint was waived due to insufficient briefing. See Garcia v. State, 887 S.W.2d 862, 880-81 (Tex.Crim.App.1994), overruled in part on other grounds by Hammock v. State, 46 S.W.3d 889 (Tex.Crim.App.2001) (overruling the claim that counsel was ineffective due to his failure to object since the appellant failed to explain “how counsel might have kept the statement out”); Melonson v. State, 942 S.W.2d 777, 782 (Tex.App.-Beaumont 1997, no pet.) (<HOLDING>). As to the out-of-court identification by",169948,27560,2,case_hold_mc,holding that in order to carry his burden to demonstrate prejudice a petitioner must show when making a claim of ineffective assistance for failing to raise an objection or  poinake an argument that the objection or argument would have been successful if made,holding that a party fails to preserve an evidentiary issue for appeal not only by failing to make a specific objection but also by making the wrong specific objection,holding that an appellant must not only specifically identify the deficiencies in counsels performance but also identify the specific objection that should have been made and provide authority in support of his argument that the objection would have been meritorious,holding that child support should have been made retroactive,holding that to preserve an alleged error in the admission of evidence a timely objection must be made to the introduction of the evidence specific grounds for the objection should be stated and a ruling on the objection must be made by the trial court
203,"under § 1983 has not been established. [¶ 31.] In addition, [t]o state a claim under 42 USC § 1985(3), a plaintiff must plead 1) the existence of a conspiracy; 2) a purpose of depriving a person or class of persons of equal protection of the laws; 3) an act in the furtherance of the alleged conspiracy; and 4) an injury to person or property or the deprivation of a right or privilege granted to a United States citizen. Additionally, a plaintiff must show “some racial, or perhaps otherwise class-based, invidiously discriminatory animus behind the conspirator’s action."" Biby v. Board of Regents of the University of Nebraska at Lincoln, 338 FSupp2d 1063, 1074 (D.Neb.2004) (internal citations omitted) (emphasis added). See also Federer v. Gephardt, 363 F.3d 754, 758 (8th Cir.2004) (<HOLDING>). [¶ 32.] On appeal, the parents do not assert,",170803,27690,1,case_hold_mc,holding that lprs are entitled to the protection of the equal protection clause,holding that a claim under the equal protection section of section 19853 requires proof of classbased animus,holding that equal protection requires that state legislative districts be roughly equal in population,holding that defendant had qualified immunity under section 19853 claim where underlying claim failed as a matter of law,holding that doctrine does not violate equal protection
204,"part by an officer’s interest in ensuring his own' protection and preventing a suspect’s flight during a Terry stop, most circuits today have approved police use of drawn weapons or handcuffs to restrain criminal suspects. Courts have' also permitted police to demand a suspect to lay prostrate on the ground during a stop and frisk search. In addition, .courts have allowed police to forcibly transport suspects (most notably to a patrol car) under a válid Terry stop. As a result, lower courts, while maintaining that Terry remains a limited exception, have authorized conduct similar to that associated with custodial arrest without converting that stop into a full-fledged arrest. Id. at 2805 (citations omitted); see also State v. Sheppard, 271 S,W.3d 281, 289 n. 28 (Tex.Crim.App.2008) (<HOLDING>). 33 . See Lefkowitz v. Turley, 414 U.S. 70,",171655,27831,4,case_hold_mc,holding in the alternative that even if handcuffing a suspect did convert the detention into an arrest the arrest was justified by probable cause,holding that the limits of fourth amendment protection relate to the boundary between arrest and pretrial detention,holding that a search incident to a lawful arrest does not violate the fourth amendment,holding that in  1983 claims for malicious prosecution the fourth amendment applies to those actions which occur between arrest and pretrial detention,holding a fourth amendment terry detention is not a custodial arrest and the use of handcuffs does not automatically convert a temporary detention into a fourth amendment arrest
205,"is minimized if officers exercise unquestioned command of the situation. Id., 129 S.Ct. at 786-87. Here, evidence supports the district court’s finding that Hollins’s behavior gave the police reasonable suspicion to believe that Hollins was armed and dangerous when they searched him. First, Hollins repeatedly refused to follow instructions to keep his hands in plain view, and he would slide his hands toward his waist while he was seated in the vehicle. Nervous, evasive behavior, which Hollins exhibited, is one of several factors which may be pertinent in determining reasonable suspicion. See United States v. Gordon, 231 F.3d 750, 756 (11th Cir.2000). Second, Hollins repeatedly refused to obey an officer’s instruction to exit the vehicle. See Maryland, 519 U.S. at 410, 117 S.Ct. at 884 (<HOLDING>). Third, Hollins repeatedly disregarded an",172509,27967,3,case_hold_mc,holding that police officer may order passengers to remain in vehicle with hands up during traffic stop,holding that it is permissible for an officer to order the occupants out of a vehicle during a lawful stop,holding an officer may order a passenger to get out of a car during a traffic stop and may frisk a passenger for weapons if the officer reasonably suspects the passenger is armed and dangerous,holding that an officer may order a passenger out of a vehicle during a stop for a traffic infraction,holding that a traffic stop is reasonable under the fourth amendment when police have probable cause to believe a traffic infraction has occurred
206,"that a stipulation “waives the requirement that the government produce evidence (other than the stipulation itself) to establish the facts stipulated to beyond a reasonable doubt.” Id. at 678 (emphasis added) (citing United States v. Clark, 993 F.2d 402, 406 (4th Cir.1993)). Arguably, the italicized phrase contemplates a formal reading to the jury of all necessary stipulations. But that issue was not before the court. The stipulation was read aloud in Muse (and in the case it cited for support), see id. at 678; the actual issue was the propriety of a jury instruction. See id. at 677. Therefore, while' the Muse court accurately described normal trial practice to include the reading of stipulations, it had no occasion to consider the situation before us today. See Hardin, 139 F.3d at 817 (<HOLDING>); see also United States v. Jackson, 124 F.3d",173365,28099,0,case_hold_mc,holding that references to reading stipulations in muse are dicta,holding that everything after denial of jurisdiction is dicta pure and simple,recognizing such limitations in dicta,recognizing that alternative holdings are not dicta,recognizing that a reading of the oregon criminal statute indicates that the acts prohibited are those which are performed upon the mother rather than any action taken by her
207,"in open court,” Defendant’s characterization is probably accurate. State v. Tollardo, 2003-NMCA-122, ¶ 10, 134 N.M. 430, 77 P.3d 1023. However, Rule 5-502(A)(l) does not exempt demonstrative evidence from a defendant’s duty to disclose. To the contrary, it expressly applies to forms of evidence that are classically demonstrative, such as “tangible objects.” Id. As such, we reject Defendant’s suggestion that demonstrative evidence is subject to a blanket exemption from the general duty of disclosure. {42} Defendant may rely upon the distinction between the use of demonstrative material as an aid to cross-examination and the designation of such material as “evidence” that is fit for use as a formal exhibit. See State v. Gallegos, 92 N.M. 370, 379, 588 P.2d 1045, 1054 (Ct.App.1978) (<HOLDING>). However, even if we were to assume that the",174225,28240,1,case_hold_mc,holding that the prosecution must disclose to the defense all exculpatory evidence known to the state or in its possession,holding that the district court erred in requiring the defense to disclose a report which the defense did not intend to introduce into evidence and which was merely designed to aid in the crossexamination of a witness for the state,recognizing the defense has a right to comment on the presentence report and may introduce evidence,holding that defendants failure to assert the defense in any pretrial motions did not waive defendants limitations defense because the assertion of a limitations defense in the answer preserved defendants right to raise the defense both during the first trial and before the second,holding that a defendant was not entitled to the affirmative defense where the evidence did not support his contention that he did not aid in the homicidal act
208,"106 L.Ed.2d 195 (1989). “A party alleging a RICO violation may demonstrate continuity over a closed period by proving a series of related predicates extending over a substantial period of time.” Id. at 242, 109 S.Ct. at 2902. Because Plaintiffs’ section 1962(c) claim is based on an alleged pattern of racketeering consisting entirely of the predicate acts of mail and wire fraud, their substantive RICO allegations must comply not only with the plausibility criteria articulated in Twombly and Iqbal but also with Fed.R.Civ.P. 9(b)’s heightened pleading standard, which requires that “[i]n alleging fraud or mistake, a party must state with particularity the circumstances constituting fraud or mistake.” See also Ambrosia Coal & Constr. Co. v. Pages Morales, 482 F.3d 1309, 1316 (11th Cir.2007) (<HOLDING>). We have held that pursuant to Rule 9(b), a",175078,28373,3,case_hold_mc,holding that rule 9b applies to  11 and 12a2 under the act despite fraud not being an element since they are grounded in fraud,holding that californias ucl claims are subject to rule 9b pleading standards,holding that because civil rico is penal in nature illinois twoyear statute of limitations for actions based on a statutory penalty applies to civil rico claims,holding that civil rico claims which are essentially a certain breed of fraud claims must be pled with an increased level of specificity under rule 9b,holding that state courts have concurrent jurisdiction over rico claims and that plaintiffs federal rico claim was barred by res judicata since he failed to bring his rico claim along with his state fraud claims in prior state court action
209,"Smith to provide a bare legal conclusion without explaining the criteria he used to reach that conclusion. Because we agree with the defendants that the district court erred by admitting this portion of Mr. Smith’s testimony, we must determine whether this error requires reversal of the defendants’ convictions. “In order for an error of this nature to be reversible, the error must affect substantial rights and must result in actual prejudice. Error which does not rise to the magnitude is harmless.” Evans ex rel. A.E. v. Indep. Sch. Dist. No. 25, 936 F.2d 472, 476 (10th Cir.1991). “The question is not whether, omitting the inadmissible statements, the r r admission of evidence was prejudicial where the erroneously admitted evidence was “extremely compelling”); Specht, 853 F.2d at 808-09 (<HOLDING>); United States v. Sanders, 928 F.2d 940, 942",175937,28507,2,case_hold_mc,holding that defense counsels failure to object to testimony did not warrant a new trial because there was no prejudice from admission of the testimony,holding that improper admission of expert testimony was harmless in light of otherwise overwhelming evidence and fact that testimony covering substantially the same area was introduced without challenge,holding that the admission of expert testimony was prejudicial where the testimony was pervasive,holding that erroneous admission of improper and prejudicial evidence did not require reversal because the jury would have returned a verdict of guilty against the defendant even without the prejudicial testimony,holding that admission of hearsay testimony was harmless where the jury heard admissible testimony from three other sources to the same effect
210,"work. By plaintiff’s own testimony, plaintiff was told that he could return to work if he would be willing to work seventy hour weeks: Q: Now, what did you and Mr. [Mauk] talk about? Give me the conversation as best as you can recall it. A: I had told Mr. [Mauk], well, I’m — this is the 59th day. That I’m just calling to see where am I supposed to report to tomorrow and so forth, et cetera. And he said, well, Danny, we don’t have no job for you. Your job has been filled. I said, what do you mean? He says, you couldn’t work the 70 hours a week so we didn’t need you any longer. He said if I could work 70 hours a week, my job would be available. But until then my job had been filled and that there wasn’t a place in Vulcan’s organization for a 50-hour-a-week emplo . 671, 675 (E.D.Pa.1996) (<HOLDING>), aff'd 116 F.3d 469 (3d Cir.1997). At most,",176797,28644,1,case_hold_mc,holding that an employer does not necessarily regard an employee as disabled simply by finding the employee to be incapable of satisfying the singular demands of a particular job,holding that an employer did not regard an employee with an impaired ankle as disabled where it encouraged her to work in a position that required walking,holding that an employer did not regard the plaintiff as disabled,holding that an employer did not regard the employee as disabled because it called the employee back from disability leave to work on a special project,holding that employer did not regard plaintiff as disabled where it repeatedly attempted to return him to work
211,"Inc., and therefore, had standing. Accordingly, the trial court properly denied Appellants’ motion for a directed verdict on this ground. VII. Directed Verdict on Negligence Appellants contend the trial court erred in failing to grant a directed verdict on negligence. Specifically, they maintain the existence and scope of a duty are legal questions, and no evidence was presented pertaining to duties owed by Appellants to the Association. We find this issue is not preserved for our review. Although Appellants moved for a directed verdict at the close of all testimony, they did not move for a directed verdict on the specific basis that no evidence indicated they owed a duty to the Association. Creech v. S.C. Wildlife & Marine Res. Dep’t. 328 S.C. 24, 34, 491 S.E.2d 571, 576 (1997) (<HOLDING>); see also Rule 50(a), SCRCP (“A motion for a",177655,28812,3,case_hold_mc,holding that the failure to raise an issue in the opening brief waives the issue,holding that failure to raise issue in brief constitutes waiver of appeal of the issue,holding that defendant failed to raise a constitutional issue at trial and thus failed to preserve the issue for appellate review,holding the appellants failure to raise a particular issue in its directed verdict motion precludes appellate review of that issue,holding that defendant failed to raise a constitutional issue at trial and thus waived appellate review of that issue
212,"I and II. So ORDERED 1 .Although Barstow names the County as a Defendant in the caption of his complaint, he does not list the County as a party to the action. The Court concludes that no claim is articulated against the County by his complaint. 2 . Barstow failed to submit a Statement of Material Facts in accordance with Local Rule 56. 3 . Not only did Barstow fail to submit his own Statement of Material Facts, he also failed to properly controvert Defendants' Statement of Material Facts in accordance with Local Rule 56. Therefore, Defendants facts are deemed to be admitted, since they are supported by citations to the record. See Local Rule 56(e). Unfortunately for Barstow, his pro se status does not change this outcome. See Rivera v. Riley, 209 F.3d 24, 27-28, n. 2 (1st Cir.2000) (<HOLDING>) (citing D.P.P.R. 311.12); see also Eagle Eye",178508,28953,0,case_hold_mc,holding that a district court is well within its authority to enter judgment based on the pro se appellants blatant disregard of a local rule of the district court for the district of puerto rico requiring that a party opposing a motion for summary judgment to include in her opposition a separate short and concise statement of the material facts as to which it is contended that there exists a genuine issue to be tried properly supported by specific reference to the record,holding that once motion for summary judgment is properly made and supported opposing party has burden of showing by means of affidavits or other verified evidence that there exists genuine dispute of material fact,holding that once motion for summary judgment is properly made and supported opposing party bears burden of showing by means of affidavits or other verified evidence that genuine dispute of material fact exists,holding the district court did not abuse its discretion by applying local rules that excluded some of the material facts offered in opposition to a motion for summary judgment,holding that claims raised for the first time in an opposition to a motion for summary judgment are not properly before a court
213,"above, Waters’ claims must be dismissed pursuant to 28 U.S.C. § 1915A(b)(l) and Fed. R.Civ.P. 12(b)(6). An appropriate Order shall issue. 1 . Sometime after the filing of his complaint. Waters was apparently transferred to Sussex I State Prison, a VDOC facility. This transfer moots his claims for declaratory and injunc-tive relief. See Williams v. Griffin, 952 F.2d 820, 823 (4th Cir.1991) (addressing the merits of a prisoner's claim for monetary damages despite transfer to a new facility). It does not moot his claim for monetary damages based on the failure to transfer and hence this aspect of the transfer claim is subject to § 1915A and Rule 12(b)(6) scrutiny. 2 . See Bolding v. Holshouser, 575 F.2d 461, 465 (4th Cir.), cert. denied, 439 U.S. 837, 99 S.Ct. 121, 58 L.Ed.2d 133, (1978) (<HOLDING>). 3 . See Mitchell v. Rice, 954 F.2d 187 (4th",179365,29102,1,case_hold_mc,holding claim is not cognizable,holding that failure to provide adequate sanitary food service facilities establishes a cognizable claim,holding claim is cognizable,holding that insufficiency of evidence not cognizable in postconviction claim,holding that service is not avoided by service on a partys attorney as service on an attorney is ineffective unless he has been authorized to accept such service
214,"covered by the subpoena duces tecum issued on November 12, 2008, and there was no evidence showing Respondent was required to have filed his 2008 tax returns by November 25, 2008-the date the subpoena was returnable. Additionally, Respondent told the court at the hearing on August 19, 2009, that his 2008 tax returns had not been filed. 111 . The ABA adopted this comment in 2002. See Ellen J. Bennet et al., Annotated Model Rules of Professional Conduct 326 (ABA Tth ed.2011). Although the Colorado Supreme Court adopted comment 1 on April 12, 2007, effective January 1, 2008, not all jurisdictions have adopted this comment. See id. 112 . Colo. RPC Scope T21. 113 . Colo. RPC 3.3 cmts. 1-2; see also Iowa Supreme Court Attorney Disciplinary Bd. v. Rhinehart, 827 N.W.2d 169, 176-77 (Iowa 2013) (<HOLDING>); State ex rel. Okla. Bar Ass'n v. Dobbs, 94",180224,29248,0,case_hold_mc,holding that an attorney who committed extrinsic fraud did not violate iowas analogue to colo rpc 33 because he engaged in fraud in his own dissolution proceeding rather than while representing a client,holding that where an agent is guilty of independent fraud for his benefit knowledge of the fraud is not imputed to the principal,holding that although a lawyer who violated the predecessor to colo rpc 18a did not have the conscious objective to deceive his client or to take advantage of her he was aware of the circumstances and the consequences of his conduct his mental state was therefore greater than one of negligence,holding that in the context of federal immigration law the amount of loss to the victim of fraud or deceit does not refer to an element of the fraud or deceit but rather refers to the particular circumstances in which an offender committed fraud or deceit,holding that a plaintiff cannot avoid the securities fraud exception by pleading mail fraud or wire fraud if the conduct giving rise to those offenses also amounts to securities fraud
215,"retailers for them to resell, but to specifically encourage its customers in Tennessee to access its website to -find and purchase Defendant’s products in Tennessee. The Court therefore finds Defendant purposefully availed itself of this forum. B. Arises Out Of Or Relates To “In the ordinary patent infringement suit, the claim asserted by the paten-tee plaintiff is that some act of making, using, offering to sell, selling, or importing products or services by the defendant constitutes an infringement of the presumptively valid patent named in suit.” Avocent Huntsville Corp. v. Aten Int’l Co., 552 F.3d 1324, 1332 (Fed. Cir. 2008) (citing 35 U.S.C. § 271(a)). Consequently, for specific jurisdiction purposes, a claim typically arises out of or relates to the infringing activity. See id. (<HOLDING>) In the instant action, Plaintiffs, claim is",181083,29395,1,case_hold_mc,holding that an assignment or sale of rights in the invention and potential patent rights is not a sale of the invention within the meaning of section 102b,holding in an ordinary patent infringement suit the claim both arises out of and relates to the defendants alleged manufacturing using or selling of the claimed invention,holding that the computer readable code claimed in claim 6 the product claim was a part or component of that invention,holding a nonparty to a patent infringement suit who funded an unsuccessful challenge to a patent could not file a subsequent lawsuit again challenging the patent,holding that knowledge of the patent is required for willful infringement
216,"v. Jackson, 209 F.3d 998, 1004 (7th Cir. 2000). Anchondo counters with a district court case, which held that net worth includes capital stock and goodwill. See Wisneski v. Nationwide Collections, 227 F.R.D. 259, 261 (E.D.Pa.2004). Neither party has cited a case on this issue from the Tenth Circuit, and I have not found one. The presiding judge will ultimately decide how to calculate net worth and whether any documents produced in response to this request are admissible. For now, it is sufficient that the documents may lead to the discovery of admissible evidence. Importantly, request 22 does not require ACA to obtain a valuation of goodwill if none exists; it only requires ACA to produce any documents already in existence that include the valuation. Cf Sanders, 209 F.3d at 1003 (<HOLDING>). With this understanding, ACA must produce any",181940,29528,2,case_hold_mc,holding that a reason cannot be proved to be a pretext for discrimination  unless it is shown both that the reason was false and that discrimination was the real reason,holding that a plaintiff is entitled to either statutory treble damages or punitive damages whichever is the greater,holding that one reason for excluding goodwill is to avoid a mini trial on statutory damages because goodwill is difficult to quantify,holding the statutory burden is on the defendant to prove he is incompetent to stand trial,holding tcpa is remedial statute and that statutory damages are not punitive damages
217,"see 28 U.S.C. § 1404(a) (providing for transfer of a case where both the original and the requested venue are proper), and presented no evidence showing that it was not subject to personal jurisdiction in New Jersey. 28 U.S.C. § 1391(c). Thus, the firm failed to satisfy its burden of showing that venue was improper in the District of New Jersey, and the District Court erred in dismissing Great Western’s amended complaint on that basis. c Appellees maintain that even if the District Court’s venue determination is erroneous, we should affirm the District Court’s order dismissing Great Western’s amended complaint on alternative grounds, including claim preclusion, arbitral immunity, and failure to state a claim for relief. See United States v. Sanchez, 562 F.3d 275, 279 (3d Cir.2009) (<HOLDING>). Although these arguments may well be",182795,29668,3,case_hold_mc,holding this court may affirm on any grounds supported by the record even if different from the district courts grounds,recognizing that appellate court may affirm result on reasons different from those on which lower court relied,recognizing an appellate court may affirm a trial courts decision that reached the right result regardless of the trial courts reasoning,holding that an appellate court may affirm the result reached by a district court on alternative grounds,holding that we may affirm on an alternative basis supported by the record
218,"disbursements made by the debtors;. the Fifth Circuit noted that ""outside the plan” had greater significance under the pre-Code Bankruptcy Act, because secured creditors whose claims were dealt with by a plan were entitled to vote — therefore, stating that payments to a secured creditor were being made ""outside the plan” might eliminate the secured creditor’s right to vote on the plan; the Fifth Circuit held that it is permissible for Chapter 13 debtors to make plan payments directly to a mortgage lender, in connection with curing and maintaining a mortgage, but when they do, it is still considered payments “under the plan ” ). 20 . Kessler, 2015 WL 4726794 at *3 (citing In re Harris, 107 B.R. 204, 208 (Bankr.D.Neb.1989)); see also In re Heinzle, 511 B.R. 69, 78 (Bankr.W.D.Tex.2014) (<HOLDING>). 21 . Id. at 78. 22 . 11 U.S.C. § 1329(c). 23",183643,29803,1,case_hold_mc,holding that a plan provision stating that the summary plan description and summaries of material modifications  are hereby incorporated by reference and constitute a part of the plan acted to incorporate into the plan a limitations provision found only in the summary plan description,holding that a payment is under the plan when the debt is provided for in the plan,holding that professionals who advised the plan were not fiduciaries because they had no decision making authority over the plan or plan assets also noting that the power to act for the plan is essential to status as a fiduciary,holding that although the plan cannot discharge the debt  the claimant may otherwise subject the debt to the provisions of a confirmed plan,holding that plan language giving plan administrator power to determine which employees are eligible to participate in the plan and providing all parties dealing with the plan an interpretation of plan provisions on request indicates deferential standard of review of trustee eligibility decisions
219,"to exempt every alien who seeks to adjust his or her status under § 245(i) after illegally reentering the United States following removal. Where Congress intended § 241(a)(5) not to pose a barrier to adjustment of status for aliens who illegally reentered the United States, it made a special exception to the general rule. Because Lino does not fall within the exception, she is bound by the general rule disqualifying aliens who illegally reentered the country from seeking adjustment of status. Finally, six circuits have held that § 241(a)(5) precludes aliens subject to reinstatement orders from obtaining adjustment of status pursuant to § 245(i). See De Sandoval v. U.S. Attorney Gen., 440 F.3d 1276, 1284-85 (11th Cir.2006); Berrum-Garcia v. Comfort, 390 F.3d 1158, 1163 (10th Cir.2004) (<HOLDING>); Lattab v. Ashcroft, 384 F.3d 8, 21 (1st",184501,29949,2,case_hold_mc,holding that trial court did not have jurisdiction to order reinstatement of previously dismissed action and thus reinstatement order was void and of no effect and previous order of dismissal was still in effect,holding that petitioners claim is not one to the attorney generals decision or action to execute a removal order either since the facts relevant to their claim  took place well before any decision by the attorney general to execute a removal order,holding that once a petitioners prior removal order has been reinstated he no longer qualifies for any relief under the ina regardless of whether his application was filed before or after the reinstatement decision was made,holding that since the basis for the respondents order of removal and the denial of relief no longer exists the respondent has presented exceptional circumstances justifying reopening,holding that a federal court must order arbitration once it is satisfied that an agreement for arbitration has been made and has not been honored
220,"affected its decision. See Green v. Union Sec. Ins. Co., 646 F.3d 1042, 1053 (8th Cir.2011) (finding no evidence insurance company’s conflict of interest influenced its denial of benefits when there was no indication company had history of biased claim decisions). Cf. Chronister v. Unum Life Ins. Co. of Am.) 563 F.3d 773, 776 (8th Cir.2009) (noting that insurance company’s conflict of interest was one of several factors pointing to abuse of discretion; conflict evidenced by company’s recognized history' of biased claims administration, including arbitrary denial of claims and failure to follow own claims-handling procedure). Accordingly, the Court will give MetLife’s conflict some weight when determining whether there has been an abuse of discretion. See Khoury, 615 F.3d at 954 (<HOLDING>) (internal quotations omitted); Manning v. Am.",185355,30085,1,case_hold_mc,holding the existence of a possible conflict required remand for a determination of whether an actual conflict of interest existed and holding a new trial would be required if an actual conflict existed,holding that district court was required to give conflict some weight but the existence of the conflict alone was not determinative when record contained no evidence of claims administration history or of claims administrators efforts to reduce potential bias and to promote accuracy,recognizing the conflict,recognizing conflict,holding that there was a valid waiver of defendants right to conflictfree representation despite the courts failure to inform the defendant of the existence of a potential conflict of interest since the defendant was well aware of the factual basis which created the conflict
221,"rule is limited to questions that seek evidence about the informant’s police sanctioned conduct in apprehending a suspect, then the informant’s claim of privilege under such circumstances would be spurious. In this context he is immune from prosecution. We believe that this is the correct limitation because Norman is premised on a line of cases holding that state agents are not accomplices to illegal conduct of which they are charged to discover. Norman quotes Ex parte Turner, 545 S.W.2d 470 (Tex.Cr.App.1977) for the proposition that the law is well settled that if an informant is acting as a state agent, then the informant’s claim of privilege under the Fifth Amendment is spurious. Id. at 344. In turn, Turner, supra, is premised upon Woodward v. State, 490 S.W.2d 850 (Tex.Cr.App.1973) (<HOLDING>). See also, Vela v. State, 373 S.W.2d 505",186208,30213,1,case_hold_mc,holding that an employer who caused his agent to commit a crime in another county was deemed to have been personally present where the crime occurred,holding that an undercover agent is not an accomplice as long as the agent does not bring about the crime but merely obtains evidence to be used against those engaged in crime,holding that expert testimony of irs agent regarding tax liability did not usurp the function of the jury as agent did not give her opinion about the guilt of the defendant,holding that a private citizen acting as undercover agent is not an accomplice witness so long as he does not bring about the crime,holding that the employer was not the insurers agent
222,"in this case do not present such issues. The recording of IP address information and similar routing data, which reveal the existence of connections between communications devices without disclosing the content of the communications, are precisely analogous to the capture of telephone numbers at issue in Smith. That is why the orders here fit comfortably within the language of a statute drafted with the earlier technology in mind. The substitution of electronic methods of communication for telephone calls does not alone create a reasonable expectation of privacy in the identitie s no expectation of privacy in “subscriber information provided to an internet provider,” such as an IP address (internal quotation marks omitted)); see also Guest v. Leis, 255 F.3d 325, 336 (6th Cir. 2001) (<HOLDING>); United States v. Graham, 824 F.3d 421, 432",187064,30352,3,case_hold_mc,holding that individuals have no expectation of privacy in their license registration or insurance documents and citing outofstate cases that have held that individuals do not have a privacy interest in their registration records,holding that prisoners do not have a reasonable expectation of privacy in their cells,holding that telephone users have no expectation of privacy in dialed telephone numbers because they voluntarily expose such information to the service provider,holding that computer users do not have a legitimate expectation of privacy in their bulletin board subscriber information because they have conveyed it to another person,holding that users have a reasonable expectation of privacy in the content of stored email
223,"with putative class members). Indeed, a district court’s authority under Rule 23(d) is not limited to communications that actually mislead or otherwise threaten to create confusion, but extends to communications that interfere with the proper administration of a class action or those that abuse the rights of members of the class. Cobell v. Norton, 212 F.R.D. 14, 19 (D.D.C.2002). “A unilateral communications scheme, moreover, is rife with potential for coercion. If the class and the class opponent are involved in an ongoing business relationship, communications from the class opponent to the class may be coercive.” Kleiner, 751 F.2d at 1202 (internal quotations, citations and brackets omitted); see also Hampton Hardware v. Cotter & Co., 156 F.R.D. 630, 633-34 (N.D.Tex.1994) (<HOLDING>); Tedesco v. Mishkin, 629 F.Supp. 1474, 1484",187919,30486,2,case_hold_mc,holding that tolling applies to a subsequent class action when class certification was granted in a prior case,holding that putative class members are not parties to an action prior to class certification,holding evidence of letters discouraging participation in lawsuit an ongoing business relationship between the parties and plaintiffs dependence on defendant for supplies sufficient to prohibit all litigationrelated communication prior to class certification,recognizing a defendants connection to dc because the plaintiff had argued and provided correspondence between the parties demonstrating an ongoing relationship between the parties including the defendant giving the plaintiff directions regarding other business projects that the defendant intended to pursue and argued that the contract would have been at least partly performed within dc,recognizing correspondence appeared to establish a settlement relationship between the parties given the letters presented an attempt to curb further litigation
224,"here certainly is covered by state tort law, the other examples the majority posits that may violate the Eighth Amendment of the Constitution but may not be covered by tort law are inapposite. In any event, I am not convinced that any of these acts— denying a prisoner access to a toilet and thus exposing the prisoner to human waste for thirty-six hours, depriving a prisoner of basic necessities, completely depriving a prisoner of outdoor exercise for a period of years, and exposing a prisoner to other unhygienic conditions— would not be covered by tort law. Rather, each act involves a clear breach of the duty of reasonable care and would unreasonably jeopardize a prisoner’s health. See Irabor v. Perry County Corr. Ctr., No. 06-0483-BH-C, 2008 WL 1929965, at *2-3 (S.D.Ala. Apr.30, 2008) (<HOLDING>); Miller v. Owsley, 422 S.W.2d 39, 43 (Mo.1967)",188765,30614,3,case_hold_mc,holding that deprivation of personal property does not violate the constitution if there are adequate state remedies available,holding that as a matter of equal protection the state must provide indigent defendants with the basic tools of an adequate defense or appeal when those tools are available for a price to other defendants,holding that if adequate administrative remedies are available it is improper to seek relief in court before those remedies are exhausted,holding that a plaintiff had adequate state tort remedies available to redress the denial of basic necessities such as socks toilet paper and soap,holding that defendant had adequate alternatives in judicial and administrative remedies to the course he took
225,"were capable of signing the applications, as demonstrated by their signing of the affidavits attached to the ballots. Thus, I need not address the issue of physical incapacity to sign an application. 6 .The 1996 amendment of § 17-10-7, Act No. 96-885, 1996 Ala. Acts, p. 1699, reinforced that section’s two-witnesses-or-notarization requirement without adding similar reinforcing language to § 17-10-4 regarding applications for absentee ballots. Justice Cook interprets this amendment to mean that, notwithstanding the plain language of § 17-10-4, the Legislature intended for applications not to be manually signed by the applicant. This interpretation ignores the history that gave rise to the amendment of § 17-10-7. See Roe v. Mobile County Appt. Bd., 676 So.2d 1206, 1226 (Ala.1995) (<HOLDING>). In my view, far from approving this Court's",189627,30757,3,case_hold_mc,holding that plan did not comply,holding that a threepage memorandum opinion  order containing the district courts reasoning and case citations failed to comply with the separate document requirement,holding defendants could not be guilty as parties when the state failed to show they knew the criminality of the conduct they assisted,holding that absentee ballots could be counted even if they failed to comply with the twowitnessesornotarization requirement of  17107,holding that habeas relief would be proper if the state failed to comply with the statutory requirement that all members of the multidisciplinary team sign the report supporting the commitment petition
226,"(2005). 7 .For a Petitioner to prevail under the Vaccine Act, ""a petitioner must prove either a 'Table' injury or that a vaccine listed on the Table was the cause in fact of an injury (and of an 'Off Table’ injury).” Dec. 2. GBS is not a Table injury. 8 . As proof for the proposition that Dr. Pike’s theory was “probative,” Petitioner cites to or discusses medical and other literature that was never submitted in the case before the Chief Special Master. Vaccine Rule 8(f) states that ""any fact or argument not raised specifically in the record before the special master will be considered waived and cannot be raised by either party in proceedings on review of a special master's decision.” RCFC App. B, Vaccine Rule 8(f); see also Jay v. Sec’y of HHS, 998 Fed. 979, 983 n. 4 (Fed.Cir.1994) (<HOLDING>). The Court, therefore, will strike these",190479,30886,1,case_hold_mc,holding that argument offered in defense of decision below had been waived when not raised below,holding that petitioners had abandoned arguments not raised below,holding that   1252d1 bars the consideration of bases for relief that were not raised below and of general issues that were not raised below but not of specific subsidiary legal arguments or arguments by extension that were not made below,holding that arguments not raised below are waived for appeal,holding that arguments not briefed are abandoned
227,"(en banc) (further quotation omitted). This seizure implicates a passenger’s Fourth Amendment interests to the same degree as the driver’s. Erwin, 875 F.2d at 270 (“[W]e reject any notion that a vehicular stop detains for Fourth Amendment purposes only the driver simply because the passenger may be free to depart.”). We assess the reasonableness of a routine traffic stop under the principles laid out for investigative detentions in Terry v. Ohio, 392 U.S. 1, 88 S.Ct. 1868, 20 L.Ed.2d 889 (1968), considering “ “whether the officer’s action was justified at its inception, and whether it was reasonably related in scope to the circumstances which justified the interference in the first place.’ ” Holt, 264 F.3d at 1220 (quoting Terry, 392 U.S. at 20, 88 S.Ct. 1868); see also id. at 1230 (<HOLDING>). We must examine “both the length of the",191332,31036,3,case_hold_mc,holding that an officer has reasonable suspicion to conduct traffic stop even when his suspicion that a law has been violated is based on a reasonable mistake of law,holding that a traffic stop is valid under the fourth amendment if the stop is based on an observed traffic violation or if the police officer has reasonable articulable suspicion that a traffic or equipment violation has occurred or is occurring,holding that a traffic stop is reasonable under the fourth amendment when police have probable cause to believe a traffic infraction has occurred,holding this framework applies whether the traffic stop is based on probable cause or reasonable suspicion,holding that a conclusion that reasonable suspicion supported the stop of a vehicle was subsumed within the trial courts ruling that the officer had probable cause for the stop
228,"to a district court’s evidentiary rulings,- an appellant is required to denote with “speeific ity with record references” the allegedly erroneous ruling and the improperly excluded evidence. United States v. Cates, 251 F.3d 1164, 1167 (8th Cir.2001). Watson, however, failed to cite to the district court’s ruling in the record, and as is our praetice-without any arguments or citations to the record that would assist us in judging the merits of his claim of error-we decline to address it. United States v. Darden, 70 F.3d 1507, 1517 n. 3 (8th Cir.1995) With regard to the objectionable evidentiary rulings at Watson’s trial, we will only address those sufficiently identified and discussed in Watson’s brief. See, e.g., Jasperson v. Purolator Courier Corp., 765 F.2d 736, 740 (8th Cir.1985) (<HOLDING>). We review evidentiary rulings made at trial",192184,31177,4,case_hold_mc,holding that the failure to raise an issue in the opening brief waives the issue,holding that an issue is abandoned when not raised in an appellate brief,holding that failure to raise an issue in an opening brief waives that issue,holding that failure to raise issue in brief constitutes waiver of appeal of the issue,holding that failure to discuss an issue in an appellate brief constitutes abandonment of that issue
229,"¶¶ 52-54. Pandora argues that Plaintiffs MCPA claim should be dismissed on the grounds that Pandora is exempt from liability under the MCPA’s safe harbor provision, and that Plaintiff cannot maintain a class action under the MCPA absent a showing of actual damages. The Court discusses each contention in turn. 1. Safe Harbor Section 445.904 of the MCPA provides that “this act does not apply to ... a transaction or conduct specifically authorized under laws administered by a regulatory board or officer acting under statutory authority of this state or the United States.” MCL § 445.904 (emphasis added). The focus of this exemption is on the “general transaction at issue,” as opposed to the specific misconduct alleged. See Molosky v. Wash. Mut., Inc., 664 F.3d 109, 117-118 (6th Cir.2011) (<HOLDING>) (citing Liss v. Lewiston-Richards, Inc., 478",193041,31312,4,case_hold_mc,holding article 9 inapplicable to an assignment of a mortgage on real estate,holding witness not licensed as real estate appraiser could not testify as expert on real estate valuation where statute made it unlawful to engage in real estate appraisal without license,holding that granteepurchasers who acquired real estate subject to an existing mortgage while not personally lia ble did take real estate charged with the payment of the debt and such property became the primary fund out of which said mortgage must be paid,holding the real estate sale proceeds,holding that general authorization to service real estate loans included claims regarding fees for prepayment of mortgage loans
230,"not apply, and Holland was required to object in order to preserve the double-jeopardy issue. 2 . Holland has also argued, in vain, that his ineffective-assistance-of-counsel claim should fall within a Wicks exception. We have rejected a similar argument before. See Rackley v. State, 371 Ark. 438, 441, 267 S.W.3d 578, 581 (2007) (""Our research has not revealed a single case where this court has considered an ineffective-assistance, conflict-of-interest argument on direct appeal in the absence of a proper objection in the trial court.”). And as far as we can tell, there is nothing that will prevent Holland from raising this issue, and developing a much more complete record, during Rule 37 proceedings. 3 . See Morgan v. Illinois, 504 U.S. 719, 739, 112 S.Ct. 2222, 119 L.Ed.2d 492 (1992) (<HOLDING>); Witherspoon v. Illinois, 391 U.S. 510, 522",193899,31449,3,case_hold_mc,holding that defendants have a right to be present at voir dire,holding that though judge did not question juror individually note from juror to judge requesting private meeting to ask legal question did not suggest juror would not base verdict on evidence,holding that it was permissible to ask whether a juror would consider death sentence if juror determined aggravating circumstances outweighed mitigating circumstances,holding that a court must allow the defendant to ask in voir dire whether a potential juror would automatically impose the death penalty and suggesting that such a juror should be disqualified for cause,holding that trial courts denial of motion for new trial based on juror misconduct was justified where there was no evidence presented at hearing on motion that juror had knowingly concealed relevant litigation experience during voir dire and identity of juror as county court litigant was not demonstrated
231,"Woodmancy v. Colvin, No. 5:12-CV-991 GLS, 2013 WL 5567553, at *2 (N.D.N.Y. Oct. 9, 2013), we conclude that substantial evidence supports the agency determination that Woodmancy did not carry her burden of demonstrating that these conditions were severe impairments. Nor are we persuaded that there is any unwarranted inconsistency between the ALJ’s determination that these conditions did not cause serious impairment while substance abuse did. While these conditions may all have required ongoing treatment, substantial record evidence indicated that Wood-mancy either failed to pursue or to benefit from treatment for substance abuse but did benefit from treatment for the other conditions in ways that minimized their impairing effect. See Mongeur v. Heckler, 722 F.2d 1033, 1039 (2d Cir.1983) (<HOLDING>). 2. Residual Functional Capacity Woodmancy",194757,31588,3,case_hold_mc,holding that receiving advice or treatment during the exclusionary period for a condition which proves to be the same condition the claimant seeks benefits for qualifies as a preexisting condition regardless of whether there was an accurate diagnosis,holding that once one severe impairment is found the combined effect of all impairments must be considered even if other impairments would not be severe,holding that for a plaintiff to prove that he has a record of impairment under 42 usc  121022b there must be a record of an impairment that substantially limits one or more of his major life activities,holding condition was not severe impairment where it improved from treatment,holding that torture is something more severe than the kind of treatment that would suffice to prove persecution
232,"pursuant to 28 U.S.C. § 1441. 2 . The Attorney General of the State of New Jersey intervened because Amana raised a Commerce Clause challenge to the extraterritorial application of the NJFPA. We have since held that the NJFPA does not violate the Commerce Clause. See Instructional Systems, Inc. v. Computer Curriculum Corp. 35 F.3d 813 (3d Cir.1994), cert. denied, - U.S. -, 115 S.Ct. 1176, 130 L.Ed.2d 1128 (1995). 3 . Amana does not argue that the termination of its business relationship with Cooper was for ""good cause,” a concept that is “limited to failure by the franchisee to substantially comply with those requirements imposed upon him by the franchise.” N.J.S.A. § 56:10-5; see also Westfield Centre Service, Inc. v. Cities Service Oil Co., 86 N.J. 453, 432 A.2d 48, 55 (1981) (<HOLDING>). . 4 . Because Amana’s briefs do not raise or",195615,31713,4,case_hold_mc,holding that franchisors have a duty to act in good faith and with commercial reasonableness when terminating franchise agreements,holding that franchisor has an interest in the goodwill its franchise has created,holding that a restrictive covenant will be upheld where a franchisor has a protectable interest in the sale of his franchise,holding that restrictive covenants in franchise agreements are enforceable to protect the basic product which the franchisor has to sell namely the franchise itself  ,holding that a franchisor who in good faith and for bona fide reasons terminates a franchise for any reason other than substantial nonperformance has violated the act
233,"counterclaim sought a determination that CDB had breached the agreements. See Latham v. Allison, 560 S.W.2d 481, 485 (Tex.Civ.App. — Fort Worth 1977, writ refd n.r.e.) (defining counterclaim as “a claim, which, if established will defeat or in some way qualify a judgment to which the plaintiff is otherwise entitled. It embraces both setoff and recoupment, and also comprehends recon-vention as well as all adversary actions by the defendant in a case.”); see also Black’s Law Dictionary 315 (5th ed.1979) (defining counterclaim as a “claim presented by a defendant in opposition to or deduction from the plaintiffs claim”). Accordingly, the trial court did not err in overruling CDB’s motion for JNOV. See generally Hobbs Trailers v. J.T. Arnett Grain Co., Inc., 560 S.W.2d 85, 88 (Tex.1977) -(<HOLDING>); Barraza v. Koliba, 933 S.W.2d 164, 167-68",196468,31858,2,case_hold_mc,holding that a cause of action for breach of contract accrues at the time of the breach,holding that trial court erred by dismissing breach of contract claim because appellee made promises to perform specific acts in contract the breach of which would give rise to a breach of contract action,holding that if appellees breach of contract action had been asserted in a counterclaim or crossclaim article 5539c the predecessor to section 16069 would have applied,recognizing that the elements of a claim for breach of contract are 1 existence of a valid contract and 2 breach of the terms of that contract,recognizing that breach of contract cause of action accrues at time of the breach
234,"418, 421 (Colo.2001) (concluding, after determining that the URA did not apply, that public entity could enforce a 30-day termination provision in a lease because the entity “possessed the same rights ... which any other market buyer would have”); Se. Pa. Transp. Auth. v. Frankford 5206 Bar, Inc., 138 Pa.Cmwlth. 209, 587 A.2d 855, 857, 860 (1991) (concluding that when public entity acquired property and informed tenant that it would not renew tenant’s lease at the end of current lease term, tenant was not a “‘displaced person’ since the termination of its occupancy here resulted from the natural expiration of its then current lease term and not from [the public entity’s] acquisition of the [property]”); Hindsley v. Twp. of Lower Merion, 25 Pa.Cmwlth. 455, 360 A.2d 297, 298-99 (1976) (<HOLDING>). These cases are not persuasive in light of",197324,31993,1,case_hold_mc,holding that former employees of a brokerage firm who had a contractual right to a share of any commission received by the firm upon extension of a lease were not entitled to a share of the commission received when the landlord and tenant entered an amendment to the lease which extended the duration but also added new terms this was a new lease not an extension of the prior lease,holding that after township acquired property entered into lease with tenant that was renewable absent notice of termination and terminated lease tenant was not displaced person because tenant will be moving not as a result of the acquisition  of such real property but rather because township having already acquired the property has merely declined to renew the lease quotation omitted,holding that the tenant was not a holdover tenant despite retaining keys because the tenant recognized the termination of the tenancy relinquished possession of the premises and the landlord was able to gain access to the property,recognizing that a lease providing for renewal at the termination of the lease did not require the lessee to exercise the option before the lease expired nor did it require renewal at the precise hour of termination but gave the lessee a reasonable time after the termination of the lease in which to make his election,holding that when notice to vacate was insufficient to comply with the terms of the lease lease was not properly terminated before commencement of summary ejectment action
235,"by any of the Defendants who participated in the disciplinary hearing process, and thus, their bald assertion that Appellees Paul Zuckerman and Jonathan Raskin were not impartial is insufficient to state a claim. See Ashcroft v. Iqbal, — U.S. —, 129 S.Ct. 1937, 1949, 173 L.Ed.2d 868 (2009) (“To survive a motion to dismiss, a complaint must contain sufficient factual matter, accepted as true, to ‘state a claim to relief that is plausible on its face.’ ” (quoting Bell Atl. Corp. v. Twombly, 550 U.S. 544, 570, 127 S.Ct. 1955, 167 L.Ed.2d 929 (2007))). To the extent the Plaintiffs assert that the disciplinary committee deviated from the proper regulations, their conclusory allegations fail to support a plausible inference that the proceedings were unfair. Winnick, 460 F.2d at 550 (<HOLDING>). Accordingly, the district court properly",198180,32132,3,case_hold_mc,holding that physical assaults did not rise to the level of persecution where they did not requirfe medical attention,holding that alleged violations of a state statute did not give rise to federal constitutional claims,holding that fundamental fairness is flexible and calls for such procedural protections as the particular situation demands,holding that universitys deviations from procedural guidelines did not rise to constitutional proportions particularly where they were minor deviations and did not affect the fundamental fairness of the hearing,recognizing that if a guidelines error did not affect the district courts selection of the sentence imposed the sentence should be affirmed
236,"the sufficiency of the evidence,” we “must affirm the verdict ‘if a reasonable trier of fact could conclude from the evidence that the elements of the offense were established beyond a reasonable doubt, viewing the evidence in the light most favorable to the verdict and drawing all reasonable inferences from the evidence to support the verdict.’” Id. (quoting United States v. Myers, 104 F.3d 76, 78 (5th Cir.), cert. denied, 520 U.S. 1218, 117 S.Ct. 1709, 137 L.Ed.2d 834 (1997)). hi. A. The principal issue on appeal is whether the district court erred in admitting the text messages obtained from Govan’s cell phone. First, Govan argues that the district court erred by applying the good-faith exception of United States v. Leon, 468 U.S. 897, 922, 104 S.Ct. 3405, 82 L.Ed.2d 677 (1984) (<HOLDING>). Govan argues that for the good-faith",199027,32267,3,case_hold_mc,holding that exclusionary rule only requires exclusion of evidence obtained in violation of constitutional rights and that exclusion of evidence obtained in violation of statutory rights is not necessarily required,holding that because evidence supporting search warrant was illegally obtained evidence recovered by executing warrant was fruit of the illegal search,holding that the fourth amendment exclusionary rule should not bar the use of evidence obtained by police officers acting in good faith and with reasonable reliance on a facially valid search warrant,holding that evidence obtained in objectively reasonable reliance on a subsequently invalidated search warrant is not barred by the exclusionary rule,holding exclusionary rule inapplicable to evidence obtained by police officers acting in reasonable reliance on search warrant later held invalid
237,"Therefore, the inquiry into whether a court may hear a qui tam relator’s claim can be divided into three parts: (1) Have the allegations made by the plaintiff been “publicly disclosed”? (2) If so, is the lawsuit “based upon” that publicly disclosed information? (3) If so, is the plaintiff an “original source” of the information? See United States v. Bank of Farmington, 166 F.3d 853, 859 (7th Cir.1999); Cooper v. Blue Cross & Blue Shield of Fla., Inc., 19 F.3d 562, 564 n. 4 (11th Cir.1994). The threshold inquiry is whether there has been a public disclosure. Id. Whether the plaintiff is an “original source” of the information is immaterial unless there has been such public disclosure. See United States ex rel. Aflatooni v. Kitsap Physicians Servs., 163 F.3d 516, 524 (9th Cir.1999) (<HOLDING>); Wang, 975 F.2d at 1415 (“Where there has been",199875,32407,1,case_hold_mc,holding that because the plaintiff was not disabled for the purposes of the ada this court need not to address the other elements of the prima facie case,holding that in the absence of public disclosure the court need not address whether relator was original source of the information,holding that the disclosure is a public disclosure within the meaning of the fca if the the prior public disclosure  contained enough information to enable the government to pursue an investigation against the defendant,holding by federal district court that before a court orders disclosure of educational records the party seeking disclosure is required to demonstrate a genuine need for the information that outweighs the privacy interest of the students,recognizing that information disclosed in private is not a public disclosure under the fca
238,"constitutionally obstruct despite the provision of counsel. Indeed, in Benjamin v. Fraser, when considering impediments to pre-trial detainees’ ability to visit with counsel, we recognized that a state could not “ ‘unjustifiably obstruct the availability of professional representation or other aspects of the right of access to the courts.’ ” Benjamin 264 F.3d at 187, 188 (emphasis added) (quoting Procunier v. Martinez, 416 U.S. 396, 419, 94 S.Ct. 1800, 40 L.Ed.2d 224 (1974) and determining that “both the due process right of access to the courts and the Sixth Amendment right to counsel are implicated,” and that there was no error in measures ordered to remedy undue delays associated with attorney visits). See also Lane v. Brown, 372 U.S. 477, 480-81, 83 S.Ct. 768, 9 L.Ed.2d 892 (1963) (<HOLDING>). Nor can I agree with the majority’s holding",200731,32551,2,case_hold_mc,holding same for writ of error coram nobis,holding that rule 4as time limits govern an appeal from a district court order granting or denying a petition for a writ of error coram nobis,holding that the state could not deny an indigent criminal appellant a transcript to appeal pro se from the denial of a writ of error coram nobis or permit that the appellant at the will of the public defender be entirely cut off from any appeal at all,holding that federal court may not issue writ of coram nobis for state prisoner,holding that in the absence of a valid excuse for delay a coram nobis petition is subject to denial
239,"judge erred when he changed his mind as to the admissibility of the shed statement. She contends she was entitled to rely upon the inadmissibility of this evidence and that the district court violated her due process rights in changing its ruling one week before trial without granting her request for a continuance. The State argues that due process does not prevent a trial court from changing a pretrial ruling on the admissibility of evidence and that a decision to grant or deny a continuance rests within the sound discretion of the trial court, which discretion was not abused in this case. “The Due Process Clause guarantees every defendant the right to a trial comporting with basic tenets of fundamental fairness.” State v. Pearce, 146 Idaho 241, 248, 192 P.3d 1065, 1072 (2008) (<HOLDING>). However, “[a]ny error, defect, irregularity",201590,32689,3,case_hold_mc,holding that it is improper to ask a witness to comment on the credibility of another witness,recognizing the purpose of crossexamination is to enlighten the jury as to whether the witness actuallyas a matter of fact knows the general reputation of the defendant and to place the jury in a better position to pass upon the credibility of the witness testimony,holding that a trial witnesss testimony as to the credibility of another witness was prejudicial error,holding no due process violation where the state took one position regarding the credibility of a witness during the trial against defendant and changed its position in a subsequent trial of another defendant involved in the underlying crime,holding that section 90403 florida statutes did not preclude testimony that a critical state witness knew that the defendant had previously murdered a child when the credibility of the witness was at issue due to his failure initially to fully cooperate with law enforcement officers investigating the crime for which the defendant was on trial
240,"“support[] a rule requiring trial judges to prescreen eyewitness evidence for reliability any time an identification is made under suggestive circumstances.” Perry, 132 S. Ct. at 725. It held that “the Due Process Clause does not require a preliminary judicial inquiry into the reliability of an eyewitness identification when the identification was not procured under unnecessarily suggestive circumstances arranged by law enforcement.” Id. at 730 (emphasis added). “The fallibility of eyewitness evidence does not, without the taint of improper state conduct, warrant a due process rule requiring a trial court to screen such evidence for reliability before allowing the jury to assess its creditworthiness.” Id. at 728 (emphasis added); see also State v. Addison, 160 N.H. 792, 801-02 (2010) (<HOLDING>). We read Perry as confirming our conclusion in",202442,32829,0,case_hold_mc,holding that the biggers analysis does not apply to either incourt or outofcourt identification in the absence of improper state action,holding that in the absence of some express indication from congress title vii does not apply to the military,holding that tolling does not apply to additional defendants who were not named in the class action,holding that in a diversity action a federal court must apply the law of the forum state,holding in conflict of laws analysis that it was proper to apply the law of the state of washington as to the measure of damages which involved the substantive rights of the parties
241,"preempts the Lacey Act to that extent. Contrary to appellants’ assertion, nothing in the Lacey Act suggests that the Magnuson Act preempts 18 U.S.C. § Cir.1983) (stating that the rule of lenity has no application to defendant’s preemption claim where “the elements required to prove the respective statutes differ so unambiguously”). IV. Accordingly, we hold that 16 U.S.C. § 1857(1)(I), the Magnuson Act’s criminal false statement provision, does not preempt 18 U.S.C. § 1001, the general federal criminal false statement provision. Appellants’ convictions therefore are AFFIRMED. 1 . Stated another way, appellants claim that 16 U.S.C. § 1857(1)(I), as applied to the facts of this case, implicitly repealed 18 U.S.C. § 1001. Cf. United States v. Herring, 916 F.2d 1543, 1547 (llth Cir.1990) (<HOLDING>). 2 . The interim rule originally was effective",203302,32958,4,case_hold_mc,holding that 18 usc  1920 the misdemeanor false statement provision of the federal employees compensation act feca preempted 18 usc  1001 because  41 of feca expressly repealed all inconsistent statutes,holding for the purposes of 18 usc  924e that being a felon in possession of a firearm is not a violent felony as defined in 18 usc  924e2b,holding that where defendant lied to a federal magistrate performing an administrative function there was a violation of 18 usc  1001,holding that good faith is a defense to the willful filing of false statements under 18 usc  1001,holding that 18 usc  1919 did not implicitly repeal 18 usc  1001
242,"failed to allege any “specific pattern or series of incidents that support the general allegation” that Plaintiff’s injuries were precipitated through a municipal policy or custom. Hossman v. Blunk, 784 F.2d 793, 797 (7th Cir.1986); see also Monell v. New York City Dept. of Social Services, 436 U.S. 658, 691, 98 S.Ct. 2018, 2036, 56 L.Ed.2d 611 (1978); City of Oklahoma City v. Tuttle, 471 U.S. 808, 817, 105 S.Ct. 2427, 2432-33, 85 L.Ed.2d 791 (1985). Moreover, the complaint’s conclusory allegations likewise failed to substantiate any claim that Gerald’s death was caused by a failure to adequately train the police officers involved. See Strauss v. City of Chicago, 760 F.2d 765, 768 (7th Cir.1985); see also City of Canton v. Harris, 489 U.S. 378, 109 S.Ct. 1197, 103 L.Ed.2d 412 (1989) (<HOLDING>). As to these four Defendants, then, no federal",204161,33091,1,case_hold_mc,holding no deliberate indifference when a failure to take reasonable measures was due to defendants mistake,holding that a failure to adequately train will only result in  1983 liability where that failure amounts to a deliberate indifference to the rights of persons with whom the police come into contact,holding that deliberate indifference is the level of culpability pretrial detainees must establish to maintain a failure to protect claim under the fourteenth amendment,holding city may be liable for the failure to train officers regarding appropriate assistance and treatment of intoxicated persons,holding that a complaint alleging a single incident of police officer misconduct together with an assertion that the districts failure to train its officers showed deliberate indifference was sufficient to state a claim under monell
243,"F.3d 490, 510 (D.C.Cir.1996) (noting that a co-defendant can “free ride” on the objection of another only if trial judge makes it clear that such a practice will be followed). Appellants’ objections to the process are essentially twofold: first, that the jurors were in effect “volunteers,” and second, that the court’s hardship excusáis were invalid because they failed to fit the criteria of 28 U.S.C. § 1866(c)(1). Although the statute does not in terms bar a jury of volunteers, courts have held that such a jury fails to satisfy the Act’s goals of random selection and of exclusion only on objective grounds. See United States v. Branscome, 682 F.2d 484 (4th Cir.1982); United States v. Kennedy, 548 F.2d 608, 611 (5th Cir.1977). But see Coleman v. Risley, 839 F.2d 434, 449 (9th Cir.1988) (<HOLDING>). We assume that a truly voluntary jury would",205020,33232,2,case_hold_mc,holding that pennsylvania national guard members could be used for civilian law enforcement because they were not in federal service at the time,holding that the challenged practices were not consumeroriented under  349 because they were directed only at prospective insurance agents,holding that prospective jurors randomly asked if they could serve at a particular time were not volunteers,holding if plaintiff does not serve report as to particular defendant trial court must dismiss that defendant from suit,holding officers did not have a realistic opportunity to intervene because they were not present at the time of the shooting
244,"he heard from Rae Davis that Sergeant Benson sexually assaulted Ms. Kramer. When he did have knowledge of the sexual harassment, he took immediate action by starting an investigation. Soon thereafter, Sergeant Benson resigned and the source of Ms. Kramer’s harassment was removed. Particularly given the absence of admissible evidence in the record, no reasonable jury could find that Sheriff Van Wagoner had any discriminatory intent, and Sheriff Van Wagoner is entitled to qualified immunity. Alleged Custom, Practice, or Policy Wasatch County may only be liable under § 1983 if it had a custom, practice, or policy that condoned sexual harassment in the workplace. See Monell v. Dep’t of Social Servs. of the City of New York, 436 U.S. 658, 691, 694, 98 S.Ct. 2018, 56 L.Ed.2d 611 (1978) (<HOLDING>). The custom, practice, or policy must be",205878,33375,0,case_hold_mc,holding that a municipality may not be held liable under section 1983 under a theory of respondeat superi or but may be liable for policies or customs that violate an employees constitutional rights,holding that a municipality may only be held liable under  1983 for a policy practice or custom,holding that a municipality may be held liable as a person under  1983,holding that municipality may not be held liable under  1983 upon theory of respondeat superior,holding inter alia that a municipality cannot be held liable under section 1983 on a respondeat superior theory
245,"318 (1987)). However, “not every dispute concerning employment, or tangentially involving a provision of a collective-bargaining agreement, is pre-empted by § 301 or other provisions of the federal labor law.” Allis-Chalmers Corp. v. Lueck, 471 U.S. 202, 211, 105 S.Ct. 1904, 85 L.Ed.2d 206 (1985). “It is only ‘when resolution of a state-law claim is substantially dependent upon analysis of the terms of an agreement made between the parties in a labor contract, that [the] claim must either be treated as a § 301 claim ... or dismissed as pre-empted by federal labor-contract law.’” Brittingham, 526 F.3d at 278 (quoting Allis-Chalmers Corp., at 471 U.S. at 220, 105 S.Ct. 1904); see also Lingle v. Norge Div. of Magic Chef, Inc., 486 U.S. 399, 405-06, 108 S.Ct. 1877, 100 L.Ed.2d 410 (1988) (<HOLDING>). A careful reading of the complaint in this",206728,33513,2,case_hold_mc,holding that petitions for confirmation or vacatur must show how the ultimate disposition of the matter by the federal court necessarily depends on resolution of a substantial question of federal law,holding that the power of a federal court to hear and to determine statelaw claims in nondiversity cases depends upon the presence of at least one substantial federal claim in the lawsuit,holding that if the resolution of a statelaw claim depends upon the meaning of a collectivebargaining agreement the application of state law  is preempted and federal laborlaw principles  necessarily uniform throughout the nation  must be  employed to resolve the dispute,holding that a statelaw claim is preempted and removable from state court if resolution of the claim depends on an interpretation of the collectivebargaining agreement,recognizing that moving to the second stage of the saucier analysis is appropriate when the existence of a constitutional violation depends upon the resolution of uncertain state law
246,"factual disputes. See Doc. 57. Further, although the Court has reviewed the entire-record, the Court will discuss only the facts necessary to resolve the parties’ cross-motions for summary judgment. 4 .All further statutory references are to the California Penal Code unless otherwise indicated. 5 . See, e.g., Silvester v. Harris, 41 F.Supp.3d 927, 962 (E.D.Cal.2014) (finding California law imposing a 10-day waiting period on purchase of firearms ""burdens [and violates] the Second Amendment right to keep and bear arms”); United States v. Marzzarella, 614 F.3d 85, 92 n. 8 (3d Cir.2010) (""Commercial regulations on the sale of firearms do not fall outside the scope of the Second Amendment”); Illinois Ass'n of Firearms Retailers v. City of Chicago, 961 F.Supp.2d 928, 947 (N.D.Ill.2014) (<HOLDING>); Teixeira v. Cnty. of Alameda, No.",207585,33654,0,case_hold_mc,holding that chicagos laws which ban gun sales and transfers other than inheritance are declared unconstitutional under the second amendment,holding that sales made to contractor who builds roads for the state are not sales to the state and therefore are not exempt,holding that because the first sentence of  45106a expressly limited the preemptive effect to inconsistent state regulation it would not infer a negative pregnant from the second sentence of subsection a that laws other than the specific state criminal laws described would be preempted,holding direct testimony tying a defendant to a gun was not required when the gun was found in the defendants truck and when the defendant had both ammunition for the gun and a rack in which it could have been kept,holding that a juvenile whose sentence is unconstitutional under the eighth amendment is entitled to be resentenced under chapter 2014220 laws of florida
247,"that his experts meet the standard of reliability required of expert scientific testimony pursuant to the Alberico factors. See Muse v. Muse, 2009-NMCA-003, ¶ 72, 145 N.M. 451, 200 P.3d 104 (“We will not search the record for facts, arguments, and rulings in order to support generalized arguments.”). {27} It was Mr. Firstenberg’s burden, in the district court, to show that his experts, including his treating physician, Dr. Elliott, were qualified to present scientific expert testimony as to the cause of his EMS symptoms. See Parkhill, 2010-NMCA-110, ¶ 20 (stating that a treating physician must be qualified pursuant to the Alberico factors in order to present scientific expert testimony as to the external causation of the patient’s symptoms); id. ¶ 54 (Vigil, J., specially concurring) (<HOLDING>). The district court, having reviewed the",208430,33784,0,case_hold_mc,recognizing that it is the proponents burden to demonstrate the admissibility of expert scientific testimony,recognizing burden,holding that the admissibility of expert testimony was governed by state law,holding that the burden of laying the proper foundation for the admission of the expert testimony is on the party offering the expert and admissibility must be shown by a preponderance of the evidence,holding that trial courts are gatekeepers in determining fitness of scientific expert testimony for admissibility at trial
248,"specific performance of an earnest money agreement. Id. at 1019. In that case, the plaintiffs had failed to make a payment in accordance with the parties' contract and the defendant, consequently, refused to convey the property. Id. at 1020. The plaintiffs sought specific performance of the purchase contract, and the defendant was, therefore, required to defend by showing that the plaintiffs did not perform their contractual obligations. Id. at 1028. Since the defendant did not disaffirm the contract, but chose, instead, to rely on the terms of the contract, the Oregon Supreme Court ruled that the defendant was entitled to recover his attorneys' fees under the fee-shifting provision of the contract. Id. See also Oral Roberts University v. Anderson, 11 F.Supp.2d 13836 (N.D.Okla.1997) (<HOLDING>); Weter v. Archambault, 313 Mont. 284, 61 P.8d",209284,33917,0,case_hold_mc,holding that prevailing party was entitled to attorneys fees under an option contract which had expired prior to litigation because the parties were litigating their performance under the terms of the contract,recognizing that a school district must be a prevailing party in order to be entitled to attorneys fees under the idea,holding award of attorneys fees to party prevailing on contract claim is mandatory under section 38001 if there is proof of the reasonableness of the fees,holding that prevailing party to contract dispute may recover attorneys fees either pursuant to contract or pursuant to statute,holding that the party prevailing on the significant issues in the litigation is the party that should be considered the prevailing party for attorneys fees
249,"headings from the approximately 34,000 options in the heading book. With so many related headings to describe a business principally known as a bakery, BAPCO’s arrangement of the listing of a particular bakery under one, two, three, four, or more headings is neither “obvious” nor “practically inevitable” as defined in Feist. See Feist, 499 U.S. at -, 111 S.Ct. at 1297, 113 L.Ed.2d at 380. Accordingly, the evidence is clear that BAPCO’s arrangement was in no sense mechanical. On the contrary, the 1984 Yellow Pages reflects several layers of BAP-CO choices on grouping 106,398 business listings under approximately 7,000 classified headings, which BAPCO selected from a heading book containing 4,700 primary entries and 34,000 related headings. Accord Key Publications, 945 F.2d at 514 (<HOLDING>). Donnelley challenges BAPCO’s evidence of an",210142,34050,1,case_hold_mc,holding that conversion and unjust enrichment claims were preempted by the copyright act since they were not qualitatively different from a copyright claim because they contained no extra element beyond those necessary to show copyright infringement,holding that a classified publishers grouping of over 9000 listings into approximately 260 different categories constituted original arrangement entitled to copyright protection,holding that lprs are entitled to the protection of the equal protection clause,holding that that choices as to selection and arrangement are entitled to copyright protection only so long as they are made independently,holding over
250,"is not permitted to assert in a subsequent infringement action that the same structure is equivalent to the structure described in the patentee’s specification for purposes of section 112 paragraph 6. Id. Based on the clear disavowal found in the file wrapper, we concluded that the accused device did not include an equivalent to the claimed function’s corresponding structure. Id. at 1362, 268 F.3d 1352, 60 USPQ2d at 1501; see also Bell Atl. Network, 262 F.3d at 1273-75, 59 USPQ2d at 1874-76 (relying on prosecution history to limit claimed “transceiver” to the three stated modes, because of clearly limiting statements made by the patentee to the examiner to overcome a prior art rejection); Day Int’l, Inc. v. Reeves Bros., Inc., 260 F.3d 1343, 1349, 59 USPQ2d 1790, 1794 (Fed.Cir.2001) (<HOLDING>); Southwall, 54 F.3d at 1576-77, 34 USPQ2d at",210995,34181,0,case_hold_mc,holding that the patentee had disavowed curing done at the higher conventional curing temperatures because of representations to the patent examiner that the prior art curing temperatures were too high and because of the numerous references to a low temperature cure or low temperature vulcanization throughout the file wrapper,holding that the one challenging the patent must in part show that the subject matter of the sale or offer to sell fully anticipated the claimed invention or would have rendered it obvious by its addition to the prior art,holding that after reading the patent a person of skill in the art would not understand the patentee to have invented a generic method where the patent only disclosed one embodiment of it,holding that the moving party must show prior art references which alone or combined with other references would have rendered the invention obvious to one of ordinary skill in the art at the time of the invention,holding of obviousness affirmed on the basis of the teachings of the prior art references in combination not on the basis of the contemporaneous invention
251,"an untrue statement of material fact; (6) failed to state a material fact necessary to make other statements not misleading; and (7) made a statement in such a manner as to mislead a reasonably prudent person to a false conclusion of a material fact. (Compl. ¶ 32.) Plaintiff bases these claims both on Walker’s alleged misrepresentations during the enrollment phase and on Walker’s or another Paychex employee’s alleged fraudulent alteration of Mr. Kersh’s enrollment form. (Id. ¶ 31.) Defendants argue that these claims, like all others in the Complaint, relate to the Salto Plan and are therefore subject to conflict preemption. (MTD at 19.) While some claims brought under the Texas Insurance Code are preempted by ERISA, see, e.g., Hansen v. Continental Ins. Co., 940 F.2d 971 (5th Cir.1991) (<HOLDING>), such preemption is not automatic. Instead,",211852,34320,3,case_hold_mc,holding negligent misrepresentation claim was not preempted because it neither sought benefits under plan nor alleged improper processing of benefits,holding that erisa did not preempt hospitals claims against erisa plan administrator for misrepresentation under texas insurance code because hospitals claims were not dependent on or derived from the beneficiarys right to recover benefits under the plan,holding plaintiffs statelaw claims alleging common law misrepresentation and statutory misrepresentation under the texas insurance code art 2121 not preempted because they were not dependent on  the right to recover benefits under the erisa plan,holding that claims for misrepresentation under texas insurance code were preempted because the plaintiffs sought to recover benefits under an erisa plan,holding that claims for misrepresentation fraud and texas dtpa violations brought pursuant to article 2121 of the texas insurance code were completely preempted by erisa even if the result left the plaintiff with no adequate remedy for fraud
252,"is significant. Id. Determination of the nature of the motion for summary judgment under analysis is critical. Id. Accordingly, I first address how to review both parties’ motions. Here, Coastal brought its motion for summary judgment on its claim for contractual indemnity on traditional grounds. On the other hand, SWBT asserted that it brought its motion under both traditional and no-evidence grounds. SWBT filed “unified summary judgment exhibits” applicable to another pending motion and to its motion for summary judgment on Coastal’s contractual indemnity claim. I note that the mere existence of evidence attached to a no-evidence summary-judgment motion is not sufficient to allow the court to disregard the no-evidence motion. See Binur v. Jacobo, 135 S.W.3d 646, 651 (Tex.2004) (<HOLDING>). However, SWBT’s no-evidence motion merely",212711,34457,4,case_hold_mc,holding that where a court considering a rule 12b6 motion relies on matters outside the pleading the motion must be treated as a rule 56 motion for summary judgment,holding that a rule 12b6 motion to dismiss should be treated as a motion for summary judgment when plaintiffs counsel relied upon facts outside the four corners of the complaint during oral argument of the motion,holding that a motion to dismiss based on a forumselection clause should be treated as a rule 12b3 motion to dismiss for improper venue,holding that motion to dismiss cannot be treated as summary judgment,holding that evidence attached to noevidence motion shall not be considered but motion should not be disregarded or treated as traditional motion
253,"See Ernst, 427 F.3d at 359-60. The State of Tennessee has represented to the court that it is the “real party in interest,” that “[a]ny judgment entered against [DHS] would ultimately be paid by the State of Tennessee,” and that DDS is not legally distinct from DHS. (Docket No. 15 at 1.) The plaintiff has made no argument to the contrary. The second factor supports a finding of immunity because the operation of DHS is controlled by the state. See Ernst, 427 F.3d at 360. DHS was created by the state legislature, see Giorgio, 1996 WL 447656, *1 (citing Tenn.Code Ann. § 4-3-1201), and DHS is identified by the Tennessee Code, the courts of the State of Tennessee, and Tennessee’s executive branch as an executive administrative agency of the state of Tennessee, see Tenn. Code Ann. § 4-3-101 (<HOLDING>); Gallaher v. Elam, 104 S.W.3d 455, 464-65",213562,34584,0,case_hold_mc,recognizing dhs as one of the states twentyfour executive administrative agencies,holding that state agencies are treated as states under the eleventh amendment,recognizing that administrative agencies are not bound by rules of evidence,recognizing that administrative agencies lack to power to consider or determine constitutional issues,holding that state attorney general as member of executive department may assert claim of executive privilege
254,"tribal court jurisdiction.” We have been unable to locate, however, any authorities that support the distinction drawn by the district court. It is well recognized that “[f]ederal question jurisdiction ... extends to ... claims that the exercise of tribal authority impermissibly exceeds the federal common-law limits imposed by the Supreme Court.” Cohen 3 F.3d 1412, 1421-22 (8th Cir.1996) (noting that among the “aspects of the dispute” that raised a federal question was the fact that “this case is being directed to the Tribal Court and exhaustion within that system” and further observing that “[t]he existence of tribal court jurisdiction itself presents a federal question within the scope of 28 U.S.C. § 1331”); cf. Arizona Publ. Serv. Co. v. Aspaas, 77 F.3d 1128, 1132 (9th Cir.1996) (<HOLDING>). Following the lead of our sister circuits,",214418,34731,3,case_hold_mc,holding that state has no jurisdiction over civil suit by nonindian against indian where cause of action arises on indian reservation,holding states in exercising the federal trust power over indian tribes pursuant to a federal statute authorizing them to do so may enact legislation that would be an otherwise unconstitutional exercise of state power,holding that federal court has neither federal question nor diversity jurisdiction over civil action by nonindian against indian for events occurring on the reservation,holding that in context of a challenge to a tribes legislative authority over a nonindian that was allegedly limited by contract a nonindian challenging an exercise of tribal adjudicatory or legislative power states a claim that arises under federal law,recognizing that tribes have an interest in a uniform body of federal law in the area of tribal immunity
255,"(“A tangible employment action in most cases inflicts direct economic harm.”); HuntGolliday v. Metro. Water Reclamation Dist. of Greater Chicago, 104 F.3d 1004, 1014-15 (7th Cir.1997) (suspension and suspension pending termination); Hunt v. City of Markham, Illinois, 219 F.3d 649, 654-55 (7th Cir.2000) (denial of a raise); Ribando v. United Airlines, Inc., 200 F.3d 507, 511 (7th Cir.1999) (denial of a promotion). Markel could be considered to have been constructively discharged, though not in the traditional sense, or suspended pending termination. See Tutman v. WBBM-TV, Inc./CBS, Inc., 209 F.3d 1044, 1050 (7th Cir.2000) (a constructive discharge normally occurs where an employer drives the employee to quit by making working conditions miserable); Hunt-Golliday, 104 F.3d 7th Cir.2001) (<HOLDING>); Murray v. Chicago Transit Authority, 252 F.3d",215273,34865,0,case_hold_mc,holding that denial of a request for reimbursement for travel expenses did not constitute an adverse employment action,holding that termination is an adverse employment action,holding that a transfer to a worksite 180 miles away from plaintiffs home did not necessarily constitute an adverse employment action while noting that such a transfer could under some circumstances constitute an adverse employment action,holding that a transfer of job duties can constitute an adverse employment action,holding that denial of a bonus was not an adverse employment action
256,"clauses resulted in actual prejudice. 463 N.E.2d 257, 265-66 (Ind.1984). When an insured fails to provide its insurer with timely notice of an occurrence, we apply a two-part test. First, we inquire whether the insured notified the insurer within a reasonable amount of timé. Second, we determine whether the insurer suffered prejudice as a result of the delay. If notice was not tendered in a reasonable amount of time, there is a rebuttable presumption that the insurer was prejudiced. Id. at 266. Other jurisdictions have held that an insured can rebut this presumption of prejudice regarding late notice by showing that the insurance company would have denied coverage on unrelated grounds even if the notice had been timely. In Fireman’s Fund Ins. Co. v. Bradley C d 842, 851 (N.D.Ill.2000) (<HOLDING>); Strickler v. Huffine, 421 Pa.Super. 463, 618",216134,34990,0,case_hold_mc,holding that if an insurer denies coverage based on an assertion that the underlying claim is excluded from coverage there is a presumption that the insurer did not suffer prejudice because prompt notice would have merely resulted in an earlier denial of coverage,holding that when an insurer denies coverage on grounds unrelated to late notice a strong presumption arises that the insurer has not suffered prejudice from the late notice,holding that the plaintiffs asserted legal basis for coverage is irrelevant to the determination of whether the insurance policy provides coverage and instead looking to the facts underlying the claim for coverage,holding that in light of evidence that the insurer would have denied coverage even if it had received suit papers on a timely basis the insurer could not show prejudice,holding that an insurer will not be estopped from denying coverage merely because the underlying case proceeds to judgment before the declaratory judgment action is resolved
257,"court is without power to extend that authority beyond the scope granted by the statute, and no District of Columbia court has ever found service upon such an unauthorized official to be valid against a foreign corporation. Accordingly, we conclude that service upon the Director was ineffective to bring Am-eritrade within the jurisdiction of the district court. Finally, Gorman urges that it would be unfair if a foreign corporation, lawfully subject to the jurisdiction of the District of Columbia because it does business here, could evade that jurisdiction by keeping its agents out of the District and hence beyond the range of effective service of process. If such a loophole does exist, the legislature can, of course, remove it by amending § 13-384 to provide an alternative method 1) (<HOLDING>); Oriental Trading Co. v. Firetti, 236 F.3d",216994,35129,0,case_hold_mc,holding that making phone calls and sending facsimiles into the forum may be sufficient to confer specific jurisdiction,holding that purposeful availment may exist when a defendant makes phone calls and sends facsimiles into the forum state and such communications form the bases for the action of an intentional tort,holding that the defendant companys action in sending a representative to ohio to negotiate a resolution of a prior dispute did not confer personal jurisdiction,holding that foreseeability of causing injury in forum state is not sufficient for specific personal jurisdiction,holding that phone and facsimile communications to the forum purchase orders and payments sent to the forum a choice of law clause within the contract regarding the forum state and delivery of the product within the forum state were not enough to satisfy minimum contacts
258,"and sentences from the third remand. The district court denied that petition, and we affirmed. See Smith v. Coleman, 453 Fed.Appx. 625 (6th Cir.2011). 2 . Respondent’s argument that this petition should be reviewed under AEDPA's deferential standard because even though it was filed prior to a state court judgment, it was not considered until after a judgment had been rendered, is unavailing. What determines our standard of review is the nature of the claims raised and ""the time [the petitioner] filed his petition,” Stow v. Murashige, 389 F.3d 880, 885 (9th Cir.2004) (alteration omitted), not the ""present status of the case pending against him,” Dickerson v. Louisiana, 816 F.2d 220, 224 (5th Cir.1987); see also Jacobs v. McCaughtry, 251 F.3d 596, 597 (7th Cir.2001) (per curiam) (<HOLDING>). But see Jackson v. Coalter, 337 F.3d 74 (1st",217849,35267,3,case_hold_mc,holding   2241 is the proper avenue by which to challenge pretrial detention,holding that a  2241 petitioners claim was not cognizable under  2241 and therefore the district court lacked jurisdiction,holding that defendant did not have standing to raise facial challenge to validity of aggravated assault statutes for their risk of creating double jeopardy grounds because he himself was not charged in way that created double jeopardy,holding that  2241 was the proper statute for the petitioners pretrial double jeopardy challenge,holding that a delinquency proceeding places a juvenile in jeopardy for purposes of the double jeopardy clause
259,"and reinvest the proceeds. “Courts may not permit the positing of transactions which are unlikely and plainly contrary to the economic interest of a hypothetical buyer.” Estate of Smith v. Comm’r, 198 F.3d 515, 529 (5th Cir.1999), citing Eisenberg, 155 F.3d at 57. The Tax Court’s internally inconsistent assumptions, that a hypothetical purchaser of Johnco stock would engage in long-range timber production even though the Timber Property’s annual rate of return is substantially lower than the investor’s required return, fatally flawed its decision to discount s, proximity, and time, the more probative it is of value. Id. Courts have observed, however, that agreed valuations near in time to a decedent’s death are not conclusive. United States v. Simmons, 346 F.2d 213, 216 (5th Cir.1965) (<HOLDING>); First Nat’l Bank of Kenosha v. United States,",218701,35405,0,case_hold_mc,holding that a decedents tax settlement with the irs did not establish the value of his estates claim against the irs as a matter of law,holding that irs claim for taxes and claim of debtor against irs for violation of automatic stay did not arise out of the same transaction or occurrence,holding that the irss full participation in the bankruptcy proceeding in relation to an income tax debt did not bar it from collecting a gift tax debt that had also been listed in the debtors schedules where the irs did not file a proof of claim and the debtor did not force the irs into the proceeding on the gift tax debt,holding that irs was bound by plan and bankruptcy codes method of determining amount of nondischargeable claim where irs had filed proof of claim for nondischargeable tax debt,holding that the irs has a law enforcement purpose in the context of a criminal tax investigation
260,"v. Jones, 993 P.2d 424, 427-28 (Alaska 1999) (construing a statute to give rise to an equitable lien because it established ""an interest in and a right to seek reimbursement from"" a particular source). 13 . Cf. AS 09.35.160 (giving a judgment creditor and the process server who levies on property under a writ of execution full control over the timing of a sale in satisfaction of the judgment). 14 . See Alaska R. Civ. P. 89(a). 15 . AS 13.16.505. 16 . AS 13.06.050(39). This definition comports with the definition set out in Uniform Probate Code section 1-201(33), which states: "" 'Property' includes both real and personal property or any interest therein and means anything that 'may be the subject of ownership."" 17 . Cf. Goldstein v. Prien, 143 Cal.App.2d 123, 299 P.2d 344, 346 (1956) (<HOLDING>). 18 . Since AS 13.16.505 prohibits liens from",219562,35539,2,case_hold_mc,holding that it is improper for a trustee to liquidate claims that benefit only select creditors with the only benefit to the estate being the recoupment of administrative costs,holding that there is a difference between a debtor attempting to pursue an action for his own benefit and a trustee pursuing an action for the benefit of the creditors,recognizing under analogous section of california code that the right to recover property conveyed by a decedent in fraud of creditors is an asset of his insolvent estate and that the executor or administrator is a trustee thereof for the benefit of creditors,holding that directors of an insolvent corporation are trustees for the creditors,recognizing that the bangor punta doctrine was not applicable to suit brought by receiver of insolvent insurance company for the benefit of creditors
261,"against another,” United States v. Broadie, 452 F.3d 875, 881 (D.C.Cir.2006) (emphasis added) (internal quotation marks omitted), the government has conceded that Officer Alton lacked probable cause to arrest for PPW. The government nonetheless argues the arrest was valid because there was probable cause to believe Vinton committed the offense of “carrying a dangerous weapon” (CDW), D.C.Code § 22-4504(a), which “does not require proof of intent to use the weapon for an unlawful purpose,” Broadie, 452 F.3d at 881. Because the Fourth Amendment inquiry is objective, an officer’s “subjective reason for making the arrest need not be the criminal offense as to which the known facts provide probable cause.” Devenpeck, 543 U.S. at 153, 125 S.Ct. 588; see also Broadie, 452 F.3d at 881 (<HOLDING>). The CDW statute prohibits “carry[ing] within",220420,35686,4,case_hold_mc,holding that there is no  1983 cause of action for false arrest unless the arresting officer lacked probable cause,holding that there was no probable cause to arrest the plaintiff because the facts of the case amounted to a contract dispute,holding that under fourth amendment standards for determining probable cause for arrest and probable cause for search and seizure are same,holding that qualified immunity applies only if an officer had arguable probable cause to arrest,holding arrest was valid because there was probable cause of cdw even though officer incorrectly believed at the time that he had probable cause of ppw
262,"were not the true reasons. This Court has held that the nonmoving party, opposing a motion for summary judgment, “carries the burden of proving by competent evidence the existence of a disputed material issue of fact and cannot rest on allegations or denials in the pleadings or on conclusions or legal opinions.” Accent Store Design, Inc. v. Marathon House, Inc., 674 A.2d 1223, 1225 (R.I.1996). Therefore, even when we view the evi dence in the light most favorable to the plaintiff, no issues of material fact existed, and the motion justice properly granted the hospital’s motion for summary judgment. For these reasons, we affirm the summary judgment for the hospital. 1 . We are of the opinion that, under the non-emergent ci l.App.3d 651, 62 Ill.Dec. 54, 435 N.E.2d 852, 857-58 (1982)",221271,35818,4,case_hold_mc,holding it was error for trial court not to grant a continuance when appellant moved in open court to disqualify judge or in the alternative for a continuance to file a proper motion,holding states failure to oppose a continuance of preliminary hearing at the request of the defense is not bad faith and presentation of case to grand jury during continuance was proper,holding that the trial court abused its discretion in failing to grant a continuance requested by telephone when the party requesting same was served with notice of the proceeding less than one hour before the hearing,holding that trial court may modify sentence on the same day as the assessment of the initial sentence and before the court adjourns for the day,holding that a telephone request to the court for a continuance the day before the trial was to start was a nullity
263,"a mere policy change. It was the creation of a new insurance policy with a new named insured. Before McDonald became the named insured, he had never been given the opportunity to accept or reject UIM coverage. 2d 1197, 1200-01 (1993) (en banc) (concluding that, although an insurer by statute must offer uninsured coverage when it initially issues a policy, it need not make another offer when an insured adds, deletes, or replaces vehicles, the court noting that “once an insured has been made aware that the coverage is available, an insurer is not obligated ... to inquire continuously whether the insured really meant to refuse”) (quoting White v. Safeco Ins. Co. of Am., 68 Or.App. 11, 680 P.2d 700 (1984)); El-Habr v. Mountain States Mut. Cas. Co., 626 S.W.2d 171, 172 (Tex.Ct.App.1981) (<HOLDING>), with Withrow v. Pickard, 905 P.2d 800",222069,35951,4,case_hold_mc,holding that new yorks public policy does not bar insurance coverage for disparate impact employment discrimination but noting that the state of new york insurance department has stated that it is against public policy to provide insurance coverage for intentional acts of discrimination,holding in a case involving a multiplevehicle policy that a new offer of uninsured motorist coverage was not required for the addition of a new vehicle which was comparable to the renewal or supplementation of an existing policy events that did not trigger the statutory requirement of a new offer the courts holding was based in part upon the principle that an insurance contract is personal to the insured because it insures the risk of loss to the insured and does not attach to specific vehicles,holding that under minnesota law an insurance policy or provision not filed with the commissioner of insurance is unenforceable,holding it is settled that in construing an endorsement to an insurance policy the endorsement and the policy must be read together and the words of the policy remain in full force and effect except as altered by the words of the endorsement,holding an endorsement to an existing insurance policy which added a new vehicle did not create a new contract of insurance but was merged with and became a part of the original policy
264,"claims); see also Stewart, 104 N.M. at 748, 726 P.2d at 1378 (“An insurance policy is a contract and is generally governed by the law of contracts, and the rights and duties of the parties are to be determined by its terms.” (internal quotation marks and citation omitted)). Thus, we held that 8.75% was the proper interest to be assessed on the contract damages. {40} Like the trial court in Teague-Strebeck, the trial court in our case awarded damages based on the insurance contract— $100,000 in UM coverage. See 1999-NMCA-109, ¶¶63-64, 127 N.M. 603, 985 P.2d 1183 (observing that the plaintiff “was awarded the benefit of its bargain, the extent of insurance coverage promised by [the defendant’s agent]”); cf. Ellis v. Cigna Prop. & Cas. Cos., 1999-NMSC-034, ¶1, 128 N.M. 54, 989 P.2d 429 (<HOLDING>). We therefore conclude that 8.75% is the",222919,36093,4,case_hold_mc,holding that sixyear contract statute of limitations did not apply reasoning that an action to recover damages for personal injuries based on breach of warranty is only nominally based on contract,holding that this courts sixyear statute of limitations is jurisdictional,holding that sixyear statute of limitations in  65314 is applicable to violations of  7202,recognizing a sixyear statute of limitations on claims filed under the coal act,holding that the sixyear statute of limitations on a written contract is applicable to a cause of action based on a um policy
265,"whether the defendant officers tainted the grand jury’s deliberations. V. Under established circuit law, Buehler had the burden of affirmatively showing that the grand jury’s deliberations were tainted, and failed to do so. The judgment' is AFFIRMED. 1 . Snider claims that he acted to stop the passenger from texting and talking on her cell phone, which officers are trained to prevent because dangerous individuals could be summoned to the location of the traffic stop. 2 . Having dismissed all of Buehler’s federal claims, the district court declined to exercise supplemental jurisdiction over his state-law claims. See 2 r. 1993) (rejecting the argument that a grand jury indictment insulated police officers from false arrest claims); cf. McClellan v. Smith, 439 F.3d 137, 145 (2d Cir. 2006) (<HOLDING>). But see Evans v. Chalmers, 703 F.3d 636, 647",223772,36236,4,case_hold_mc,holding invalid warrant did not create probable cause for arrest,holding that probable cause is a complete defense to an action for false arrest,holding that the dismissal of an indictment did not negate the presumption of probable cause,holding that because there was probable cause for arresting plaintiff plaintiffs claims whether under section 1983 or new york state law that were predicated on false arrest or false imprisonment compelled dismissal,holding under new york law that a grand jury indictment does not create a presumption of probable cause for false arrest claims
266,"the trial court’s order granting Schultheis’ land use appeal and remanding the matter to the Board. Specifically, the Board argues that it correctly denied Schultheis’ Preliminary Plan application, pointing out that the application did not comport with the SLD Ordinance, that the application was incomplete and that critical data was not submitted timely. Further, the Board contends that these deficiencies were not minor technicalities but, rather, were substantive defects. The Board also argues that it acted in good faith in denying Schultheis’ Preliminary Plan because the Township provided Schultheis with notice of the defects five months prior to the filing of his Preliminary Plan, and seven months prior to the Board’s rejection of the Preliminary Plan; yet, .2d 814 (Pa.Cmwlth.1997) (<HOLDING>); Housing Authority of City of York v. Ismond,",224633,36373,2,case_hold_mc,holding that a rehearing order is interlocutory and not appealable,holding that an order was interlocutory in nature despite the trial courts certification of the order as a final appealable judgment,holding that portion of interlocutory order requiring a new hearing rather than basing decision on the proceedings before the hearing officer was appealable but that the employees due process claims regarding reinstatement and back pay could be addressed on appeal from a final order,holding order granting a new trial is not a final appealable order because it does not terminate the action or any of the claims or parties in the action,holding that this court had jurisdiction over an appeal from a trial court order which remanded the case so that a new hearing examiner could be appointed and a new hearing conducted where the appellant raised the issue of commingling of prosecutorial and adjudicative functions during the original hearing
267,"he was charged with violating only §§ 841(a)(1) and 846, not with violating § 841(b). This argument is patently meritless. Subsection 841(b) does not state a substantive offense, but simply establishes the penalties to be imposed upon conviction for a substantive offense. Thus, once the cotut properly exercised its jurisdiction to convict Pinkley of offenses under §§ 841(a)(1) and 846, it properly sentenced him according to statute. Pinkley’s reliance upon the recent decision in United States v. Buckland, 259 F.3d 1157 (9th Cir.2001), that § 841(b)(1)(A) and (B) is unconstitutional is unavailing. This court has rejected the same facial constitutional challenge to § 841(b) presented in Buck-land. United States v. Talley, 15 Fed. Appx. 215, 218 (6th Cir.2001) (unpublished table decision) (<HOLDING>) (internal quotation marks omitted). Finally,",225493,36503,4,case_hold_mc,holding that in order to satisfy due process findings made at sentencing need only be based upon a preponderance of the evidence,recognizing appellate courts must not make fact findings,holding that objections are required to challenge magistrate judges findings as well as magistrates failure to make additional findings,holding that it is the commissioners findings of fact to the extent they modify or replace the administrative law judges findings that are relevant on appeal,holding that  841b is facially constitutional because congress did not specify that only judges may make the findings required by  841b or that those findings must be made by a preponderance of the evidence  
268,"rather than the neutral principles of law method. Michigan law provides that courts should generally use the hierarchical method. See, e.g., Calvary Presbyterian Church, supra-, Bennison, supra. However, the neutral principles of law method may be appropriate in situations such as those where “it appears from the church constitution, canons or rules, or from some other source, that an express trust exists in favor of one or the other of the contending parties . . . Bennison, supra at 724. LCC argues that this ty is limited because “civil courts may not redetermine the correctness of an interpretation of canonical text or some decision relating to government of the religious polity.” Smith, supra at 684 (citation and quotation marks omitted). See also Milivojevich, supra at 709 (<HOLDING>). In this case, the Denomination, through the",226353,36631,1,case_hold_mc,holding certification is not an occasion for inquiry into the merits,holding that when disputes require inquiry into religious law and polity civil courts shall not disturb the ecclesiastical bodys decision,holding that religious exercise is any exercise of religion whether or not compelled by or central to a system of religious belief and that the use building or conversion of real property for the purpose of religious exercise shall be considered  religious exercise,holding that the courts inquiry into the reasonableness of the governments proposed corrective action was proper,holding that a bare allegation of bad faith is insufficient to require an inquiry into the governments decision not to file  5k11 motion
269,"I believe Alvarez has established enough facts to survive summary judgment. That is because “[o]nce there is evidence of improper conduct and subjective offense, the determination of whether the conduct rose to the level of abuse is largely in the hands of the jury.” Howard v. Burns Bros., Inc., 149 F.3d 835, 840 (8th Cir.1998). I recognize that the hostile environment factor is difficult to analyze in light of our varying jurisprudence. Compare Duncan v. Gen. Motors Corp., 300 F.3d 928 (8th Cir.2002) (finding that a single request for a relationship, four or five isolated touching incidents, a request to draw a phallic symbol and teasing in the form of a gender-based poster were not severe enough to meet this element); with Eich v. Bd. of Regents, 350 F.3d 752 (8th Cir.2003) (<HOLDING>). However, “[ejach case must stand on its own",227204,36766,2,case_hold_mc,holding that conduct of supervisor who grabbed plaintiff on the buttocks and made suggestive comments while she was conversing with another employee was not sufficiently severe or pervasive to alter a term or condition of plaintiffs employment,recognizing that a plaintiff can demonstrate that samesex harassment is because of sex by showing that the conduct was motivated by the coworkers sexual desire for persons of the same sex,holding that several touching incidents standing behind the plaintiff simulating a sex act and another incident of simulating a sex act were severe or pervasive enough to affect a term or condition of employment,holding that conduct was not sufficiently severe or pervasive where over twoweek period a coworker stood behind the plaintiff to create physical contact surreptitiously looked at the plaintiffs genitals in the restroom and engaged in unwanted touching,holding that conduct that a jury finds to be based on sex and not motivated by nondiscriminatory reasons cannot later be found by a district court to lack an intent to discriminate on the basis of sex
270,"persons against certain arbitrary and invasive acts by officers of the Government or those acting at their direction.” Skinner v. Ry. Labor Execs.’ Ass’n, 489 U.S. 602, 613-14, 109 S.Ct. 1402, 103 L.Ed.2d 639 (1989). The collection and analysis of a DNA sample through either a blood draw or a buccal swab is a search. See Skinner, 489 U.S. at 616, 109 S.Ct. 1402 (noting that analysis of blood reveals private facts); United States v. Amerson, 483 F.3d 73, 77 (2d Cir.2007) (“[T]he extraction and analysis of plaintiffs’ blood for DNA-indexing purposes constitute^] a search.” (quoting Nicholas v. Goord, 430 F.3d 652, 658 (2d Cir.2005))). Fourth Amendment protections extend to children. Safford Unified Sch. Dist. No. 1 v. Redding, 557 U.S. 364, 129 S.Ct. 2633, 2643-44, 174 L.Ed.2d 354 (2009) (<HOLDING>); Bartylla, 755 N.W.2d at 14. Under the Fourth",228054,36908,0,case_hold_mc,holding that search of middle school student violated her fourth amendment rights,holding that random drug testing for student athletes did not violate their fourth amendment rights,holding that a warrant issued by a judge lacking authority violated defendants fourth amendment rights,holding that a school district owed the highest degree of care to a student on a school bus such that the district could be liable for the sexual abuse of the student by the school bus driver,holding that a warrantless search of garbage located within the curtilage of the defendants home violated his fourth amendment rights
271,"portion of the district court’s written judgment ordering as a special condition of supervised release that “upon completion of his term of imprisonment, the defendant is to be surrendered to a duly-authorized immigration official for deportation.” The district court did not mention this provision at the sentencing hearing, and the Government concedes that it conflicts with the oral pronouncement of sentence. We agree. The condition imposed is not listed in the sentencing guidelines as a standard or mandatory condition of supervised release, and it is not among the conditions recommended by the Sentencing Commission insofar as the record does not support its application here. See U.S.S.G. § 5D1.3(c) & (d)(6); see also United States v. Torres-Aguilar, 352 F.3d 934, 938 (5th Cir.2003) (<HOLDING>). The written judgment improperly conflicts",228915,37048,0,case_hold_mc,holding that a conflict with oral pronouncement is not creat ed by including conditions that are standard mandatory or recommended by the sentencing commission,holding that in cases of direct conflict between a courts oral pronouncement of sentence and the written judgment the oral pronouncement controls,holding that written judgment controlled over oral pronouncement,holding that when there is a variation between the oral pronouncement of sentence and the written memorialization of the sentence the oral pronouncement controls,holding that imposition occurs at time of oral pronouncement
272,"of “Defendant’s practice of denying employees an impartial review of discipline actions and Plaintiffs independent acts of retaliation.” See Am. Compl. at ¶ 83. Mr. Black does not allege that his reassignment constitutes a demotion in rank or salary. Absent any allegation of demotion, Mr. Black’s claim of pure reputational damage fails as a matter of law because such claims are not protected by the due process clause. Coleman v. Napolitano, 65 F.Supp.3d 99, 107 (D.D.C.2014) (“[C]ourts have routinely rejected claims that a mere reassignment or change of duties, without a corresponding reduction in rank or pay, amounts to a divestment of a property interest.”) (citations omitted); see also New Vision Photography Program, Inc. v. District of Columbia, 54 F.Supp.3d 12, 31 (D.D.C.2014) (<HOLDING>). Beyond alleged reputational damage, the",229770,37177,3,case_hold_mc,holding that an attorneys negligence alone does not qualify for such relief,holding that termite damage does not fall within the meaning of property damage in the policy because the alleged misrepresentations did not cause the damage the termites did,holding that a period of paid leave does not qualify as a suspension,holding that purely reputational damage does not qualify for dueprocess protection,holding negligence on the part of the attorney does not qualify for such relief
273,"put forth anything to convince the Court that further discovery could rectify this issue. Accordingly, the Court sees no reason to deny or defer Defendant’s Motion as premature. 4. Contractual Limitations on Time to Bring Suit A. How does KRS § 304.14-370 affect contractual limitation provisions? Kentucky law has long recognized “the validity of insurance contract provisions requiring as a condition to sue that the action must be ‘commenced within the time specified by the policy.’ ” Edmondson v. Penn. Nat. Mut. Cas. Ins. Co., 781 S.W.2d 753, 756 (Ky.1989) (internal citations omitted). Courts typically enforced such provisions unless they unreasonably limited the time in which parties could sue. See Ashland Finance Co. v. Hartford Accident & Indemn. Co., 474 S.W.2d 364, 366 (Ky. 1971) (<HOLDING>). However, KRS § 304.14-370 does place",230621,37307,4,case_hold_mc,holding a delay approaching one year is presumptively unreasonable,holding that discovery was appropriately tailored as it limited the request to information within a six year time period relating to one specific contract and the deposition of a person most knowledgeable,holding that section 10b and rule 10b5 suits must be commenced within one year after the discovery of the facts constituting the violation and within three years after such violation,holding that cogsa claims must be brought within one year from the time at which the loss occurred,holding that a blanket bond contract provision requiring a party to bring suit within one year after discovery of the loss was not unreasonable
274,"Section 624.155 does not delineate the procedure by which a claim for punitive damages is to be pled, section 768.72 provides that procedure. Key West Convalescent Center v. Doherty, 619 So.2d 367 (Fla. 3d DCA 1993) supports the insurer’s analysis. In Doherty, this court observed that section 768.72 created a positive legal right not to be subjected to financial worth discovery until after there has been an affirmative finding of a reasonable evidentiary basis for punitive damages. While Doherty concerned the statutory provision setting the standards for nursing home facilities, and the case sub judice calls for application of the insurance code, the observations of Doherty are nonetheless applicable here. See Walt Disney World Co. v. Noordhoek, 672 So.2d 98 (Fla. 3d DCA 1996) (<HOLDING>). The insurance company has a substantive right",231473,37440,4,case_hold_mc,holding that conduct must be beyond the fraud which supported compensatory damages to award punitive damages,holding that an award for punitive damages must be supported by clear unequivocal and convincing evidence,holding what section 76872 requires is that a plaintiff who has pleaded punitive damages must offer a reasonable evidentiary basis for punitive damages and obtain an order authorizing the maintenance of the punitive damage claim as a predicate to conducting discovery of a defendants financial worth,holding a court may not award punitive damages,holding punitive damages claims must be stricken absent a reasonable evidentiary basis for their award
275,"the search and seizure. We determined that they failed to prove “that the property or possessions seized and searched were owned, leased, controlled or rightfully possessed by them or that they had any interest in them,” and so lacked “a valid claim of lawful occupancy” in order to challenge the search warrant. Id. at 18, 36 A.2d at 348. In Lambert v. State, 196 Md. 57, 75 A.2d 327 (1950), we explained that one must “lawfully occupy” the premises; mere presence is not sufficient: [O]ne cannot complain of an illegal search and seizure of premises or property which he neither owns, nor leases, nor controls, nor lawfully occupies, nor rightfully possesses, or in which he has no interest 10. Only recently we cited the cases which followed that formula, and re-affirmed i d 758, 763 (1964) (<HOLDING>); Rizzo v. State, 201 Md. 206, 209, 93 A.2d",232326,37573,1,case_hold_mc,holding that a defendant has no constitutional right to challenge the search or seizure of property belonging to a third party even if the search was without probable cause,holding that ferguson had no right to complain of search because he was not in lawful possession of the property,holding that defendant could not complain of search and seizure of bags in which he disclaimed any ownership,holding that invited error does not entitle the defendant to any relief and of which he will not be heard to complain on appeal,holding where the commonwealth is not in possession of property in question petition for return of property is moot
276,"not persuade this Court to apply Turner to the facts at bar. Ultimately, defendant’s Turner argument fails for the same reason that defendant’s Hudson argument failed. Like Hudson. Turner cited Bell with approval and did not at any point suggest that Bell’s approach to Fourth Amendment claims should no longer be controlling law. Turner, 482 U.S. at 87, 107 S.Ct. 2254 (citing to the portions of Bell which discussed petitioners’ First Amendment claims). This Court will not disregard controlling Supreme Court precedent that has not been specifically overruled by subsequent Supreme Court cases. See Powell, 541 F.3d at 1302 (declining to apply the Turner test to custodial strip searches on this ground); cf. Johnson v. California, 543 U.S. 499, 509-10, 125 S.Ct. 1141, 160 L.Ed.2d 949 (2005) (<HOLDING>). Like the many courts that have addressed the",233182,37720,4,case_hold_mc,recognizing in a  1983 case brought by a deathrow prisoner that the deferential turner standard differs from the strict standards of scrutiny applicable to the con stitutional rights of persons in free society,holding that strict scrutiny applies,holding that strict scrutiny is the appropriate standard of review for racial classifications even in the prison context,recognizing that strict scrutiny applies to facial discrimination against a suspect class,holding that turner did not cast doubt on the courts previous holding that strict scrutiny applies to racial classifications in prisons
277,"on November 24, 2015 (the “SecNav Report”), found that plaintiff failed, in his request and in his letter of deficiency, to adequately explain why the requested documents, assuming they existed, were relevant. With respect to Major Brezler’s request for documents (“e-mails since July 1, 2012, regarding Brezler, Sarwar Jan, Ainuddin Khudair-aham or the August 10, 2012 attack by Generals Flynn and Mills, or any commander or principal staff officer within the 3rd [sic] Battalion, 8th Marines from July 1 to August 10, 2012”), documents not provided were not relevant, did not exist, or were not within the control of [the Marine Forces Reserve]. (R. at 2626.) 2. Analysis The Navy, like any other agency, must comply with its own binding rules. Smith v. Resor, 406 F.2d 141, 145 (2d Cir. 1969) (<HOLDING>). Although the government contends that this ■",234042,37857,3,case_hold_mc,holding that section 1252a2bii barred jurisdiction of decisions specified by statute as discretionary but did not bar decisions specified by regulation as discretionary,holding that attorneys are not debt relief agencies,holding that new york city agencies cannot be sued,holding that mandatory military procedures and regulations cannot be ignored by the agencies themselves even where discretionary decisions are involved,recognizing that administrative agencies are not bound by rules of evidence
278,"156 F.3d at 194 n. 1 (In prison, “[w]here the government absolutely monopolizes the means of speech or controls a bottleneck, ... a refusal to fund functions the same as an outright ban.”); Kimberlin v. U.S. Dep’t of Justice, 318 F.3d 228, 232 (D.C.Cir.2003) (BOP’s interpretation of Zimmer Amendment as imposing an outright ban of electrical instruments was reasonable; the restriction on using appropriated funds for the “use or possession” of electric and electronic instruments may reasonably be construed to prohibit paying for costs incidental to such use or possession, including costs incurred for storage, supervision and electricity), reh’g en banc denied, 351 F.3d 1165 and 1166 (D.C.Cir.2003). See also Environmental Defense Ctr. v. Babbitt, 73 F.3d 867, 871-72 (9th Cir.1995) (<HOLDING>). Given the context in which the challenged",234902,37997,4,case_hold_mc,holding that the defendant failed to demonstrate government acquiescence in part because he never reported alleged gang incidents to the government and therefore could not prove that the government was even aware of a problem,holding that the alien was entitled to performance by the government of its promise that the government would not oppose any of his motions for relief from deportation,holding that preservation of government resources cannot as a matter of law justify barring some arbitrarily chosen group from a government program,holding that amtrak is an agency of the government  for purposes of the constitutional obligations of government,holding that the use of any government resources   whether salaries employees paper or buildings  to accomplish a final listing of a species as endangered would entail government expenditure and thereby run afoul of statutory moratorium on spending for such purpose the government cannot make expenditures and therefore cannot act other than by appropriation
279,"(10th ed.2014); see also Allie v. Ionata, 503 So.2d 1237, 1240 (Fla.1987) (defining statute of limitations). In contrast, a statute of repose bars a suit after a specified time that is based solely on the actions of the defendant that gave rise to the claim. As á result, the time constraints of a statute of repose are wholly unrelated to when a plaintiff suffers or discovers an actual injury. See Statute of repose, Black’s Law Dictionary (10th ed.2014); see also Universal Eng’g Corp. v. Perez, 451 So.2d 463, 465 (Fla.1984) (quoting Bauld v e, not a limitations statute. The introductory clause of the statute provides that “[a] cause of action with respect to a fraudulent transfer ... is extinguished unless action is brought” within the time periods pr B.R. 104, 123 (Bankr.D.N.J.1999) (<HOLDING>); Carpenter v. Granderson, 214 B.R. 671, 675",235752,38127,1,case_hold_mc,holding that statute of repose was not subject to toiling provision applicable to statute of limitations because among other reasons it would ignore fundamental distinctions between ordinary statutes of limitations and statutes of repose,holding that statute was one of repose because it embodies the most distinctive characteristic of a statute of repose the barring of the right to bring an action rather than the remedy prescribed,holding that a statute of repose sets absolute parameters of any action,holding that provision has the characteristics of a statute of repose,holding that defendant bore burden of establishing right to summary judgment on basis of statute of repose defense
280,"charge so that its deliberations on percentages of negligence will not be had in a vacuum, or possibly based on a mistaken notion of how a statute operates.” 82 N.J. at 345, 413 A.2d 322. We emphasized that “a jury informed of the legal effects of its findings ... is better able to fulfill its fact finding function.” Id. at 345-46, 413 A.2d 322. See also State v. Mejia, 141 N.J. 475, 485, 662 A.2d 308 (1995) (“As we have repeatedly stated, trial courts ... must inform juries of the effect of their findings.”) (citations omitted); Campo v. Tama, 133 N.J. 123, 140, 627 A.2d 135 (1993) (“We have always emphasized that juries must understand the import of their findings.”) (O’Hem, J., dissenting); Chavanne v. Clover Financial Corp., 206 N.J.Super. 72, 80-81, 501 A.2d 1024 (App.Div.1985) (<HOLDING>); Dimogerondakis v. Dimogerondakis, 197",236608,38268,1,case_hold_mc,holding that although trial courts oral opinion may be used as a reference in the interpretation of its written findings of fact it is not a finding of fact,holding that ultimate outcome charge should be used to inform a jury of fact that its award will be subject to courts control until child reaches age of maturity,holding that claims arising under the age discrimination in employment act may be subject to arbitration,recognizing duty of parent to control conduct of child,holding that the issue of proximate causation involves application of law to fact which should be left to the fact finder subject to limited review
281,"Landgraf, 511 U.S. at-, 114 S.Ct. at 1505. The plaintiffs contend that FIRREA does not expressly state that it applies retroactively. Therefore, because it imposes new duties and affects the plaintiffs’ vested pension rights which arose in 1987, it cannot be applied retroactively to require them to follow an administrative claim procedure and now bar jurisdiction over their claims. The court agrees that FIRREA does not contain an express retroactivity provision. However, this does not require the court to find that the claims bar provision cannot apply to pension benefits which vested prior to FIR-REA’s enactment. The Ninth Circuit has had occasion to address the question of whether FIRREA applies retroactively. See Murphy v. F.D.I.C., 38 F.3d 1490, 1501 (9th Cir.1994) (en banc) (<HOLDING>); F.D.I.C. v. New Hampshire, 953 F.2d 478, 486",237459,38410,1,case_hold_mc,holding that because apprendi does not apply retroactively neither does blakely,holding that 12 usc  1821d9 does not apply retroactively,holding miranda decision does not apply retroactively,holding that apprendi does not apply retroactively,holding that  523a13 does not apply retroactively
282,"identically.” Id. (citation omitted). The most frequent way that a case arises under federal law is “when fede erty that were allegedly set out in a partnership agreement. Accordingly, all of the claims that Plaintiffs pursued in their First Amended State Court Petition — declaratory judgment, breach of partnership agreement, misappropriation of trademark, promissory estoppel, unjust enrichment, breach of fiduciary duty, fraud, conversion, and tortious interference — are venerable state law causes of action. Docket Entry No. 1-1 at 26-33. Even the misappropriation claim — which could, but does not necessarily, involve a federal trademark — arises under state law. See U.S. Sporting Prods., Inc. v. Johnny Stewart Game Calls, Inc., 865 S.W.2d 214, 217 (Tex.App.-Waco 1993, writ denied) (<HOLDING>). The one potential wrinkle is that Plaintiffs",238313,38543,0,case_hold_mc,recognizing a cause of action under texas law for misappropriation,recognizing this texas rule,recognizing the cause of action,recognizing cause of action,holding that where the entity was incorporated in texas and the shareholders reside in texas and the bankruptcy case is pending in texas texas law  not arizona law  should be applied
283,"(applying Tennessee law); see also Kerr v. Coming Glass Works, 284 Minn. 115, 169 N.W.2d 587, 589 (1969). Most other courts, however, have set a lower bar. For example in Mondido v. Cory Corp., 483 F.Supp. 26 (E.D.N.Y. 1979), the plaintiff was injured when the glass carafe from her coffee pot broke. The carafe itself was manufactured by Corning, but it was converted into a coffee decanter and sold by Cory, a separate company. Id. at 27. After both companies were found liable, Corning moved for judgment notwithstanding the verdict arguing that the plaintiff failed to produce evidence sufficient to support the jury’s determination that the carafe was defective when it left Coming’s plant. Id. The court rejected the motion, noting the plaintiffs evidence that Cory converted the 1967) (<HOLDING>); Escola v. Coca Cola Bottling Co. of Fresno,",239170,38671,1,case_hold_mc,holding that the trial court properly failed to instruct the jury on voluntary intoxication and manslaughter where there was no evidence that the appellant was intoxicated at the time of the offense although there was evidence that the appellant had been drinking beer on the day of the offense where there was no evidence concerning the quantity of beer he had consumed,holding that plaintiff had successfully traced the defective condition to the manufacturer where there was no evidence of tampering by the retailer,holding that manufacturer had no duty to warn its purchasers retailer and transporter of gas of dangers where those purchasers had operated a gas business for years were familiar with the trade journals and already knew the dangers,holding that there was a triable issue of fact whether a defendant who applied a sprayon fireproofing material was an agent for the manufacturer of the material and thus whether plaintiff is in privity with the manufacturer,holding a manufacturer strictly liable in tort for injury to plaintiff caused by defective power tool
284,"at the La Vega site. The fact that the Esso station at La Vega ceased its operations in 1998 does not change the prospective nature of plaintiffs’ suit at the time it was brought. Moreover, in PauÉuxet the Court stated that it did not agree “with the reasoning which, apparently, led the Louisiana district court, following the Hamker decision, to dismiss a number of actions simply because no violations occurred on the dates the complaints were filed. A plaintiff who makes allegations warranting injunctive relief in good faith, judged objectively, may recover a penalty judgment for past violations even if the injunction proves unattainable.” Pawtuxet, 807 F.2d at 1094 (citing .1992); Umatilla Waterquality Protective Ass’n v. Smith Frozen Foods, Inc., 962 F.Supp. 1312, 1322 (D.Or.1997) (<HOLDING>). Accordingly, the court concludes as",240025,38810,3,case_hold_mc,holding that wetlands adjacent to navigable waters are included in the term territorial waters,holding that a worker injured on actual navigable waters in the course of employment is covered under the lhwca,holding that the land under navigable waters was not granted by the constitution to the united states but was reserved to the states respectively and that new states have the same rights jurisdiction and sovereignty over the soil under navigable water as the original states,holding a discharge of pollutants is ongoing if the pollutants continue to reach navigable waters even if the discharger is no longer adding pollutants to the point source itself,holding that to achieve goals of cwa epa is required to establish and enforce technologybased limitations on individual discharges into the countrys navigable waters from point sources
285,"199 F.3d at 248 n. 6. Moreover, when the plaintiff declares the sufficiency of his pleadings and makes no attempt to amend his complaint in response to the defendant’s challenge pursuant to Rule 12(b)(6), dismissal is proper when the plaintiffs allegations fail to state a claim for which relief can be granted. See Spiller v. City of Texas City, 130 F.3d 162, 167 (5th Cir.1997). In addition, a plaintiff should not be granted leave to amend after being afforded repeated opportunities to do so. See Wilkins, 173 F.Supp.2d at 614; accord United States ex rel. Adrian v. Regents of the Univ. of Cal., 363 F.3d 398, 404 (5th Cir.2004) (noting that “pleading review is not a game where the plaintiff is permitted to file serial amendments until he finally gets it right”); Willard, 336 F.3d at 387 (<HOLDING>). Furthermore, “where a proposed amendment",240874,38942,0,case_hold_mc,holding leave to amend was properly denied where the relator had previously filed two amended complaints,holding that dismissal with leave to amend should be granted even if no request to amend was made,holding district court properly denied leave to amend where application was four months late and appeared to be futile,holding the district court is not required to grant a plaintiff leave to amend his complaint sua sponte when the plaintiff who is represented by counsel never filed a motion to amend nor requested leave to amend before the district court,holding that the trial court properly refused to consider allegations in the disallowed amended complaints
286,"interest in the Annuity to remain with [Claude].” Supporting the trial court’s finding is a letter from Jean to Cindy Lott, Jean’s daughter and the personal representative of her estate, and testimony from Lott. Jean’s letter stated “I went to United today and had my beneficiary changed on my IRA account. I put it in your name and Dianne as [contingent] in case something happens to you. Dianne is beneficiary to my annuity account.” Lott testified that Jean attempted to change the beneficiary of annuity and that Jean thought that the beneficiary was changed. Claude argues, however, that both Jean’s letter and Lott’s testimony violate the Dead Man’s Statute, S.C.Code Ann. § 19-11-20 (1985). Unquestionably, Jean’s letter is admissible. Harris v. Berry, 231 S.C. 201, 98 S.E.2d 251 (1957) (<HOLDING>). In addition, because Lott’s testimony is",241730,39086,2,case_hold_mc,holding that defendants were not in control and therefore were not supervisors and not subject to liability under  1983,holding that the shareholders were not thirdparty beneficiaries because they were not directly benefited by the contract between the government and the thrifts,holding that letters written by decedent to the testatrix and a first cousin who were designated as beneficiaries under the will were not within prohibition of the dead mans statute and were improperly excluded,holding that the litigation privilege did not preclude a malicious prosecution claim where the accusatorial statements that led to the plaintiffs arrest were made before the charges against him were filed and were not made during and were unrelated to the judicial proceeding,holding that because the record does not indicate that the extraneous documents or averments were excluded by the court  we must assume that they were considered
287,"... I believe the low end of the Guideline range is appropriate and will satisfy and address the factors in Section 3553 that I have just reviewed. R.30 at 15-16. II DISCUSSION A. Mr. Diaz contends that the district court misapprehended the extent of its authority to impose a sentence outside the advisory guidelines range. In support of this contention, he relies on the district court’s statement that factors such as the conditions of his pretrial confinement did not “warrant any deviation from the Guidelines.” R.30 at 15 (emphasis added). Notably, Mr. Diaz acknowledges the court’s affirmative statement that it was basing its sentence on the factors in section 3553(a). In Mr. Diaz’s view, however, this reference to section 3553(a) merely shows that the court was “confused th Cir.2006) (<HOLDING>). Reading the district court’s statement in",242585,39223,1,case_hold_mc,holding that sentencing error did not affect defendants substantial rights because error did not result in longer term of imprisonment,holding that use of the pr ebooker term departure was not error because it did not make a substantive difference,holding that error in method by which interest from damages award was calculated was an error in substantive law not a clerical or mathematical error,holding that the erroneous use of the term burglary in the beginning of the written jury instructions was not fundamental because any error was cured by the correct use of the term theft in the latter portion of the written instructions,holding that use of the term enhancement also a pr ebooker term did not require reversal where district court properly considered the guidelines to be advisory
288,"drugs does. See id. Although “prisoners do not shed all constitutional rights at the prison gate, ... lawful incarceration brings about the necessary withdrawal or limitation of many privileges and rights, a retraction justified by the considerations underlying or penal system.” Id. at 485, 115 S.Ct. at 2301 (citations, quotation marks, and alteration omitted). Under certain circumstances, administrative segregation is a necessary limitation of privileges and rights that incarceration demands. The extended duration of Al-Amin’s confinement in administrative segregation does distinguish the facts of his case from some other disciplinary or administrative segregation situations in which it was held that no liberty interest existed. See Sandin, 515 U.S. at 486, 115 S.Ct. at 2301 (<HOLDING>); Rodgers v. Singletary, 142 F.3d 1252 (11th",243442,39360,1,case_hold_mc,holding that an inmates mandamus petition challenging a disciplinary report imposing 15 days disciplinary confinement was a collateral criminal proceeding because the disciplinary confinement limited petitioners ability to earn gain time,holding that the plaintiffs disciplinary segregated confinement for thirty days did not present the type of atypical significant deprivation in which a state might conceivably create a liberty interest,holding that 30day segregated confinement in hawaii penitentiary did not present such atypical hardship so as to create liberty interest,holding that 30day disciplinary confinement did not present the type of atypical significant deprivation in which a state might conceivably create a liberty interest and further stating that the chance that a finding of misconduct will alter the balance in consideration of parole is simply too attenuated to invoke the procedural guarantees of the due process clause,holding that placing a prisoner in disciplinary confinement clearly effects liberty interest
289,"would seem to be an outstanding liability of CCI that would affect its net worth and, therefore, Jeff's total net worth as a CCI shareholder. 7 . We are cognizant that our refusal to consider this issue now could lead to more litigation in the future, given the litigiousness of these parties, but this does not permit us to ignore jurisdictional rules. See In re Guardianship of Hickman, 811 N.E.2d 843, 850 (Ind.Ct.App.2004), trans. denied. We further note that even if the trial court revisits the question of modifying Jeff's child support obligation upon termination of this appeal, such modification could only be made effective upon the date the trial court reobtains jurisdiction following certification of this appeal as final. See Harris v. Harris, 800 N.E.2d 930, 937 (Ind.Ct.App.2003) (<HOLDING>), trans. denied. 8 . Despite the Crider",244291,39483,0,case_hold_mc,holding trial court was permitted to rule on child support modification request filed before appeal was certified as final but that effective date of modification could be no earlier than when indiana supreme court denied transfer on appeal and trial court reobtained jurisdiction,holding that a conviction is deemed final on the date of sentencing when there is no evidence that notice of appeal was filed,holding that since district court of appeal properly found that the trial court lacked jurisdiction to rule on a 3850 motion during the pendency of a direct appeal the district court of appeal should have vacated the order rather than affirming on the merits,holding that where the issue of sanctions was not before the court of appeals when the appeal was filed the district court retained jurisdiction,holding that a deposition that was not presented to the trial court could not be considered on appeal
290,"had been referred to Healy and Gardner, Fitzgerald was no longer functioning as a prosecutor. Cf. Kulwicki, 969 F.2d at 1467 (affirming denial of absolute immunity because the prosecutor was no longer assigned to the case when the challenged activity occurred). Moreover, the forwarding of materials constitutes an “administrative” function which is somewhat analogous to an investigative officer supplying a prosecutor with evidence discovered during the course of an investigation. However, Cignetti’s claims based on the second, fifth and sixth acts are barred by absolute immunity. With respect to the second and the fifth acts, it has long been settled that prosecutors are entitled to absolute immunity for initiating and pursuing a prosecution. See Imbler, 424 U.S. at 431, 96 S.Ct. 984 (<HOLDING>); Butz, 438 U.S. at 515, 98 S.Ct. 2894 (“The",245145,39621,0,case_hold_mc,holding that state prosecutors enjoy absolute immunity for the initiation and pursuit of a criminal prosecution,holding that social workers are entitled to absolute immunity in performing quasiprosecutorial functions connected with the initiation and pursuit of child dependency proceedings,holding that prosecutors enjoy absolute immunity from  1983 suits for initiating a prosecution and presenting the case at trial,holding that prosecutors have absolute immunity,holding that officials charged with the duty of executing a facially valid court order enjoy absolute immunity
291,"persecution. See Rife v. Ashcroft, 374 F.3d 606, 612 (8th Cir.2004). Being forced on occasion to work without pay for the police is troublesome, but we cannot conclude that this alone rises to the level of persecution. “[P]ersecution is an extreme concept” and low-level types of intimidation or harassment are not sufficiently severe. Shoaira, 377 F.3d at 844 (internal marks omitted). We have stated that brief periods of detention, ethnic conflict, or isolated violence do not necessarily constitute persecution. See Ngure v. Ashcroft, 367 F.3d 975, 990 (8th Cir.2004) (noting isolated violence does not compel a finding of persecution); Al Tawm v. Ashcroft, 363 F.3d 740, 743 (8th Cir.2004) (noting brief detention not necessarily persecution); Feleke v. INS, 118 F.3d 594, 598 (8th Cir.1997) (<HOLDING>).' We conclude that substantial evidence",246001,39754,0,case_hold_mc,holding political unrest and ethnic conflict do not compel a finding of persecution,holding that a minor beating even in conjunction with threats did not compel a finding of persecution,holding that evidence of multiple interrogations and 24hour detention did not compel finding of persecution,holding that evidence of kidnapping at gunpoint interrogation and beating did not compel finding of persecution,holding that minor abuse during brief detention did not compel finding of past persecution
292,"1216, 1218 (10th Cir. 2004); Kennedy v. Lubar, 273 F.3d 1293, 1297 (10th Cir.2001). In this case, the court did not remand based on § 1447(c), but rather on the basis that it was declining to exercise its supplemental jurisdiction over plaintiffs pendent state law claims pursuant to 28 U.S.C. § 1367(c)(3). Review of a district court’s discretionary decision to remand under § 1367(c)(3) is not treated as a § 1447(c) remand, and therefore it is not subject to § 1447(d)’s statutory bar to review. Pacificare of Okla., Inc. v. Burrage, 59 F.3d 151, 152-53 (10th Cir.1995). As a logical corollary, then, § 1447(d) likewise does not deprive this court of jurisdiction to reconsider its prior orders in this case. See Hudson United Bank v. LiTenda Mortgage Corp., 142 F.3d 151, 158 (3d Cir.1998) (<HOLDING>). Accordingly, this court has jurisdiction to",246856,39885,2,case_hold_mc,holding a district courts power to remand pendent state claims to state court is inherent in statutory authorization to decline supplemental jurisdiction under  1367c,holding that the trial court erred by granting the defendants motion to dismiss,holding the district court retained jurisdiction to reconsider its order granting the defendants motion to dismiss notwithstanding the fact that the district court had remanded the remaining pendent state claims to state court pursuant to 28 usc  1367c,holding that the district court did not have jurisdiction and remanding the matter to state court,holding that district court appropriately retained pendent jurisdiction over state claims where it had invested time and resources in the case
293,"In other words, Long argues, there is no temporal limitation imposed by the opening clause of Subsection (A), and thus it applies, for example, to insurance section (A) would exclude any money or benefits that have already been paid to an insured or beneficiary. Two longstanding decisions of the Oklahoma Supreme Court, however, lead us to conclude that the opening clause of Subsection (A) must be interpreted in the broader manner argued by Long. See Etherton v. Owners Ins. Co., 829 F.3d 1209, 1223 (10th Cir. 2016) (“If the state’s highest court has interpreted a state statute, we defer to that decision. If the state’s highest court has not interpreted a state statute, we instead predict how that court would rule.”) (citation omitted); In re Borgman, 698 F.3d 1255, 1259 (10th Cir. 2012) (<HOLDING>). In State ex rel. Lankford v. Collins, 70",247713,40027,1,case_hold_mc,holding that federal courts are bound by state interpretations of state law,holding that the scope and application of state exemptions are defined by the state courts and that we are bound by their interpretations,recognizing that state agencies which are independent of the state are citizens of the state,holding federal courts are bound by state court determinations of state law,holding that state courts in construing and interpreting state law are not bound by the decisions of federal courts
294,"third, [we pay] principal attention to the interest of the party seeking the prejudgment remedy, with, nonetheless, due regard for any ancillary interest the government may have in providing the procedure or forgoing the added burden of providing greater protections. 501 U.S. 1, 11, 111 S.Ct. 2105, 2112, 115 L.Ed.2d 1 (1991). The first factor weighs in Claimants’ favor. See id. at 11, 111 S.Ct. at 2112-13 (listing the “significant” consequences of attachment). Although Plaintiffs point out that SDNTs have a diminished interest in their blocked assets because their ability to alienate that property is already restricted, SDNTs do retain some interest, especially because the possibility of unblocking remains, as occurred with a number of Claimants here. Cf. Bissell, 866 F.2d at 1352-54 (<HOLDING>). As discussed below, delisting does not",248570,40170,0,case_hold_mc,recognizing the continued interest of a criminal defendant in frozen property prior to forfeiture,holding that the district court properly exercised jurisdiction over a criminal forfeiture action where a state court in a related state court forfeiture proceeding had in personam jurisdiction over the same currency subject to forfeiture,holding that scope of property subject to forfeiture is defined by the instrument creating an interest in the property,recognizing criminal forfeiture as an aspect of punishment,holding that former municipal judge did not have property interest in continued employment
295,"deferential standard. However, there is more. Liberty’s dealings with Plaintiff, particularly during the period before Plaintiff retained counsel, were inconsistent. Plaintiff was preliminarily approved for benefits, and then denied, first because of the pre-existing condition exclusion, then because of a failure to provide “objective medical” evidence of disability, and finally because of the pre-existing condition exclusion. Plaintiff correctly points out that the policy includes no requirement that Plaintiff present objective medical evidence to support her claim. See Canseco v. Construction Laborers Pension Trust for Southern California, 93 F.3d 600, 608-9 (9th Cir.1996) (implied additional plan terms are disfavored); Duncan v. Continental Cas. Co., 1997 WL 88374, *4 (N.D.Cal.1997) (<HOLDING>). In deciding Plaintiffs appeal, Liberty relied",249423,40301,3,case_hold_mc,holding that an insurance company could not deny a claim for longterm disability benefits based on a lack of objective medical evidence when the original policy did not refer to the objective medical evidence standard and never defined that term,holding that plan administrator could appropriately require objective medical evidence supporting disability claim where such a requirement is not contradicted by any provision of the administrators own policy,holding that it was wrong for an administrator to require a claimant suffering from fibromyalgia and chronic fatigue syndrome to submit objective medical evidence in support of her claim for benefits when the plan did not require such evidence,holding that plan administrator cannot exclude a claim for lack of objective medical evidence unless the objective medical evidence standard was made clear plain and conspicuous enough in the policy to negate layman sic plaintiffs objectively reasonable expectations of coverage ,holding that the corroborating evidence need not be medical evidence if the appellant explains why medical evidence is not available
296,"Awareness Network, 18 F.3d 752, 754 (9th Cir.1994); Hal Roach Studios, Inc. v. Richard Feiner & Co., Inc., 896 F.2d 1542, 1555 n. 19 (9th Cir.1990). Under the incorporation by reference doctrine, the court may also consider documents “whose contents are alleged in a complaint and whose authenticity no party questions, but which are not physically attached to the pleading.” Branch v. Tunnell, 14 F.3d 449, 454 (9th Cir.1994), overruled on other grounds by Galbraith v. County of Santa Clara, 307 F.3d 1119, 1121 (9th Cir.2002). Dismissal without leave to amend is appropriate only when the court is satisfied that the deficiencies in the complaint could not possibly be cured by amendment. Jackson v. Carey, 353 F.3d 750, 758 (9th Cir.2003); Lopez v. Smith, 203 F.3d 1122, 1127 (9th Cir.2000) (<HOLDING>). Rule 15(a)(2) of the Federal Rules of Civil",250285,40417,3,case_hold_mc,holding the district court is not required to grant a plaintiff leave to amend his complaint sua sponte when the plaintiff who is represented by counsel never filed a motion to amend nor requested leave to amend before the district court,holding that dismissal with leave to amend is not a final order,recognizing utility of amendment as a proper basis for dismissal without leave to amend,holding that dismissal with leave to amend should be granted even if no request to amend was made,recognizing that although leave to amend generally should be freely granted that decision is left to the district courts discretion and as in the present case not only was there no abuse of discretion it appears that appellants never properly requested an opportunity to amend in the district court
297,"not a legislator and therefore not entitled to assert legislative immunity. (Pls.Mem. in Opp’n at 24.) Presumably plaintiffs are analogizing the dictum of Forrester that state executive officials are not entitled to absolute immunity for their official acts to the same extent as the President of the United States. See 484 U.S. at 226, 108 S.Ct. at 543-44. However, the Municipal defendants do not assert Zwim’s immunity as an executive, but only with respect to his participation in approving legislated Board resolutions. (Mun. Defs.Mem. of Law at 21.) Although defendant Zwirn is chief executive of the Town, he has legislative responsibilities in his dual capacity as a Town Board member. N.Y.Town Law §§ 60, 63 (McKinney 1987); see also Aitchison v. Raffiani, 708 F.2d 96, 99 (3d Cir.1983) (<HOLDING>); Orange, 830 F.Supp. at 706 (county executive",251143,40557,4,case_hold_mc,holding chief of police an executive officer because a member of the executive branch and an officer,recognizing that the fellow officer rule functions to include officers outside the common investigation,holding that although jury found officer not to have had probable cause for arrest officer was entitled to immunity because law was not clearly established as to circumstances in which officer found himself,holding that in extraordinary circumstances where a police officer neither knew nor should have known of the relevant legal standard qualified immunity may still be available,holding that a mayor although the executive officer may still have legislative functions
298,"the essential inquiry is whether the defendant knowingly drove the vehicle in such a manner and under such conditions as was likely to cause death or great bodily harm. D.E. v. State, 904 So.2d 558, 562 (Fla. 5th DCA 2005). Although the defendant need not have foreseen the specific circumstances causing the death of the victim, the defendant should have reasonably foreseen that the same general type of harm might occur if he knowingly drove his vehicle under circumstances that would likely cause death or great bodily harm to another. Michel v. State, 752 So.2d 6, 12 (Fla. 5th DCA 2000). A number of appellate courts in Florida have stated that “speed alone” is insufficient to support a conviction for vehicular homicide. See, e.g., House v. State, 831 So.2d 1230, 1233 (Fla. 2d DCA 2002) (<HOLDING>); Hamilton v. State, 439 So.2d 238, 238-39",252003,40694,3,case_hold_mc,holding 350 per hour reasonable for civil rights federal court litigation,recognizing that 90 per hour is a reasonable rate for a paralegal,holding that speed alone will not support a conviction but that other factors supported the vehicular homicide conviction where defendant was speeding at 50 to 60 miles per hour in a 30 mile per hour residential area with slowchildren playing sign,holding that evidence was insufficient to support conviction for vehicular homicide where the defendant was driving 60 miles per hour in a 30 mile per hour zone before the collision and a minimum of 50 miles per hour at the time of impact,holding that evidence was sufficient to support conviction for vehicular homicide where defendant was driving anywhere from 67 to 90 miles per hour in a residential neighbor hood which alone justified denial of the motion for judgment of acquittal even though the defendant was also playing with his cd driving in rainy conditions and rounding a curve in the road
299,"concerning a matter within the scope of the agency or employment, made during the existence of the relationship. However, courts faced with this issue have refused to apply this provision to government employees testifying in criminal trials based on the rationale that no individual can bind the sovereign. See United States v. Kampiles, 609 F.2d 1233, 1246 (7th Cir.1979) (""Because the agents of the Government are supposedly disinterested in the outcome of a trial and are traditionally unable to bind the sovereign, their statements seem less the product of the adversary process and hence less appropriately described as admissions of a party.” (citations omitted)), cert. denied, 446 U.S. 954, 100 S.Ct. 2923, 64 L.Ed.2d 812 (1980); United States v. Santos, 372 F.2d 177, 180 (2d Cir.1967) (<HOLDING>); United States v. Durrani, 659 F.Supp. 1183",252859,40838,1,case_hold_mc,holding that even in separate trial other crimes evidence would not have been admissible and identification testimony would have been admissible,holding inconsistent out of court statements otherwise admissible not admissible against government in criminal prosecution,holding in a criminal case that a statement by an unavailable declarant was not admissible as a declaration against his penal interest and was not admissible under rule 804b5 either,holding statements by coconspirator nontestimonial and thus admissible,holding alford plea admissible in burglary prosecution
300,"only where no reasonable person would take the view adopted by the trial court. Parker v. State, 904 So.2d 370, 379 (Fla.2005) (quoting State v. Coney, 845 So.2d 120, 137 (Fla.2003)). In denying the request here, the trial court specifically found that the requests were not “reasonably calculated to lead to the discovery of admissible evidence” and were “overly broad and unduly burdensome.” The record fully supports the trial court’s finding with regard to the denial of these overly broad requests. It was reasonable to limit discovery of public records to those pertaining to the investigation of the Maclvor murders, rather than any investigation in which Overton had ever been involved, so such was certainly not an abuse of discretion. See Moore v. State, 820 So.2d 199, 204 (Fla.2002) (<HOLDING>); Glock v. Moore, 776 So.2d 243, 253 (Fla.2001)",253717,40973,3,case_hold_mc,recognizing that the district court has discretion to admit or deny motive evidence,holding not an abuse of discretion to deny funds,recognizing that trial court has broad discretion in ruling on admissibility of evidence and party claiming abuse of that discretion bears a heavy burden,recognizing that a trial court has the discretion to deny public records requests that are overly broad of questionable relevance and unlikely to lead to discoverable evidence,holding that a trial court has broad discretion to modify a spousal maintenance award
301,"that only water which has been put to beneficial use for irrigation purposes is appurtenant to the land. Id. ¶¶ 4, 11. {17} The Bassetts emphasize that in reaching that conclusion, this Court quoted a Utah case, which interpreted a Utah statute to determine that “a vested water right is considered appurtenant to the land conveyed only to the extent that it is used to the land’s benefit at the time of the conveyance.” Id. ¶ 8 (quoting Little v. Greene & Weed Inv., 839 P.2d 791, 796 (Utah 1992)) (internal quotation marks omitted). In KRM, this Court did not adopt the Utah rule requiring irrigation at the time of the conveyance. The Utah court established its rule based on established authority in Utah, which New Mexico does not share. See Stephens v. Burton, 546 P.2d 240, 242 (Utah 1976) (<HOLDING>). Our own case law indicates the opposite",254577,41112,0,case_hold_mc,holding that the amount of water rights appurtenant to the land is the amount that is being used thereon before and at the time of the sale,holding that when trial court orders restitution at sentencing pursuant to statute the defendant is entitled to notice of the amount claimed and the opportunity to dispute the amount,holding that the appropriation of the land is complete when the amount of damage awarded by the commissioners is paid and possession is taken,holding that water stock sold appurtenant to land represents an interest in water which is a real properly right,holding prejudgment interest is to be determined on the entire amount of compensatory damages and then reduced by the amount of interest which would have accrued at present value on the settlement amount determined before trial
302,"subsequent actions may help establish mens rea for first-degree murder, ""when they reflect a prior state of mind, particularly where they are fairly recent and in some significant way connected with prior material events”) (internal quotation marks omitted). 22 . Austin, 127 U.S.App.D.C. at 188, 382 F.2d at 137; see also, e.g., Fortson v. United States, 979 A.2d 643, 656 (D.C.2009) (""While a passerby possibly would have characterized the kicking and stomping of Whitfield as 'frenzied,' "" evidence allowed a finding that the defendant had ""ample time to reflect on his actions and ample time for any initial rage ... to peter out,” and thus had acted with premeditation and deliberation), reh'g granted and op. modified, 987 A.2d 1118 (D.C.2010). 23 . 903 A.2d 818, 830 (D.C.2006) (en banc) (<HOLDING>). 24 . Our review of appellant's claim is de",255433,41261,1,case_hold_mc,holding it was not a surprise or unfair to the defendant for the state to pursue a theory of aiding and abetting at trial when the charging document did not refer to aiding and abetting,holding inter alia that conviction of firstdegree premeditated murder on an aiding and abetting theory requires the prosecution to prove that the accomplice acted with premeditation and deliberation and intent to kill,holding that where both firstdegree and felony murder were possible bases for a murder conviction a jury instruction that suggested the jury could rely on felony murder as the predicate offense for a conviction for conspiracy to commit murder was improper because under arizona law a conviction for conspiracy to commit firstdegree murder requires a specific intent to kill,holding that in order to convict a defendant of firstdegree murder on a theory of accomplice liability proof of his own premeditation is required,recognizing both aiding and abetting breach of fiduciary duties and aiding and abetting conversion
303,"toll the statute of limitations unless the defendants made representations that they knew or should have known would induce the plaintiff to put off bring ing suit and the plaintiff did, in fact, delay-in reliance on the representations. Olsen, 388 Mass. at 176, 445 N.E.2d 609. The “hypoallergenic” label was not intended to dissuade potential plaintiffs from bringing suit against the glove manufacturer, and there is no evidence that the labeling was fraudulent. Thus, estoppel will not toll the statute of limitations in this case. Other Massachusetts courts have found summary judgment to be appropriate in cases where plaintiffs could be charged with notice of their latex allergies outside of the statutory limitations period. See Zamboni v. Aladan Corp., 304 F.Supp.2d 218 (D.Mass.2004)(<HOLDING>); Starer v. Baxter Healthcare Corp., 2003 WL",256290,41401,2,case_hold_mc,holding that cause of action for malpractice had accrued before underlying actions dismissal,holding that cause of action accrued before formal diagnosis of latex allergy when plaintiff had previously suspected that she might be allergic to latex,holding that cause of action against latex glove manufacturers accrued when plaintiff first suspected a latex allergy,holding that the payments accrued,holding that the cause of action accrued on the date of sale
304,"from the OSHA inspection after this incident were for repeat offenses, the repeat offense that appears pertinent to this ease was the failure to mark a container of hazardous chemicals so as to identify the chemical. The prior citation for such an offense is not in the record, and we are unable to determine whether the “repeat” aspect of the citation pertains only to the type of citation or to the particular location of the offending container. In any event, our supreme court has not yet held that OSHA citations are evidence that compels the conclusion that a coemployee was substantially certain that injury or death would occur. In fact, in two cases involving OSHA citations, the court has held that such citations would not support that finding. See Ex parte Martin, 733 So.2d at 396 (<HOLDING>), and Harris v. Simmons, 585 So.2d 906, 908",257146,41532,1,case_hold_mc,holding that witnesss testimony was sufficient to support the trial courts finding that defendant committed battery that resulted in bodily injury,holding postaccident citation not sufficient to support finding that coemployee was substantially certain that injury or death would occur,holding that preaccident citation would not support a finding that coemployees were substantially certain that injury or death would occur,holding evidence sufficient to support trial courts finding in aggravation that the offense was planned,holding governments position substantially justified where sufficient support existed in precedent
305,"warrant was for failure to abide by conditions of release. Defendant was arrested on that warrant; he was not arrested for failure to appear. Defendant argues that there is no provision in the rule for failure to return from a furlough and that failure to appear under Rule 5-604(B)(5) occurs only when a defendant fails to appear before a judicial officer at a scheduled hearing.. {24} The criminal Failure to Appear statute has just such a provision, and Defendant contends that the statute “connects” to the rule. Section 31-3-9 makes it a crime to “willfully fail[ ] to appear before any court or judicial officer” when that person is “released pending any proceeding related to the prosecution or appeal of a criminal offense.” Id.; see Hicks, 2002-NMCA-038, ¶ 15, 132 N.M. 68, 43 P.3d 1078 (<HOLDING>). Indeed, no conviction has been sustained",258001,41678,2,case_hold_mc,holding that the failure to appear in court pursuant to a court order can constitute direct criminal contempt,holding that the term timely should be read in conjunction with 45c2b that requires a party subject to a subpoena to object to a subpoena duces tecum within 14 days of service of the subpoena,holding that criminal faffing to appear requires not coming to court as directed by a notice subpoena summons or other legal process,holding a person who is not a member of the bar of any court  may appear pro se but is not qualified to appear in the district court or in this court as counsel for others,holding that a denial of an order to quash a subpoena not directed to a movant was a final order if the movant had no further opportunity to challenge the subpoena
306,"pertinent charge of aggravated assault, to sentence defendant to life imprisonment without possibility of release before serving twenty-five years. One element in this mandatory sentence was defendant’s probationary status at the time of the crime. See A.R.S. § 13-604.02 (1989). Defendant argues on appeal that this element was improperly established at trial. After the jury was excused, instead of requiring proof of probationary status, the trial judge stated that he had been the sentencing judge for defendant’s probation violation proceeding, and he took judicial notice that defendant was on probation at the time of his crime. Defense counsel did not object. The defendant now argues on appeal that this was error, relying on State v. Lee, 114 Ariz. 101, 105, 559 P.2d 657, 661 (1976) (<HOLDING>), and State v. Hurley, 154 Ariz. 124, 132, 741",258857,41821,0,case_hold_mc,holding that the proper procedure to prove prior convictions is to offer a certified copy of the conviction,holding that when an agency fails to follow the proper procedure under the illinois administrative procedure act for the adoption of rules the rule is invalid,holding that the state had the burden of proving the defendants two prior convictions in order to obtain the felony dui conviction,holding that the mailing of a certified copy of a remand order to a state court divests federal jurisdiction,holding that for sentencing purposes the government does not need to allege a defendants prior conviction or prove the fact of a prior conviction where that fact is not an element of the present crime
307,"64 L.Ed.2d 795 (1980). We are faced with precisely such circumstances here. In their July 30 telephone conversation, Garcia negotiated with Papo for the purchase of heroin. He also instructed Papo to deliver the heroin to DeJe-sus, a direction that Papo clearly intended to carry out. Garcia’s instructions to Papo and Papo’s evident assent are independently admissible under Fed.R.Evid. 803(3). Under that rule, hearsay statements reflecting a declarant’s intentions or future plans are admissible to prove subsequent acts. Fed.R.Evid. 803 advisory committee note. Accordingly, the July 30 Garcia-Papo conversation is admissible to prove that Papo and Garcia intended to carry out a narcotics transaction in which DeJesus would serve as a middleman. See United States v. Cicale, 691 F.2d at 104 (<HOLDING>). The July 30 conversation also is arguably",259715,41957,0,case_hold_mc,holding coconspirators hearsay statements independently admissible under fedrevid 8033 to show declarants intent to engage in illicit drug transaction,holding that statements made by a doctor to a patient are not admissible under fedrevid 8034 because the rule does not except statements by the person providing medical care,holding rule 16a1a does not include statements made by coconspirators even if those statements can be attributed to the defendant for purposes of the rule against hearsay,holding evidence of prior drug use admissible to show motive and the nature of the defendants relationship with coconspirators,holding that evidence of prior drug transactions was admissible under rule 404b to show inter alia intent to enter into the drug conspiracy and knowledge of the conspiracy
308,"(2003), this court considered this very issue. In Collins, after a jury verdict was awarded against it, IGT made timely motions for JNOV, new trial, and new trial nisi remittitur. Id. at 560, 579 S.E.2d at 524. All of these motions were denied by the trial judge and IGT was served with a copy of the order on September 5, 2001. Id. IGT served a motion to alter or amend pursuant to Rule 59(e), SCRCP, on September 12, 2001, which merely restated the arguments made in the post-trial motions. Id. at 561, 579 S.E.2d at 524. IGT received written notice of the entry of the order denying its motion to alter or amend on November 5, 2001, and thereafter served its notice of appeal on November 21, 2001. Id. Relying on Coward Hund Constr. Co. v. Ball Corp., 336 S.C. 1, 518 S.E.2d 56 (Ct.App.1999) (<HOLDING>) and Quality Trailer Products, Inc. v. CSL",260572,42087,4,case_hold_mc,holding that issues are not waived for failing to file posttrial motions from a remand proceeding where no evidence was presented because no posttrial motions were required under those circumstances,holding argument based on economic loss rule waived when raised for first time in posttrial motions,holding that successive new trial or jnov motions do not toll the time for serving the notice of appeal,holding that successive rule 59e motions unlike timely filed ones do not toll the time for appealing,holding that successive posttrial motions do not toll the time for appeal
309,"MEDINA delivered the opinion of the Court. The Texas Anti-Retaliation Law, found in Chapter 451 of the Texas Labor Code, prohibits a person from discharging or discriminating against an employee, who in good faith files a workers’ compensation claim. See Tex. Lab.Code § 451.001(1). This law applies to private employers. We have also held it to apply to the state’s political subdivisions through Chapter 504 of the Labor Code. See City of LaPorte v. Barfield, 898 S.W.2d 288, 298-99 (Tex.1995) (<HOLDING>). In this interlocutory appeal, a political",261427,42241,0,case_hold_mc,holding that chapter 504 waives the governmental immunity of political subdivisions for retaliatory discharge claims under chapter 451,recognizing the tort of retaliatory discharge,holding tort action accruing after original chapter 7 petition not part of estate when case converted to chapter 13 and then back to chapter 7,holding denial of motion to convert from chapter 11 to chapter 7 is interlocutory,recognizing that a debt ors sequential filing of a chapter 7 petition and then a chapter 13 petition is the socalled chapter 20 
310,"on the merits. As the post-conviction court recognized, the trial court never formally accepted appellant’s plea. Because there was no formal acceptance, and sentence had not yet been pronounced, appellant had a right to withdraw his plea without any justification for doing so. See Fla. R. Crim. P. 3.172(g); see also Campbell, at 739. He attempted to assert this right, both independently and through his attorney, to no avail. Counsel was deficient in failing to adopt and present appellant’s motions to withdraw the plea because, under these circumstances, appellant had an affirmative right to withdraw the plea, and counsel’s failure to correctly advise or advocate appellant’s desire in this instance constitutes deficient performance. See Puglisi v. State, 112 So.3d 1196, 1205 (Fla.2013) (<HOLDING>). Regarding the prejudice prong of the",261984,42329,3,case_hold_mc,holding that the trial court did not abuse its discretion by refusing to accept the defendants guilty pleas to two counts of the indictment and stating that even if the trial court erred the error had not prejudiced the defendant because he was found guilty by the jury of the charges to which he intended to plead and the evidence of the other crimes would have been admissible in the trial for the first degree murder charge,holding that written jury waivers alone cannot validly waive a defendants right to a jury trial,holding that the standard for determining competency to plead guilty is whether the defendant has a rational understanding of the proceedings,holding that decisions on whether to plead guilty or waive the right to a jury trial reside solely with the defendant,recognizing the right to waive a jury trial
311,"to create any right or benefit, substantive or procedural, enforceable at law by any individual or other party in removal proceedings, in litigation with the United States, or in any other form or manner.”); United States v. Ng, 699 F.2d 63, 71 (2d Cir.1983) (concluding that a “policy [that] is merely an internal guideline for exercise of prosecutorial discretion [is] not subject to judicial review,” and emphasizing that the policy “is not a statute or regulation; nor is it constitutionally mandated”); see also United States v. Craveiro, 907 F.2d 260, 264 (1st Cir.1990) (“[T]he internal guidelines of a federal agency, that are not mandated by statute or the constitution, do not confer substantive rights on any party.”); cf. Firstland Int’l, Inc. v. INS, 377 F.3d 127, 132 (2d Cir.2004) (<HOLDING>); Montilla v. INS, 926 F.2d 162, 166 (2d",262837,42459,4,case_hold_mc,holding moot appeal from revocation of visa petition where immigrant subsequently obtained lpr status,holding that the beneficiary of a form 1130 visa petition did not have standing to challenge a denied petition,holding no abuse of discretion where ij denied aliens request for continuance because alien had no immigrant visa available and it was unlikely attorney general would exercise discretion to permit excludable alien to stay,holding that it was an abuse of discretion to admit the record when an admission was available,holding that the ins was deprived of any discretion to revoke approval of an immigrant visa petition when it failed to follow statutorilymandated notice requirement
312,"of the crime. Id. at 982-84, 512 N.W.2d at 261. Again, Evans is readily distinguishable from our case because there the government was seeking money expended in the course of a criminal investigation. Evans, like Schmaling, does not contradict our holding that the plain meaning of ""victim"" under § 973.20(lr), Stats., encompasses political entities. We therefore conclude that the trial court did not err by imposing restitution to the United States government. By the Court. — Judgment and order affirmed. 1 We note that Howard-Hastings appeals a sentence imposed by the court, not a condition of probation. A sentencing court has broader authority to impose restitution as a condition of probation. Compare State v. Connelly, 143 Wis. 2d 500, 505-06, 421 N.W.2d 859, 861 (Ct. App. 1988) (<HOLDING>), with State v. Evans, 181 Wis. 2d 978, 982-84,",263691,42598,1,case_hold_mc,holding defendant agreed to submit to searches as a condition of probation,holding that defendant could be required to reimburse state for buy money in drug case as a condition of probation,recognizing that probation condition required probationer to enter into and successfully complete a sex offender treatment program but finding that no condition of probation was imposed that required him to admit to a counselor the sexual acts charged,holding that the requirement that a defendant pay for drug testing is a special condition of probation which must be pronounced at sentencing,holding that a defendant is not entitled to credit for time served as a condition of probation
313,"as to taint the director’s judgment. See, e.g., Khanna v. McMinn, C.A. No. 20545-NC, 2006 Del. Ch. LEXIS 86, 2006 WL 1388744, at *17 (Del. Ch. May 9, 2006) (finding no lack of independence where Complaint alleged that director also sat on the board of a software vendor that received over $2.2 million in revenue from the subject corporation, as plaintiffs failed to allege that $2.2 million was material to the vendor or that the transaction might otherwise have influenced the director’s decisions); White v. Panic, 793 A.2d 356, 366 (Del.Ch.2000) (rejecting claim of director’s lack of independence where the plaintiff did not allege particular facts indicating that $33,440 allegedly paid to director or his firm was so material as to taint the director’s judgment); Disney, 731 A.2d at 360 (<HOLDING>). Here, the Court cannot ascertain whether the",264546,42736,4,case_hold_mc,holding that the director of the office of workers compensation programs in the us dept of labor lacked standing to challenge a decision by the benefits review board and finding that when an agency in its governmental capacity is meant to have standing congress says so emphasis in original,holding that the attempt to remove  a director by written consent of the board is invalid,recognizing absolute immunity for board members and the director of the mississippi state board of nursing,holding that the plaintiffs had adequately alleged that a defendant director was not disinterested on account of his business relationship with the company whose board he sat on because he was a man of comparatively modest means,holding that allegation that company paid a director 50000 in consulting fees was not enough to demonstrate that the director lacked independence as plaintiffs had failed to allege that 50000 was material to the director
314,"on the basis of an otherwise constitutional statutory aggravator. ¶ 32 Even if we assume Graham supplies the proper analysis for challenging an aggravator, such a challenge fails here. Under Graham, a court “considers ‘objective indicia of society’s standards, as expressed in legislative enactments and state practice’ to determine whether there is a national consensus against the sentencing practice at issue.” 130 S.Ct. at 2022 (quoting Roper v. Simmons, 543 U.S. 551, 572, 125 S.Ct. 1183, 161 L.Ed.2d 1 (2005)). In the past decade, the Supreme Court has used this approach in three death penalty eases. See Kennedy v. Louisiana, 554 U.S. 407, 446, 128 S.Ct. 2641, 171 L.Ed.2d 525 (2008) (concluding the death penalty cannot be imposed for rape); Roper, 543 U.S. at 578, 125 S.Ct. 1183 (<HOLDING>); Atkins v. Virginia, 536 U.S. 304, 321, 122",265405,42875,4,case_hold_mc,holding the death penalty unconstitutional for defendants under age eighteen at the time of the crime,holding that the execution of individuals who were under 18 years of age at the time they committed capital crimes violates the eighth and fourteenth amendments to the united states constitution,recognizing that within the world community the imposition of the death penalty for crimes committed by mentally retarded offenders is overwhelmingly disapproved,holding that mandatory life imprisonment without parole for those under the age of eighteen at the time of their crimes violates eighth amendment,holding the eighth and fourteenth amendments forbid imposition of the death penalty on offenders who were under the age of eighteen when their crimes were committed
315,"for summary judgment and granted summary judgment in favor of the federal defendants. DISCUSSION Appellants argue that the Forest Service lacked the authority to restrict the use of the ditches to maintain instream flow levels for the protection of fish under the ESA. We agree with the district court that the placement of restrictions in the right-of-way permits was within the authority of the Forest Service. Whatever questions exist as to the standing of the various appellants, they are represented by the same counsel and make the same arguments, and the Early Winters Ditch Company as a permit holder indisputably has standing. We accordingly proceed to the merits. See Vill. of Arlington Heights v. Metro. Hous. Dev. Corp., 429 U.S. 252, 263-64 & n. 9, 97 S.Ct. 555, 50 L.Ed.2d 450 (<HOLDING>). At bottom, appellants argue that the Forest",266257,43013,2,case_hold_mc,holding individual standing issue waived,holding that standing existed,holding that where one plaintiff has standing we need not consider whether the other individual and corporate plaintiffs have standing to maintain the suit,holding that the plaintiffs did not have standing because they may not rely on the expense of credit monitoring and other preventative measures for standing,recognizing that while in a diversity case a federal court may not address the plaintiffs claim unless the plaintiff has standing to sue under state law the plaintiff must also meet article iii standing requirements
316,"(5th Cir.1994). The Court may not look beyond the pleadings. See Mahone v. Addicks Util. Dist., 836 F.2d 921, 935 (5th Cir.1988). Dismissal for failure to state a claim is not favored by the law. Id. at 926. A Plaintiffs complaint “should not be dismissed for failure to state a claim unless it appears beyond doubt that the plaintiff can prove no set of facts in support of his claim which would entitle him to relief.” Conley v. Gibson, 355 U.S. 41, 45-46, 78 S.Ct. 99, 2 L.Ed.2d 80 (1957); see Scheuer v. Rhodes, 416 U.S. 232, 236, 94 S.Ct. 1683, 40 L.Ed.2d 90 (1974) (“The issue is not whether a plaintiff will ultimately prevail but whether the claimant is entitled to offer evidence to support the claims.”); Adolph v. Federal Emergency Management Agency, 854 F.2d 732, 735 (5th Cir.1988) (<HOLDING>). However, “there are times when a court should",267111,43153,0,case_hold_mc,holding that a court may dismiss a claim under 12b6 only if it appears to a certainty that no relief can be granted under any set of facts provable in support of its allegations or if the allegations accepted as true do not present a claim upon which relief legally can be obtained,holding that dismissal is proper only if it appears beyond doubt that plaintiff can prove no set of facts in support of his claim which would entitle him to relief,holding that a court should not dismiss a complaint pursuant to rule 12b6 for failure to state a claim unless it appears beyond doubt that the plaintiff can prove no set of facts in support of his claim which would entitle him to relief ,recognizing the accepted rule that a complaint should not be dismissed for failure to state a claim unless it appears beyond doubt that the plaintiff can prove no set of facts in support of his claim which would entitle him to relief,holding that rule 12b6 dismissal is proper where it is clear that no relief could be granted under any set of facts that could be proved consistent with the allegations
317,"909, 435 P.2d 248, 249 (1967). The plain language of I.R.E. 201(d) requires specificity in identifying what documents or items the district court is requested take notice of. See, e.g., Taylor v. McNichols, 149 Idaho 826, 835, 243 P.3d 642, 651 (2010). The Idaho Supreme Court held that where a party is requesting that a court take judicial notice of a document or items, that party must state with particularity what he or she is asking the court to take notice of. Id. at 835, 243 P.3d at 652. Where a party does not meet this requirement, it is improper for a court to take judicial notice under I.R.E, 201(d). Taylor, 149 Idaho at 835, 243 P.3d at 652. If a party fails to specify which material from the underlying case he or she is requesting, judicial notice is not mandatory. See id. (<HOLDING>). Fortin argues that Taylor is not controlling",267971,43303,3,case_hold_mc,holding that a notice of deficiency was invalid where it was the second notice mailed for that year and the taxpayer timely petitioned the court as to the first notice,holding that a notice to produce personal papers was unconstitutional and void and that the inspection by the district attorney of said invoice when produced in obedience to said notice and its admission in evidence by the court were erroneous and unconstitutional proceedings,recognizing that the court may take judicial notice of its own docket,holding that where it was erroneous for the district court to take judicial notice it certainly cannot be said that such notice was mandatory and therefore ire 201d is inapplicable,holding statute requiring parties in tax suit to take notice of subsequent pleadings was not unconstitutional when city failed to take such notice
318,"also initially sued the prosecuting attorney and the sheriff of Wise County. Those defendants have been previously dismissed. 4 . Horner filed an earlier Motion for Summary Judgment, also asserting that he was entitled to qualified immunity. The magistrate judge recommended that the motion be granted, but Senior District Judge Glen M. Williams disagreed, and denied the motion. (Opinion and Order, Jan. 10, 2010.) The case was thereafter reassigned to me and after discovery, the present motion was filed. The earlier decision does not preclude revisiting this issue, particularly since additional evidence has been presented that calls into question the basis for the earlier denial of summary judgment. See Tang v. State of R.I., Dep’t of Elderly Affairs, 163 F.3d 7, 11 (1st Cir.1998) (<HOLDING>). 5 . In his deposition in June of 2010, Horner",268828,43455,3,case_hold_mc,holding that district court did not abuse its discretion in reconsidering a prior interlocutory ruling,holding if an appellant conceded trial courts ruling was not prejudicial he could not assert on appeal the ruling denied him a fair trial,recognizing the range of discretion of the trial judge,recognizing that ruling of one trial judge does not preclude another trial judge reconsidering interlocutory ruling,holding that appellate court reviewing trial courts habeas corpus ruling must review record evidence in light most favorable to ruling and uphold ruling absent abuse of discretion
319,"terms, as Justice Holmes put it, a “conspiracy is a partnership in criminal purposes.” United States v. Kissel, 218 U.S. 601, 608, 31 S.Ct. 124, 126, 54 L.Ed. 1168 (1910). Because most conspiracies are “clandestine in nature,” 2 Wayne R. LaFave, Substantive Criminal Law § 12.2(a), at 266 (2d ed.2003), by “the very nature of the offense, it often may be established only by indirect and circumstantial evidence,” Wright, 224 Va. at 505, 297 S.E.2d at 713 (quoting Floyd v. Commonwealth, 219 Va. 575, 580, 249 S.E.2d 171, 174 (1978)). It is a rare case where any “formal agreement among alleged conspirators” can be established. Wilder Enter, v. Allied Artists Pictures Corp., 632 F.2d 1135, 1141 (4th Cir.1980); see also Combs v. Commonwealth, 30 Va.App. 802, 810, 520 S.E.2d 400, 404 (1999) (<HOLDING>). As often as not, conspirators play different",269683,43591,0,case_hold_mc,holding that proof of an explicit agreement is not required,holding that a theory of recovery pleaded but not submitted to the jury by explicit agreement need not be considered on appeal,holding a party breaches a plea agreement by acting in a manner not specifically prohibited by the agreement but still incompatible with explicit promises made in the agreement,holding that expert proof was not required for an asserted claim of ordinary negligence,holding that proof of an overt act is not required in a  846 conspiracy
320,"Trimble v. Asarco, Inc., 232 F.3d 946, 955 (8th Cir.2000). This decision strongly suggests that, in pertinent circumstances, conversion of a motion to dismiss into a motion for summary judgment is, as Home Products suggests, “automatic.” However, it also suggests that the proper procedure is for the district court expressly to “convert” a motion to dismiss into one for summary judgment. See id. (concluding that the district court had not followed the proper procedure, because it had not converted the motion). However, the decision also suggests that whether or not application of summary judgment standards is appropriate ultimately depends upon whether the parties were provided with adequate opportunity to address the merits of the motion according to summary judgment standards. See id. (<HOLDING>). A slightly earlier decision of the Eighth",270540,43732,1,case_hold_mc,holding that where parties did not respond to an issue in summary judgment motion parties relinquished any claim on the issue and conceded that summary judgment should be entered against them,holding that appellate review under summary judgment standards was appropriate where the district court despite its procedural error provided the parties with a full opportunity to present all pertinent materials outside the pleadings regarding the issue of response costs and the parties created a complete record on the issue,holding issue not properly before the appellate court where appellant fails to demonstrate where in the record an issue was raised in the district court,recognizing that the specific argument regarding an issue must be made in the trial court to preserve that issue for appellate review,holding that an appellate court has discretion to consider an issue not argued by the parties
321,"in their Constitution, or from the Congress that the Constitution had empowered. We made a similar point in Nevada v. Hall, 440 U. S., at 416, where we considered a suit against a State in another State’s courts: “This [traditional] explanation [of sovereign immunity] adequately supports the conclusion that no sovereign may be sued in its own courts without its consent, but it affords no support for a claim of immunity in another sovereign’s courts. Such a claim necessarily implicates the power and authority of a second sovereign; its source must be found either in an agreement, express or implied, between the two sovereigns, or in the voluntary decision of the second to respect the dignity of the first as a matter of comity.” Cf. United States v. Texas, 143 U. S. 621, 646 (1892) (<HOLDING>). Subjecting States to federal jurisdiction in",271398,43863,2,case_hold_mc,holding that an action cannot be maintained under young in unique circumstances where the suit against the state officer affects an essential attribute of state sovereignty in a manner that the action must be understood as one against the state,holding a states regulation of wyoming national guard was insufficient to implicate a special sovereignty interest because of the dual federal and state nature of national guard service,recognizing that a suit by the national government against a state does no violence to the inherent nature of sovereignty,holding the governors emergency powers to take private property for the public benefit was a special sovereignty interest but the relief requested was not so much of a divestiture of the states sovereignty to render the suit as one against the state itself,holding a suit against an agency of the state is a suit against the state
322,"at 123. Dr. Mittal agreed that the fact that the knife had been left in the wound in the victim’s back did not alter his medical conclusion. Id. at 128. Accordingly, the prosecutor’s argument to the jury was . based upon reasonable inferences from the evidence. Further, we agree with the Commonwealth that, contrary to Appellant’s contention, the prosecutor’s use of the word “speculation” did not urge the jury to base its verdict on conjecture, but rather was a colloquial way of saying that the prosecutor was not in the room at the time the fatal stabbing was committed. Under these circumstances, we conclude that the prosecutor’s comments were not improper, and counsel cannot be deemed ineffective for failing to lodge a meritless objection. See Commonwealth v. Jones, 912 A.2d at 278 (<HOLDING>). VII. Appellate Counsel Ineffectiveness In his",272253,44006,0,case_hold_mc,holding that counsel cannot be deemed ineffective for failing to pursue a meritless claim,holding that counsel cannot be deemed ineffective for failing to advance novel and unaccepted theories,holding that counsel cannot be deemed ineffective for failure to present cumulative evidence,holding that counsel was not deficient in failing to present a meritless argument,holding that an attorney is not ineffective for failing to make a meritless objection
323,"Union, Local 535, Serv. Emps. Int'l Union, AFL-CIO v. Cnty. of Santa Clara, 609 F.2d 944, 949 (9th Cir.1979). The Court considers Defendants’ arguments with respect to Edwards and her counsel separately. a. The Adequacy of Edwards as Named Plaintiff Defendants’ argument that Edwards is inadequate is primarily based on Edwards’s testimony in an unrelated bankruptcy proceeding. Rule 23(a)(4) requires that “the representative parties fairly and adequately protect the interests of the class.” Fed.R.Civ.P. 23(a)(4). This requirement ensures that the named plaintiff and his or her counsel will pursue each class member’s claim with sufficient “vigor.” Hanlon v. Chrysler Corp., 150 F.3d 1011, 1021 (9th Cir.1998); see also Crawford v. Honig, 37 F.3d 485, 487 (9th Cir.1994) (citations omitted) (<HOLDING>). As previously stated by this Court, however,",273111,44146,2,case_hold_mc,holding that a class representatives ignorance of the case is not a bar to certification unless it impairs the representatives ability to vigorously prosecute the action,holding that the fair and adequate representation requirement was not satisfied because of litigation between plaintiff and defendant the antagonism between the parties and the lack of support plaintiff garnered in its claim,holding that ajdequate representation depends on the qualifications of counsel for the representatives an absence of antagonism a sharing of interests between representatives and absentees and the unlikelihood that the suit is collusive,recognizing that the number of class representatives is not significant under rule 23a,holding that awards of 2500 to majority of representatives and 5000 to deposed representatives were inappropriate where representatives had borne little risk by participating in litigation and provided services that could have been provided by any other class member
324,"in the earlier proceeding commensurate with those in the subsequent proceeding, Maryland Cas. Co. v. Messina, 874 P.2d 1058, 1062 (Colo.1994), but also that the party against whom collateral estoppel is asserted have had the same incentive to vigorously defend itself in the previous action, Salida Sch. Dist. R-32-J v. Morrison, 782 P.2d at 1166-67; Restatement (Second) of Judgments § 28(5)(c) & emt. j (1982). A party necessarily lacks the same incentive to defend where its exposure to liability is substantially less at the earlier proceeding. Salida, 732 P.2d at 1166-67. In addition to the amount of potential money awards, significant variations in exposure may arise from differences in the finality or permanence of judgments, see In re C.M., 675 N.E.2d 1134, 1137-38 (Ind.Ct.App.1997) (<HOLDING>); In re Frederick, 405 Mass. 1, 537 N.E.2d",273970,44274,1,case_hold_mc,holding that consortium is not a part of the parentchild relationship,recognizing that parents incentive to defend in a child in need of supervision proceeding where resulting order is temporary in nature and entitles parent and child to government services is dramatically different from incentive to vigorously litigate same issues in parentaltermination proceeding where the result is permanent and completely severs parentchild relationship,holding when real estate is conveyed to a child and consideration is paid by the parent the presumption is that the purchase was a gift to the child and thus no resulting trust arises,holding that a workers compensation proceeding is a legal proceeding,holding that attorneys fees and costs may not be awarded as child support when they are incurred in a suit to modify the parentchild relationship that does not involve the enforcement of a child support obligation
325,"to build and repair the furnaces as promised under the warranty. This is precisely what Spectro claims in Counts 2, 6, and 10. There are cases in which a party may plead separate breach of contract and breach of warranty claims. See, e.g., Alcan Aluminum Corp. v. BASF Corp., No. 3:97-CV-1480-L, 2001 WL 1388872, *6, 2001 U.S. Dist. LEXIS 16807, *13-20 (N.D.Tex.2001) (“delivery of inferior goods or services equate to a warranty claim while delivery of nothing equates to a contract claim” and plaintiff “failed to establish that a genuine issue of material fact exists with respect to whether its breach of contract claim is distinct from its breach of warranty claims”); see also Reynolds Metals Co. v. Westinghouse Electric Corp., 758 F.2d 1073 (5th Cir.1985) (discussed at length in Alcan) (<HOLDING>); and see Rhode v. E & T Invs., Inc., 29",274826,44408,2,case_hold_mc,holding that warranty claim accrued at tender where 180 day warranty on computer not a warranty for future performance as it involved a remedy only,holding that an agreement in which one party promised to make monthly payments to the other partys attorney as part of an asset sale contract was for the direct benefit of the attorney,holding that a warranty claim survived alongside a contract claim where a service was promised in addition to the sale of a good,holding that even though plaintiffs claim was barred by the cgia because it sounded in tort attorney fees were not appropriate where it was a contract claim that was pleaded and thus a contract claim that was dismissed,holding that the state law contract claim alleged the same conduct as in the erisa claim and was therefore preempted
326,"F.3d 1348, 1353 (11th Cir.2012). Thus, Plasencia’s claim is not proeedurally barred because the state court did not “clearly and expressly [state] that its judgment rests on a procedural bar.” See Johnson, 938 F.2d at 1173. Furthermore, Plasencia exhausted his state court remedies because he presented his claim to the state’s highest court in his motion for rehearing on direct appeal, and in his Rule 3.850 motion, which was affirmed per curiam by the Second District Court of Appeal. See Ward v. Hall, 592 F.3d 1144, 1156 (11th Cir.2010) (stating to exhaust state remedies, a petitioner must have presented the issues raised in the federal habeas petition to the state’s highest court,' either on direct appeal or collateral review); see also Jenkins v. State, 385 So.2d 1356, 1359 (Fla.1980) (<HOLDING>). II. BLAKELY ERROR Under 28 U.S.C. § 2254(d),",275679,44551,2,case_hold_mc,holding that statute could not grant jurisdiction to dis trict courts of appeal over nonfinal arbitration order because the florida constitution reserved to the florida supreme court the power to define the interlocutory jurisdiction of district courts,holding new york could lawfully modify a florida custody decree because florida court had right under florida law to change the decree,holding a per curiam affirmance from a florida district court of appeal is not renewable by the florida supreme court,holding that where florida state court had not addressed choiceoflaw issues with regard to directors liability federal court could presume that florida court would follow the restatement second of conflict of laws based on the florida courts past reliance on the treatise,holding that district court opinion which cites controlling authority that is pending review in florida supreme court allows supreme court to exercise jurisdiction
327,"F.Supp. 842 (E.D.Pa.1974): To be sure, there are reasons for requiring the defendant to carry the burden of coming forward and alleging a substantial change. In many cases, the alleged substantial change is perceived only by the defendant who should, therefore, . 219, 491 N.E.2d 33, 36 (1986) (stating that “there is no duty upon plaintiffs in making a prima facie product liability case to eliminate all possible causes of the incident other than the one they alleged” (citation omitted)); Kuhnke v. Textron, Inc., 140 Ariz. 587, 684 P.2d 159, 162 (1984) (ruling that “once a defendant comes forward with some evidence of substantial change, the burden is on the plaintiff to show no substantial change” (citing Southmre)); Hiller v. Kawasaki Motors Corp. U.S.A, 671 P.2d 369, 372 (Alaska 1983) (<HOLDING>); cf. Dutsch v. Sea Ray Boats, Inc., 845 P.2d",276540,44690,3,case_hold_mc,holding there is no authority that provides that the mere sale of a consumer electronics product in california can create a duty to disclose any defect that may occur during the useful life of the product,holding that a cause of action on the theory of strict liability may be properly pled by alleging 1 the manufacturers relationship to the product in question 2 the unreasonably dangerous condition of the product and 3 the existence of a proximate causal connection between the condition of the product and the plaintiffs injury,holding that to prevail on strict liability claim for a defective product plaintiff must show the product was defective when it left the defendants possession and control,holding that the plaintiff must first establish that the product left the sellers hands in a defective condition after which the seller may introduce evidence that its product was substantially altered after leaving its possession which evidence may rebut or overcome the plaintiffs showing that his injuries were a result of the products defect,holding that a cause of action does not arise in negligence when a product malfunctions or is defective and the malfunction or defect results in damage only to the product itself and produces only economic loss
328,"human characteristics would no doubt be endless and the case law addressing them would be voluminous. We conclude that the APD’s findings merely reflect a disagreement with the ALJ’s assessment of the evidence, not a finding on a factual matter infused with policy considerations. Such a disagreement cannot form the basis to reverse an ALJ’s factual determinations. See Heifetz, 475 So.2d at 1281. Furthermore, the APD’s order did not focus on anything that Bridlewood (through Tomlinson) did leading up to the sexual battery. Rather, the APD focused on Tomlinson’s post-incident conduct. But that conduct was not the basis for the administrative complaint, and the APD cannot impose discipline for violations not charged. See Cottrill v. Dep’t of Ins., 685 So.2d 1371, 1372 (Fla. 1st DCA 1996) (<HOLDING>). The APD’s final order was predicated on its",277400,44831,2,case_hold_mc,holding that specific statutory provisions take priority over general statutory provisions,holding that complaint alleging that creditors failed to comply with the notice provisions contained in the security deed stated a claim for breach of contract,holding that where administrative complaint contained references to statutory provisions but failed to allege any act or omission in violation of those provisions the complaint did not afford proper notice to the licensee and that therefore disciplinary action could not be predicated on those statutes,holding that even though a bond contained provisions not required by statute it must be considered statutory and not common law because the bond did not expand the payment provisions beyond those stated in statute,recognizing that one of those conditions for a district judge to grant leave to amend the complaint may properly be that claims contained in the original complaint but not included in the amended complaint be considered dismissed with prejudice 
329,"519 S.E.2d at 101. 13 . Id. at 153, 519 S.E.2d at 101-02. 14 . Id. at 152-53, 519 S.E.2d at 101-02. 15 . We note that Davis may have wrapped the head of the sledgehammer in a towel. There is no evidence, however, that this lessened the tendency of a five-pound sledgehammer to cause death or great bodily injury if used to strike someone in the head. See State v. Bennett, 328 S.C. 251, 262, 493 S.E.2d 845, 850-51 (1997) (“A deadly weapon is generally defined as any article, instrument or substance which is likely to produce death or great bodily harm.""); Commonwealth v. Marks, 704 A.2d 1095, 1100 (Pa.Super.1997) (categorizing a sledgehammer as a deadly weapon when used upon a vital part of the body such as the head). 16 . See State v. Smith, 315 S.C. 547, 550, 446 S.E.2d 411, 413 (1994) (<HOLDING>); State v. Morris, 307 S.C. 480, 484, 415",278259,44967,2,case_hold_mc,holding that mere negligence does not implicate the right to due process,holding that mere possession of a dangerous weapon is insufficient to support a charge of robbery with a dangerous weapon,holding the intentional use of a dangerous instrumentality does not support the allegation of mere criminal negligence,holding that the victims negligence is not a defense to criminal conduct,holding comparative negligence not defense to intentional tort
330,"was indeed barred (or limited) under the mandatory Guidelines regime, see Koon, 518 U.S. at 92-95, 116 S.Ct. 2035, the alternative sentencing methodology employed by his sentencing court did not treat the Guidelines as mandatory. Nor did the court exclude or limit its consideration of any category of sentencing factors. To the contrary, the court extended Simpson an open-ended invitation to make mitigating arguments, regardless of whether they would have been available under the Guidelines scheme. See Sentencing Hr’g Tr. 25-26. And Simpson responded to that invitation by citing a series of factors in support of a sente 440 (D.C.Cir.1995). In later cases, we settled on a plain error standard of review for such claims. See United States v. Draffin, 286 F.3d 606, 609 (D.C.Cir.2002) (<HOLDING>); In re Sealed Case, 204 F.3d 1170, 1173",279114,45123,3,case_hold_mc,holding that the district courts denial of a downward departure was an exercise of discretion and therefore not reviewable,holding that failure to identify ground of admissibility limited appellate review to plain error,holding that we may not review a district courts refusal to grant a downward departure unless the court mistakenly believed that it lacked the authority to grant such a departure,holding that the failure to grant a sentencing departure on an unrequested ground is reviewable only for plain error,holding that an error is plain only if it is clear under current law when there is no binding precedent on point an instruction typically will not be plain error
331,"or possess child pornography directly contribute to this continuing victimization.”). Also, the fact that the offender did not commit a more serious crime by molesting a child, did not mean his offense was dramatically different from other child pornography cases so as to warrant a substantial downward variance. Id. at 260. We have no difficulty concluding that the district court did not abuse its discretion in evaluating the seriousness of the offense by finding that the further distribution of child pornography by defendant involved re-victimization of the children in those images, or by rejecting the claim that the sharing and redistribution of child pornography already in circulation did not result in additional harm. See United States v. Bistline, 665 F.3d 758, 766 (6th Cir.2012) (<HOLDING>), petition for cert. filed, — U.S. -, 133 S.Ct.",279962,45258,1,case_hold_mc,holding twentyeight charges against defendant for possession of child pornography were not multiplicious,recognizing continuing harm from defendants knowing possession of child pornography,recognizing common use of computers and internet in child pornography offenses,holding that private possession of child pornography is not protected by the first amendment,holding that possession of a pistol in public requires knowing possession
332,"in rule 9.190 addresses concurrent jurisdiction, rule 9.600(a) applies in this case. Thus, the ALJ lacked jurisdiction to make the two corrections given that the record in Appellant’s appeal from the initial support order was filed prior to the ALJ’s ruling and given that no leave of this Court was requested and granted. We, therefore, quash the Order Denying Motion for Rehearing but Granting in Part Motion to Amend Final Administrative Paternity and Support Order and the Amended Final Administrative Paternity and Support Order. See 14302 Marina San Pablo Place SPE, LLC v. VCP-San Pablo, Ltd., 92 So.3d 320, 320 (Fla. 1st DCA 2012) (quashing the order on appeal where the trial court lacked jurisdiction to enter the order); Wilkinson v. Clarke, 91 So.3d 897, 898 (Fla. 2d DCA 2012) (<HOLDING>). ORDERS QUASHED. LEWIS and MAKAR, JJ., concur;",280823,45393,1,case_hold_mc,holding that amended order which made more than clerical corrections was a nullity when it was entered after notice of appeal,holding that the judgment was entered without jurisdiction and was therefore a nullity,holding that a district courts order of dismissal with prejudice was a nullity because the court lacked jurisdiction,holding that if service is inadequate defendant never submitted to courts jurisdiction and underlying judgment is therefore a nullity,holding that the final judgment was entered without jurisdiction while a nonfinal appeal was still pending
333,"of employment, because of such individual’s age.” 29 U.S.C. § 623(a)(1). A commonsense reading of this statement strongly suggests that the statute includes a requirement of intentional discrimination. See Ellis v. United Airlines, Inc., 73 F.3d 999, 1007 (10th Cir.1996) (“It would be a stretch to read the phrase ‘because of such individual’s age’ to prohibit incidental and unintentional discrimination that resulted because of employment decisions which were made for reasons other than age.”) (emphasis in original). However, Title VII contains parallel language, and the Supreme Court concluded almost three decades ago that such language encompassed a theory of liability based on disparate impact. See Chiggs v. Duke Power Co., 401 U.S. 424, 431, 91 S.Ct. 849, 28 L.Ed.2d 158 (1971) (<HOLDING>). The question, then, is whether the ADEA,",281678,45532,3,case_hold_mc,holding that a claim for discrimination in private employment is not preempted by title vii,holding that employment practices which are neutral in form but which result in discriminatory effects are prohibited unless justified by business necessity,holding that title vii proscribes racial discrimination against whites upon the same standards as racial discrimination against nonwhites,holding that title vii proscribes not only overt discrimination but also practices that are fair in form but discriminatory in operation,holding that discriminatory employment practices are cognizable under title ix
334,"about the occupants during the stop — questioning, asking for documentation — so long as one acts consistent with the limited information he has. What one cannot do is carry the stop beyond its rationale. Otherwise, more than the traffic stop rationale would be illusory; Fourth Amendment protection would be, as well. C. The Abandoned Drugs After Siri was frisked and cocaine was found, Berio used his dog to search the area surrounding the car. At that point, he found oxycodone pills, which neither of the defendants claimed. They did not admit that the pills were theirs during the stop; they did not admit an interest in them during this suppression hearing. As such, neither have standing to challenge their seizure. See Abel v. United States, 362 U.S. 217, 241, 80 S.Ct. 683, 4 L.Ed.2d 668 (<HOLDING>); United States v. Sealey, 30 F.3d 7 (1st",282529,45662,0,case_hold_mc,holding that evidence of espionage found in a wastepaper basket could be seized and were admissible because there can be nothing unlawful in the governments appropriation of  abandoned property,holding no 4th amendment violation where officers seized items abandoned in hotel wastepaper basket after checkout,holding that a warrant lacking a description of items to be seized was not facially invalid and finding in the alternative that even if the warrant were found to be deficient the seized evidence was admissible under the good faith exception,holding that because original interception was not unlawful subsequent use by prosecutor could not be found unlawful,holding that when a person checked out of a motel leaving behind certain items in the waste basket of his room he had abandoned the property and thereby lost any fourth amendment right to privacy in the property
335,"dissent below, Judge Morgan discusses Babcock v. State, 116 Wn.2d 596, 809 P.2d 143 (1991). There, several young girls were placed in foster care with a man who sexually abused them. It was alleged the abuse would not have occurred had the State conducted a proper investigation. Id. at 604-06. In Yonker an ex-wife complained to DSHS that she suspected child abuse and DSHS took no action. Yonker v. Dep’t of Soc. & Health Servs., 85 Wn. App. 71, 72-73, 930 P.2d 958 (1997). In both cases the injury was not placement, but what happened as a consequence of negligent investigations. Also in Rodriguez the Court of Appeals was concerned with negligent investigation methods and intimidation of children alleged to have been abused. Rodriguez v. Perez, 99 Wn. App. 439, 441-42, 994 P.2d 874 (2000) (<HOLDING>). The court in Rodriguez recognized what we",283385,45808,0,case_hold_mc,holding law enforcement owed duty similar to that owed by dshs under rcw 2644050,holding that deference is owed to state agencys interpretation of state law,holding that broker owed no fiduciary duty to client as a matter of law,holding that a psychiatrist owed a duty to a person foreseeably injured by his patient,recognizing duty of care owed by business invitor to invitee
336,"mask prior to the robbery. As the State points out, however, the court, in denying the motion for a new trial, relied on the fact that Kelly’s counsel was fully aware that defendant had worn the mask on at least one occasion prior to the time of the robbery. On a motion for a new trial based on newly discovered evidence, the defen dant must show, by convincing evidence, the following: “(1) That the evidence is such as will probably change the result if a new trial is granted; (2) that it has been discovered since the trial; (3) that it could not have been discovered before trial by the exercise o ) (same); State v. Gardiner, 636 A.2d 710, 714 (R.I.1994) (same); State v. Cotton, 99 N.C.App. 615, 394 S.E.2d 456, 460 (1990) (same); Dewberry v. State, 743 S.W.2d 260, 268 (Tex.Ct.App.1987) (<HOLDING>), rev’d on other grounds, 776 S.W.2d 589",284243,45952,2,case_hold_mc,holding that it was an abuse of discretion to deny stay while matter was pending in neighboring state,holding no abuse of discretion to deny  a third chance to offer more details,holding not an abuse of discretion to deny funds,holding failure to exercise discretion is abuse of discretion,holding that it was not an abuse of discretion for the court to deny an award of attorneys fees to the wife
337,"1. In light of Lewis’ refusal (or inability) to hire her own attorney, to accept appointed counsel, or to represent herself, the district court’s determination that she forfeited her right to counsel was “fair and reasonable.” United States v. Kelm, 827 F.2d 1319, 1322 (9th Cir.1987) (<HOLDING>). 2. The district court did not abuse its",285097,46104,4,case_hold_mc,holding that where the insurer retains an attorney to represent the insured pursuant to an insurance policy the attorney acts in the capacity of an independent contractor for the insured,holding that defendant forfeited his right to counsel by verbally abusing and threatening to harm his attorney threatening to sue his attorney on four different occasions and attempting to persuade his attorney to engage in unethical conduct,holding courts have inherent authority to compel compensation for an attorney appointed to represent an indigent defendant,holding attorney general could not contract on behalf of the state to employ an assistant attorney beyond the attorney generals own term,holding that in light of kelms persistent refusal to accept an appointed attorney to hire his own attorney or to expressly waive his right to an attorney the district courts decision forcing kelm to represent himself was fair and reasonable
338,"65, 71, ¶ 24, 961 P.2d 1013, 1019 (1998). Nevertheless, Arizona courts normally impose standing requirements as a matter of judicial restraint to ensure that their decisions are not moot or merely advisory, “and that the issues will be fully developed by true adversaries.” Armory Park Neighborhood Ass’n v. Episcopal Community Servs., 148 Ariz. 1, 6, 712 P.2d 914, 919 (1985). A plaintiff may gain standing by alleging an injury resulting from the defendant’s putatively unconstitutional conduct. Cf. Sears, 192 Ariz. at 70, ¶ 23, 961 P.2d at 1018. ¶ 13 US West intervened in the administrative proceedings resulting from the Commission’s grant of CC & Ns to the Competitors, and it appears to have vigorously litigated the issues before us both in those proceedings an 9 P.2d 394, 397 (1997) (<HOLDING>). C. US West’s Constitutional Issues ¶ 14 US",285441,46160,1,case_hold_mc,holding that a jurys finding that a city had delegated its final policymaking authority in the area of law enforcement to a city police chief was supported by the evidence and warranted imposing liability upon the city,holding that the city had standing to challenge the constitutionality of a statute allowing certain communities within the same county as the city to incorporate as towns without the citys consent,holding that citys enforcement of the entire state penal code would not constitute a city policy because the city was required to follow state law,holding that a city may be held liable on account of the unconstitutional conduct of city officials only if the citys policy or custom played a part in the violation,holding that the city had standing to challenge the formation of a water improvement district that might impede the citys expansion
339,"the Guidelines by considering them as binding as opposed to advisory.” Shelton, 400 F.3d at 1330-31. Because the district court considered the guidelines to be mandatory, it committed statutory Booker error. The government bears the burden of showing that the statutory error was harmless. United States v. Mathenia, 409 F.3d 1289, 1292 (11th Cir.2005). The government argues that the error was harmless because the sentencing judge considered Soreide’s lavish lifestyle, the effect on the victims, and the extent of punishment and deterrence stemming from a sentence in the middle of the guidelines range. We have previously ruled that a sentence in the middle of the guidelines range is insufficient to prove harmless error. United States v. Glover, 431 F.3d 744, 749-750 (11th Cir.2005) (<HOLDING>). Rather, the government must set forth",286297,46301,3,case_hold_mc,recognizing that if a guidelines error did not affect the district courts selection of the sentence imposed the sentence should be affirmed,recognizing that we review the sentence imposed by a district court under the abuse of discretion standard,holding that a sentence imposed for a violation of supervised release will be upheld where 1 the district court considered the applicable policy statements 2 the sentence is within the statutory maximum and 3 the sentence is reasonable,holding that the sentence alone tells us nothing about whether the district court would have imposed a lesser sentence,holding that where a district court clearly indicates that an alternative sentence would be identical to the sentence imposed under the guidelines any error that may attach to a defendants sentence under booker is harmless
340,"ability to avail itself of the court system to enforce its private restrictions and regulations is state action. In support of this position, Mr. Westphal cites Shelley v. Kraemer, 334 U.S. 1, 68 S.Ct. 836, 92 L.Ed. 1161 (1948). In contrast to Mr. Westphal’s claim, the Supreme Court in Shelley did not hold that the ability of a private entity to avail itself of the court system to enforce any private restriction is state action. Rather, the Court, held that the enforcement of racially restrictive covenants by state courts was a state action and, by granting judicial enforcement of the racially restrictive covenants, the state violated the Fourteenth Amendment. Shelley, 334 U.S. at 18-20, 68 S.Ct. at 844-45. See Fed. Nat’l Mortgage Ass’n v. Howlett, 521 S.W.2d 428, 437 (Mo. banc 1975) (<HOLDING>) Here, there was no judicial enforcement of a",287144,46432,3,case_hold_mc,holding that the question of whether the defendant knew his actions were legal demanded a conclusion as to the legality of the defendants conduct which is unhelpful to the jury under rule 701,holding that the state attorney generals duty to support the constitutionality of challenged state statutes and his duty to defend actions in which the state is interested do not constitute enforcement of the statute in question,holding that the timing of the alleged actions of the prosecutor supported the courts conclusion that the prosecutors actions were associated with the judicial phase of the criminal process instead of the investigatory phase because the conduct occurred one month before plaintiffs trial and more than five years after the grand jury indicted plaintiff,holding that shelley does not support the conclusion that mere availability of the courts means that the actions of the individuals with respect to the contract in question involve state action,holding that it is well established that whether an employees actions were within the scope of employment is a question of fact and even if some of the actions were unauthorized the question of whether the actions were within the scope of employment is for the jury
341,"context of Rule 407’s exceptions to prevent them from overwhelming the general rule, thus undermining its supporting policy goals. See Cyr, 652 A.2d at 694; Wilkinson v. Carnival Cruise Lines, Inc., 920 F.2d 1560, 1567 (11th Cir.1991); McPadden v. Armstrong World Indus. Inc. (In re Joint E. Dist. and S. Dist. Asbestos Litig.), 995 F.2d 343, 345 (2d Cir.1993) (indicating that the feasibility exception is not an “open sesame”). Accordingly, the feasibility exception has not been applied where a defendant merely suggests that an original design is acceptable, or argues about tradeoffs involved in taking precautionary measures. See, e.g., Gauthier, 788 F.2d at 638 (citing Flaminio, 733 F.2d at 468); Grenada Steel, 695 F.2d at 888; Tuer v. McDonald, 347 Md. 507, 701 A.2d 1101, 1113 (1997) (<HOLDING>) (citing Hardy v. Chemetron Corp., 870 F.2d",288002,46574,0,case_hold_mc,holding that remedial measures evidence was not admissible to impeach testimony that at the time of the event the measure was not believed to be as practical as the one employed,holding failure to raise issue of improper measure of damages in trial court waived review of complaints that proper measure of damages was not submitted to jury and that plaintiff failed to present evidence on the proper measure,holding that the admission of a report was not hearsay because it was not offered to prove its truth but to impeach the veracity of the witnesss direct testimony,holding that evidence of subsequent measures was admissible to show the feasibility of a design change,holding that conviction on appeal is not admissible to impeach witnesss credibility
342,"v. United States, 271 F.3d 1327, 1329 (Fed.Cir.2001) (ruling that “the Takings Clause does not apply to legislation requiring the payment of money.”). Plaintiff has not shown that it is entitled to damages under a theory independent of the rights accorded Canal Electric under the Standard Contract. Plaintiff’s assertions that the Government’s failure to remove and dispose of nuclear waste required Canal to provide facilities to “store SNF beyond the date when the Government was required to assume such obligations,” and that the Government “forced nuclear utilities, including Canal, to expend their own resources to plan for the disposal of SNF,” are classic breach of contract allegations. See Northern States Power Co. v. United States Dep’t of Energy, 128 F.3d 754, 759 (D.C.Cir.1997) (<HOLDING>). Plaintiff complains of being “deprived of the",288858,46710,3,case_hold_mc,holding that the right of action accrued upon failure to perform contract,holding that a contract must entitle the plaintiff to money damages in the event of the governments breach of that contract,holding that an order is not a final appealable order when it does not dispose of the complaints against all of the defendants,holding that utilities must pursue the remedies provided in the standard contract in the event that doe does not perform its duty to dispose of the snf by january 31 1998,recognizing that a construction contract implicitly imposes a duty on contractors to perform work according to the standard of due care
343,"23, 2005, which describes Ms. Williams’ psychological limitations. She has also submitted a September 9, 2003 report by Dr. Hammerberg finding “a right long thoracic neuropathy,” and an April 17, 2003 MRI by Dr. Solsberg. At-tachs. to plaintiffs motion to correct omissions. Sentence six of 42 U.S.C. § 405(g) authorizes a district court to remand to the agency when “new and material evidence comes to light, and there is good cause for failing to incorporate such evidence in the earlier proceeding.” Nguyen v. Shalala, 43 F.3d 1400, 1403 (10th Cir.1994). A remand is not appropriate in this case because the new evidence does not demonstrate that the findings relate back to the period on or before the date of the ALJ’s decision. Cf. Chambers v. Barnhart, 389 F.3d 1139, 1142 (10th Cir.2004) (<HOLDING>) (quotation omitted). Moreover, Ms. Williams",289717,46842,1,case_hold_mc,holding that material submitted by appellant that is cumulative of evidence previously of record is not new,holding that appeals council must consider evidence submitted with a request for review if it is a new b material and c related to the period on or before the date of the aljs decision,holding that additional records submitted to the appeals council are part of the administrative record for judicial review,holding that court reviews aljs decision for substantial evidence on the record as a whole including the new evidence submitted after the determination was made,holding that evidence submitted for a motion to reopen must be material and state new facts that rebut the underlying finding
344,"which this insurance may apply.” (Def. Mot. Summ. J. App. 70). Plaintiff acknowledges this in its Response to Defendant’s Supplemental Memorandum, page 1. 3 . The parties do not dispute that the incident in question occurred within the policy period, within the policy's coverage territory, and without any prior knowledge by any employee of the insured before the policy period. The main argument centers around whether the action was an ""occurrence” under the policy. 4 . The Intervenors' Amended Petition incorporates the facts as alleged in the underlying plaintiffs petition; therefore, the Court examines only the Plaintiff’s (D-S-B’s) Original Petition. 5 . But see Southwest Tank and Treater Manufacturing Company v. Mid-Continent Casualty Company, 243 F.Supp.2d 597, 603 (E.D.Tex.2003) (<HOLDING>). The district court held that using the word",290575,46981,0,case_hold_mc,holding in favor of insurer that a steel storage tank on which the insured was working was a selfcontained collective unit which constituted a single item of property when the insured was hired to install heating tubes to be used in the whole tank,holding that the use of the phrase any insured rather than the insured the same language used in the employers liability exclusion here meant that the exclusion was not limited to injuries sustained by the employees or contractors of one insured party,holding that if the insured is only partially compensated by the insurer both the insurer and the insured are real partiesininterest,holding despite a reservation of rights that when the insurer provides a defense to its insured the insured has no right to interfere with the insurers control of the defense and a stipulated judgment between the insured and the injured claimant without the consent of the insurer is ineffective to impose liability upon the insurer,holding a personal profit exclusion applicable to an insured corporation where the purpose of the exclusion was to exclude coverage when the insured received profits to which the insured was not legally entitled
345,"Grant Mortgage. App. at 82-83. 12 . Section 580.24 provides: If no such redemption be made by the mortgagor, the mortgagor’s personal representatives or assigns, the senior creditor having a lien, legal or equitable, upon the mortgaged premises, or some part thereof, subsequent to the mortgage, may redeem within five days after the expiration of the [debtor's six month] redemption period ...; and each subsequent creditor having a lien in succession, according to priority of liens, within five days after the time allowed the prior lienholder, respectively, may redeem by paying the amount aforesaid and all liens prior to the lienholder’s own held by the person from whom redemption is made; provided that no creditor shall be entitled to redeem unless withi 287 N.W.2d 378 (Minn.1979) (<HOLDING>). Moreover, the City has failed to allege that",291433,47110,1,case_hold_mc,holding assignment of a mortgage was not subject to article 9,holding that the assignment of rents clause contained in the mortgage was enforceable during the period of redemption for the purpose of securing the 300000 deficiency existing after foreclosure of the mortgage,holding that the mortgagee had no right to rents under its assignment of rents during the redemption period because it purchased the property for the full amount of the mortgage debt at its foreclosure sale,holding that foreclosure of prior mortgage extinguished second mortgage,holding that an assignment of rents clause in a mortgage is enforceable after foreclosure during the redemption period to secure any deficiency and to pay any expenses associated with maintaining the property
346,"the trial, several witnesses testified to the conditions of Kristin’s homes, which included roach and lice problems, animal feces, terrible odors, and general fi Worth 1999, no pet.) (determining that the evidence of neglect and a home smelling like urine was legally and factually sufficient to support termination under section 161.001(1)(D)). In addition to the filthy living conditions, Kristin continued her drug use. Even though she never did drugs around K.M.B., Kristin admitted to still having a drug problem. Therefore, the record also shows more than a scintilla of evidence to support the jury’s finding that Kristin’s continued drug use endangered the physical or emotional well-being of K.M.B. See In re W.A.B., 979 S.W.2d 804, 807 (Tex.App.—Houston [14th Dist.] 1998, pet. denied) (<HOLDING>); see also In re B.B., 971 S.W.2d 160, 169",292288,47246,4,case_hold_mc,holding that abusive or violent conduct by a parent or other resident of the childs home supports conclusion that childs surroundings endanger his physical or emotional wellbeing,holding that evidence of admitted drug use before the birth of the children missed drug tests after removal of children and a failed drug test between removal and the final hearing established legal sufficiency of evidence to show endangerment under section 1610011e,holding that courts may look to parental conduct both before and after childs birth to determine whether termination is appropriate that parents conduct need not be directed at child and that danger to childs wellbeing may be inferred from parental misconduct standing alone,holding mothers drug use during pregnancy and after child was removed from her care in face of random drug testing that placed her relationship with child at risk was legally and factually sufficient evidence that she engaged in course of conduct which endangered her child,holding that evidence of continued drug use after pregnancy may be conduct which endangers a childs wellbeing under section 1610011e
347,"have done Kim little good since she could not have realistically contested the changed reason, mental health classification,” which caused her removal from the temporary release program. 182 F.3d 113, 119 (2d Cir.1999). Similarly, where, as here, the TRC had discretion to make a considered judgment about whether Anderson should continue his participation in the temporary release program, due process requires some opportunity for Anderson to argue that the charges sustained in the Tier III hearing did not warrant revocation of his supervised release. See Morrissey, 408 U.S. at 488, 92 S.Ct. 2593 (“The parolee must have an opportunity to be heard and to show, if he can, ... that circumstances in mitigation suggest that the violation does not warrant revocation.”); Friedl, 210 F.3d at 85 (<HOLDING>). In sum, we affirm the district court’s",293144,47379,3,case_hold_mc,holding that hall street restricts the grounds for vacatur to those set forth in section 10 of the faa,holding that plea in bar may be based only on grounds set forth in statute,holding that the pleading standard set forth in twombly applies to all civil actions,holding that requirements similar to those set forth in morrissey would logically apply to revocation of work release,holding that it is generally sufficient that an indictment set forth the offense in the words of the statute itself
348,"for the proposition that “a plaintiff is not required to produce evidence of emotional distress beyond his own testimony.” King, 452 F.Supp.2d at 1281. Two other courts faced with the same question since Moore was decided, however, have come out the other way and required more than an FCRA plaintiffs own testimony to support a claim for emotional distress damages. See Sampson v. Equifax Info. Servs., LLC, No. CV204-187, 2005 WL 2095092, at *5 (S.D.Ga. Aug. 29, 2005) (collecting cases and concluding that an FCRA plaintiff “must produce some form of independent, corroborating evidence of her humiliation and embarrassment at trial to recover compensatory damages for emotional distress”); Jordan v. Trans Union LLC, No. 1:05 CV 305 GET, 2006 WL 1663324, at *7-8 (N.D.Ga. June 12, 2006) (<HOLDING>). In addition, Moore provides dubious support",293998,47514,4,case_hold_mc,holding that plaintiffs proof that she became depressed and was prescribed depression medication by her family physician was insufficient to support claim and stating evidence that randolph is very depressed and very upset is insufficient to sustain damages for mental anguish,holding that adverse inference alone insufficient to support a motion for summary judgment,holding the trial court did not err by instructing the jury that the plaintiff could be awarded damages for anxiety mental anguish and loss of consortium for a violation of the kentucky act,holding that a complaints bare assertions alone were insufficient for certification,holding in a case arising under the fcra that the remainder of plaintiffs complaints such as feeling frustrated and degraded are insufficient standing alone to support damages for mental anguish
349,"fee award by twenty-five percent to account for these and, as indicated below, other deficiencies in the plaintiffs fee petition. b. Clerical and Other NonProfessional Services The defendants argue that the plaintiffs counsel inappropriately billed for clerical tasks, a type of acti may be reimbursable if they cannot be separated from legal activities. Cf. Lopez, 38 F.Supp.2d at 25 (explaining that charges for “filing” motions were not reimbursable because they were purely clerical, not de minimis). In this case, the defendants declined to reimburse the plaintiff for activities suc he plaintiffs’ counsel’s rate was reasonable because it was below the Laffey Matrix rate for attorneys of her experience); Nesbit v. District of Columbia, Civ. No. 01-2429, at 1 (D.D.C. Nov. 4, 2003) (Order) (<HOLDING>). Furthermore, this court has rejected the",294852,47649,3,case_hold_mc,holding that plaintiffs may provide evidence to supplement the laffey matrix including fees awarded to attorneys with similar qualifications in comparable cases,holding that idea administrative proceedings which require expert testimony regarding whether a student has been denied a fape are sufficiently complex to warrant application of the laffey matrix,holding that once a rate is filed with the appropriate agency except for review of the agencys orders the courts can assume no right to a different rate on that ground that in its opinion it is the only or the more reasonable rate,holding that a billing rate in accordance with the laffey matrix was reasonable,holding that the laffey matrix is the proper formula to determine the prevailing market rate for legal services rendered in connection with idea administrative proceedings
350,"Moore has to show that an error: (i) was made; (ii) is plain (i.e., clear or obvious); and (iii) affects his substantial rights. United States v. Massenburg, 564 F.3d 337, 342-43 (4th Cir.2009). Even if we assumed that the district court’s brief explanation constituted an obvious error in violation of Carter, Fed.R.Crim.P. 52(b) requires Moore to also show that the district court’s lack of explanation had a prejudicial effect on the sentence imposed. See Puckett v. United States,-U.S.-, 129 S.Ct. 1423, 1433 n. 4, 173 L.Ed.2d 266 (2009). Having only summarily raised the reasonableness of his 188-month sentence in an Anders brief to this court, Moore has made no such showing. We thus affirm Moore’s within-Guidelines sentence. See United States v. Allen, 491 F.3d 178, 193 (4th Cir.2007) (<HOLDING>). In accordance with Anders, we have reviewed",295709,47780,2,case_hold_mc,recognizing presumption,recognizing a presumption of reasonableness,recognizing that this court applies an appellate presumption of reasonableness to a withinguidelines sentence,recognizing this presumption,holding that a court of appeals may afford a presumption of reasonableness to a withinguidelines sentence
351,"Appellant's App. at 70. An ""x"" is handwritten into the blank next to ""written,"" followed by a second ""x"" to indicate that Brooks had shown a ""disregard for safety."" Id. These lines are followed by the narrative recitation of the facts surrounding this safety violation. Id. Above the signature line, the form states that the signer had ""received a full explanation of my failure to perform to the expected standards of the company"" and that ""further failure on my part will be due cause for disciplinary action."" Id. As an initial stage in the disciplinary process, the corrective form is a subsequent remedial measure that may not be used to prove Strack's negligence or culpability in connection with Carter's injury. See Dukett v. Mausness, 546 N.E.2d 1292 (Ind.Ct.App.1989), trans. denied (<HOLDING>). Our analysis does not end here, however,",296567,47917,3,case_hold_mc,holding parol evidence is admissible to show mistake,holding that evidence of subsequent measures was admissible to show the feasibility of a design change,holding that evidence of other crimes though generally inadmissible to show character is admissible to show for instance proof of motive or plan,holding that postevent disciplinary measures are not admissible to show negligence or culpability,holding that ordinary negligence and gross negligence are not separate causes of action
352,"not be supported by any evidence”) (emphasis added). Daniel’s point is denied, and the full-order of protection is affirmed. GARYW. LYNCH, J. — CONCURS WILLIAM W. FRANCIS, JR., J.— CONCURS 1 . Because the parties share the same last name, we will refer to them by their given names to avoid confusion. In doing so, we do not intend any disrespect or familiarity. 2 . Two additional brothers have become enmeshed in these quarrels — one on the ""side"" of Steven and the other on the side of Daniel. 3 . All statutory references are to RSMo Cum. Supp. 2013. 4 . Daniel concedes in his brief that, absent a defense of justification, ""his actions constitute an act of abuse [as defined] under [s]ection 455.010[ (1),]” and he relies on McAlister v. Strohmeyer, 395 S.W.3d 546, 554 (Mo.App.W.D.2013) (<HOLDING>). Steven claims in his brief that Daniel waived",297420,48056,3,case_hold_mc,holding that district court error was not clear error in denying petition for mandamus,holding that the trial court committed no abuse of discretion in denying the appointment of the defendants requested expert as there was no undue prejudice to the defendant because the defendants claim on the predicted effect of the experts testimony was purely speculative,holding that no error was committed where issue of whether the defendant had committed another crime was injected into the trial by the codefendant but was immediately followed by the trial courts instructions to the jury that only the counts listed on the indictment be considered,holding no error was committed in denying an order of protection when the trial court found the respondents actions justified under the law,holding that the trial court committed fundamental error in not instructing the jury on the knowledge element of the offense of resisting an officer without violence when that element was in dispute at trial
353,"damages and liability may be indivisible”); N.J. Election Law Enforcement Comm’n v. Citizens to Make Mayor-Council Gov’t Work, 107 N.J. 380, 388, 526 A.2d 1069 (1987) (explaining that, “[i]n choosing between [retroactivity/prospective application] options, the court must weigh considerations of fairness to the litigants as well as the dictates of sound public policy”); Riley v. New Rapids Carpet Ctr., 61 N.J. 218, 227, 294 A.2d 7 (1972) (stating class action rules “should be applied liberally ... if it is possible to do so with fairness to the litigants”); State v. McCann, 391 N.J.Super. 542, 553, 919 A.2d 136 (App.Div.2007) (stating that judicial disqualification implicates, among other concerns, fairness to litigants); Arenas v. Gari, 309 N.J.Super. 1, 19, 706 A.2d 736 (App.Div.1998) (<HOLDING>); Klajman v. Fair Lawn Estates, 292 N.J.Super.",298279,48204,4,case_hold_mc,recognizing that the focus must be on whether the facts alleged would place a reasonably prudent person in fear of not receiving a fair and impartial trial,holding that the trial court did not abuse its discretion in refusing to strike for cause two potential jurors who had heard andor read about the case but indicated that they could render a fair and impartial verdict based on the evidence presented,holding that a defendant could not establish stricklands prejudice prong because any erroneous exclusion of an impartial juror was harmless because we have every reason to believe the replacement was also an impartial juror the defendant does not dispute that he was convicted and sentenced by an impartial jury and he presents no reason to think that a jury composed of a slightly different set of impartial jurors would have reached a different verdict,holding that a defendants claim that a jury was not impartial must focus on the jurors who ultimately sat,holding that jurors must not only be fair and impartial they also must appear so in order to maintain the litigants confidence in the basic fairness of the trial
354,"the district court’s choice and application of the standard of review to the Plan’s decision. Abatie v. Alta Health & Life Ins. Co., 458 F.3d 955, 962 (9th Cir.2006) (en banc). We have jurisdiction pursuant to 28 U.S.C. § 1291, and we affirm. We review- the Plan’s decision denying Barnes and other “Lump Sum” class members additional retirement benefits for an abuse of discretion with scepticism. See Burke v. Pitney Bowes Inc. Long-Term Disability Plan, 544 F.3d 1016, 1023-24 (9th Cir.2008). Where, as here, a plan unambiguously grants an administrator discretionary authority, the court reviews the administrator’s decision for abuse of discretion. Id. In determining the standard of review, we take into account the existence of a structural conflict of interest. Abatie, 458 F.3d at 965 (<HOLDING>); Metro Life Ins. Co. v. Glenn, 554 U.S. 105,",299140,48334,4,case_hold_mc,holding that plan administrator that was also insurer operated under conflict of interest,holding that when the insurer is also the plan administrator we have recognized something akin to a rebuttable presumption of a palpable conflict of interest,holding the district court erred by finding an automatic conflict of interest merely because insurer and administrator were the same,holding that it is wrong to assume a financial conflict of interest from the fact that the plan administrator is also the insurer,holding that a structural conflict of interest exists when an insurer acts as both the plan administrator and the funding source
355,"Note-holders’ claims. 3. Contract Terms An indenture trustee has a fiduciary duty to the noteholders and is required to act with the same care as if it owned the investment. See, e.g., Flight Transp. Corp., 874 F.2d at 578 (citing Trust Indenture Act of 1939, 15 U.S.C. § 77aaa-ooo(c)). The Indenture in this case incorporates this standard by mandating that WTC’s services be performed with “the same degree of care and skill in their exercise as a prudent Person would exercise or use under the circumstances in the conduct of his own affairs.” (See Indenture at § 7.1(a).) If the indenture trustee fulfills its duties, it is entitled to reimbursement of its expenses, including attorneys’ fees, in accordance with the terms of the indenture. See, e.g., Flight Transp. Corp., 874 F.2d at 583 (<HOLDING>); In re W.T. Grant Co., 119 B.R. 898, 900",299997,48471,0,case_hold_mc,holding that the indenture trustee has a separate contractual claim for its fees and expenses,holding that the bankruptcy court abused its discretion in awarding opposing counsels attorneys fees and expenses as sanctions without affording the sanctioned party the right to examine question or provide argument against the claimed fees and expenses,holding that a trustee in a proceeding under chapter x of the bankruptcy act did not have standing to assert on behalf of the holders of debentures issued by the bankrupt in reorganization various negligence claims against an indenture trustee,holding parties agreement provided clear contractual justification for the award of costs and expenses including attorneys fees to the prevailing party,holding that the relevant indenture agreement allowed the trustee to bring tort and fraud claims on behalf of the bondholders
356,"where he admitted that other Dunkin’ Donuts shops do sell soft drinks such as milk, juice or soda. See Trpko Taseski Depo., attached as Exh. 3B to plaintiffs motion, p. 61. Defendants’ only response to plaintiffs argument regarding the inapplicability of the rider are these two brief sentences: “Plaintiffs cases are inappositive. The controlling principle of law is that money paid under a mistake of fact can be recouped in an action assumpsit.” However, defendants’ claim of a “mistake of fact” is unsupported by the record. To the contrary, the facts presented confirm that no mistake was made because defendants’ were correct in voluntarily paying fees on the sales of such products. There is therefore no ground for an actio ranchise Guide (CCH) ¶ 11,290 (S.D.Fla. Oct. 30, 1997) (<HOLDING>). Defendants argue that the Michigan Franchise",300850,48615,3,case_hold_mc,holding that under michigan franchise investment law franchisees failure to comply with lawful provisions in franchise agreements by failing to pay royalties and advertising fees and failing to file monthly sales reports constituted good cause for franchisors termination of agreements where franchisor gave notice of termination in writing and franchisees made no effort to cure,holding that although a reason was provided in the termination letter the without cause termination provision was applicable,holding that franchisees tax evasion scheme provided cause for termination,holding that franchisees illegal sale of cigarettes to minors provided cause for termination,holding that traditional commercial contract provided for termination at will under arkansas law
357,"the bankruptcy court’s power to control dissemination of information more broadly. Judge Steven Gerling, for example, observed in In re Bennett, that If the information [sought to be protected] does not represent trade secrets or confidential research, development or commercial information, then whether to permit access to the information is a matter left to the Court’s discretion. It requires the Court to examine the relevant facts and circumstances and then to balance the interests of the party opposing disclosure with that of the public. In re Bennett, 226 B.R. 331, 336 (Bankr.N.D.N.Y.1998); see also In re Orion Pictures, 21 F.3d 24, 27 (2nd Cir.1994) (discussing § 107 and use of records for improper purpose); In re Robert Landau Associates, 50 B.R. 670, 675-76 (Bankr.S.D.N.Y.1985) (<HOLDING>); but see In re Phar-Mor, 191 B.R. 675, 679",301701,48752,2,case_hold_mc,holding provision in contempt order void because it punished relator for violating order that trial court lacked authority to enter,holding that when the trial court signed an order dismissing the plaintiffs complaint but refused to enter a final judgment on that order the order refusing to enter judgment was appealable under former ors 190102a,holding the court has the inherent authority to enter an order of confidentiality,recognizing inherent authority but vacating order not supported by necessary findings,holding that while a magistrate lacked the authority to enter an order granting a motion to correct error and thus that the order was defective for failing to contain the judges signature or another indication it was approved or adopted by the trial court the city waived any challenge to the validity of the order by failing to make a timely objection and observing that the indiana supreme court has long held that defects in the authority of a court officer as opposed to the jurisdiction of the trial court itself to enter a final order will be waived if not raised through a timely objection and more recently this court has applied the same principle to civil proceedings and clarified that any objection to the authority of an adjudicative officer must be raised at the first instance the irregularity occurs or at least within such time as the tribunal is able to remedy the defect
358,"A review of the record, appellant’s response to this court’s October 17, 2005 order to show cause and the response, reply and sur-reply indicates that the questions raised in this appeal are so insubstantial as not to require further argument. See United States v. Hooton, 693 F.2d 857, 858 (9th Cir.1982) (per curiam) (stating standard). The district court did not err in dismissing appellant’s action. See Brydges v. Lewis, 18 F.3d 651, 652 (9th Cir.1994) (<HOLDING>). Accordingly, we summarily affirm the district",302558,48887,2,case_hold_mc,holding defendants failure to file motion for judgment notwithstanding verdict did not prevent district court from granting motion for directed verdict for which court reserved decision,holding that a pro se party must be advised of consequences of failing to respond to a dispositive motion including an explanation that the failure to respond  may result in the district court granting the motion and dismissing the case,holding that district court did not err in summarily granting defendants motion for summary judgment pursuant to local rule where pro se plaintiff failed to respond to motion after district court had warned plaintiff that it would deem his failure to respond a consent to granting of motion,holding that because plaintiff failed to advance evidence rebutting motion for summary judgment alongside a concession in their interrogatory response the district court did not err in granting defendants motion for summary judgment,holding that the trial court did not err by granting defendants motion for summary judgment
359,"or affect the issue under determination.” U.S.S.G. § 3C1.1 cmt. n.6 (emphasis added). Although the omitted financial data may not have had any actual effect on Miller’s fine or restitution amounts, it is certainly the kind of information which would “tend to influence” those determinations. See, e.g., United States v. Dupre, 117 F.3d 810, 825 (5th Cir.1997) (“A statement to a probation officer concerning one’s financial resources will obviously affect the officer’s determination of ability to pay.” (quotation omitted)). There is no basis to deem the omitted information not material when it did not have, but was the kind of information which could have had, an influence on the relevant sentencing determinations. See United States v. Juarez-Duarte, 513 F.3d 204, 210-11 (5th Cir.2008) (<HOLDING>). Miller also contends that her errors were the",303081,48970,3,case_hold_mc,recognizing the applicability of the mcdonough standard to federal criminal proceedings,recognizing applicability of discovery rule,recognizing the applicability of rule 9b under such circumstances,recognizing the applicability of the obstruction enhancement in either scenario,recognizing the presumptions applicability to federal statutes
360,"to the military magistrate to search the appellee's buccal cells, contained significantly more information than what the military judge adopted in his reconsideration ruling. Compare AE CXIX at 9 with AE CXX at 6-7. Because this is an Article 62, UCMJ, appeal, we may not consider facts from SA H’s affidavit as we are bound by the military judge’s findings. Cossio, 64 M.J. at 256. Additionally, we note that the military judge did not sever the information that he believed to be problematic from SA H’s affidavit and then examine ""the remainder [of the information] to determine if probable cause still exist[ed]” to execute the search of the appellee’s buccal cells. United States v. Gallo, 55 M.J. 418, 421 (C.A.A.F.2001); see United States v. Cowgill, 68 M.J. 388, 393 (C.A.A.F.2010) (<HOLDING>). 24 . Because Edwards is a prophylactic",303939,49103,3,case_hold_mc,holding trial courts finding omission of information was not intentional or with reckless disregard for truth was not clearly erroneous,holding that affidavit is inadequate if it fails to disclose facts which would enable the magistrate to ascertain from the affidavit that the event upon which the probable cause was founded was not so remote as to render it ineffective,holding that an affidavit did not provide probable cause sufficient to validate a warrant where the affidavit stated an incorrect date uncontradicted by any other specific fact in the affidavit,holding that even if information in an affidavit was provided in reckless disregard of the truth appropriate course of action is to sever that information from the affidavit and determine whether sufficient information remained in order for the magistrate to find probable cause,holding that information from confidential informant was reliable and credible where affidavit referred to previous instances in which informant provided correct information to police affiants own investigation and controlled buy of contraband confirmed information and second informant supplied same information to police
361,"of serious physical harm,” Gamer, 471 U.S. at 11, 105 S.Ct. at 1701, to Ponseti, or to others if the suspects were allowed to flee. Because Pon-seti could have reasonably believed that the suspects posed an imminent, deadly threat, we conclude that he was justified in using deadly force. Conclusion We therefore conclude that the magistrate judge erred in denying Ponseti’s motion for judgment as a matter of law. Accordingly, the judgment below is REVERSED. 1 . The woman was struck once in the right side of her abdomen. 2 . Under the current Federal Rule of Civil Procedure 50, the terms ""directed verdict” and ""judgment notwithstanding the verdict” have been replaced by the single term “judgment as a matter of law.” 3 . But see Harper v. Harris County, 21 F.3d 597, 600 (5th Cir.1994) (<HOLDING>). 4 . Smith also observes: “Furthermore, the",304787,49242,4,case_hold_mc,holding that section 1983 actions based on violation of the fourth amendment may not rest on violation of state law,holding that a violation of the wellestablished rule of brignoniponce constituted an egregious violation of the fourth amendment,holding that the fourth amendment proscription against unreasonable searches and seizures was applicable to the states under the fourteenth amendment so that evidence seized in violation of the constitution could no longer be used in state courts,holding that the notice requirement found in rule 41d is not required by the fourth amendment,holding that the significant injury requirement of johnson v morel 876 f2d 477 5th cir1989 a case involving a fourth amendment violation is no longer valid in the wake of hudson v mcmillianus 112 sct 995 117 led2d 156 1992 in which the supreme court held that a showing of a significant injury was not required to prove an eighth amendment violation
362,"LLC v. United States Dept. of Treasury, I.R.S., 570 F.3d 1244, 1248 (11th Cir.2009) (recognizing “Service’s obligation to administer and enforce Congress’ power to lay and collect taxes.”). Further, the Supreme Court “has consistently construed congressional intent to require that if the summons authority claimed is necessary for the effective performance of congressionally imposed responsibilities to enforce the tax Code, that authority should be upheld absent express statutory prohibition or substantial countervailing policies.” United States v. Euge, 444 U.S. 707, 711, 100 S.Ct. 874, 63 L.Ed.2d 141 (1980). The IRS need not prove that the Tribe actually failed to properly withhold taxes and report payments to obtain enforcement of a summons. Cf. Powell, 379 U.S. at 57, 85 S.Ct. 248 (<HOLDING>). See also United States v. White, 853 F.2d",305641,49387,3,case_hold_mc,holding that the objective standard for determining probable cause obviates the need to analyze the officers subjective motivation,holding that new york law reasonable cause standard is equivalent to fourth amendments probable cause standard,holding that a summons is sufficient restraint to invoke probable cause requirement where failure to appear on summons may result in issuance of warrant,holding irs need not meet any standard of probable cause to obtain enforcement of a summons  ,holding that in a  1983 action issue of probable cause is for the jury
363,"1167 (E.D.Mich.1994). There is no issue as to whether plaintiff and Irene were disabled, “otherwise qualified,” or that defendant received federal funds. The only dispute is whether defendant provided effective communication with plaintiff and Irene without a trained ASL interpreter. Courts have found violations of the Rehabilitation Act and the ADA where sign language interpreters have not been provided for a qualified deaf person. See e.g. Rothschild v. Grottenthaler, 907 F.2d 286, 293 (2d Cir.1990) (finding that school system must provide an enrolled hearing student’s deaf parents with a sign language interpreter at “school initiated conferences incident to the academic and/or disciplinary aspects of their child’s education”); Randolph v. Rodgers, 980 F.Supp. 1051 (E.D.Mo.1997) (<HOLDING>), rev’d in part, vacated in part, 170 F.3d 850",306497,49517,4,case_hold_mc,holding that the same standards apply to claims under the ada and under the rehabilitation act,holding the ada and the rehabilitation act applicable,holding that exemption under the ada does not preclude liability under the rehabilitation act,holding that neither the ada nor the rehabilitation act applies to prison employment,holding that prisoner whose primary means of communication was sign language was entitled to interpreter under the ada and rehabilitation act for disciplinary procedures medical care education programs and counseling
364,"... by the actual application of all of the water to the use designed” is an appropriation of the water. Carlsbad Irrigation Dist. v. Ford, 1942-NMSC-042, ¶ 14, 46 N.M. 335, 128 P.2d 1047 (emphasis, internal quotation marks, and citation omitted). Thus, any diversion for a beneficial use must be accompanied by a right to the water acquired by the user’s appropriation of the water to be diverted. See State ex rel. State Eng’r v. Comm’r of Pub. Lands, 2009-NMCA-004, ¶ 15, 145 N.M. 433, 200 P.3d 86 (“[W]ater rights are both established and exercised by beneficial use, which forms the basis, the measure[,] and the limit of the right to use of the water.” (internal quotation marks and citation omitted)); In re Water Rights in Rio Grande Cnty., 53 P.3d 1165, 1168 (Colo. 2002) (en banc) (<HOLDING>)-. We now turn to the import of consumptive",307353,49642,0,case_hold_mc,holding that a water right is a property right created by a person appropriating unappropriated water and applying it to a beneficial use,recognizing the right to use water to generate power,holding that simply because claimants had diverted the entire run of the water at issue did not give them the ability to claim a right to all the water when they could not and had not put it to beneficial use,holding that article x  2 of the california constitution dictates the basic principles defining water rights that no one can have a protectible interest in the unreasonable use of water and that holders of water rights must use water reasonably and beneficially,holding that the legislative assembly intended the water right certificate not the permit even when followed by a beneficial use to mark the point at which a water right becomes vested
365,"the residential program. The remain der of the terms and conditions of the disposition order are affirmed. AFFIRMED in part; REVERSED in part; and REMANDED. GRIFFIN and ORFINGER, R. B, JJ., concur. 1 . We affirm the remaining issues advanced by I.B. on appeal without discussion. 2 . Fearing that this legislative change left juveniles without a procedure to correct unpre-served disposition errors that did not constitute fundamental error, the Florida Supreme Court adopted ) (concluding that juvenile could not be sentenced to commitment not to exceed 364 days followed by post-commitment community control not to exceed 364 days for battery, where maximum term that juvenile could have received for offense as an adult was one year); see also J.G. v. State, 783 So.2d 1233 (Fla. 5th DCA 2001) (<HOLDING>). 4 . Some Florida courts have held that",308205,49789,1,case_hold_mc,holding that state may not subject indigent defendants to period of imprisonment beyond statutory maximum,holding pursuant to section 985231 ld florida statutes 1999 that duration of commitment which includes any period in an aftercare program may not exceed the statutory maximum for the offense,holding apprendi is not implicated where sentence does not exceed statutory maximum sentence authorized for the offense in its simplest form,holding that a defendant could not assert an error under apprendi v new jersey because his sentence does not exceed the statutory maximum,holding that restitution in the full amount of each victims losses does not exceed the statutory maximum
366,"character of a person in order to show that he acted in conformity therewith,” though it may be admissible for other purposes. If a trial judge overrules a Rule 404(b) objection, finding the evidence of another crime or wrong admissible for one of these other purposes, the trial judge must also conduct a Rule 403 balancing test. This filtering analysis requires assessing whether the probative value of the evidence outweighs the danger of undue prejudice before evidence may be admitted. Watts v. State, 635 So.2d 1364, 1368 (Miss.1994). ¶ 56. Once again, Grindle did not object or in any way argue that the evidence of his subsequent arrest was being elicited in violation of Rule 404(b). So his Rule 404(b) argument is waived. See Ruben-stein v. State, 941 So.2d 735, 760 (¶ 87) (Miss.2006) (<HOLDING>). And by not objecting under Rule 404(b), his",309060,49928,4,case_hold_mc,holding that plainerror review applies where the defendant fails to object to a constructive amendment,holding that to admit evidence of prior bad acts under rule 404b ala r evid the state must demonstrate that the evidence was reasonably necessary to its case,holding rule 16 does not apply to oral statements other than statements of the defendant,holding admission of prior bad acts of child abuse was reversible error when the defendant did not have exclusive control over the children during the period when the prior bad acts occurred,holding that failure to object to statements of prior bad acts barred argument on appeal that statements violated rules 404b and 403 without conducting any plainerror analysis
367,"of a fatally flawed theory. In other cases, prejudice will be minimized by the fact that the party has notice of the need to adduce evidence in support of Article III even though neither the court nor the defendant makes a formal motion. For example, in Bischoff v. Osceola County, Fla., 222 F.3d 874, 882 n. 8 (11th Cir.2000), the Eleventh Circuit held that it was proper for the district court to apply a summary júdgment standard on a sua sponte challenge to standing because the plaintiffs were on notice that standing was an issue, as they raised it themselves in briefs. Similarly, to the extent that identical issues have already been raised in the litigation, the threat of procedural prejudice is greatly diminished. See Bridgeway Corp. v. Citibank, 201 F.3d 134, 140 (2d Cir.2000) (<HOLDING>). In the present case, although defendants had",309919,50072,2,case_hold_mc,holding that sovereign immunity issues may be raised sua sponte as they bear on subject matter jurisdiction,recognizing that in the interest of judicial economy res judicata may properly be raised by a district court sua sponte particularly where both actions are brought in the courts of the same district,recognizing reduced threat of procedural prejudice where courts sua sponte determination is based on issues identical to the raised by the moving party,holding that the court can raise res judicata sua sponte even on appeal,holding that we lack jurisdiction to consider claims not raised below by the alien even when the bia reviews the claim sua sponte
368,"as the California Legislature may well have recognized when it specifically provided that a prosecutor may move to dismiss or strike a prior felony conviction “in the furtherance of justice.” Cal. Penal Code Ann. § 667(f)(2) (West 1999). In this case, the statutory safeguard failed, and the state court was left to ensure that the Eighth Amendment prohibition on grossly disproportionate sentences was met. If Andrade’s sentence is not grossly disproportionate, the principle has no meaning. The California court’s holding was an unreasonable application of clearly established precedent. 1 This point is independent of the fact, recognized by the Court, ante, at 68, that it remains open to Andrade to appeal his sentence under People v. Garcia, 20 Cal. 4th 490, 976 P. 2d 831 (1999) (<HOLDING>). 2 Implicit in the distinction between future",310774,50216,4,case_hold_mc,holding that the statute is mandatory,holding that a defendant is subject to a mandatory consecutive sentence for a  924c conviction and is not spared from that sentence by virtue of receiving a higher mandatory minimum on a different count of conviction,holding that under a federal three strikes law the sentencing judge may only find facts that were necessary to the prior conviction,holding that such a decision was within the trial courts discretion,holding trial court may dismiss strikes on a countbycount basis such discretion is consistent with mandatory consecutive sentencing provision
369,"“[r]ecognized standards of business ethics and business customs and practices are pertinent”). FMS specifically complains that Hawkeye used “the FMS customer list and the FMS licensed agents to compete directly for the FMS book of business.” There is no evidence that Hawkeye sought a customer list in the possession of FMS. Rather, Hawkeye merely compiled such a list from its own records; after all, FMS’s clients were originally bank customers and were referred to FMS by the Hawkeye banks. There is nothing improper about Hawkeye using information in its own files for purposes of soliciting business. See Burke, 474 N.W.2d at 113 (citing Ballagh v. Polk-Warren Mut. Ins. Ass’n, 257 Iowa 1334, 1343, 136 N.W.2d 496, 501 (1965)); cf. Lemmon v. Hendrickson, 559 N.W.2d 278, 280-81 (Iowa 1997) (<HOLDING>). With respect to Hawkeye’s use of “FMS",311624,50351,2,case_hold_mc,holding that a customer list may be protectable as a trade secret if it is secret and the court examines and determines if it is protectable based on three factors 1 what steps if any an employer has taken to maintain the confidentiality of a customer list 2 whether a departing employee acknowledges that the customer list is confidential and 3 whether the content of the list is readily ascertainable,holding that arbitration clause which was included with product mailed to customer and with proviso that customer could return product within 30 days was binding on customer who did not return computer,holding former employee could properly use recollection of customer information where he did not otherwise misappropriate an actual customer list,holding that the plaintiffs customer list was not a trade secret in part because there was no evidence that by the nature of the plaintiffs business extraordinary effort was involved in compiling the customer list,holding that murder committed by customer was not foreseeable result of excessive sale of alcohol to customer
370,"Cir.2008). If a defendant puts his intent and knowledge of a drug conspiracy in issue, the government can introduce evidence of a defendant’s prior similar acts to help prove its case. United States v. Banks, 706 F.3d 901, 906-07 (8th Cir.2013). Wiggins put his intent and knowledge at issue at trial, and thus, if the conviction was (1) relevant, (2) similar in kind and not too remote, (3) supported by evidence and (4) not substantially more prejudicial than probative, it was admissible under Rule 404(b). Id. Of these four, the only plausibly contested element is remoteness, but since the convictions were in 2000, and the current conspiracy conduct occurred in 2009, they are not too remote according to our precedent. See, e.g., United States v. Ironi, 525 F.3d 683, 688 (8th Cir.2008) (<HOLDING>). Accordingly the district court did not abuse",312476,50488,1,case_hold_mc,holding that prior drug convictions that were four ten and eleven years old were not so remote from the charged drug offenses as to render them inadmissible,holding that prior distribution and possession convictions that were eight and ten years before the charged conduct occurred were not too remote,holding that collateral crime that occurred twelve years prior to charged offense not too remote in time,holding that eight years between prior convictions and the beginning of the charged conspiracy was not too remote,holding that a six year span between the prior offense and the charged conduct did not render the previous conviction too remote to be relevant to the defendants intent in the case then at bar
371,"postconvietion proceeding. Therefore, the narrower approach does not clearly establish judicial economy. T48 Hinojos-Mendoza does not require a different conclusion. There, the supreme court recognized judicial economy in taking up an unpreserved confrontation issue under Crawford v. Washington, 541 U.S. 36, 124 S.Ct. 1354, 158 L.Ed.2d 177 (2004). The court explained that the defendant could rely on Crawford because it had been decided during his direct appeal. But trial counsel could hardly have been expected to raise the issue the Crawford court decided, contrary to controlling Colorado precedent. See People v. Dement, 661 P.2d 675, 680-81 (Colo.1983) (relying on Ohio v. Roberts, 448 U.S. 56, 100 S.Ct. 2531, 65 L.Ed.2d 597 (1980)), abrogated by People v. Fry, 92 P.3d 970 (Colo.2004) (<HOLDING>). 1 44 Here, in contrast, defendant does not",313334,50629,4,case_hold_mc,recognizing same,recognizing crawford partially abrogated alacode  152532,recognizing rule,recognizing general rule but treating as legal question because ohio statute set out qualifications for position that were not met by applicant,recognizing the rejection of ohio v roberts by crawford v washington
372,"if the franchisor terminates the franchise relationship. See Valentine v. Mobil Oil Corp., 789 F.2d 1388, 1390 (9th Cir.1986); Svela v. Union Oil Co., 807 F.2d 1494, 1500-01 (1987). A “franchise relationship” means “the respective motor fuel marketing or distribution obligations and responsibilities of a franchisor and franchisee which result from the marketing of motor fuel under a franchise.” 15 U.S.C. § 2801(2); Du Fresne’s Auto Service Inc. v. Shell Oil Co., 992 F.2d 920, 925 (9th Cir.1993). A franchise is a contract. 15 U.S.C. § 2801(1). The Ninth Circuit has previously held that absent breach of the agreements that constitute components of the franchise, there is no termination. See DuFresne’s Auto Service, 992 F.2d at 927; Fresher v. Shell Oil Co., 846 F.2d 45, 47 (9th Cir.1988) (<HOLDING>). Here, Plaintiffs did not allege a breach of",314192,50760,3,case_hold_mc,holding that the obligation does not terminate upon death,holding that the transfer of all rights interests and control in property assigned was an effective assignment occurring at the time the assignment was perfected not later when proceeds paid,holding assignment of a mortgage was not subject to article 9,holding that assignment of property without more did not terminate the franchise relationship,holding plaintiff did not have standing to challenge the validity of an assignment from mers to bac because she was not a party to the assignment and the assignment did not affect her underlying obligation to make timely payments
373,"District Court Executive is directed to: (a) File this Order; (b) ENTER JUDGMENT consistent with this Order; (c) Provide copies of this Order and the Judgment to counsel; and (d) CLOSE THIS FILE. 1 . These facts can be found in the parties' Statements of Material Facts, submitted with briefing on the pending Motions pursuant to Rule 56 of the Federal Rules of Civil Procedure and Local Rule 56.1. The Court deems admitted any material fact asserted by a party and not rebutted by the opposing party. The parties agree on the facts recited in this section, except where otherwise noted. 2 . Several courts have held that Title III applies only to actual places, and that membership organizations are not subject to Title III. See, e.g., Elitt v. U.S.A. Hockey, 922 F.Supp. 217, 223 (E.D.Mo.1996) (<HOLDING>); Brown v. 1995 Tenet ParaAmerica Bicycle",315052,50898,0,case_hold_mc,holding that hockey organization was not sufficiently linked to a place so not subject to ada,holding ada claim was discharged,holding that title ii of the ada is not applicable to the federal government,holding that national football league was not a place and therefore not subject to ada,holding that group organizing bike race was not subject to ada
374,"CLC received was not reasonably equivalent to the value of the dividend, 740 ILCS 160(5)(b)(8) (2002); and (3) CLC was insolvent when the dividend was paid, 740 ILCS 160(5)(b)(9) (2002). The Trust contends fraud can be inferred from these three badges. But in fact only two of the badges are present. First, no reasonably equivalent value was given for the dividend. There is no “reasonably equivalent value” when the consideration for a transfer is either inadequate or nonexistent. Leibowitz v. Parkway Bank & Trust Co. (In re Image Worldwide, Ltd.), 139 F.3d 574, 577 (7th Cir.1998). The dividend here was a unilateral transfer of $30,748, and no evidence has been offered that anything was given in return. See Fisher v. Hamilton (In re Teknek, LLC), 343 B.R. 850, 861 (Bankr.N.D.Ill.2006) (<HOLDING>). Second, it is undisputed that CLC was",315908,51042,0,case_hold_mc,holding that dividend paid to llc members was not a transfer for reasonably equivalent value,holding transfer of capital accounts from a limited partnership to a llc was valuable consideration for purposes of imposing state real estate transfer fee because the members received new rights and privileges,holding that it is not a collusive transaction when valuable consideration is paid to transfer a debt to a bona fide purchaser even if the transfer was for the purpose of invoking diversity jurisdiction,holding that transfer of property to llc involved no consideration for state conveyance tax purposes because it was a unilateral act and not the result of a bargainedfor exchange,holding transfer of legal title to property as a capital contribution to llc was in exchange for valuable consideration and constituted a sale of the property
375,"to light and be appropriately remedied if the person who is suffering from this inadequacy is not permitted to do so. Simply ignoring a pretrial assertion of ineffectiveness of counsel means that the claim is left to be taken up in post conviction relief proceedings. Graves, 642 So.2d at 144. We do not believe this reasoning extends to a motion to disqualify. Unlike a motion to dismiss counsel, the effectiveness of the defendant’s court-appointed attorney is not at issue, and the attorney has no incentive to refrain from adopting his client's motion if that claim has any merit. If counsel chooses not to adopt the pro se motion, the defendant may opt to represent himself and file the motion to disqualify at that time. See Logan, 846 So.2d at 475. 15 . See Nelson, 274 So.2d at 258-59 (<HOLDING>), approved of in Hardwick v. State, 521 So.2d",316759,51181,1,case_hold_mc,holding that when a defendant raises a claim on direct appeal that trial counsel was ineffective defendant bears the burden of assuring record is adequate,holding that when a defendant raises a claim of ineffective assistance of counsel the trial judge must conduct an inquiry into the claim,holding that a defendant must show actual prejudice to succeed on an ineffective assistance of counsel claim,recognizing a constitutional claim for ineffective assistance of counsel,holding no ineffective assistance of appellate counsel claim for failure to raise as basis for appeal of conviction ineffective assistance of trial counsel where basis for the latter claim was inadequate
376,"support a breach of contract claim. See Colomar, 461 F.Supp.2d 1265 (allegations that patients with insurance and government benefits received significant discounts in price they paid for hospital’s services supported plaintiffs claim for breach of contract for unreasonable pricing); Payne v. Humana Hospital, 661 So.2d 1239 (Fla. 1st DCA 1995) (reversing dismissal of putative class action suit premised on unreasonable rates charged by a hospital even though contract required the payment of “prevailing rates” and “regular charges,” but did not “express prices within the four corners of the document.” The court described the charge master as a “complicated and unobtainable master charge list containing hundreds of items”); Mercy Hospital v. Carr, 297 So.2d 598 (Fla. 3rd DCA 1974) (<HOLDING>). In this case, the PIP statute imposes a duty",317615,51329,4,case_hold_mc,holding that an exception to the charges having to do with contributory negligence  charges two three and four was insufficient to preserve issue for appeal,holding that statute provides medical bill is admissible to prove amount fairness and reasonableness of charges,holding that the trial court did not abuse its discretion by refusing to accept the defendants guilty pleas to two counts of the indictment and stating that even if the trial court erred the error had not prejudiced the defendant because he was found guilty by the jury of the charges to which he intended to plead and the evidence of the other crimes would have been admissible in the trial for the first degree murder charge,holding that the speedy trial clock for state charges did not begin to run when the defendant was taken into custody by federal authorities on federal charges but rather when he was indicted for the state charges,holding that although plaintiff was liable for medical services rendered he was not bound by the amount of the charges listed in the admission contract as he was entitled to question the reasonableness of the charges
377,"(“It is immaterial that [the defendant’s] firearm purchase and domestic violence conviction occurred prior to [18 U.S.C.] § 922(g)(9)’s enactment because the conduct prohibited by [18 U.S.C.] § 922(g)(9) is the possession of a firearm .... [Thus,] the application of [18 U.S.C.] § 922(g)(9) to [the defendant] does not run afoul of the ex post facto prohibition.”); United States v. Boyd, 52 F.Supp.2d 1233, 1236-37 (D.Kan.1999), aff'd 211 F.3d 1279 (10th Cir.2000), (concluding the illegal act was not completed until after 18 U.S.C. § 922(g)(9) became effective because the illegal act in 18 U.S.C. § 922(g)(9) is the possession of the firearm, not the misdemeanor domestic violence conviction); United States v. Meade, 986 F.Supp. 66, 69 (D.Mass.1997), aff'd 175 F.3d 215 (1st Cir.1999), (<HOLDING>); NAGE, Inc. v. Barrett, 968 F.Supp. 1564,",318468,51458,4,case_hold_mc,holding that 18 usc  3559c did not violate separation of powers doctrine or ex post facto clause,holding that revocation of medical license does not violate the ex post facto clause,holding the use of a 1951 felony conviction as a predicate for a violation of 18 usc  922g1 did not violate the ex post facto clause because the crime of being a felon in possession of a firearm was not committed until after the effective date of the statute under which he was convicted,holding ex post facto clause barred application of mvra to defendant whose criminal conduct occurred before the effective date of the statute,holding 18 usc  922g9 penalizes the possession of a firearm after its effective date and therefore does not constitute a violation of the ex post facto clause
378,"(2013) (ex plaining the FDA’s view that “promoting a drug for an off-label use is a violation” of the FDCA’s misbranding provisions). Based on this view, the FDA has recovered millions of dollars in settlements from drug manufacturers that have engaged in off-label promotion. See, e.g., id. at 232 (citing Press Release, U.S. Dep’t of Justice, Justice Department Announces Largest Health Care Fraud Settlement in Its History, (Sept. 2, 2009) (trumpeting a mul-ti-billion dollar fine imposed against a drug company that promoted its drugs for uses and dosages that the FDA specifically declined to approve)). The FDA’s informal interpretation of a statute it administers is entitled to some deference from courts. See Skidmore v. Swift & Co., 323 U.S. 134, 140, 65 S.Ct. 161, 89 L.Ed. 124 (1944) (<HOLDING>). But courts have not always agreed with the",319319,51590,3,case_hold_mc,holding that where statute is ambiguous deference is appropriately accorded to agencys interpretation,holding that an agencys interpretation of its own regulations is entitled to deference,holding that deference is owed to state agencys interpretation of state law,holding that an agencys informal interpretation of a statute it administers is entitled to deference to the extent it has the power to persuade,holding that agency interpretation which is reasonable is entitled to deference
379,"in the course of interpreting the Religious Freedom Restoration Act of 1993 (""RFRA""), which required the application of strict scrutiny to government policies that imposed a ""substantial burden” on religious beliefs. See Pub.L. No. 103-141, 107 STAT. 1488 (codified at 42 U.S.C. §§ 2000bb et seg.), invalidated by City of Boerne v. Flores, 521 U.S. 507, 117 S.Ct. 2157, 138 L.Ed.2d 624 (1997). In Jolly v. Coughlin, 76 F.3d 468, 477 (2d Cir.1996), we defined a substantial burden as a situation where ""the state 'puts substantial pressure on an adherent to modify his behavior and to violate his beliefs.' "" 5 . For other applications of the substantial burden requirement in the prison religious free exercise context, see, for example, Cane.ll v. Lightner, 143 F.3d 1210 (9th Cir.1998) (<HOLDING>), and Weir v. Nix, 114 F.3d 817 (8th Cir.1997)",320177,51728,2,case_hold_mc,holding that docs may place reasonable limitations on an inmates right to the free exercise of religion including a requirement that the inmate register his religious affiliation,holding that  relatively shortterm and sporadic  intrusions on an inmates prayer activities did not constitute a substantial burden on inmates free exercise of his religion,holding that corrections officers mockpreaching and espousal of religious views did not constitute a substantial burden on inmates free exercise of religion,holding that religious exercise is any exercise of religion whether or not compelled by or central to a system of religious belief and that the use building or conversion of real property for the purpose of religious exercise shall be considered  religious exercise,recognizing a religious institutions right to free exercise of religion
380,"order remanding a case to the State court from which it was removed is not reviewable on appeal or otherwise, except that an order remanding a case to the State court from which it was removed pursuant to section 1443 [civil rights cases] of this title shall be reviewable by appeal or otherwise. 6 . Compare In re Allied-Signal, Inc., 919 F.2d 277 (5th Cir.1990) (granting writ of mandamus after noting that the trial court did not state that jurisdiction was lacking but affirmatively reflected that remand was based solely on a state statute) with In re Weaver, 610 F.2d 335, 337 (5th Cir.1980) (denying writ of mandamus despite the absence of specific § 1447(c) words, when the district court based remand upon its belief that jurisdiction was lacking). See also Merrimack, 587 F.2d at 647-48 (<HOLDING>). 7 . The Eleventh Amendment states that: ""The",321029,51867,3,case_hold_mc,holding that a proper eleventh amendment challenge strips the courts of jurisdiction for the purposes of the removal statute 28 usc  1447c,holding that under 28 usc  1447c and d federal jurisdiction terminates once a section 1447c remand order has been mailed to the state court,holding that we have jurisdiction to review the award or denial of attorney fees under  1447c,holding that the district courts order while not referring to  1447c by number stated one of its grounds no jurisdiction thereby precluding review by mandamus,recognizing the supreme courts longstanding jurisdiction over writs of prohibition and mandamus to courts of inferior jurisdiction
381,"Hall, because the exposure was not alleged in the allegations of the indictment, nor could it be deduced from the face of the indictment. Id. Moreover, the State argues that the court of appeals expressly relied on the facts of the case to reach its conclusion, but the facts of the case are irrelevant in a cognate-pleadings analysis. See Hall, 225 S.W.3d at 535-36. The State also argues that if two offenses are not the same under Block burger, it is presumed that the Legislature intended to allow multiple punishments, absent a clear manifestation of intent to the contrary. See Gonzales v. State, 304 S.W.3d 838, 845 (Tex.Crim.App.2010); see also Blockburger, 284 U.S. at 304, 52 S.Ct. 180. And the State contends that, if the Legislature’s intent is unclear as to w (Tex.Crim.App.1999) (<HOLDING>). Finally, the State argues that indecency with",321890,52013,2,case_hold_mc,holding criminal sexual assault and unlawful restraint included offenses of aggravated crimi nal sexual assault and vacating convictions and sentences on former offenses,holding in aggravated sexual assault case that testimony regarding psychological trauma suffered by child victim and its physical manifestations properly admitted,holding in a multiplepunishment case that aggravated sexual assault focuses on prohibited conduct,holding attempted aggravated assault on a law enforcement officer is not a crime in florida,holding unlawful restraint an included offense of aggravated criminal sexual assault so conviction on the former was vacated
382,"to a hypothetical knowledgeable buyer, which should be factored into the discount, include (1) that the family had experienced prior disagreement which precipitated the creation of the trust; and (2) that one family member had been allowed to independently manage the 16 parcels and that his management was poor. The Tax Court stated that these circumstances, that would have been perceived by a willing buyer, indicate that the remaining family members would be resistant to and make it difficult for an outside buyer. If these facts were available to a knowledgeable buyer, it is obvious th ing ownership of apartments “was not a sufficient basis for issuance of the notice [of deficiency], in light of the opportunity for further, and much needed, investigation”); Nicholson, 60 F.3d at 1029 (<HOLDING>). The IRS cannot merely rely on an expert’s",322748,52155,0,case_hold_mc,holding that irs could have discovered that its position was not justified had it adequately investigated the case before issuing the notice of deficiency,holding that former sec 272f does not require that the commissioner wait until the period for filing a petition as to a deficiency notice expires before issuing another deficiency notice as to the same taxable year,holding that a second deficiency notice issued for a taxable year was valid where it determined a deficiency in a different type of tax than did the earlier deficiency notice,holding that a notice of tax deficiency sent to a taxpayer by the irs need not be signed in order to be valid,holding that where notice of deficiency fails adequately to describe the basis on which the commissioner relies for his deficiency determination burden shifts to the commissioner to prove the accuracy of the deficiency determination
383,"not have described his encounter with K.K., regardless of whether the nurse testified about K.K.’s bloody nose. In other words, Torrence’s argument that the erroneous admission of the nurse’s testimony about K.K.’s nosebleed affected the testimony of other witnesses for the Commonwealth is illogical speculation. We affirm, finding any error to be harmless beyond a reasonable doubt. III. CONCLUSION. For the foregoing reasons, we affirm the circuit court’s judgment. All sitting. All concur. 1 . Ky. Const. § 110(2)(b). 2 . Kentucky Rules of Criminal Procedure (RCr) 9.24 (“The court at every stage of the proceeding must disregard any error or defect in the proceeding that does not affect the substantial rights of the parties.’’). 3 . Anderson v. Commonwealth, 231 S.W.3d 117, 122 (Ky.2007) (<HOLDING>). 4 . See, e.g., Slaughter v. Commonwealth, 744",323604,52293,3,case_hold_mc,holding that error is considered harmless if it is established beyond a reasonable doubt that the error complained of did not contribute to the verdict or alternatively stated that there is no reasonable possibility that the error contributed to the conviction,holding that the harmless error test places a burden on the state to prove that the error complained of did not contribute to the verdict or alternatively stated that there is no reasonable possibility that the error contributed to the conviction,holding that error is harmless if there is substantial independent evidence of guilt satisfying the reviewing court there is no substantial likelihood the challenged evidence contributed to the conviction,holding that an error is harmless if there is no reasonable possibility that it contributed to the conviction,holding that under the harmless error standard an appellate court must determine whether there is a reasonable possibility that the error complained of might have contributed to the conviction
384,"the action should pro ceed among the existing parties or be dismissed. Fed.R.Civ.P. 19(b). Defendant neglected to offer any explanation for how and why Mr. Stroud is essential, other than that he was named in the underlying state court case. That is not enough. Mr. Stroud is not a necessary or indispensable party under Rule 19 because this Court can administer complete relief — an order compelling arbitration— among the existing parties and Mr. Stroud himself is not claiming an interest in this arbitration action that will be impaired by his absence. Although failing to dismiss this case may result in piecemeal litigation, that factor alone is not compelling enough to find Mr. Stroud to be an indispensable party. Cf. Doctor’s Assocs., Inc. v. Distajo, 66 F.3d 438, 446 (2d Cir.1995) (<HOLDING>). This Court therefore properly limits its",324465,52428,4,case_hold_mc,holding that the federal arbitration act requires piecemeal resolution when necessary to give effect to an arbitration agreement and mandates enforcement of an arbitration agreement notwithstanding the presence of other persons who are parties to the underlying dispute but not to the arbitration agreement emphasis added,holding that in ruling on a motion to compel arbitration a court must consider 1 whether the parties have entered into a valid arbitration agreement 2 whether an arbitrable issue exists and 3 whether the right to arbitration has been waived,holding that district courts are required to compel arbitration of claims subject to arbitration clause even if the result is piecemeal litigation,holding that faa was inapplicable where parties involved in action are not parties to an arbitration agreement under which issues are referable to arbitration,holding that in determining whether diversity jurisdiction exists in petition to compel arbitration district court was correct in looking only to citizenship of parties in action before it  parties who signed arbitration agreement  and that nondiverse agents in underlying state case were not indispensable parties as any potential prejudice resulting from piecemeal litigation is overcome by faas strong bias in favor of arbitration
385,"v. Conlee, 370 Ark. 89, 257 S.W.3d 543 (2007). Kyler Road Home Charles first argues on appeal that the circuit court erred by not awarding him an interest in the home on Kyler Road. Although he acknowledges that Myra had acquired this property prior to the marriage, he asserts that he is entitled to an interest in the home because | ^marital funds were used to reduce the debt on the properly and to make improvements. Our definition of marital properly excludes property acquired before the marriage. Ark.Code Ann. § 9-12-315(b)(1) (Repl.2009). However, we have long held that a non-owning spouse is entitled to some benefit when marital funds have been expended to improve or reduce the debt on the other spouse’s nonmarital property. See Box v. Box, 312 Ark. 550, 851 S.W.2d 437 (1993) (<HOLDING>); Bagwell v. Bagwell, 282 Ark. 403, 668 S.W.2d",325318,52567,4,case_hold_mc,holding that an increase in the value of nonmarital property attributable to the efforts of one or both spouses during marriage is marital property,holding that assets acquired subsequent to separation are not considered marital property absent evidence that spouse used marital property to obtain them,holding that separate property may become marital property if spouse donates it to marital unit with intent at time of donation that property become marital,holding that the trial court erred in finding that marital property was the former wifes separate property based on a nonseparation agreement in which the former husband purported to relinquish any interest in the marital property,holding that circuit court erred in failing to consider that marital property in the form of marital earnings was used to pay debt against nonmarital property
386,"secured proof of claim was properly filed. The Court again wishes to stress that its holding today is limited to the facts of the case before it. The Court is not generally holding that replacement windows can never become fixtures or do not typically become part of the real estate to which .2008). See also 35A Am.Jur.2d Fixtures § 19 (stating that ""[t]he characterization put upon articles as fixtures or nonfix-tures by parties to a purchase contract should be upheld where the rights of third parties are not adversely affected, no statute suggests a contrary result, and the articles are not so completely merged with the realty as to prevent removal of the article without material injury to the realty.”) 16 . Id. at 745-46. 17 . 77 B.R. 34 (Bankr.M.D.N.C.1987). 18 . Id. at 36. 19 . Id. (<HOLDING>). 20 . 800 S.W.2d 755 (Mo.App. W.D.1990). 21 .",326173,52712,0,case_hold_mc,holding that when third party rights are involved the apparent intent to an outsider are determinative,holding that while general objections are discouraged they are valid to preserve error when the ground of the objection is apparent,holding that apparent authority refers to a third partys reasonable belief that the principal has authorized the acts of its agent it arises from the principals indirect or direct manifestations to a third party,holding that a litigant may not claim standing to assert the rights of a third party,holding that a third party has authority to consent to a search if the third party is a coinhabitant
387,"remanded for further proceedings. REVERSED AND REMANDED 1 . In the original petition in the Sullivan Suit, Ms. Sullivan averred that she was represented by a power of attorney appointing Mr. Ban-daries as her attorney in fact and caregiver and granting him ""full power and authority and in her name and behalf” to ""conduct, man .2d 166, 171 (1971) (report stating that plaintiff had been indicted for adultery was libelous per se); see also Donati v. Queens Ledger Newspaper Group, 240 A.D.2d 696, 659 N.Y.S.2d 306 (1997) (reversing dismissal of defamation claim where plaintiff alleged that item in newspaper was capable of defamatory connotation that plaintiff had been engaged in a longstanding extramarital affair). But see Marleau v. Truck Ins. Exchange, 333 Or. 82, 37 P.3d 148, 156 (2001)",327033,52862,3,case_hold_mc,holding that under south carolina law slander is actionable per se where plaintiff is alleged to have committed adultery,holding that statements that insinuated that plaintiff was an adulteress were actionable as slander per se under missouri law,recognizing that slander per se is actionable without a showing of actual or special damages,holding that statement made to plaintiffs neighbors that plaintiff committed adultery was not slander per se because adultery is no longer a crime under oregon law,holding that statements imputing adultery are defamatory under louisiana law
388,"§ 924(c) conviction is invalid after Bailey and Bousley, it argues we are prohibited from reaching the merits of his claim because Abdullah did not present his Bailey/Bousley challenge on direct appeal or in the § 2255 proceedings below. Alternatively, the government argues the claim is barred by AEDPA’s one-year limitations period. We assume for purposes of this appeal that Abdullah did not procedurally default his Bailey claim by failing to raise it on direct appeal. Notwithstanding such an assumption, we conclude the claim is barred because Abdullah failed to adequately raise the issue before the district court in this § 2255 proceeding. Generally, a habeas claim cannot be raised by a petitioner for the first time on appeal. See, e.g., Petty v. Card, 195 F.3d 399, 400 (8th Cir.1999) (<HOLDING>), cert. denied, — U.S. -, 121 S.Ct. 78, 148",327835,52992,4,case_hold_mc,holding that issues not raised before the district court cannot be raised for the first time before this court,holding that the convention claim was procedurally defaulted,holding that court may address procedurally defaulted claim on the merits where it is more efficient to do so,holding that habeas claim not included in petition and never raised by petitioner before the district court as basis for habeas relief is procedurally defaulted,holding that an argument not raised before the district court is procedurally defaulted
389,"In other words, the statement is trustworthy because it represents an event speaking through the person rather than the person speaking about the event. Zuliani, 97 S.W.3d at 595. The lapse of time between the event a e reasonably concluded that Anderson had not been able to reflect or fabricate and was still under the excitement and stress of the shooting at the time of the statement. Anderson’s statement was made only a few hours after the shooting, an event likely to produce extreme excitement and shock so as to ensure the statement’s spontaneity and reliability. Because of the extreme nature of the startling event, and the short passage of time, it is highly probable that Anderson was still dominated by the emotion caused by the startling event. See Lawton, 913 5.W.2d at 553-54 (<HOLDING>); Cf. Aguilera v. State, 75 S.W.3d 60, 68",328693,53133,2,case_hold_mc,recognizing statement could be admissible as an excited utterance and still constitute a testimonial statement for purposes of a confrontation clause analysis,holding that a statement made by a witness to a shooting an hour or two after the incident was not an excited utterance as it was not made while the speaker was laboring under excitement and before he had to time to reflect,holding eyewitnesss statement made an hour after the crime properly admitted as excited utterance based on magnitude of crime and officers testimony that witness was excited and upset when making the statement,holding that a victims statement to her sister that she had been raped was an excited utterance when between the time of the assault and her making the statement the victim dressed herself and walked down the stairs,holding that an officers hearsay statement was not cumulative to the eyewitnesss testimony where the officers statement provided the only evidence of a possible motive for the shooting and where the officers statement was based on his own observations not the eyewitnesss observations
390,"objectively by a reasonable person. Cooper v. Albacore Holdings, Inc., 204 S.W.3d 238, 244-45 (Mo.App.E.D.2006). Here, the trial court found that the Employer’s alleged conduct was not sufficient as a matter of law to objectively establish severe or pervasive hostility based on a disability. Whether “a reasonable person would objectively consider [an employer’s] behavior towards [a claimant] severe enough to alter the conditions of her employment and create an abusive working environment” is a question of fact. Cooper, 204 S.W.3d at 245; see also Howard, 149 F.3d at 840; 37 William C established, whether a reasonable person would similarly find the conduct offensive will generally be a question of fact for the jury. Cf. Meyerkord v. Zipatoni Co., 276 S.W.3d 319, 326 (Mo.App.E.D.2008) (<HOLDING>); Y.G. v. Jewish Hasp, of St. Louis, 795 S.W.2d",329545,53277,1,case_hold_mc,holding that a person is seized when a reasonable person would have believed that he was not free to leave,holding that whether misrepresentations would be highly offensive to a reasonable person are questions for a jury,holding that questions of proximate cause are within the exclusive domain for the jury and may only be removed when reasonable minds cannot differ,holding in determining whether driver was insured under terms of policy exclusion of person using vehicle without a reasonable belief person was entitled to do so must be considered,holding that whether an encounter is consensual hinges on whether a reasonable person would have felt free to disregard the police and go about his business
391,"a grade 13. Pl.’s Ex. N, Kress Dep. 14:1-6. And Allen says that Fiegel, Brockhouse, and he at one time all worked as Team Leaders at a grade 13 level before they earned additional tasks, titles, and promotions. Pl.’s Ex. B, Investigation Report, Statement of Shelton Allen at 152. Plaintiff cannot show that similarly qualified employees who were not members of plaintiffs protected class were promoted when plaintiffs request was denied, and hence cannot establish a prima facie case of discrimination. The Court “may not ‘second-guess an employer’s personnel decision absent demonstrably discriminatory motive.’ ” Fischbach v. Dist. of Columbia Dep’t of Corrs., 86 F.3d 1180, 1183 (D.C.Cir.1996) (quoting Milton v. Weinberger, 696 F.2d 94, 100 (D.C.Cir.1982)); see also Taylor, 350 F.3d at 1295 (<HOLDING>); Bolden v. Ashcroft, 2007 WL 2727221, *4",330405,53411,2,case_hold_mc,holding monell claim fails as a matter of law unless a city employees conduct violates one of the plaintiffs federal rights,holding that claim construction is a matter of law for the court to determine,holding that because plaintiff falls far short of showing that the employer promoted other employees of similar qualifications bundy 641 f2d at 951 the district court properly held her claim fails as a matter of law,holding that the plaintiff must exhaust her administrative remedies and it does not matter that the plaintiff was using state law as the vehicle to press her assertion,holding that an employees private arbitration agreement with her employer precluded her from filing suit against the employer under the adea
392,"Court addressed Jefferson’s ineffective-assistance-of-counsel claim, máde in his motion for a new trial. Jefferson pleaded guilty to possession of a controlled substance. He filed a motion for a new trial, arguing that his counsel had been ineffective. His motion did not set forth any facts supporting his claim. The Court of Criminal Appeals held that because the motion for a new trial raised only a general claim of ineffective assistance of counsel, the claim was not properly presented to the trial court or preserved for appellate review. In his petition for a writ of certiorari to this Court, Jefferson contended that facts in the record supported his motion and, therefore, that he was not required to make a more specific assertion. See Hill v. State, 675 So.2d 484 (Ala.Crim.App.l995)(<HOLDING>). Jefferson argued that the record on its face",331261,53544,1,case_hold_mc,holding that the statement of specific grounds in a motion for a new trial waives all other grounds not specified,holding that when the grounds stated in the motion for a new trial are evident in the record a hearing is warranted even though the motion is not supported by affidavits or other extrinsic evidence,holding that in ruling on a motion for summary judgment the trial court is limited to the grounds raised in the motion,holding appellants issue was rendered moot because appellant was given the opportunity to make a record in support of his motion for new trial and appellate court considered that record in disposing of only issue raised in the motion for new trial,holding that ajffidavits in support of or in opposition to motions for summary judgment must be filed into evidence at the hearing on the motion or filed into the record in order for the affidavits to be part of the record on appeal emphasis added
393,"court may not impose multiple gun minimum sentences on convictions arising from the same criminal episode. To the extent that the state’s assignment of error implicitly raised that issue, I would hold that defendant is correct. See State v. Hardesty, 298 Or 616, 618-19, 695 P2d 569 (1985); see also State v. Wells, 82 Or App 283, 285-86, 728 P2d 533 (1986). I conclude, therefore, that the sentencing court did not err when it imposed a gun minimum sentence on only one count in this case. 2 The inclusion of the language “with a firearm” in the title of the offense for which defendant was sentenced in 1991 is and was sufficient under ORS 161.610(2) to allege use or threatened use of a firearm as an element in aggravation. But see State v. Pies, 104 Or App 646, 650-51, 802 P2d 702 (1990) (<HOLDING>). 3 The judgment in that case simply sentenced",332121,53682,2,case_hold_mc,holding it was not a surprise or unfair to the defendant for the state to pursue a theory of aiding and abetting at trial when the charging document did not refer to aiding and abetting,holding that to be guilty of aiding and abetting under  924c the defendant must have directly facilitated or encouraged use of the firearm mere presence at the scene of the crime and knowledge that the crime is being committed is not enough,holding that a defendant convicted of committing a felony with a firearm on an aiding and abetting theory might not personally have used or threatened to use the firearm and thus that the conviction might not count for purposes of imposing a gun minimum sentence under ors 161610,holding that no active facilitation of the principals use of the firearm is necessary for an aiding and abetting conviction under  924c,holding that to enhance a sentence because of the defendants use of a firearm the jury must find the defendant guilty of a crime involving a firearm or otherwise specifically find that a firearm was used
394,"the hallmarks of traditional legislation.” Bogan, 523 U.S. at 54-56, 118 S.Ct. 966. Such traditional legislation includes “policymaking decisions] implicating budgetary priories ... and the services the [government] provides to its constituents.” Id. Legislative immunity applies to acts within the “legislative sphere” even w sparse record, the Court cannot state as a matter of law that Defendants are entitled to legislative immunity. See Phillips v. Town of Brookhaven, 216 A.D.2d 374, 375, 628 N.Y.S.2d 723 (2d Dep’t 1995) (stating that “[i]t cannot be determined on the instant record that the individual defendants were acting exclusively in a legislative capacity, which is required for immunity to attach”); see also Moxley v. Town of Walkersville, 601 F.Supp.2d 648, 662 (D.Md.2009) (<HOLDING>). This ruling does not prevent Defendants from",332979,53835,2,case_hold_mc,holding that the burden is on the defendants to establish the existence of absolute legislative immunity,holding that legislative immunity does not depend on motivation for legislative action even if the motive was to impinge on plaintiffs free speech rights,holding that the doctrine of legislative immunity is not uniquely asserted on motions to dismiss,recognizing the authority of the district court to dismiss an action pursuant to  1915d based on the doctrine of qualified immunity,holding that the federal government does not waive its immunity where there is no private counterpart even when uniquely governmental functions are involved
395,"estate professionals, bankers, appraisers and prospective buyers often view property while it is under construction."" Appellant's Appendix at 18. We agree. It was reasonably foreseeable that other construction workers, prospective buyers, and other necessary professionals would be visiting the construction site. Further, it was reasonably foreseeable that a person would step on the Celotex. Guy's Concrete and Modern were performing work and had some control over the opening to the basement and the Celo-tex. Further, Dawn was rightfully on the premises. Consequently, Guy's Concrete and Modern owed a duty of care to Dawn, and the trial court did not err by denying the motions for summary judgment filed by Guy's Concrete and Modern on this issue. See, eg., Blake, 674 N.E.2d at 170-173 (<HOLDING>). II. Proximate Cause The next issue is whether",333836,53962,4,case_hold_mc,holding that there was a genuine issue of material fact precluding summary judgment,holding that a probable cause determination is appropriate for summary judgment where there are no genuine issues of material fact and no credibility issues,holding that when there are no genuine issues of material fact summary judgment is appropriate,holding that summary judgment was improper where genuine issues of material fact existed as to whether prison officials prevented inmate from filing grievances,holding that the trial court erred by granting summary judgment to the contractor where genuine issues of material fact existed regarding a duty to an injured construction worker
396,"the plaintiffs burden on the ultimate issue at trial.” -(citations and internal quotation marks omitted)); Wright v. Willamette Indus., Inc., 91 F.3d 1105, 1107 (8th Cir.1996) (“We do not require a mathematically precise table equating levels of exposure with levels of harm, but there must be evidence from which a reasonable person could conclude that a defendant’s emission has probably caused a particular plaintiff the kind of harm of which he or she complains.... ”); Henricksen v. ConocoPhillips Co., 605 F.Supp.2d 1142, 1157 (E.D.Wash.2009) (“[I]t is not always necessary for a plaintiff to quantify exposure levels precisely or use the dose-response relationship, provided that whatever methods an expert uses to establish causation are generally accepted d 248, 252-53 (1st Cir.1998) (<HOLDING>). Although Judge Workman expressed concern that",334694,54095,0,case_hold_mc,holding that differential diagnosis rendered expert opinion on causation sufficiently reliable for admission,holding that lower court abused its discretion in excluding plaintiffs expert where experts opinion was based on a differential diagnosis rather than epidemiologic evidence,holding that an expert opinion on a question of law is inadmissible,holding that a reliable differential diagnosis alone may provide a valid foundation for a causation opinion even when no epidemiological studies peerreviewed published studies animal studies or laboratory data are offered in support of the opinion,holding that testimony of defense expert on false confessions properly excluded as not sufficiently reliable
397,"subject-matter jurisdiction over tort claims that are intertwined with ecclesiastical investigations or proceedings involving the employment or discipline of clergy. Ex parte Bole, supra. In Ex parte Bole, the plaintiff was a pastor emeritus of a church and the defen dant was a lay member of the church. 103 So.3d at 42. After the lay member made statements to the church’s hierarchy (“the Conference”) concerning the pastor, the Conference initiated an investigation that ultimately led to the pastor being asked to refrain from further activities with the church. 103 So.3d at 48. The pastor sued the lay member, alleging defamation, invasion of privacy, and intentional infliction 2d 302, 533 N.W.2d 780, 790 (1995) (same). “Federal courts: Dausch v. Rykse, 52 F.3d 1425, 1427 (7th Cir.1994) (<HOLDING>); Ayon v. Gourley, 47 F.Supp.2d 1246, 1250",335553,54223,1,case_hold_mc,holding that claim of breach of fiduciary duty against pastor for sexual relationship with parishioner during the course of pastoral counseling was tantamount to impermissible clergy malpractice claim,holding that first amendment barred parishioners negligent hiring and supervision and breach of fiduciary duty claims against pastor and church for sexual contact that occurred between pastor and parishioner during the course of a counseling relationship,holding that negligent retention and supervision claims based upon a pastors sexual contact with parishioners was barred by the first amendment,holding that first amendment barred adults breach of fiduciary duty claim against pastor for actions that occurred when parishioner was a minor,holding that first amendment barred negligent supervision claim against a church regarding sexual relationship between adult parishioner and priest during the course of a marital counseling
398,"“that an implied warranty to repair or modify existing tangible goods or property in a good and workmanlike manner is available to consumers suing under the DTPA.” Id. at 358-54. Although Nelda’s petition alleged a claim for breach of a common law implied warranty and a claim for breach of the DTPA implied warranty, “consumers of services do not have the protection of a ... common law implied warranty scheme.” See id. at 353. Following Melody Home, a claim for such a breach is available under the DTPA. Accordingly, we conclude the DTPA’s two-year statute of limitations applies. See Tex. Bus. & Com.Code Ann. § 17.565 (Vernon 2002) (limitations); see also Koehler v. Sears, Roebuck & Co., No. 05-98-01325-CV, 2001 WL 611453, at *5 (Tex.App.-Dallas June 6, 2001, no pet.) (mem. op.) (<HOLDING>); Howard v. Fiesta Tex. Show Park, Inc., 980",336409,54357,1,case_hold_mc,holding statute of limitations for dtpa action including claim for breach of express or implied warranty under the dtpa is two years,holding that an implied warranty to perform services in a good and workmanlike manner is an action available under the dtpa and is subject to the twoyear limitations provided by the dtpa,holding plaintiff had to commence his breach of implied warranty action under the dtpa within two years because tjhis special statute of limitations denies plaintiffs alternative proposal of entitlement to recover for breach of the common law implied warranty,holding that texas law does not recognize an implied warranty that services incidental to helicopter maintenance will be performed in a good and workmanlike manner,holding that because the dtpa is the only way of pursuing an implied warranty claim for repairs to existing tangible goods such a claim must necessarily be brought within the twoyear dtpa limitations period
399,"to enter a home, a defendant's failure to object to such entry is not sufficient to establish free and voluntary consent. We will not infer both the request and the consent.”). 2 . The evidence supports the district court’s finding that isolated pieces of evidence not immediately visible in the warehouse area— most importantly, a “booster list’’ of stolen items on a desk in the officer area of the building — were in plain view while the agents were lawfully attempting to get Kheir’s written consent to search the building. 3 . Kheir declined to memorialize this consent in writing without first speaking to a lawyer. But declining to sign a consent form does not automatically withdraw previously given oral consent. See United States v. Stevens, 487 F.3d 232, 240-41 (5th Cir.2007) (<HOLDING>); United States v. Gomez-Diaz, 712 F.2d 949,",337259,54499,0,case_hold_mc,holding that a district court did not clearly err in finding consent where two agents testified that the defendant orally consented but the defendant denied having orally consented and would not sign a written consent form,holding that defendants consent was involuntary where defendant consented to search following a warrantless entry and officers explained that absent consent the officers would obtain a warrant,holding district courts finding of consent was not clearly erroneous when the defendant consented after officers told him they could get a drug dog even though the defendant knew the dog would alert,holding that a district court did not clearly err in crediting agents testimony that a defendant had orally consented despite his refusal to sign consent form,holding consent invalid where defendant threatened by officer that everyone in the house would go to jail if he did not sign consent form
400,"dismissed by the district court as alleging only one cognizable federal cause of action, that is, for arrest without probable cause. We also hold that the defendants sufficiently pleaded qualified immunity with respect to count one. 8 . The insufficiency of counts two and three, which were dismissed for reasons other than qualified immunity, is not before us under the collateral order doctrine which permits us to consider the immunity issue. See Schmelz v. Monroe County, 954 F.2d 1540, 1542-43 (11th Cir.1992). Nor does this case present us with an opportunity to exercise pendent appellate jurisdiction to pass on the propriety of the district court's disposition with respect to these counts. See Swint v. Chambers County Comm’n, —U.S. —, —, 115 S.Ct. 1203, 1211-12, 131 L.Ed.2d 60 (1995) (<HOLDING>). The district court's dismissal of these two",338109,54640,2,case_hold_mc,holding that pendent jurisdiction allows review of an unappealable order if it is inextricably intertwined with an appealable one ,recognizing the rulings in cook and weinberg and holding that the appellate court lacked jurisdiction to review an order that was not a preliminary ruling upon which the appealed order was predicated,holding that an appellate court may not exercise pendent appellate jurisdiction to review a nonfinal district court order where the merits of the nonfinal order are not inextricably intertwined with the properly appealed collateral order or where review of the former is not necessary to ensure meaningful review of the latter,holding that certiorari petition is appropriate to review nonfinal pretrial evidentiary order in criminal case,holding that an order requiring an employercarrier to provide an ime is a nonfinal order for purposes of invoking appellate jurisdiction
