question_id,question,evidence_char_pos,evidence_word_pos,correct_option_index,type,option_0,option_1,option_2,option_3,option_4
1,"cert. denied, 506 U.S. 1071, 113 S.Ct. 1027, 122 L.Ed.2d 172 (1993). Moreover, after Lopez, courts have recognized that this de minimis standard continues in effect. United States v. Leslie, 103 F.3d 1093, 1100 (2d Cir.), cert. denied, — U.S. -, 117 S.Ct. 1713, 137 L.Ed.2d 837 (1997); United States v. Grey, 56 F.3d 1219, 1224-25 (10th Cir.1995). This is because § 1956 regulates activities that, in the aggregate, have a substantial effect on interstate commerce. See Lopez, 514 U.S. at 557, 115 S.Ct. at 1629 (stating that “where a general regulatory statute bears a substantial relation to commerce, the de minimis character of individual instances arising under that statute is of no consequence”); cf. Perez v. United States, 402 U.S. 146, 154, 91 S.Ct. 1357, 1361, 28 L.Ed.2d 686 (1971) (<HOLDING>); United States v. Staples, 85 F.3d 461, 463",0,1,4,case_hold_mc,holding that congress may regulate purely local intrastate activities if they are part of an economic class of activities that have a substantial effect on interstate commerce,holding that commerce clause did not provide congress with authority to enact civil remedy provision of violence against women act inasmuch as provision was not regulation of activity that substantially affected interstate commerce,recognizing that  the interstate nexus requirement is satisfied by proof of a probable or potential impact on interstate commerce,holding that the government can satisfy the hobbs act interstate commerce requirement by showing that the robbery resulted in the closure of a business engaged in interstate commerce,holding that commerce clause authorizes congress to punish any particular criminal action even without proof of a relation to interstate commerce when the activity is part of a class of activities determined by congress to affect interstate commerce
2,"2d 266, ¶ 35 (discussing the reasoning in Brunst as being that ""unless these 'time immemorial' duties were constitutionally protected from interference by others, the constitutional provision securing the people the right to choose sheriffs would become meaningless""). It seems incongruous to us that the policy of keeping duties within the office of sheriff because he is elected and answerable to the electors is consistent with the holdings in WPPA II (and, more recently Brown County), where the court held that because the duty was characteristically the sheriffs, he can, as a result, contract with third parties for the carrying out of the duty. Yet, we are bound by WPPA II (and its interpretation of Brunst) and Brown County. See Cook v. Cook, 208 Wis. 2d 166, 190, 560 N.W.2d 246 (1997) (<HOLDING>). ¶ 29. For the reasons stated, we reverse the",856,142,4,case_hold_mc,holding that one panel cannot overrule a prior panels published decision,holding that court of appeals may adopt such waiver rule,holding court of appeals erred in refusing to take judicial notice of published puc order,holding that the court need not follow a decision of the district of columbia court of appeals where  it appears that the  court of appeals itself would not follow that decision,holding that the court of appeals may not overrule modify or withdraw language from a previously published decision of the court of appeals
3,"it fails because the procedures employed with respect to the photo array were not unduly suggestive. Tyni-cia Teague had seen Muller several times in the past and identified him as the truck’s driver from a six-photo array during an interview with police at a restaurant on May 13, 2012. As Defendants’ expert in the field of cognitive psychology, memory, and eyewitness identification testified at trial, the photo array contained ""five additional photographs that were similar in appearance to Mr. Muller. And that’s the proper procedure for conducting an identification.” App. 2272. These procedures were not unduly suggestive, and the District Court did not err in admitting Tynicia Teague’s identification of Muller. See, e.g., United States v. Burnett, 773 F.3d 122, 133-34 (3d Cir. 2014) (<HOLDING>). 9 . Muller also argues that he should be",1717,285,1,case_hold_mc,holding that the photo lineup was not unduly suggestive where the defendants photo was the only one that included his name,holding that a photo array in which all of the men in the array were of similar age there was no striking difference in the amount of head hair each had and the skin color of the members of the array was not strikingly different was not impermissibly suggestive,holding in a very similar underagesex case that a school photo of the victim taken three months after the alleged crime plainly was relevant to the defendants mistakenage defense and did not prejudice the defendant because he was free to challenge the weight of the photo evidence by arguing that it did not show the victim as she had appeared on the night in question,holding that the admission of a family photo was harmless error in light of the overwhelming evidence in support of the conviction,holding that section 33021b was overbroad because it prohibited a wide array of constitutionally protected speech and was not drawn narrowly enough to achieve only the legitimate objective of protecting children from sexual abuse
4,"mechanism by which a juvenile who has been adjudicated delinquent may file a “postadjudication” petition challenging counsel’s effectiveness. Rule 1(a), Ala. R. Juv. P., explains, in relevant part: “If no procedure is specifically provided in these Rules [of Juvenile Procedure] or by statute, ... the Alabama Rules of Criminal Procedure shall be applicable to those matters that are considered criminal in nature.” (Emphasis added,) Because no procedural mechanism for “postadjudication” petitions are specifically provided for in either the Alabama Rules of Juvenile Procedure or a statute, W.B.S. attempts to seek relief through the use of Rule 32, Ala. R.Crim. P. Because juvenile-delinquency proceedings are “quasi-criminal in nature,” see Driskill v. State, 376 So.2d 678, 679 (Ala. 1979) (<HOLDING>), and because Rule 1(a), Ala. R. Juv. P.,",2572,420,4,case_hold_mc,holding that probation revocation proceedings are clearly not criminal proceedings,holding that private attorney who acted as courtappointed counsel for child in state juvenile delinquency proceedings was not acting under color of state law,recognizing a right of access to civil proceedings,holding that the exclusionary rule does not apply to civil deportation proceedings and noting the rules incompatibility with the streamlined administrative nature of such proceedings,recognizing the quasicriminal nature of delinquency proceedings
5,"to its policy holders. For example, the company’s purpose can be readily revealed to the policyholder by the addition of a single line or sentence to the declarations page or by defining the term “driver name.” Thus, this court concludes that the arguments of the defendant are unavailing and that although our holding in this case comports with that of the minority of jurisdictions, we are of the opinion that it represents the better public policy. “And we are also convinced that reasonable expectations of coverage raised by the declaration page cannot be contradicted by the policy’s boilerplate unless the declaration page itself clearly so warns the insured.” Id. at 347, 638 A.2d at 892; see also Elliott Leases Cars, Inc. v. Quigley, 118 R.I. 321, 327, 373 A.2d 810, 812 (1977) (<HOLDING>). In conclusion, therefore, we affirm the",3426,547,1,case_hold_mc,holding that duration of limitation is a factor in determining whether limitation is significant,holding that an ordinary reader in the face of such detail would be warranted in concluding that any significant limitation on collision insurance would have been explicitly noted,holding that the patentees argument that any shape would be equivalent to the conical limitation would write such a limitation out of the claim,holding that it is most improbable that a significant change to bankruptcy procedure would have been made without even any mention in the legislative history,holding that even in separate trial other crimes evidence would not have been admissible and identification testimony would have been admissible
6,"care ... to reasonably assure itself that its immediate vendee and distributor was so informed as to be able and likely to transmit ... knowledge of [the product’s] dangers.”); In re Brooklyn Navy Yard Asbestos Litigation, 971 F.2d 831, 838 (2d Cir.1992) (stating that “[t]he sophisticated intermediary doctrine protects a manufacturer from liability only if the chain of distribution is such that the duty to warn ultimate users should fall on an intermediary in that chain, rather than on the manufacturer”); Smith v. Walter C. Best, Inc., 927 F.2d 736, 741 (3rd Cir. 1990) (weighing totality of factors is required to determine reasonableness of reliance on a third party as a conduit of necessary product information); Stuckey v. Northern Propane Gas Co., 874 F.2d 1563, 1568 (11th Cir.1989) (<HOLDING>); Hunnings v. Texaco, Inc., 29 F.3d 1480 (11th",4273,687,4,case_hold_mc,holding that arizona rule of civil procedure 52a requires the court to find only the ultimate facts not the evidentiary facts upon which the ultimate facts are based,holding that the defendant pharmacist had undertaken a duty to accurately warn of a drugs side effects with respect to the warning actually given but not a duty to warn of all possible side effects of the medication,holding that there is no necessity to warn a consumer already aware through common knowledge or learning of a specific hazard,holding that the staffing agency which forwarded a background check conducted by another entity to the ultimate employer was liable under  1681bb3 because its decision to furnish the report to the ultimate employer was an adverse action,holding that a suppliers duty to warn an ultimate consumer can be discharged by a warning given to an intermediary but focus is on whether the intermediarys knowledge was sufficient to protect the ultimate consumer
7,"Rehabilitation Act, the Second and Eighth Circuits have come to different conclusions. In Faconti v. Potter, the Second Circuit favorably notes the district court’s determination that claims under the CSRS and the Rehabilitation Act cannot functionally co-exist because of their inherent inconsistency. Faconti v. Potter, 242 Fed.Appx. 775, 776 (2d Cir.2007) (precluding a Rehabilitation Act claim after obtaining CSRS benefits because “the requirements for obtaining a [CSRS] disability retirement annuity are wholly inconsistent with the requirements for proving a claim of disability discrimination under the Rehabilitation Act” (quoting Faconti v. Potter, No. 01-cv-1034, slip op. at 17 (E.D.N.Y. July 25, 2002))); see also Wallace v. Soc. Sec. Admin., 108 F.Supp.2d 716, 719 (S.D.Tex.2000) (<HOLDING>). But, in Arneson v. Heckler, the Eight Circuit",5133,825,4,case_hold_mc,holding that an employees claim for breach of a letter agreement was preempted by erisa where the agreement did not specify the amount or other terms of the employees retirement benefits and the court would have to refer to the employers erisagoverned retirement plan to determine the employees retirement benefits and calculate the damages claimed,holding that employee who frequently missed work was not a qualified individual able to perform the essential functions of her job either with or without a reasonable accommodation as required to support disability discrimination and reasonable accommodation claims under the rehabilitation act,holding that although disability benefits cannot be included as part of the marital estate a court may consider the waiver of retirement pension benefits in favor of disability benefits in determining whether there has been a material change in circumstances which would justify modification of an alimony award to a former spouse who was previously awarded a fixed percentage of the retirement pension benefits,holding disability discrimination claim barred,recognizing that a claim of disability retirement under the csrs precludes a rehabilitation act claim because plaintiffs applying for disability retirement under the csrs must be unable to work even with an accommodation
8,"at 321. We explained that “the pertinent inquiry is not whether the actual harm was of a particular kind which was expectable” but, “[r]ather, the question is whether the actual harm fell within a general field of danger which should have been anticipated.” Id. ¶54 Other lower courts have correctly observed that while prior similar acts are among the best evidence available to demonstrate that a business owner is on notice of a risk of harm to invitees, they are not the only relevant evidence. See, e.g., Passovoy, 52 Wn. App. at 172-73 (recognizing a business may be on notice that a shoplifter confronted by store detectives could cause harm to invitees, though no such harm had occurred on the premises in the past); Griffin v. W. RS, Inc., 97 Wn. App. 557, 567-70, 984 P.2d 1070 (1999) (<HOLDING>), rev’d on other grounds, 143 Wn.2d 81, 18 P.3d",5993,948,3,case_hold_mc,holding evidence insufficient to support conviction for possession when none of the defendants had any proprietary interest nor previous association with the premises and there was no evidence of how long the defendants had been on the premises prior to the arrival of the police,holding that a plaintiff had no injury in fact and consequently no standing when it had no enforceable contract right against the defendant,holding that the trial court committed no error in sustaining objection to plaintiffs testimony that the water had been there for some time because the plaintiff had no personal knowledge of how long the puddle had been there,holding business may be on notice of harm posed by intruder against invitee even when no intruder had been identified and there had been no prior acts on the premises,holding evidence insufficient to support conviction when none of the defendants had any proprietary interest nor previous association with the premises and there was no evidence of how long the defendants had been on the premises prior to the arrival of the police
9,"than December 18, 2000. Because notice was received by December 18, 2000, any jury damages for breach of contract after the expiration of the thirty-day notice period on January 17, 2001 are not supported by legally sufficient evidence. The portion of the jury damages award relating to the period from January 18 until January 31, 2001 should, therefore, be vacated. Finally, Rollins claims that the jury damage awards are unsupported by legally sufficient evidence. State substantive law governs the measure of damages in this breach of contract diversity case. Kona Tech. Corp. v. Southern Pac. Transp. Co., 225 F.3d 595, 601-02 (5th Cir.2000) (citing Erie R.R. v. Tompkins, 304 U.S. 64, 78-79, 58 S.Ct. 817, 82 L.Ed. 1188 (1938)). Neither party di 7, 329 (Tex.Civ.App.Austin 1972, no writ) (<HOLDING>). The burden is on the plaintiff to provide",6853,1097,3,case_hold_mc,holding that a contract must entitle the plaintiff to money damages in the event of the governments breach of that contract,holding that a construction contractor is entitled to recover profits upon breach of a partially performed contract but not the same amount as if the contract were completed because that amount must be reduced by the cost of completion,recognizing that the elements of a claim for breach of contract are 1 existence of a valid contract and 2 breach of the terms of that contract,holding that one method of computing damages for a breach of contract is the contract price less the reasonable cost of completion,holding that the measure of damages for the breach of a contract of sale where no fraud is shown is the difference between the contract price and the market price of the goods on the date of the breach
10,"vehicle for accomplishing this goal a sedimentation control statute. Rather, the clear intent and purpose of N.C. Gen. Stat. § 113A-57(1) is to control sedimentation pollution in the waters of this State, and particularly in trout streams. Further, the issue of whether N.C. Gen. Stat. § 113A-57(1) prevented activities “on, over, or under” a trout stream was abandoned by petitioners before the trial court. This ruling by the trial court was not assigned as error to this Court, and is thus not before this Court. N.C.R. App. P. 10(a) (“[T]he scope of review on appeal is confined to a consideration of those assignments of error set out in the record on appeal . . . .”); Atlantic Coast Mech., Inc. v. Arcadis, Geraghty & Miller ofN.C., Inc., 175 N.C. App. 339, 346, 623 S.E.2d 334, 340 (2006) (<HOLDING>). The second assumption made by the majority is",7708,1235,3,case_hold_mc,holding that because the appellant did not present a question before a hearing examiner or district council the question was not properly before this court,holding that the putative noteholder lacked standing to foreclose because mers lacked authority to assign the note though it arguably had authority to assign the mortgage,holding that an issue was not properly before the court on appeal because the trial court did not have the opportunity to make any findings of fact regarding it,holding that because plaintiff failed to assign error to the dismissal of one its claims that issue was not properly before this court,holding issue not properly before the appellate court where appellant fails to demonstrate where in the record an issue was raised in the district court
11,"it necessary to inquire into the reasonableness of two delays: first, the delay between the seizure and the mailing of the notice informing claimants of their right to request a hearing and of the NOAA’s intent to initiate civil forfeiture proceedings; and second, the overall delay between seizure and the actual filing of forfeiture actions by the U.S. Attorney. Whether the time lapse between seizure and filing of forfeiture actions rises to the level of due process violation must be determined by weighing four factors: length of delay, the reason for the delay, the defendant’s assertion of right to a judicial hearing, and prejudice to the defendant. United States v. Eight Thousand Eight Hundred and Fifty Dollars ($8,850), 461 U.S. 555, 565, 103 S.Ct. 2005, 2012, 76 L.Ed.2d 143 (1986) (<HOLDING>). In the present case, Plaintiffs have not made",8570,1382,2,case_hold_mc,holding that revival by statute of an action which was already timebarred did not violate due process,holding that evidence obtained from valid search warrant did not violate constitutional due process provisions,holding that 18month delay in filing forfeiture action did not violate due process,holding that doctrine does not violate due process,holding that a filing deadline under federal land policy and management act carrying a penalty of an automatic forfeiture of a mining claim did not violate due process
12,"Brief for Petitioner in No ord’s altered circumstances are immaterial to our resolution of this dispute, and we do not decide any questions that would arise if he were the only defendant. 10 Our analysis of the proper disposition of this case follows from our conclusion that government officials who secure a favorable judgment on immunity grounds may obtain our review of an adverse constitutional holding. See supra, at 708. As just noted, Munsingwear justified vacatur to protect a litigant who had the right to appeal but lost that opportunity due to happenstance. 340 U. S., at 39, 41. We have therefore left lower court decisions intact when mootness did not deprive the appealing party of any review to which he was entitled. See, e. g., U. S. Bancorp Mortgage Co., 513 U. S., at 25 (<HOLDING>); Karcher v. May, 484 U. S. 72, 83 (1987)",9431,1522,0,case_hold_mc,holding that the appealing party had sur rendered his claim to the equitable remedy of vacatur by settling the case and thus voluntarily forfeiting his legal remedy by the ordinary processes of appeal,holding that the appellant had an adequate remedy by appeal for his discovery violation allegations,holding that the remedy in a prison conditions case must remedy actual injuries that have been identified by the court and suffered by the plaintiffs,recognizing constructive trust as appropriate equitable remedy,holding that the illegality or unconstitutionality of a state or municipal tax or imposition is not of itself a ground for equitable relief in the courts of the united states in such a case the aggrieved party is left to his remedy at law when that remedy is as complete practicable and efficient as the remedy in equity
13,"the Bond offering because they underwrote the transaction and sold the Bonds to investors, either directly or through their brokers. Indeed, given the role of underwriters generally, Baird, Jones, and Stern “had a duty to make an to speak, they knew investors might rely on the statements made. The law firms’ duty, however, must also be considered in light of the services they were retained to perform. Because Kutak and Stinson were not hired to opine on the feasibility of the Event Center, they cannot have been held to a duty to investigate or determine whether the financial projections were realistic unless these firms otherwise became involved in the making, preparing, or drafting of those projections. See N.Y. City Emps.’ Ret. Sys. v. Berry, 616 F.Supp.2d 987, 994 (N.D.Cal.2009) (<HOLDING>). Similarly, to the extent the law firms",10281,1669,1,case_hold_mc,holding that nothing in booker or elsewhere requires the district court to state on the record that it has explicitly considered each of the  3553a factors or to discuss each of the  3553a factors,holding that substantial participation requires particular facts relating to each djefendants specific role in the preparation of each of the allegedly misleading statements,recognizing that questions of changed conditions and the amount of child support must be resolved on the particular facts of each case,holding that district court must conduct individualized assessment based on particular facts of each case,holding that the issue of waiver requires an analysis of the specific facts in each case
14,"requires that the convict must have been sentenced to separate terms of at least one year for each of his two prior felonies. Id. However, Section 99-19-83 provides that any person convicted of a felony that has two previous felony convictions, one of those being a conviction of a violent crime, that person will be sentenced to life imprisonment without the possibility of parole or probation. Miss. Code Ann. § 99-19-83 (Rev.2000) (emphasis added). ¶ 12. This issue has been examined before. The Mississippi Supreme Court determined that “[i]t [is] not necessary for the State to specify in the indictment which section of the habitual criminal statute they were proceeding under.” Ellis v. State, 469 So.2d 1256, 1258 (Miss.1985) (citing Osborne v. State, 404 So.2d 545, 548 (Miss.1981)) (<HOLDING>). ¶ 13. Assuming, for the sake of the argument,",11132,1807,2,case_hold_mc,recognizing that the two statutes are nearly identical,holding that in the conviction and sentencing for criminal offenses committed in the course of one criminal episode it is the intent of the legislature that there be a separate conviction and sentence for each criminal offense unless one of the offenses is a degree of the other a necessarily included lesser offense subsumed in the other or both offenses are identical,holding these two statutes are not criminal offenses and only affect sentencing,holding that claims under  1983 1985 and 1986 are barred for the further reason that these statutes create rights solely against persons and a state is not considered a person under these statutes,holding that when two underlying offenses are charged in an indictment for capital murder the state need only prove one of the two offenses to support the conviction
15,"in lost revenue 150, 154 (D.D.C.2007) (finding defendant’s claim that “the total cost ‘is certain’ to exceed $75,000” insufficient to establish jurisdiction). Here, Monster merely asserts that complying with the injunction would cause it to “suffer a decrease in revenue in an amount greater than $75,000.” See Def.’s Opp’n at 14. It argues that “[t]his conclusion follows logically from the fact that [defendant] sold more than $2,000,000 of Monster Energy products in the District of Columbia” in the three years before the complaint was filed. See id. As an initial matter, and as Zuckman points out, courts have held that it is improper to consider a decrease in future revenue as a cost of complying with an injunction. See, e.g., Snow v. Ford Motor Co., 561 F.2d 787, 790 (9th Cir.1977) (<HOLDING>). As a result, Monster’s contention that",11989,1946,4,case_hold_mc,holding that in the event it is not faeiaby apparent from the underlying complaint that the jurisdictional amount has been satisfied the court may rely on summary judgmenttype evidence to ascertain the amount in controversy,holding that a court may deny a request for injunctive relief in a summary judgment proceeding if it is clear the plaintiff cannot meet the requirements for an injunction,holding that the amount of sanctions is appropriate only when it is the minimum that will serve to adequately deter the undesirable behavior,holding minimum amount in controversy required for district court jurisdiction is 20001,holding that injunctive relief does not meet the amount in controversy when the only reason the injunction is worth more than the jurisdictional minimum is that it would affect defendants future sales
16,"S.W.3d at 595; Salazar v. State, 38 S.W.3d 141, 154 (Tex.Crim.App.2001). However, it is not dispositive that the statement is an answer to a question or that it was separated by a period of time from the startling event; these are simply factors to consider in determining whether the statement is admissible under the excited utterance hearsay exception. Zuliani, 97 S.W.3d at 596. The critical determination is “whether the declarant was still dominated by the emotions, excitement, fear, or pain of the event” at the time of the statement. Zuliani, 97 S.W.3d at 596. Stated differently, a reviewing court must determine whether the statement was made “under such circumstances as would reasonably show that it resulted from impulse rather than reason a -Houston [14th Dist.] 2003, pet. ref'd) (<HOLDING>); see also Reyes v. State, 48 S.W.3d 917, 920",12840,2085,3,case_hold_mc,holding that statements made while the declarant was in pain crying bleeding and having trouble breathing were properly admissible as excited utterances,holding that the statements of a scared to death declarant whispering help me to police officers twenty hours after being assaulted were excited utterances,holding statements qualified as excited utterances where declarant was scared and tired and her statements were in response to questions twenty hours after the event,holding that the statements of a recently assaulted very upset and crying assault victim were excited utterances,holding that the determination of whether statements are excited utterances is within the trial courts discretion and its ruling will be reversed only for an abuse of that discretion
17,"fact that the oil traversed part of Transocean’s vessel before entering the Gulf of Mexico. We recognize that the aforementioned incidents involved blameless third parties, whereas here the owner or operator of the Deepwater Horizon might have contributed to the discharge. By all accounts, if the vessel’s blowout preventer had functioned properly, the oil would not have entered navigable waters in violation of the Clean Water Act. The defendants therefore reason that liability is properly imposed upon the owner or operator of the Deepwater Horizon. Yet it is well estab lished that this section of the Clean Water Act leaves no room for civil-penalty defendants to shift liability via allegations of third-party fault. See United States v. Tex-Tow, Inc., 589 F.2d 1310, 1314 (7th Cir.1978) (<HOLDING>). Early in the implementation of the Act’s",13699,2224,4,case_hold_mc,holding defendant assumed risk that third party would consent to search of storage locker where defendant instructed third party to rent locker under third partys name and allowed third party to keep possession of lease papers and to occasionally retain the keys,holding exculpatory statements by a third party should have been admitted in the punishment phase notwithstanding the hearsay rule,holding principal liable to third party for tort of agent despite lack of privity between principal and third party,holding that a third party has authority to consent to a search if the third party is a coinhabitant,holding defendant liable for penalty notwithstanding fault of a third party
18,"conviction constitutes a violent felony. See United States v. Coleman, 158 F.3d 199, 202 (4th Cir.1998) (en banc). The instructions underlying Wardrick’s 1983 assault conviction support the proposition that the district court did not err in characterizing that conviction as a violent felony. In Maryland, a common-law assault “presents the unusual situation in which an offense may be committed in one of two ways — one of which requires the use, attempted use, or threatened use of physical force and one of which does not.” Coleman, 158 F.3d at 202. Because of this ambiguity, we have been “unable to conclude that a Maryland conviction for common-law assault is per se a violent felony within the meaning of § 924(e)(2)(B)(i).” Id. However, the jury instructions in Wardrick’ th Cir.1993) (<HOLDING>). Likewise, the district court accurately",14555,2358,3,case_hold_mc,holding that necessity defense to escape did not require defendant to turn herself in and that escape is not a continuing offense,holding felony escape in north carolina to be crime of violence under acca because escape presents risk of injury to others,holding that an escape from custody under minnesota law is a crime of violence,holding attempt to rescue prisoner and assisting in escape to be crimes of violence because of inherent risk of force,holding that in light of our recognition that escape presents a continuing threat of violence until the escapee is safely returned to custody we hold that for purposes of  2k21b5 every escape is sufficiently continuing such that possession of a gun subsequent to the initial departure from custody can qualify as being in connection with the escape
19,"Leak should not have been admitted, because, they say, 1) its prejudicial effect outweighed its probative value and 2) it was inadmissible under the general exclusionary rule. However, Tinsley and Tuscaloosa County did not object before the trial court based on these grounds. Because Tinsley and Tuscaloosa County failed to state these grounds for their objection, the alleged error was not preserved for appeal. Rule 103, Ala. R. Evid. The trial record shows that Tinsley and Tuscaloosa County based their objection to the testimony on a relevancy argument. They do not argue on appeal that the trial court erred in ruling that the evidence was relevant. Therefore, they have not presented any basis for appellate review on this issue. See Landreth v. State, 600 So.2d 440 (Ala.Crim.App.1992) (<HOLDING>). The judgment of the trial court is affirmed.",15407,2493,3,case_hold_mc,holding that summary judgment must be affirmed where multiple grounds are asserted and the appellant does not attack all grounds on appeal,holding that issues raised for the first time on appeal will not be considered,holding that the statement of specific grounds in a motion for a new trial waives all other grounds not specified,holding that where specific grounds for an objection are stated at trial all other grounds are waived and will not be considered for the first time on appeal,holding that a claim not raised before the trial court will not be considered for the first time on appeal
20,"presumption as he would before the Office of Unemployment Compensation. Raphael v. Okyiri, 740 A.2d 935, 945-46 (D.C.1999); see Jadallah v. District of Columbia Dept. of Emp’t Servs., 476 A.2d 671, 675 (D.C.1984) (“Not every act for which an employee may be dismissed from work will provide a basis for disqualification from unemployment compensation benefits because of misconduct.”). Moreover, in terms of incentives, while an employer faces merely a potential increase in its contribution to the unemployment compensation fund before the Office of Unemployment Compensation, see Morris, supra, 975 A.2d at 182 n. 5, an employer faces a potential reinstatement and back pay order before the OEA should the employee prevail. District of Columbia v. Thompson, 593 A.2d 621, 635 & n. 25 (D.C.1991) (<HOLDING>). These differences weigh heavily against",16266,2630,3,case_hold_mc,recognizing that the court has construed broadly the grant of jurisdiction in section 201,recognizing a distinction between the power of a federal court to hear statelaw claims and the discretionary exercise of that power,recognizing that the court has the power to grant leave upon certain conditions,recognizing the oeas power to grant relief very broadly including the power to order reinstatement and back pay,holding that unless that power is restricted by the principal an agent under a california statutory healthcare power of attorney has the power to execute applicable admission forms including arbitration agreements
21,"of the Supreme Court of Pennsylvania and part of the “unified judicial system,” is an arm of the state. See Callahan v. City of Philadelphia, 207 F.3d 668, 672 (3d Cir.2000) (“All courts and agencies of the unified judicial system ... are part of ‘Commonwealth government’ and thus are state rather than local agencies.”). As a state agency, the Board has Eleventh Amendment immunity. See id. Therefore, as an arm of the state, Lucas may not sue the Board unless one of the three exceptions to Eleventh Amendment immunity apply. See MCI Telcomm. Corp., 271 F.3d at 503 (listing immunity exceptions). On appeal, Lucas argues that the Ex Parte Young exception precludes the bar of the Eleventh Amendment to the present action against the Board. Howe 44, 116 S.Ct. 1114, 134 L.Ed.2d 252 (1996) (<HOLDING>). Neither of these exceptions are applicable in",17122,2761,4,case_hold_mc,holding that the medicaid act does not provide the type of detailed remedial scheme that would supplant an ex parte young action,holding that the cwa does not include a remedial scheme sufficient to preclude an ex parte young action,holding that a remedial scheme created by congress even if incapable of addressing all of plaintiffs injuries precluded a bivens action,holding that existence of a detailed remedial scheme shows congressional intent to prohibit recourse to the ex parte young fiction,holding that young will not apply where congress has created a detailed remedial scheme for the enforcement of a federal statutory right against a state
22,"action in response to improper comments usually is sufficient to cure any problems arising from such improper comments....”) (citations omitted). Considering Alcantara’s significant credibility problems, the evidence presented at trial of his illegal presences in the United States, and. the curative instruction given by the trial judge, Alcantara failed to demonstrate that “in the context of the entire trial, it is more probable than not that [the prosecutor’s comment] materially affected the verdict....” Dorsey, 677 F.3d at 954 (citation and internal quotation marks omitted). Stated another way, any error in vouching for the witnesses was harmless. See id. at 955. Finally, there was no abuse of discretion in denying the requested curative instruction. See Skinner, 667 F.2d at 1310 (<HOLDING>). Our decision in United States v.",17978,2904,3,case_hold_mc,holding that the district courts use of limiting instructions and other measures defused any risk of prejudice,holding that the district courts curative instructions cured the governments truly improper and unfortunate comments,holding that the trial judges misconduct at trial did not prejudice the defendant in light of the courts curative instructions,recognizing that use of curative or limiting instructions is within the district courts discretion,holding that this court is required to assume that the jury followed the limiting instructions given by the district court
23,"to find that the arbitrator did not willfully flout known, governing law in reading School of Rock I to hold that California law does not apply to the restrictive covenant. Local 863, 773 F.2d at 533. Here, the arbitrator plainly did not willfully flout known, governing law, because, as the District Court observed, section 16600 is not part of the CFIL. Alternatively, Smith argues that the restrictive covenant is invalid under Pennsylvania law. The District Court concluded that the non-compete provision is valid under Pennsylvania law. School of Rock II, 2009 WL 426175, at *3 (citing Piercing Pagoda, Inc. v. Hoffner, 465 Pa. 500, 351 A.2d 207 (1976)). Piercing Pagoda upheld a restrictive covenant in the context of a franchisee/franchisor relationship. Piercing Pagoda, 351 A.2d at 211 (<HOLDING>). As previously noted, the District Court need",18823,3031,1,case_hold_mc,holding that a restrictive covenant with a tenyear term was unenforceable,holding that a restrictive covenant will be upheld where a franchisor has a protectable interest in the sale of his franchise,holding that franchisor has an interest in the goodwill its franchise has created,holding that restrictive covenants in franchise agreements are enforceable to protect the basic product which the franchisor has to sell namely the franchise itself  ,holding that franchisor not only has valid interest in protecting good will it has developed but it also has an interest in being able to place a new franchisee at or near the same location where its goodwill has been created
24,"whose last names begin with the letter ""S” than to make the decision fully retroactive. The majority obviously would not countenance the latter course, but its failure to identify any truly relevant distinction between cases on direct appeal and cases raising collateral challenges makes the rule it announces equally indefensible. Shea v. Louisiana, supra, 470 U.S. [51] at 64 n. 1, 105 S.Ct. [1065] at 1072, n. 1 [84 L.Ed.2d 38] (White, J., dissenting). Griffith, supra, 107 S.Ct. at 719 n. 2 (White, J., dissenting) (emphasis added). The logic of Justice White is applicable here, for the majority ""fail[s] to identify any truly relevant distinction between [this case] and cases raising collateral challenges...."" Id.; cf. Allen v. Hardy, 478 U.S. 255, 106 S.Ct. 2878, 92 L.Ed.2d 199 (1986)",19682,3167,4,case_hold_mc,holding that alleyne does not apply to cases on collateral review,holding booker is not retroactively applicable to cases on collateral review,holding that batson v kentucky 476 us 79 106 sct 1712 90 led2d 69 1986 does not apply retroactively to cases on collateral review,holding that batson does apply retroactively to cases pending on direct review,holding that batson v kentucky does not apply retroactively to cases on collateral review
25,"Fam.Code Ann. § 107.013. 58 . See Strickland v. Washington, 466 U.S. 668, 685-86, 104 S.Ct. 2052, 2063-64, 80 L.Ed.2d 674 (1984); 519 U.S. at 128, 117 S.Ct. at 570. This statutory right may not be taken away without due process of law. Cf. Steny v. State, 959 S.W.2d 249, 257 (Tex. App.-Dallas 1997, no pet.) (recognizing that a criminal defendant has no constitutional right to have jury assess punishment, but does, however, have a statutory right to have the jury assess punishment and that this valuable statutory right may not be taken away without due process of law). 59 . See Santosky, 455 U.S. at 764, 102 S.Ct. at 1400. 60 . Compare Rylander v. State, 75 S.W.3d 119, 125 (Tex.App.-San Antonio 2002, pet. granted) with Peeler v. Hughes & Luce, 909 S.W.2d 494, 4 an Antonio 1990, no writ) (<HOLDING>); Turner v. Lutz, 654 S.W.2d 57, 59-60",20483,3296,0,case_hold_mc,holding that trial courts failure to appoint parent an attorney ad litem in termination proceeding was reversible error,holding that a statute that provided that the court may appoint a guardian ad litem left the court with discretion to make an appointment,holding the trial court had jurisdiction where summons was served on the attorney advocate for the juveniles guardian ad litem,holding denial of a petition to vacate a termination order was reversible error,holding that guardian ad litem and psychologist fees incurred in child custody proceedings and ordered to be paid directly to the guardian ad litem and psychologist were nondischargeable under  523a5
26,"2-401); McCarthy v. Imported Cars of Md., Inc. (In re Johnson), 230 B.R. 466, 468 (Bankr.D.D.C.1999) (“The passage of title cannot ... be delayed until after shipment or delivery of the goods to the buyer. After shipment or delivery, any retention of title by the seller results only in the reservation of a security interest.”); Associated Indus. v. Keystone Gen., Inc., 135 B.R. 275, 279 (Bankr.S.D.Ohio 1991) (“While the Uniform Commercial Code does permit the parties some power by allowing the parties to agree as to when title will transfer, the Code and the case-law place a limitation on this power. In short, if the seller attempts to retain title after delivery or until paid in full, all the seller gets is a security interest.”); In re Phillips, 77 B.R. 648, 650 (Bankr.E.D.Tenn.1987) (<HOLDING>); Seitz v. Stecklein, 111 Idaho 364, 723 P.2d",21336,3446,1,case_hold_mc,holding that the retention of title pursuant to a repurchase agreement limits the seller to the reservation of a security interest under ucc  2401,holding that after delivery under a sale agreement even if the parties intended that title would not pass until the other documents were completed and signed   retention of title would only have given the creditor a security interest,holding that delivery of possession of vehicle without delivery of certificate of title did not transfer ownership even though full payment had been received,holding that even if an agreement that title would pass once financing was obtained the most a creditor could claim was a security interest once the good was delivered,holding that the junior mortgagee had no right title or interest in the real estate after the sale was confirmed in the purchaser who became title owner
27,"466, 119 S.Ct. 2013, 144 L.Ed.2d 442 (1999) (citing California v. Carney, 471 U.S. 386, 390-91, 105 S.Ct. 2066, 85 L.Ed.2d 406 (1985)). 3 . United States v. Vazquez, 555 F.3d 923, 930 (10th Cir.2009). 4 . United States v. Bradford, 423 F.3d 1149, 1160 (10th Cir.2005). 5 . See Ornelas v. United States, 517 U.S. 690, 696, 116 S.Ct. 1657, 134 L.Ed.2d 911 (1996). 6 . United States v. Mathis, 357 F.3d 1200, 1203-04 (10th Cir.2004) (citing Illinois v. Gates, 462 U.S. 213, 230, 103 S.Ct. 2317, 76 L.Ed.2d 527 (1983)). 7 . Ornelas, 517 U.S. at 696, 116 S.Ct. 1657. 8 . See United States v. Jarvi, 537 F.3d 1256, 1259 (10th Cir.2008) (citing Wong Sun v. United States, 371 U.S. 471, 487-88, 83 S.Ct. 407, 9 L.Ed.2d 441 (1963)). 9 . See United States v. Gentry, 406 Fed.Appx. 274, 279 (10th Cir.2010) (<HOLDING>). 10 . See United States v. Herrera, 782 F.3d",22196,3589,0,case_hold_mc,holding a defendant is not entitled to a franks hearing without making a substantial preliminary showing that defect in the affidavit is material,holding that speculation as to whether and when the police had actually field tested a bag reported to contain heroin falls far short of the substantial preliminary showing of intentional or reckless omission required by the franks test,holding that notice of a defect could not be imputed to a defendant inasmuch as it created the defect,holding that the defendant would have been entitled to a franks hearing had he shown that officers withheld negative information casting into doubt the dogs reliability,holding that a violation of the forum defendant rule is a jurisdictional defect
28,"its own reasons, we review both decisions.” Kataria v. INS, 232 F.3d 1107, 1112 (9th Cir.2000). Petitioners’ primary contention is that the IJ deprived them of due process by prejudging the case and preventing them from fully developing the record. Petitioners, however, did not raise a due process argument before the BIA. Because the due process claims made here are in the nature of procedural errors that the BIA could have remedied, they are subject to the exhaustion requirement. Because these claims were not exhausted before the BIA, we lack jurisdiction to review them. Barron v. Ashcroft, 358 F.3d 674, 677-78 (9th Cir.2004). On this record, we conclude that substantial evidence supports the IJ’s adverse credibility finding, see Lopez-Reyes v. INS, 79 F.3d 908, 911 (9th Cir.1996) (<HOLDING>), and that petitioners did not suffer past",23055,3745,0,case_hold_mc,holding that substantial evidence supports an adverse credibility finding if it is supported by specific cogent reasons,holding that we review adverse credibility determinations for substantial evidence,holding an ijs credibility findings are entitled to deference if supported by specific cogent reasons,holding that explicit credibility finding must be more than passing remark of disbelief and must be supported by specific cogent reasons,holding that an ijs credibility determinations enjoy highly deferential review when supported by specific cogent reasons that bear a legitimate nexus to the findings
29,"unless the claims can stand independently. In Lirette v. N.L. Sperry Sun Inc., the Court held that a Jones Act claim and an unseaworthiness claim did not constitute separate and independent claims because the claims involved an invasion of a single primary right, and therefore the case was not removable. 810 F.2d 533, 539 (5th Cir.1987). In the present case, it is clear that removal is prohibited. Claims under the Jones Act and general maritime law are removable only if the claims are separate and independent. Gonsalves, 733 F.2d 1020. A separate and independent cause of action is one that involves the single wrongful invasion of a single primary right of the plaintiff. Baltimore Steamship Co., 274 U.S. at 321, 47 S.Ct. 600, 71 L.Ed. 1069 (1927); See Gonsalves, 733 F.2d at 1026 (<HOLDING>). The plaintiffs’ complaint includes",23908,3881,4,case_hold_mc,recognizing the cause of action,recognizing cause of action,holding that a federal cause of action for damages arises upon a federal agents unconstitutional conduct,holding that the rule of splitting of causes of action as related to res judicata does not permit the owner of a single or entire cause of action or an entire indivisible demand to divide or split that cause of action and that all damages from a single wrongful act must be claimed in one action,holding that a single cause of action arises out of the same set of facts
30,"stand against the principal or employer on the basis of vicarious liability or respon-deat superior. See Williams v. Hines, 80 Fla. 690, 86 So. 695, 699 (1920) (where a jury by its verdict exonerates the servant but finds the master guilty, the verdict as to the master is erroneous.); Buettner v. Cellular One, Inc., 700 So.2d 48 (Fla. 1st DCA 1997) (when principal’s liability rests solely on respondeat superior, principal cannot be liable if agent is exonerated); See also, e.g., Rothman, M.D., P.A. v. Hebebrand, 720 So.2d 595 (Fla. 4th DCA 1998) (physician’s professional association, which defaulted, could not be held liable for malpractice, where association’s liability was only vicarious and jury found in favor of physician); Keyes Co. v. Sens, 382 So.2d 1273, 1275 (Fla. 3d DCA 1980) (<HOLDING>). According to the allegations contained in",24751,4020,3,case_hold_mc,holding that rochez did not foreclose respondeat superior liability for brokerdealers for the fraudulent acts of their employees,holding that employees defamatory statements made at work about matters relating to work were within the scope of their employment for purposes of respondeat superior and recognizing that californias respondeat superior doctrine imposes a broad rule of liability on employers,recognizing respondeat superior liability,holding that defendant  whose liability for the acts of its employees was vicarious based on respondeat superior  was not subject to a verdict or judgment for compensatory damages in excess of the amount of damage determined and found against its defendantemployees the active tortfeasors,holding that employees violation of his employers policy against drinking on the job does not preclude liability under respondeat superior
31,"The USDA asserts authority to prescribe “restrictions on the use of a product,” including “limits on distribution of the product.” 9 C.F.R § 102.5(d). That regulation is the asserted basis for USDA’s decision to prohibit Creekstone’s “use” of a biological product for private BSE testing. Creekstone contends that USDA’s “use” regulation exceeds its authority to regulate “preparation, sale, barter, exchange, or shipment,” but Creekstone’s reading of the statute is too narrow. The principle of expressio unius est exclusio alterius will not restrict the application of a statute that also contains expansive modifiers such as “as may be necessary to prevent” and “or otherwise to carry out this chapter.” Compare NLRB v. Beverly Enterprises-Massachusetts, Inc., 174 F.3d 13, 32 (1st Cir.1999) (<HOLDING>)(emphasis added). See also United States v.",25609,4157,4,case_hold_mc,recognizing equitable powers necessary and appropriate to carry out the provisions of this title,holding that 1 usc  1 does not apply except where it is necessary to carry out the evident intent of the statute,holding that the nlrb has the authority to interpret cbas in the first instance where its interpretation is for the purpose of enforcing a statutory right which congress considered necessary to allow labor and management to get on with the process of reaching fair terms and conditions of employment,holding grant of authority to an agency to adopt rules necessary to carry out this chapter clearly vested in the agency authority to interpret a statute,holding that terms of 29 usc  156 authorizing the nlrb to make such rules and regulations as may be necessary to carry out the provisions of the act grant the nlrb broad rulemaking authority
32,"1854, 60 L.Ed.2d 435 (1979) (quoting Olson v. United States, 292 U.S. 246, 255, 54 S.Ct. 704, 78 L.Ed. 1236 (1934)). Although condemnation of private property under the Natural Gas Act is a matter of federal law, 15 U.S.C. § 717f(h) provides that a federal district court must look to and apply the “practice and procedure” followed in similar proceedings in the courts where the property is situated. Generally speaking, state law governs compensation issues in eminent domain proceedings involving private interests. See Georgia Power Co. v. 138.30 Acres of Land, 617 F.2d 1112, 1121 n. 5 (5th Cir.1980) (en banc) (applying state law to questions concerning compensation under the Federal Power Act); Algonquin Gas Transmission Company v. 60 Acres of Land, 855 F.Supp. 449, 453 (D.Mass.1994) (<HOLDING>); Tennessee Gas Pipeline Company v. 104 Acres",26465,4285,3,case_hold_mc,recognizing that it is an open question whether drpa is a federal agency governed by the apa or a state agency governed by state administrative law,recognizing that it is the proponents burden to demonstrate the admissibility of expert scientific testimony,holding that the burden of laying the proper foundation for the admission of the expert testimony is on the party offering the expert and admissibility must be shown by a preponderance of the evidence,holding that the admissibility of expert testimony was governed by state law,holding that admissibility of a confession is governed by determining from the totality of the circumstances whether or not it was made voluntarily
33,"the trial court erroneously classified property as marital when in fact it was non-marital, the question becomes what relief, if any, this court ought to grant. “The erroneous characterization of property requires reversal of the order dividing marital property if the error materially impacts the overall distribution of the marital property.” Halupa v. Halupa, 943 S.W.2d 272, 278 (Mo.App. E.D.1997). Here, by our calculation, the difference in the calculation is roughly five thousand dollars. The trial court awarded to each party a percentage of the property based on their respective contributions. The trial court was free to conclude that Wife was entitled to a share of the value of the home due to her significant contributions. Moritz v. Moritz, 844 S.W.2d 109, 112 (Mo.App. W.D.1992)(<HOLDING>). Because the property was not transmuted, it",27322,4421,4,case_hold_mc,holding that a nonowning spouse is entitled to some benefit when marital funds are used to improve nonmarital property,holding that a trial court may find that a nonowning spouse is entitled to some benefit by reason of marital funds having been used to pay off debts on the owning spouses nonmarital property,holding that home purchased with separate funds and titled in one spouses name was transmuted into marital property because home was used as marital residence and the other spouse contributed to payments and repairs on home,holding that clear language in one portion of a later may cause ambiguity in another portion to dissipate,holding that one spouse may be entitled to a portion of the equity in home purchased with nonmarital funds
34,"in state court, Romagosa and Brown filed supplemental proceedings against the P.A., Van Diepen, and OIM pursuant to Fla. Stat. § 56.29. Section 56.29(6)(b) states that “[w]hen any gift, transfer, assignment or other conveyance of personal property has been made or contrived by defendant to delay, hinder or defraud creditors, the court shall order the gift, transfer, assignment or other conveyance to be void-” Fla. Stat. § 56.29(6)(b). The purpose of § 56.29 is to assist judgment creditors in reaching the assets of judgment debtors. Morton v. Cord Realty, Inc., 677 So.2d 1322, 1324 (Fla.Dist.Ct.App.1996). Once the P.A. filed for bankruptcy, Ro-magosa’s supplementary proceeding action was properly stayed by the bankruptcy court. See In re Saunders, 101 B.R. 303, 306 (Bankr.N.D.Fla.1989) (<HOLDING>). The bankruptcy court ordered the Trustee to",28180,4554,4,case_hold_mc,holding that the automatic stay did not bar the filing of a proof of claim where the debtor actively litigated a separate action during the pending bankruptcy proceeding because to permit the automatic stay provision to be used as a trump card played after an unfavorable result was reached  would be inconsistent with the underlying purpose of the automatic stay,holding rule 11 sanction proceeding was exempt from automatic stay,holding that a state is immune by virtue of 11 usc  106c from money damages for violating the automatic stay provision of 11 usc  362a,holding that although the automatic stay only applies to proceedings against the debtor  counterclaims seeking affirmative relief against a debtor implicate the automatic stay,holding that the plaintiffs  5629 action against the defendant for alleged fraudulent transfers was subject to the automatic stay provision 11 usc  362a
35,"and onto her abdomen onee she submarined. He further indicated that Amanda’s pelvic and leg injuries were caused by- her knees impacting the vehicle’s dash panel. Mr. Lewis concluded that had Amanda not submarined and her seat not collapsed, she would not have sustained these injuries. Additional Evidence Amanda also introduced portions of Nissan’s pre-trial discovery responses wherein Nissan admitted to disposing of its developmental test reports including any reports concerning crashworthiness, front passenger seatbelt spool-out, submarining, and the effectiveness of the Pathfinder’s seatbelt systems. Mr. Whitman explained in detail why he believed that Nissan’s record retention policy was a bad of our sister states. E.g., Stone Man v. Green, 263 Ga. 470, 435 S.E.2d 205, 206 (1993) (<HOLDING>). The undisputed evidence demonstrates that",29039,4684,0,case_hold_mc,holding that punitive damages are as a general rule improper where a defendant has adhered to environmental and safety regulations,holding tcpa is remedial statute and that statutory damages are not punitive damages,holding that punitive damages are not allowed under the flsa,holding a court may not award punitive damages,holding that punitive damages are not fines
36,"By holding that the State lacks parens patriae standing because § 1132(a)(3) does not expressly provide for such standing, we do not of course intend to imply that states may only sue in their parens patriae capacity when a statute specifically provides for suits by states. States have frequently been allowed to sue in parens patriae to ... enforce federal statutes that ... do not specifically provide standing for state attorney generals. Id. at 121 (quotations and internal brackets omitted). To underscore the importance of this qualification, the court noted that unlike the carefully circumscribed standing provisions of ERISA, standing provisions in many other statutes implicitly authorized parens patriae standing by using language that permits any “person” who is “a 46 (3d Cir.1971) (<HOLDING>). Although these authorities do not address the",29895,4809,3,case_hold_mc,holding title viii standing as broad as is permitted by article iii of the constitution and extends to indirect victims of defendants housing discrimination,holding that article iii standing is not a prerequisite to intervention,holding that article iii standing is necessary for intervention,holding that title viis term a person claiming to be aggrieved demonstrated congressional intent to confer standing to the fullest extent permitted by article iii,holding that because article iii standing is jurisdictional it must be decided before other legal issues
37,"these arguments is sufficient to override the designation of Shar-key which appears in the record and Pine Tree did not abuse its discretion is so concluding. First, plaintiff contends that Sharkey waived her rights to the death benefits under the pension program when, attendant to the dissolution of her marriage to Decedent, she executed a Voluntary Separation Agreement, which was incorporated into, but not merged in the judgment of divorce. The Separation Agreement contained, inter alia, a mutual release by the Decedent and Sharkey of “any and all rights or interests which [they now have] or may hereafter acquire in the real, personal or other property of the other.” See Defs.’ Ex. 14. This contention founders on the rule of Estate of Altobelli v. IBM, 77 F.3d 78, 81 (4th Cir.1996) (<HOLDING>). The Separation Agreement in this case neither",30756,4941,4,case_hold_mc,holding that erisa permits suits to recover benefits only against the plan as an entity and thus the beneficiary had erred by suing her exhusbands employer and plan administrator when proper party would have been the benefits plan itself,holding that a termination of an erisa plans benefits must be based upon the plans terms and language,holding that plan participants in a defined benefit pension plan have no claim to the plans surplus assets,holding that the family courts award to exwife of interest in 387 of debtors military pension payable directly from the plan was not subject to discharge because interest in pension plan was not a debt rather it was considered exwifes separate ownership interest,holding that exwife had no interest in exhusbands erisa plan because each party clearly intended by the terms of a property settlement to relinquish all interests in the pension plans of the other
38,"this extraordinary relief, Harris cited a declaration in which his former lawyer swore that his representation in the first habeas proceeding had been ineffective. We ruled in Rodriguez v. Mitchell, 252 F.3d 191 (2d Cir.2001), that relief under Rule 60(b) is available with respect to a previous habeas proceeding only when the Rule 60(b) motion attacks the integrity of the habeas proceeding and not the underlying criminal conviction. Harris has cast his Rule 60(b)(6) motion as such an attack on the integrity of his initial habeas proceeding, although the ground cited by Harris for reopening the first habeas proceeding would (if valid) require the habeas court to consider whether the sentencing judge committed reversible error. See Mayo v. Henderson, 13 F.3d 528, 534 (2d Cir.1994) (<HOLDING>). Harris’s attack on the integrity of the",31616,5081,0,case_hold_mc,holding that an ineffectivenessofappellatecounsel claim is only valid if the appellate error prejudiced the defendant,holding that lack of appellate jurisdiction is fundamental error,holding that appellate review is precluded when the error is invited,holding that where the state commits a discovery violation the standard for harmless error is extraordinarily high a defendant is presumed to be procedurally prejudiced if there is a reasonable probability that the defendants trial preparation or strategy would have been materially different had the violation not occurred and a states discovery violation is harmless only if the appellate court can say beyond a reasonable doubt that the defense was not procedurally prejudiced,recognizing under plain error review that the burden to show that substantial rights have been prejudiced is on the party that failed to raise the issue below and for an error to have affected substantial rights the error must have affected the outcome of the district court proceedings
39,"case. Between the doctrine’s inapplicability here, coupled by the fact that neither the Bankruptcy Code nor the Federal Rules of Civil Procedure compel the fusion of both issues, this Court holds that Plaintiff did not waive its right to recover on an alleged preferential transfer. Y. Conclusion This Court concludes that § 502(d) does not preclude Plaintiff from bringing a preference action against Morris. Plaintiff was not required by the Bankruptcy Code to object to Morris’s c us. Holdings, Inc.), 2003 WL 1818177 (Bankr.D.Del. Apr. 2, 2003) (same); LaRoche Indus., Inc. v. Gen. Am. Transp. Corp. (In re LaRoche), 284 B.R. 406 (Bankr. D.Del. Sept.23, 2002) (same). But see Homeplace of Am., Inc. v. Salton, Inc. (In re Waccamaw’s Homeplace), 325 B.R. 524, 535 (Bankr.D.Del. May 31, 2005) (<HOLDING>); TWA Inc. Post Confirmation Estate v. City &",32465,5215,4,case_hold_mc,holding defendant to a preference action has a right to a jury trial pursuant to the seventh amendment of the united states constitution but that right can be waived by filing a claim in the bankruptcy proceedings,holding that a chapter 7 trustee was the only person with authority to bring  a cause of action after the appointment of a trustee,holding that parties waived any choice of law objection by not raising an objection,holding that party waived an objection to choice of law,holding trustee has not waived the right to bring a preference objection
40,"asserting sovereign immunity under a separate provision of section 24-10-106(1)(e), by which a public entity retains immunity for ""an injury caused by the natural condition of any unimproved property"" (""the natural condition provision""). The parties subsequently stipulated that the improved campsite was a ""public facility"" but the trees adjacent to it originated on unimproved property. T8 The trial court determined that the ""sole issue"" was whether the trees adjacent to Burnett's campsite constituted a ""public facility."" In granting the State's motion to dismiss, the trial court conducted a two-part analysis to assess whether a pre-existing natural object, such as the tree, could be part of a ""public facility."" See Rosales v. City & Cnty. of Denver, 89 P.3d 507, 510 (Colo.App.2004) (<HOLDING>). The trial court held that the trees bordering",33323,5353,2,case_hold_mc,holding that if property is not property1 of the public entity then the public entity cannot be subject to suit under the dangerous condition waiver,recognizing that public utilities affect the public interest in that they render essential public services to a large number of the general public,holding that a tree is part of a public facility if a public entity incorporates it into a facility in such a manner that it 1 becomes an integral part of the facility and 2 is essential for the intended use of the facility,holding that the selection of the jury constitutes part of a public trial,holding sba is an integral part of federal government and is not a separate legal entity
41,"of a memorandum filed by a defendant in anticipation of sentencing in a public-corruption case. See Huntley, 943 F.Supp.2d at 384-85. The letter argued for a lower sentence because of the defendant’s cooperation, and listed the state legislators and other elected officials who were recorded by the defendant as part of her cooperation. Id. In granting the media’s request for access to the letter, the court noted that the privacy interests of the elected officials were at their “lowest,” because these officials were “well-equipped” to “respond to any accusations of wrongdoing.” Id. at 387; see also Pansy, 23 F.3d at 787 (noting that “privacy interests are diminished when the party seeking protection is a public person subject to legitimate public scrutiny”); White, 2004 WL 2399731, at *5 (<HOLDING>). Huntley, however, provides limited support to",34181,5484,3,case_hold_mc,holding that provisions protecting classified service employees from administrative demotion or discipline did not preclude reclassification of employees and warning against misinterpretation of scope of protections afforded to employees where protections apply only to administrative actions such as the promotion or discipline of employees they do not limit or preclude the city councils legislative authority to make necessary policy and budget decisions they do not somehow override the express authority for the city councils actions  and thus they do not create a constitutionallyprotected property interest that prohibits the city council from passing the ordinance at issue in this case,holding that a city cannot be required to enter into collective bargaining sessions with an association of its employees,holding a city liable for personal injuries caused by a driver colliding with a girder in the center of a city street where the city did not give a warning,holding that disclosure of grandjury testimony of city employees was proper because they cannot be expected to have any personal privacy interest in their duties as city employees,recognizing as a privacy right the individual interest in avoiding disclosure of personal matters
42,"Law. 11-12 (Nov. 1994) (""The side with the best case almost always wins, and the performance of the lawyers almost never matters. Some of the best lawyering I've ever seen has resulted in spectacular losses. And some of the most bumbling lawyers have had the fortune of attaching themselves to strong, and therefore winning, cases.""). 50 . See Attorney Grievance Comm'n of Md. v. Snyder, 368 Md. 242, 793 A.2d 515, 531 (2002) (finding that attorney's failure to research whether his client, a criminal defendant, needed to be present at her initial appearance, as well as his failure to have her arrest warrant recalled once he learned of its issuance, provided sufficient evidence that he had violated MRPC 1.1); Attorney Grievance Comm'n of Md. v. Mooney, 359 Md. 56, 753 A.2d 17, 26-27 (2000) (<HOLDING>). 51 . Stip. Ex. 26 at Beecher00203. 52 . See",35043,5619,3,case_hold_mc,holding that under texas law the mere representation of a party in a lawsuit does not establish privity between an attorney and his or her client,holding client is not liable for actions of attorney who misled client as to the status of case,holding that an attorney may only undertake to represent a new client against a former client  where there is no confidential information received from the former client that is in any way relevant to representation of the current client,holding that an attorney whose office staff incorrectly instructed a client that he need not appear in court for trial provided incompetent representation,holding an attorney is an agent of the client and therefore cannot conspire with the client
43,"Milwaukee, St. Paul & Pacific R. Co., 318 U.S. 523, 550, 63 S.Ct. 727, 87 L.Ed. 959 (1943); In re Minges, 602 F.2d 38, 39, 44 (2d Cir.1979); Matter of Tilco, Inc., 558 F.2d 1369, 1372 (10th Cir.1977). Indeed, the First Circuit Court of Appeals has referred to the decision to reject or assume an executory contract as within the “discretion” of the trustee. Gulf Petroleum, S.A. v. Collazo, 316 F.2d 257, 260 (1st Cir.1963). It is to be noted that Collazo dealt with the rejection of an agreement for the sale of real estate. Although Collazo was decided prior to the enactment of the Bankruptcy Code, Congress has given no indication that the “business judgment test” should not continue to apply under the present Code. In re A.J. Lane & Co., Inc., 107 B.R. 435, 440 (Bankr.D.Mass.1989) (<HOLDING>). Consequently, in confronting the question of",35902,5765,1,case_hold_mc,holding that an attorney approval clause in a contract for the sale of real estate was a part of that contract and would have to be satisfied for the underlying contract to be enforceable,holding that the business judgment test applies to the determination of whether a trustee should be allowed to reject an executory contract for the sale of real estate under  365,holding that the validity of a contract for a commission for the sale of real estate is determined by the law of the state where the contract is made,holding prospectively that a vendees interest in a real estate contract constitutes real estate within the meaning of the judgment lien statute,holding the real estate sale proceeds
44,"the County acknowledges that Barrett involved litigation costs rather than attorney’s fees, it contends that this is a distinction without a difference and that it would not make sense to permit reimbursement of one and not the other given that both have their foundation in Section 440. Moreover, the County argues that It would be inequitable to force it to bear the costs of attorney’s fees where it had'a reásonable basis for its contest, and that Parker’s counsel will be unjustly enriched if the erroneously awarded fees are not disgorged. In this regard, the County observes that courts have frequently utilized equitable principles when interpreting provisions of the Workers’ Compensation Act. See Kiebler v. WCAB (Specialty Tire of America), 738 A.2d 510 (Pa. Cmwlth. 1999) (en banc) (<HOLDING>); Roadway Express Inc. v. WCAB (Alien), 152 Pa.",36755,5911,2,case_hold_mc,holding that the delivery of an eeoc decision to the former attorney of a claimant did not constitute notice to the claimant,holding claimant was not entitled to agencys mistaken application of statutory provision,holding that the equitable principle of unjust enrichment allowed an employer to recapture a mistaken overpayment made to the claimant,holding that the burden of proof is on the claimant,holding that where employer paid benefits under group disability policy to employee under mistaken belief that his condition resulted from illness rather than injury arising out of and in course of employment employees acceptance of such benefits did not bar him from benefits to which he was entitled under workers compensation law and employer was properly allowed credit for payments made under disability policy
45,"engage in any conduct subsequent to speaking with Cohen that could be construed as a waiver of the privilege: once Cohen advised him to invoke the Fifth Amendment, Fornes apparently stopped telling others about the murder. The fact that Fornes has died does not alter the privileged nature of the conversation, as the privilege survives his death. Nonetheless, under the authority of Chambers v. Mississippi, I conclude that Fornes’s statements to Cohen are admissible. As the Supreme Court held in Chambers, even if the evidence would otherwise be inadmissible under the state’s rules of evidence, a defendant in a criminal case may nonetheless be entitled to introduce the evidence if its exclusion would render his trial fundamentally unfair. See Chambers, 410 U.S. at 302-03, 93 S.Ct. 1038 (<HOLDING>); see also Priest v. Hennessy, 51 N.Y.2d 62,",37614,6048,3,case_hold_mc,holding declarations against penal interest admissible where certain conditions are met,holding that victims statements were hearsay admissible under the state of mind exception to the hearsay rule and constitutionally permissible under ohio v roberts citations omitted,holding that only selfinculpatory aspects of hearsay statement but not other parts of statement are admissible under exception for statements against penal interest,holding that exclusion of hearsay statements violated due process even though statements were not admissible under mississippi law which did not recognize declarations against penal interest as a exception to the rule against hearsay,holding that the confrontation clause of the sixth amendment is not violated by the admission of hearsay statements under the coconspirator exception to the hearsay rule where the defendant was able to confront and crossexamine the witness who claimed that the statements at issue were made
46,"facie case of retaliation. Upon review of the record, we find that the University satisfied its burden by producing evidence indicating that its actions were taken because of changes in Khazzaka’s conduct. See Defendant’s Motion for Summary Judgment, Exh. 1, Passon Affidavit at ¶¶ 9-14, 18-21, 81-83; id., Exh. 2, Adams Affidavit at ¶¶ 9-22; id., Exh. 3, Wiley Affidavit at ¶¶ 28-54. Although Khazzaka disputes some of this evidence, see Plaintiffs Response to Defendant’s Statement of Material Facts, he has not presented any evidence from which a fact-finder could disbelieve the University’s as serted reasons and/or believe that discrimination or retaliation was a motivating cause for the actions. See Fuentes, 32 F.3d at 764; Estate of Smith v. Marasco, 318 F.3d 497, 514 (3d Cir.2003) (<HOLDING>) (emphasis omitted). Consequently, the",38470,6185,1,case_hold_mc,holding that a nonmoving party cannot defeat a motion for summary judgment by relying on conclusory statements,recognizing that nonmoving party must present affirmative evidence  to defeat summary judgment,holding that the nonmoving party must show how additional discovery will defeat the summary judgment motion ie create a genuine dispute as to a material fact and that the nonmoving party must show that he has diligently pursued discovery of the evidence in question,holding that the nonmoving party must produce more than a scintilla of evidence to survive summary judgment,holding that the nonmoving party may not defeat a summary judgment motion by standing on the bare allegations in the pleadings
47,"CURIAM: Michael Disch appeals his convictions for mailing threatening communication, in violation of 18 U.S.C. § 876(c), and making false statements to an FBI agent, in violation of 18 U.S.C. § 1001. Disch argues that the district court judge was required to recuse himself sua sponte under 28 U.S.C. § 455(a) and § 455(b). Ordinarily, we review a judge’s decision not to recuse himself under § 455(a) and § 455(b) for an abuse of discretion. United States v. Bailey, 175 F.3d 966, 968 (11th Cir.1999); see also Parker v. Connors Steel Co., 855 F.2d 1510, 1527-28 (11th Cir.1988) (<HOLDING>). However, when a defendant fails to seek",39319,6317,1,case_hold_mc,holding that a confrontation clause violation constituted harmless error,holding that a  455b violation is subject to harmless error review,holding that violation of rule 16 in that case was not harmless error,holding that confrontation clause violations are subject to harmless error review,holding that the omission of an element is subject to harmless error analysis
48,"communications, whatever form they might take, and the compulsion of responses which are also communications, for example, compliance with a subpoena to produce one’s papers.”); Davis v. United States, 328 U.S. 582, 587-91, 66 S.Ct. 1256, 1258-61, 90 L.Ed. 1453 (1946) (distinguishing private papers from public property in the custody of a citizen in applying the Fifth Amendment privilege); United States v. White, 322 U.S. 694, 699, 64 S.Ct. 1248, 1251, 88 L.Ed. 1542 (1944) (stating that the constitutional privilege against self-incrimination “protects the individual from any disclosure, in the form of oral testimony, documents or chattels, sought by the legal process against him as a witness”); Wheeler v. United States, 226 U.S. 478, 489, 33 S.Ct. 158, 162, 57 L.Ed. 309 (1913) (<HOLDING>); Wilson v. United States, 221 U.S. 361, 377,",39958,6424,0,case_hold_mc,holding that there is no selfincrimination where one is compelled to produce the papers of a business that has no privilege,holding where there is no duty to defend there is no duty to indemnify,holding that there is no unitary business in part because there is no flow of international business,holding that district court has no jurisdiction to take further action where there was no remand order,holding that where no factual dispute is raised no hearing is required
49,"to dedicate all of their disposable income to their plan. The Trustee’s supplemental objection raised, for the first time, whether Section 1325(a)(5) bars a debtor from confirming a plan that strips off a wholly unsecured lien where the debtor has received a discharge in a prior bankruptcy case within the proscribed period set forth in Section 1328(f). Although TD Bank had previously argued that the Debtors’ ability to strip off its lien was contingent upon the entry of a discharge order, TD Bank did not rely on Section 1325(a)(5). IV. Discussion A. Jurisdiction and Venue The Court has jurisdiction over this matter pursuant to 28 U.S.C. §§ 1334 and discharge in a bankruptcy case filed within four years of filing an earlier Chapter 7 petition 253 F.3d 778, 781-83 (4th Cir.2001) (<HOLDING>). However, there is no prohibition against lien",40809,6557,2,case_hold_mc,holding that a wholly unsecured junior mortgage lien can be avoided under nobelman,holding that a socalled chapter 20 debtor may strip off a wholly unsecured junior lien,holding that an allowed wholly unsecured consensual junior lien may not be stripped off in a chapter 7 case,holding that a wholly unsecured junior mortgage on chapter 13 debtors residence could not be stripped down into an unsecured claim by debtors plan,holding that a debtors right to strip off a wholly unsecured lien is conditioned on the debtors obtaining confirmation of and performing under a chapter 13 plan that meets all of the statutory requirements rather than on a debtors discharge
50,"right to additional BLM permits or approvals. See, e.g., Lewis v. Hickel, 427 F.2d 673, 676-77 (9th Cir.1970), cert. denied, 400 U.S. 992, 91 S.Ct. 456, 27 L.Ed. 2d 440 (1971); Angelina Holly Corp. v. Clark, 587 F.Supp. 1152, 1156 (D.D.C.1984). They hold no more than an expectancy, the loss of which does not constitute a deprivation of property within the meaning of the due process clause of the Constitution. See Webb’s Fabulous Pharmacies, Inc. v. Beckwith, 449 U.S. 155, 161, 101 S.Ct. 446, 451, 66 L.Ed.2d 358 (1980); National Consumer Information Center v. Gallegos, 549 F.2d 822, 828 (D.C.Cir.1977). Their absence from the lawsuit does not preclude the district court from issuing the preliminary injunction. Compare Ohio ex rel. Brown v. Callaway, 497 F.2d 1235, 1241 (6th Cir.1974) (<HOLDING>). C. Exhaustion Mountain States asserts that",41662,6697,4,case_hold_mc,holding it was error for the court to issue a permanent injunction at a hearing to show cause why a temporary restraining order should not be continued via a preliminary injunction,holding that when the district court applies the wrong preliminary injunction standard this court may review the record to determine whether the injunction is justified,holding that plaintiffs were not entitled to a preliminary injunction,recognizing the inappropriateness of a preliminary injunction where credibility determinations must be made but granting a preliminary injunction because the legal and factual issues have been sufficiently illuminated,holding that contract with construction company rendered inequitable a preliminary injunction restraining the contractors from performing the contractual obligations
51,"court’s conclusion that the Jarvisons had a traditional ceremonial marriage under the Navajo Code. Moreover, because the Jarvi-sons had not completed the procedure under Navajo law to validate a traditional or common law marriage, the government argues that their marriage was invalid. In evaluating the government’s contentions, we observe that the district court could have produced a more robust order detailing its findings of fact and evidentia-ry basis similar to the detailed findings of fact and conclusions of law in Beller v. United States, 221 F.R.D. 679 (D.N.M.2003). Nonetheless, on our review of the record, we conclude that the evidence in the record is sufficient to establish a valid marriage between the Jarvisons. See United States v. Taylor, 97 F.3d 1360, 1364 (10th Cir.1996) (<HOLDING>). In this case, Esther testified to having",42517,6834,0,case_hold_mc,holding that despite a trial courts failure to make specific factual findings an appellate court is free to affirm on any grounds for which there is sufficient record to permit conclusions of law,holding an appellate court is not limited to the grounds offered by the trial court in support of its decision and may affirm on any ground on which additional factual findings are not required,holding that an appellate court can affirm a district courts order on any basis for which there is a record sufficient to permit conclusions of law including grounds upon which the district court did not rely,holding this court may affirm on any grounds supported by the record even if different from the district courts grounds,holding that it is not an appellate courts function to make findings of fact
52,"“[a] member of a limited liability company ... does not have an interest in any specific property of the company.” Tex. Bus. Orgs.Code Ann. § 101.106(b) (Vernon 2012). If further provides, “[ejxcept as and to the extent the company agreement specifically provides otherwise, a member or manager is not liable for a debt, obligation, or liability of a limited liability company, including a debt, obligation, or liability under ajudg ment, decree, or order of a court.” Id. § 101.114 (Vernon 2012). Thus, absent a showing that the LLC agreement provides otherwise (which has not been made here), no liability for the underlying judgment is imposed on BJVSD by virtue of its role as a member of Triton 2000. Furthermore, the relationship between BJVSD and the judg pp.-Eastland 2008, pet. denied) (<HOLDING>) (citing Redman v. Griffith, 202 S.W.3d 225,",43374,6967,4,case_hold_mc,recognizing spoliation as an independent cause of action for negligence where a party is unable to prove its case due to the loss or destruction of key evidence,recognizing that when the corporations management or its shareholders are deadlocked with respect to a particular issue courts have realigned such corporations as party plaintiffs,holding that a corporation exists as an entity apart from its shareholders even where the corporation has but one shareholder the general proposition of corporate identity apart from its shareholders leads us to conclude in accordance with decisions from other jurisdictions that the attorneys client is the corporation and not the shareholders,holding under pennsylvania law that where fraud mismanagement or other wrong damages a corporations assets a shareholder does not have a direct cause of action however a corporation can suffer an injury unto itself and any claim it asserts to recover for that injury is independent and separate from the claims of shareholders creditors and others,holding that cause of action for injury to corporations property or for impairment or destruction of its business is vested in corporation as distinguished from its shareholders
53,"of a firearm, in the absence of any aggravating circumstances charged in the indictment, does not constitute a per se ‘crime of violence’ .... ” Johnson, 953 F.2d at 115. The court reasoned that “[t]he danger inherent in the mere possession of a firearm is, in many cases, too highly attenuated to qualify the offense as a per se ‘crime of violence.’ ” Id. “While a felon in possession of a firearm may pose a statistical danger to society,” the offense in and of itself cannot be categorically considered a crime of violence. Id. While I recognize that, strictly speaking, the holding of Johnson applies only in the context of the Sentencing Guidelines, I can discern no basis to decline to apply its reasoning here. But cf. Fonner v. Thompson, 955 F.Supp. 638, 640-641 (N.D.W.Va.1997) (<HOLDING>). This is especially true in light of the very",44231,7106,2,case_hold_mc,recognizing that the standard of review for issues of statutory interpretation and construction is de novo,holding an administrative interpretation cannot change the meaning of a statute or control the courts interpretation of it,holding that bop interpretation of  922g1 as a crime of violence is permissible construction of  3621e2b and limiting the holding of johnson to the interpretation of sentencing guidelines,holding erisa plan interpretation is simply one of contract interpretation,holding that in reviewing a claim construction decided under the broadest reasonable interpretation standard we determine whether the interpretation is within the range of reasonableness
54,"claims. Case Nos. 75958 and 75961 represent appeals by the plaintiffs from the latter ruling, while Case Nos. 75959, 75960, 75962, and 75963 represent separate cross-appeals by the defendants from the former rul ing. Held: 1. The validity of a renewal action filed pursuant to OCGA § 9-2-61 (a) is contingent upon compliance with OCGA § 9-11-41 (d), which provides as follows: “Cost of previously dismissed action. If a plaintiff who has dismissed an action in any court commences an action based upon or including the same claim against the same defendant, the plaintiff shall first pay the court costs of the action previously dismissed.” (Textual emphasis supplied.) See Little v. Walker, 250 Ga. 854 (301 SE2d 639) (1983). See also Tucker v. Mitchell, 252 Ga. 545 (314 SE2d 896) (1984) (<HOLDING>). In reliance on such recent decisions as Hiley",45082,7252,3,case_hold_mc,holding that laches is an affirmative defense,holding that the exclusivity of workers compensation is an affirmative statutory defense which must be timely raised or it is waived,holding that fair use is an affirmative defense,holding that payment of costs in a dismissed action is not an affirmative defense but a jurisdictional matter which may never be waived,holding that exhaustion requirement in bj997ea is an affirmative defense that may be waived or forfeited
55,"system created or recognized by the law of the State, which either directly or by delegated authority assigns to the incumbent thereof the continuous performance of certain permanent public duties. *** An employment differs from both an office and a position in that its duties, which are non-governmental, are neither certain nor permanent.” People v. Coffin (1918), 282 Ill. 599, 606-07. Although the designation of one by the law as an officer is of some significance (67 C.J.S. Officers § 8 (1978)), we recognize that such a designation is not conclusive as to the official or unofficial character of the person. Further, the nomenclature in a statute designating a person holding a position as an officer or employee is not controlling. (See Hall v. County of Cook (1935), 359 111. 528 (<HOLDING>).) We, therefore, consider whether the sheriff",45937,7393,0,case_hold_mc,holding that notwithstanding language of statute authorizing appointment of a county architect by the board of commissioners of cook county such appointee is not an officer where he has no stated salary but is employed on a commission basis and where his work is generally casual and not continuous even though he is frequently referred to in the records of the county board as an officer,holding that a county ordinance imposing an impact fee on new residential construction to be used for new school facilities did not constitute an unauthorized delegation of power from the county to the school board because the fundamental policy decisions were made by the county and the discretion of the school board was sufficiently limited,holding a county and a road district had standing to sue state highway commission and county tax collector based on their interest in and control over the public roads of the county,holding before the apa definition of person was amended to include county that the board of county commission ers of dolores county could not sue the state agency that had ordered reappraisals of real property in dolores county in connection with valuation for ad valorem taxation because the board of county commissioners was not a person under the apa and did not otherwise have authority to sue under statute or constitution,holding that the lehigh county sheriff is a county officer rather than a state officer
56,"all cases involving the conclusiveness of a judgment. It may be said that such privity involves a person so identified in interest with another that he represents the same legal right. See 30 Am.Jur. 954, Judgments § 227. In Indiana a privity is one who after rendition of the judgment has acquired an interest in the subject matter affected by the judgment. T.R. v. A.W., 470 N.E.2d 95 (Ind.App.1984). 4 . The Trustee’s action arises under 11 U.S.C. § 544(b) and his power as a hypothetical lien creditor and the representative of the estate. If the prior litigation has been brought in Federal Court, the Federal rule of res judicata would apply. See In the Matter of Energy Cooperative, Inc., 814 F.2d 1226 (7th Cir.1987). Compare Thibodeau v. Foremost Ins. Co., 605 F.Supp. 653 (N.D.Ind.1985)",46792,7532,0,case_hold_mc,recognizing that state law controls applicability of res judicata or collateral estoppel in nondiversity action where prior judgment involved issues of state law,holding that a summary judgment is a determination on the merits for res judicata and collateral estoppel purposes,holding that state law controls whether issues decided in a prior state court action are entitled to preclusive effect and setting forth the elements of collateral estoppel under washington law,holding that res judicata and collateral estoppel apply to arbitration award,holding that federal rules of res judicata and collateral estoppel determine preclusive effect of prior federal ftca judgments even though liability is based on state law
57,"F.Supp. 1424, 1426 & 1427 n. 3 (S.D.Fla.1993). The district court correctly determined that “the statute of limitations was tolled on Rothmeier’s whistleblower claim while the age discrimination claim was pending in federal court.” B. Prima facie case. Rothmeier failed to establish the first element of a prima facie case of retaliatory discharge because the record contains no evidence that he engaged in statutorily protected conduct. See Hubbard, 330 N.W.2d at 444. Whether a plaintiff made a report in “good faith” is a question of fact. McDonald v. Stonebraker, 255 N.W.2d 827, 831 (Minn.1977). Nevertheless, this court may determine as a matter of law that certain conduct does not constitute a “report.” See Michaelson v. Minnesota Mining & Mfg. Co., 474 N.W.2d 174, 180 (Minn.App.1991) (<HOLDING>), ajfd, 479 N.W.2d 58 (Minn.1992). Rothmeier",47595,7668,4,case_hold_mc,recognizing the tort of retaliatory discharge,holding that an appellant waived a claim where he failed to cite any legal authority in support of an argument in his appellate brief,holding that the plaintiff alleged sufficient facts in his complaint to state a claim for wrongful discharge where he alleged he was discharged due to his political affiliation and activities,holding no jurisdiction where appellant argued report was no report because it failed to mention appellant in any substantive way but trial court found report was merely deficient on element of causation as to appellant and granted extension,holding that appellant failed to state a claim of retaliatory discharge where the record showed he merely gave his supervisor feedback and did not report alleged violations to any outside authority
58,"between Marcon Exhibits, Eekstein’s Workshop, and the DSC.” Resp. to Mot., Ex. K at 1. The letter notes that “based on our discussions, it is clear that the parties possess a commonality of interest regarding the representation of AMTC against EPA and the Exhibition and are not adverse with one another or the DSC.” Ibid. Prihod signed the letter on behalf of Eek-stein’s Workshop and DSC, and Robert Gardella signed on behalf of Marcon Eek-stein and himself in his individual capacity. When an organization deals with its officers, directors, or members, Michigan law respects the separate identities of those involved, especially with respect to matching lawyers with clients. Fassihi v. Sommers, Schwartz, Silver, Schwartz & Tyler, P.C., 107 Mich.App. 509, 514, 309 N.W.2d 645, 648 (1981) (<HOLDING>). The ethics rules allow an lawyer to represent",48452,7801,3,case_hold_mc,holding that individual shareholders of a corporation could disregard the corporate form and assert that a loan made to their corporation was usurious where the lender insisted that the shareholders incorporate an entity to receive the proceedseven though the proceeds were for the individual shareholders benefitsolely to avoid the lower usury rate for individual borrowers,holding that in a merger shareholders are effectively purchasing shares in a new corporation while losing their status as shareholders in the previous corporation,holding that the trustee could not bring a claim against sole shareholders of bankrupt corporation where shareholders had not looted or otherwise injured the corporation,holding that a corporation exists as an entity apart from its shareholders even where the corporation has but one shareholder the general proposition of corporate identity apart from its shareholders leads us to conclude in accordance with decisions from other jurisdictions that the attorneys client is the corporation and not the shareholders,holding that even where no attorneyclient relationship exists between a shareholder and the corporate attorney this does not necessarily mean that the law firm had no fiduciary duty to the shareholder and observing that instances in which the corporation attorneys stand in a fiduciary relationship to individual shareholders are obviously more likely to arise where the number of shareholders is small in such cases it is not really a matter of the courts piercing the corporate entity
59,"calculated’ to ensure that notice reaches the alien.” Farhoud v. INS, 122 F.3d 794, 796 (9th Cir.1997) (quoting United States v. Estrada-Trochez, 66 F.3d 733, 736 & 736 n. 1 (5th Cir.1995)); cf. Mullane v. Central Hanover Bank & Trust Co., 339 U.S. 306, 318, 70 S.Ct. 652, 94 L.Ed. 865 (1950) (finding that “notice must be such as is reasonably calculated to reach interested parties”). In this case, the INS simply followed the INA statute and chose a method of notice authorized by the statute — a method Congress itself determined was reasonably calculated to ensure proper notice. See 8 C.F.R. § 292.5(a) (1999); INA § 242B(a)(2), (c)(1), 8 U.S.C. § 1252b(a)(2), (c)(1) (1994). This method of notification does not violate an alien’s due process rights. See Farhoud, 122 F.3d at 796 (<HOLDING>); Wijeratne v. INS, 961 F.2d 1344, 1346 (7th",49310,7937,1,case_hold_mc,holding that an alien is entitled to the fifth amendment guarantee of due process which is satisfied by a full and fair hearing,holding that alien need not receive actual notice for due process requirements to be satisfied,holding that the government need not prove actual notice to the prisoner,holding that due process rights were not violated when alien claimed a lack of actual notice but his attorney received notice,holding that due process is satisfied where notice is mailed to the wrong address if the appellant received actual notice
60,"§ 507(a)(7)(E), even though the Bankruptcy Code itself provides no definition of ‘excise,’ ‘tax,’ or ‘excise tax.’ ” Reorganized CF & I Fabricators of Utah, Inc., 518 U.S. at 220, 116 S.Ct. 2106. Even when the definition appears in a single statute, our sister circuits have also held that definitions limited to one section should not be applied to another section. Thus, for example, the Fourth Circuit held that, where Congress limited the definition of “investigative or law enforcement officer” to 28 U.S.C. § 2680(h), “[t]o apply the § 2680(h) definition beyond that subsection would make meaningless the limitation that Congress placed on the definition.” Andrews v. United States, 441 F.3d 220, 226 (4th Cir.2006); see also U.S. Postal Serv. v. Amada, 200 F.3d 647, 650-51 (9th Cir.2000) (<HOLDING>). We conclude that § 1337 is not designed to",50159,8080,4,case_hold_mc,holding that the categorical approach applies to the identical definition of crime of violence in 18 usc  16,holding that the definition of operating deficits is not ambiguous despite the absence of a definition of the phrase in the contract,holding that the definition of supplier under the ocspa is substantially broader than the definition of debt collector under the fdcpa,holding that for purposes of 18 usc  924e involuntary manslaughter in ohio is a violent felony the definition of which is identical for all relevant purposes to the definition of crime of violence in  4b12a,holding that where the definition of lottery is expressly limited to 18 usc  1307b the definition cannot be applied to a related civil statute
61,"his first issue, Samba maintains that the immigration judge placed too little weight on the length of his sentence and the assistance he provided to federal agencies in determining that the offense was a particularly serious crime. We have previously determined that such a claim, “which amount[s] to an argument that the immigration judge ‘abused [his] discretion in weighing the multiple desiderata made relevant by the [BIA’s] definition of a particularly serious crime,’ do[es] not present questions of law and therefore [is] not reviewable under section 1252(a)(2)(D).” Solorzano-Moreno v. Mukasey, 296 Fed.Appx. 391, 394 (5th Cir.2008) (third alteration in original) (quoting Petrov v. Gonzales, 464 F.3d 800, 802 (7th Cir.2006)); see also Sung v. Keisler, 505 F.3d 372, 377 (5th Cir.2007) (<HOLDING>). To the extent that the first issue challenges",51017,8219,3,case_hold_mc,holding that a sentencing judge would commit a statutory error  if the judge failed to consider the applicable guidelines range  as well as the other factors listed in section 3553a,holding that the source of the federal funds was not a relevant factor in determining the number of violations,holding that the court did not have jurisdiction to consider an argument not presented to the board in a motion for reconsideration,holding that the argument that the immigration judge did not consider all of the relevant factors in determining that his children would not suffer the requisite hardship was not a question of law under  1252a2d,holding that the family court is required to consider all relevant factors in determining alimony
62,"goes to voluntariness The Court: Yeah. Crook: As I understand it. Hedgepeth (counsel for State): Well, as I understand it, it does too, but that’s what I want defense counsel to say on the record that he agrees that’s the way our courts ruled that that’s correct and we do not have to have every officer that was involved in everything. ¶ 17. The State submits that these exchanges indicate Sanders’s repeated and absolute waiver of the issue of the volun-tariness of her statement and was strictly based on whether Sanders had requested the presence of a lawyer during questioning. The State responds that Sanders never put on the evidence and expressly declined to attempt to produce evidence sufficient to invoke the Agee evidentiary rule. Hogan v. State, 730 So.2d 94, 98 (Miss.Ct.App.1998) (<HOLDING>). Further, the State submits that once the",51878,8350,0,case_hold_mc,holding that agee applies only where defendant has alleged that his confession was induced by threats or promises,holding that confession was not induced from an improper promise where competent evidence supports the trial courts finding that the interviewing officer made no promises during the interrogation,holding that confession was involuntary where suspect was a few days short of his sixteenth birthday was questioned for at least four hours prior to his first confession and was not accompanied by counsel friends or family where defendants made no showing that petitioner acted coolly or callously during questioning or that he had past experiences with the police and where police made promises of leniency,holding that implicit threats or promises did not render a defendants statement involuntary when a review of the circumstances reveals that the defendants independent will was not overcome so as to induce a confession that he was not otherwise disposed to malee internal quotation marks omitted,holding that question of whether a confession was coerced was not to be resolved by considering the truth or falsity of the confession
63,"trial court’s judgment wherein the appellant was sentenced to a loss of liberty”).’ ““““Berry v. State, 630 So.2d 127, 130 (Ala.Crim.App.1993) (footnote omitted). See also Custis v. United States, 511 U.S. 485, 494, 114 S.Ct. 1732, 128 L.Ed.2d 517 (1994) (‘ “If the accused ... is not represented by counsel and has not competently and intelligently waived his constitutional right, the Sixth Amendment stands as a jurisdictional bar to a valid conviction and sentence depriving him of his life or his liberty.... The judgment of conviction pronounced by a court without jurisdiction is void, and one imprisoned thereunder may obtain release by habeas corpus.” ’) (quoting Johnson v. Zerbst, 304 U.S. 458, 468, 58 S.Ct. 1019, 82 L.Ed. 1461 (1938)); Weakley v. State, 721 So.2d 235, 236 (Ala.1998) (<HOLDING>).” “““Thus it is the lack of counsel, coupled",52733,8492,4,case_hold_mc,recognizing that a criminal defendants right to counsel is the right to the effective assistance of counsel,holding that a defendant has a constitutional right to counsel as a matter of right on direct appeal,recognizing the right to counsel on appeal,holding that the statutory right to counsel at a civil commitment hearing implicitly includes the right to the effective assistance of that counsel,holding that the right to counsel at arraignment is a jurisdictional matter
64,"Judge. The husband, Theodore C. Rogers, appeals from an order granting the wife’s motion for temporary attorney’s fees and costs in a dissolution of marriage action. We reverse and remand for further proceedings. In March 2001, after approximately nineteen months of marriage, the husband filed for divorce. Shortly thereafter, the wife filed a motion for temporary attorney’s fees and costs. Following an eviden-tiary hearing, the lowe CA 1997)(<HOLDING>); Meighen v. Meighen, 813 So.2d 173, 176 (Fla.",53593,8630,0,case_hold_mc,holding that trial court did not err in imputing income to wife for purposes of child support based on the continued monthly payment of wifes living expenses by wifes mother,holding that trial court did not err,holding that it was error to impute income to wife where there was no evidence of regular periodic payments and where assistance from wifes mother was of a temporary nature during the pendency of the divorce proceedings holding that lower court properly imputed income to husband where husbands parents maderegular periodic payments that allowed parties to maintain a high standard of living,holding that the order on the wifes petition for modification of child support was a final order because it disposed of all the issues except for the ancillary issue of attorneys fees,holding that the wifes testimony outlining the family living expenses constituted evidence from which the trial court could find that  the needs of the children exceed  the maximum support pursuant to the guidelines 
65,"discrimination on the basis of his disability, in violation of the ADA and NYHRL. Falardo, who was a PBA representative, also claims that after he helped negotiate the contract with the City of New York creating the VSF, the Code was altered from covering police officers who retire “from service” to those who retire “for service,” rendering those electing Disability Retirement ineligible for VSF benefits. Falardo alleges that this change in the statutory language constitutes fraud. B. PRIOR PROCEEDINGS The validity of the VSF statutory scheme (the “Scheme”) and the method by which it distributes funds has been extensively challenged in both state and federal actions under a variety of theories. See Castellano v. City of New York, 142 F.3d 58, 74 (2d Cir.1998) (“Castellano II ”) (<HOLDING>), cert. denied, 525 U.S. 820, 119 S.Ct. 60, 142",54102,8707,3,case_hold_mc,holding that because the federal arbitration act 9 usc 1 et seq preempts michigans lemon law mcl 2571401 et seq the plaintiffs lemon law claim should have been resolved through binding arbitration,holding that prejudgment interest ordinarily should be awarded on damages pursuant to claims under the copyright act of 1909 17 usc  1 et seq 1976 ed superceded by the copyright act of 1976 17 usc  101 et seq,holding that the plaintiffs state commonlaw tort claims were preempted by the national motor vehicle safety act 15 usc 1381 et seq,holding that denial of vsf benefits to disabled retirees does not violate the ada the rehabilitation act 29 usc  791 et seq or the age discrimination in employment act of 1967 29 usc  621 et seq and that plaintiffs due process and first amendment claims were frivolous,holding that the age discrimination in employment act adea 29 usc  621 et seq was not a valid abrogation of the states sovereign immunity
66,"to that fact. A jury could infer that Kudner made the statement with the intent to induce the plaintiffs to sign the agreements and that the plaintiffs relied on the statement: Krupnick’s and Schapiro’s affidavits and testimony indicate that their signing the agreement was contingent on Avecia’s obtaining the registrations. (Exhibit P-6, Krupnick dep., 7/14/00, at 87; Krupnick aff. ¶¶17, 18; Schapiro aff. ¶¶29, 30.) There is evidence that the plaintiffs’ reliance on Kudner’s statements was justified: Kenline testified that it was Avecia’s responsibility to obtain the Reputex registrations and that Avecia had more regulatory experience than the plaintiffs. (Exhibit P-53, Kenline dep., 7/26/00, at 696); Wilmington Trust Co. v. Aetna Cas. & Surety Co., 690 A.2d 914, 916-17 (Del. 1996) (<HOLDING>). Finally, there is evidence of damages: the",54956,8845,4,case_hold_mc,holding that whether the plaintiffs reliance on a negligent misrepresentation is justified generally raises a question of fact,holding that there was a genuine issue of material fact precluding summary judgment,holding that plaintiffs did not allege actual reliance on defendants misrepresentations  and thus could not rely on  552 of the second restatement  where plaintiffs proffered only fraudonthemarket theory alleging that defendants negligent misrepresentations affected market prices which induced plaintiffs to enter into certain transactions,holding it is a question of fact,holding that whether a plaintiffs reliance on defendants misrepresentations was justified is a question of fact precluding summary judgment
67,"an issue, the federal court must predict how the state’s highest court would resolve the issue by “relying on guidance from analogous decisions in other states and other legal authorities.” Stratford Sch. Dist., S.A.U. Dist. No. 58 v. Emp’rs Reins. Corp., 162 F.3d 718, 720 (1st Cir.1998). There is a split of authority in other jurisdictions as to whether a hospital can be liable for breach of warranty when it supplies a defective medical device to a patient in the course of providing medical services and treatment. 35 Mass. Practice § 6:14 (2d ed. 2009). A number of federal courts have held that a hospital cannot be subject to strict liability because it is not a seller or distributor of medical devices. See, e.g., Vergott v. Deseret Pharm. Co., 463 F.2d 12, 16 n. 5 (5th Cir.1972) (<HOLDING>); Roell v. Stryker, No. 3:06-cv-443, 2007 WL",55811,8975,2,case_hold_mc,holding that physicians as agents of the hospital are indistinguishable from the hospital for immunity purposes under the lgaa,holding that a company providing administrative purchasing and financial services to a hospital was not a hospital and thus could not be held directly liable under emtala,holding that a hospital cannot be strictly liable under texas law for a defective catheter because a hospital is not a seller engaged in the business of selling the product,holding that care of the grounds was part of the business of the hospital,holding that because the contract between the hospital and the health insurance company had a hold harmless provision which stated the hospital would not bill or hold insurance subscribers liable for any hospital expenses covered by the subscribers insurance contract and all expenses from the patients treatment for the automobile accident were covered in such contract there was no debt upon which the hospital could assert a lien pursuant to the states hospital lien statute
68,"agents or brokers concerning the options available to them.” Strube, supra, 277 N.J.Super. at 241, 649 A.2d 624. In a series of decisions responding to those complaints, this Court, and the Appellate Division, held that insurance agents and brokers had a duty to exercise reasonable skill and good faith in advising their customers about UIM coverage and about their coverage selection options. See Weinisch v. Sawyer, 123 N.J. 333, 340, 587 A.2d 615 (1991); see also Avery v. Arthur E. Armitage Agency, 242 N.J.Super. 293, 301-02, 576 A.2d 907 (App.Div.1990) (discussing various initiating inquiries by insured that might trigger duty to provide advice concerning availability of additional UIM coverage options); Pinto v. Garretson, 237 N.J.Super. 444, 449-50, 568 A.2d 119 (App.Div.1989) (<HOLDING>); Sobotor v. Prudential Prop. & Cas. Ins. Co.,",56665,9121,0,case_hold_mc,holding insurance company that sent coverage selection form and buyers guide had no further duty to communicate directly with insured to advise of importance of notice or recommend purchase of additional coverage,holding insurance agent has no duty to advise insured of amount of insurance necessary to cover all potential losses,holding that the plaintiffs asserted legal basis for coverage is irrelevant to the determination of whether the insurance policy provides coverage and instead looking to the facts underlying the claim for coverage,holding that insurance agents owe no duty to procure coverage for persons with no written or oral agreement with the agent to procure coverage or who have never contacted the agent about insurance coverage,holding that insurance company operating under a reservation of rights had the right and the duty to control the defense until such time as it was determined that it had no liability insurance coverage
69,"of course, knew that Rios had Patrolman Coggins’ gun, did you not? A. At the time, yes. Further testimony showed that when defendant was captured he was seen to drop the .357 magnum revolver and kick it away. This evidence tends to show defendant first acquired the revolver when he shot Trooper Coggins and had it with him when he was captured. Bray’s testimony provides direct evidence defendant had Coggins’ revolver at the time he entered Mrs. Gillespie’s house. Considering all the evidence, circumstantial and direct, we conclude there was sufficient evidence from which the trial judge could find by a preponderance of the evidence that defendant was armed with a deadly weapon at the time he broke into Mrs. Gillespie’s home. See State v. Thompson, 318 N.C. 395, 348 S.E. 2d 798 (1986) (<HOLDING>); State v. Barts, 316 N.C. 666, 343 S.E. 2d 828",57520,9252,0,case_hold_mc,holding evidence sufficient to support aggravating factors of old age and infirmity,holding that if the imposition of the death penalty depends on the existence of aggravating factors a jury must find those factors beyond a reasonable doubt,holding evidence sufficient to support aggravating factor of old age,recognizing the validity of aggravating factors such as escape from confinement and prior felony conviction,holding that the grand jury need not find nonstatutory aggravating factors
70,"Cir.1997) (“The text of § 1986 requires the existence of a § 1985 conspiracy.”), which in turn requires an allegation of four elements: (1) a conspiracy involving two or more persons; (2) for the purpose of depriving, directly or indirectly, a person or class of persons of the equal protection of the laws; and (3) an act in furtherance of the conspiracy; (4) which causes injury to a person or property, or a deprivation of any right or privilege of a citizen of the United States. See Hilliard v. Ferguson, 30 F.3d 649, 652 (5th Cir.1994). Defendants contend that Ms. Rhyce cannot allege the first element because, under the single entity doctrine, the individual defendants, as employees of the Fire District, cannot be considered individuals sep arate from the Fire District. See id. at 653 (<HOLDING>); Benningfield v. City of Houston, 157 F.3d",58379,9398,1,case_hold_mc,holding that petitioners status as school board members does not permit them to step into the shoes of the school board and invoke its right to appeal,holding that a school board and its employees constitute a single entity incapable of conspiring with itself for purposes of  19853,holding that the findings of fact conclusions of law and decision signed by the school board president constituted the decision of the board,holding that a county ordinance imposing an impact fee on new residential construction to be used for new school facilities did not constitute an unauthorized delegation of power from the county to the school board because the fundamental policy decisions were made by the county and the discretion of the school board was sufficiently limited,holding that the supreme court of pennsylvania is a state entity for purposes of the eleventh amendment
71,"racketeering income.”). Although a few circuits have adopted a more liberal approach, the Second Circuit has consistently distinguished between injuries alleged to be caused by racketeering activity, and injuries alleged to be caused by investment of racketeering funds. See Gregory P. Joseph, Civil RICO: A Definitive Guide, § 7 (3d ed. 2010). Under the Second Circuit’s rule, injuries caused by the racketeering activity itself may not form the basis for a Subsection 1962(a) claim. See Discon, Inc. v. NYNEX Corp., 93 F.3d 1055, 1063 (2d Cir.1996), vacated in part on other grounds by, 525 U.S. 128, 119 S.Ct. 493, 142 L.Ed.2d 510 (1998); Ouaknine, 897 F.2d at 82-83 (2d Cir.1990); Blue Cross and Blue Shield of New Jersey, Inc. v. Philip Morris, Inc., 113 F.Supp.2d 345, 383-84 (S.D.N.Y.2000) (<HOLDING>). Similarly, neither can a plaintiff state a",59236,9542,3,case_hold_mc,holding that to state a  1962a claim plaintiff must allege that the defendants received income derived from a pattern of racketeering activity and invested it in the acquisition of any interest in or the establishment or operation of a rico enterprise,holding that a plaintiffs claim of injury stemming from alleged procedural harm is insufficient to ground standing where the harm is uncoupled from any injury in fact or tied only to an undifferentiated injury common to all members of the public,holding that a shareholder lacks standing to bring a suit based on loss in value to his or her shares as this injury derives from and thus is not distinct from the injury to the corporation,holding that to state a subsection 1962a claim plaintiffs must allege a use or investment injury that is distinct from any injury resulting from the racketeering predicate acts themselves,holding under maryland law that a breach of fiduciary duty claim alleging loss in share value shareholder must allege an injury distinct from an injury to the corporation
72,"183, 185-87, 66 L.Ed.2d 185 (1980). The judge, though immune from private suit, is not immune from criminal prosecution by a state or federal agency. See Dennis, 449 U.S. at 27-31, 101 S.Ct. at 186-88. Applying the rule here, the trial judge below — and the court-appointed psychiatrists who proved that they were functioning as an arm of the court — are immune from private prosecution by a private citizen. However, if they violated a criminal law, they are not immune from criminal prosecution by the government. Some cases using the functional approach have held that certain administrative functions of judges are not part of the judicial function and therefore are outside the scope of judicial immunity. See, e.g., Forrester v. White, 484 U.S. 219, 108 S.Ct. 538, 98 L.Ed.2d 555 (1988) (<HOLDING>). However, the case before us today does not",60095,9679,2,case_hold_mc,holding an employee must be able to perform essential job functions at the time of termination,holding that the defendant is not entitled to be sentenced by the judge who took his plea when the judge made no promise to sentence him,holding judge not able to invoke judicial immunity in  1983 damages action against him for employment decision made in the exercise of his administrative functions,holding that the doctrine of sovereign immunity barred a claim for money damages against the librarian of congress in his official capacity because immunity had not been waived and the exceptions to immunity did not apply,holding that in a  1983 action issue of probable cause is for the jury
73,"and has not argued that this defendant is a Thimerosal Defendant. Accordingly, the Holders have not shown that the district court e 78 F.3d 472, 477 (5th Cir.2002) (stating that an order granting a motion to dismiss is reviewed de novo). 7 . 343 F.3d 765 (5th Cir.2003), cert. denied, 544 U.S. 991, 125 S.Ct. 1823, 161 L.Ed.2d 755 (2005). 8 . 408 F.3d 177 (5th Cir.2005). 9 . 381 F.3d 501 (5th Cir.2004). 10 . 385 F.3d at 571. 11 . Id. at 573 (quoting Travis v. Irby, 326 F.3d 644, 646-47 (5th Cir.2003)). 12 . Id. 13 . Id. at 574. 14 . Id. 15 . Id. at 575; see also Rainwater v. Lamar Life Ins. Co., 391 F.3d 636, 638-39 (5th Cir.2004) (noting that the Smallwood ""common defense” rule only applies if the defense is ""dispositive of all claims against all defendants”). 16 . 408 F.3d at 184 (<HOLDING>). 17 . 381 F.3d 501, 503-04 (5th Cir.2004)",60950,9821,2,case_hold_mc,holding that claims against a city police chief in his official capacity were really claims against the city,holding claims based on the fair labor standards act subject to arbitration,holding that claims against vaccine manufacturers were subject to the vaccine act but claims against thimerosal manufacturers were not therefore the cause was properly removed based on a fraudulent joinder theory,holding the state law claims were not preempted,holding that claims based on asserted violations of the lad and  1983 are not subject to the new jersey tort claims act
74,"his burden of showing that he has asserted either his factual or legal innocence. The other relevant factors also weigh against Hasson. As for prejudice to the government, it would be required to prepare for an unanticipated trial. In a case such as this, which the court designated as complex under 18 U.S.C. § 3161(h)(8)(B)(ii), the prejudice to the government is more obvious because trial preparation would entail considerable effort. Hasson also delayed the filing of his withdrawal motion until just days before sentencing, having waited almost four months after entering his guilty plea. See Carr, 80 F.3d at 420 (reasoning that a three-month delay in filing a motion to withdraw a plea weighs against the defendant); United States v. Vidakovich, 911 F.2d 435, 439-40 (10th Cir.1990) (<HOLDING>). The fourth and seventh factors, which",61801,9982,2,case_hold_mc,holding that the delay is presumptively prejudicial does not necessarily mean the first factor weighs against the state but requires further consideration of the extent of the delay beyond this period,holding that a fivemonth delay did not render information stale,recognizing that a fivemonth delay weighs against the defendant,holding that a fivemonth delay in filing a motion to disqualify did not bar the motion where there was a reasonable explanation for the delay,holding a fivemonth delay in searching a computer did not invalidate the search because there was no showing that the delay caused a lapse in probable cause that it created prejudice to the defendant or that officers acted in bad faith
75,"96, 98 (2) (561 SE2d 382) (2002). 12 Id. (punctuation omitted). 13 Id. (citation and punctuation omitted); see Richardson v. Marsh, 481 U. S. 200, 207 (II) (107 SC 1702, 95 LE2d 176) (1987); Bruton, 391 U. S. at 135-36. 14 Moss, 275 Ga. at 98 (2); see Bruton, 391 U. S. at 135-36. 15 481 U. S. 200 (107 SC 1702, 95 LE2d 176) (1987). 16 Moss, 275 Ga. at 98 (2) (punctuation omitted); see Richardson, 481 U. S. at 208. 17 Moss, 275 Ga. at 98 (2); see Thomas v. State, 268 Ga. 135, 137-38 (6) (485 SE2d 783) (1997) (“For the admission of a co-defendant’s statements to constitute a Bruton violation the statements standing alone must clearly inculpate the defendant.” (punctuation omitted)); Garlington v. State, 268 Ga. App. 264, 267-68 (1) (a) (601 SE2d 793) (2004). 18 See Moss, 275 Ga. at 99 (2) (<HOLDING>); Thomas, 268 Ga. at 137-38 (6) (holding that",62649,10117,1,case_hold_mc,holding that admission of statement with references to we or they which did not directly implicate defendant did not violate defendants confrontation rights,holding that admission of nontestifying oodefendants statement to police that murder defendant came to his apartment and went in bathroom and stayed there for awhile did not violate bruton rule because statement standing alone did not clearly incriminate defendant but only became incriminating when linked with other evidence,recognizing the chance that the jury will credit a nontestifying codefendants incriminating statement and conclude that the statement pointed to the objecting defendant as the offender even though he could not crossexamine the declarant,holding that two or three references to everyone and they in testimony about confession did not violate bruton because testimony did not implicate the defendant expressly nor was it incriminating on its face,holding that the introduction of a jointly tried nontestifying codefendants statement violates the sixth amendment confrontation clause if the statement contains incriminating evidence concerning a defendant
76,"(1st Cir.1983). The next hurdle is the one plaintiffs fail to clear: Does Congress have the power under the United States Constitution to abrogate the states’ Eleventh Amendment immunity? The Supreme Court has recently reiterated that Congress cannot invade Eleventh Amendment immunity except “pursuant to a valid exercise of power” conferred by the Constitution. Seminole Tribe, — U.S. at -, 116 S.Ct. at 1123. In determining the sources of power, the Supreme Court had previously found that Congress possessed the power to abrogate the states’ sovereign immunity when legislating pursuant to § 5 of the Fourteenth Amendment and the Commerce Clause. See id.; see also Fitzpatrick, 427 U.S. 445, 96 S.Ct. 2666; Pennsylvania v. Union Gas Co., 491 U.S. 1, 109 S.Ct. 2273, 105 L.Ed.2d 1 (1989) (<HOLDING>). However, the Supreme Court in Seminole Tribe",63509,10274,4,case_hold_mc,holding that congress could not abrogate state sovereign immunity pursuant to the patent clause of article i,recognizing that congress has specifically abrogated the eleventh amendment defense when legislating pursuant to  5 of the fourteenth amendment and its article i  8 plenary power over commerce but refusing to extend authority to abrogate to legislation enacted pursuant to the indian commerce clause the indian gaming regulatory act,holding that congress may abrogate a states immunity pursuant to its enforcement power under  5 of the fourteenth amendment,holding that congress did not properly abrogate states eleventh amendment immunity from suits under the patent act,holding that congress could abrogate the eleventh amendment pursuant to the commerce clause
77,"of the evidence. Hicks, 509 U.S. at 511, 113 S.Ct. at 2749. In interpreting Hicks, supra, the Second Circuit has stated definitively as follows: [Defendant] misreads the Supreme Court’s statement in Hicks that once a defendant produces evidence of a legitimate, nondiscriminatory reason for his or her action, the plaintiff must then establish that the defendant’s actions were intentionally discriminatory. [Defendant] takes this statement as requiring the plaintiff to adduce additional evidence after the defendant’s production — evidence beyond that presented in the plaintiffs prima facie case. Justice Scalia took pains to preclude such an interpretation of the Court’s decision when he observed that, upon rejection of the defendant’s proffered reasons for its action , 142 (2d Cir.1993) (<HOLDING>), cert. denied, — U.S. -, 114 S.Ct. 1189, 127",64364,10410,3,case_hold_mc,holding the plaintiff satisfies the burden of a prima facie case by a preponderance of the evidence,holding that former employer met its burden of proof that ubc exception applied,holding that the burden of proof is on the claimant,holding plaintiffs ultimate burden of proof can be met by combining proof submitted in its prima facie case with evidence that defendants proffered reasons for its acts were false,recognizing that a plaintiffs burden in establishing a prima facie case is not onerous
78,"the Plaintiffs’ Activities Involved Interstate Commerce The final question is whether the plaintiffs’ activities involved interstate commerce. For the purpose of the Motor Carrier Act exemption, “[a] carrier engages in interstate commerce by either actually transporting goods across state lines or transporting within a single state goods that are in the flow of interstate commerce.” Barefoot, 16 F.3d 1216, at *2 (citing Merchants Fast Motor Lines, Inc. v. I.C.C., 528 F.2d 1042, 1044 (5th Cir. 1976)); see also 29 C.F.R. § 782.7(b)(1) (“Highway transportation by motor vehic e intrastate transport of empty bottles destined for a bottling plant outside the state was a part of interstate commerce); Glanville v. Dupar, Inc., No. H-08-2537, 2009 WL 3255292, at *9-10 (S.D.Tex. Sept. 25, 2009) (<HOLDING>). The Eleventh Circuit has specifically",65222,10539,2,case_hold_mc,holding that the connection between the robbery and interstate commerce was much more direct than in wang because at the time of the robbery the victim in walker was selling illegal drugs that had traveled through interstate commerce,recognizing that  the interstate nexus requirement is satisfied by proof of a probable or potential impact on interstate commerce,holding that the time appliances were at a distribution center within the state did not break the continuity of interstate movement the subsequent delivery from the distribution center was the last phase in the interstate shipment,holding that the government can satisfy the hobbs act interstate commerce requirement by showing that the robbery resulted in the closure of a business engaged in interstate commerce,holding after lopez that the interstate nexus element of the hobbs act still requires the government to show only a minimal connection to interstate commerce
79,"130 (2000). The Court of Appeals also held that Abrams had not preserved its objection to the trial court’s failure to give Abrams’s requested jury instruction containing the complete text of section 222A of the Restatement. Id. at 357. On review, Abrams first argues that the Court of Appeals erred in reviewing for abuse of discretion the trial court’s denial of his motion for a mistrial. Abrams contends that the abuse of discretion standard is appropriate only when an ex parte communication is between a party and a juror, or between a witness and a juror. According to Abrams, a communication between a lawyer and a juror is analogous to a communication between a judge and a juror, and should be considered error as a matter of law. Huntley v. Reed, 276 Or 591, 594, 556 P2d 122 (1976) (<HOLDING>). However, Abrams asked the Court of Appeals to",66075,10668,1,case_hold_mc,holding that judges ex parte communication telling a jury it needed to reach a verdict was reversible error without any discussion of harmlessness,holding new trial required after judges ex parte communication with jury in response to jury question during deliberations because there was no way of reaching a conclusion about what transpired other than by adopting the judges recollection,holding a new trial required when juror is replaced by an alternate during jury deliberations,holding that judges comments to jury during equal pay act trial were harmless error,recognizing the hazards of ex parte communication with a deliberating jury
80,"with the court, that Mr. Peralta has been granted a labor certification pursuant to a subsequent application filed by his employer. He has been awarded all of the relief that he sought, and there is consequently no live controversy concerning the original denial of his application for the same position with the same employer. As to the appellants whose employers have re-filed new certification applications that are currently pending, we do not think their claims are mooted. In contrast to Mr. Peralta, these parties have not yet received the relief originally sought and thus their original claim that the denial of their first certification application was arbitrary remains a live controversy. See County of Los Angeles v. Davis, 440 U.S. 625, 631, 99 S.Ct. 1379, 59 L.Ed.2d 642 (1979) (<HOLDING>). 3 . Actually, even after a certification is",66934,10817,4,case_hold_mc,holding that a case under the declaratory judgments act remains a live controversy even if all requests for substantive declaratory relief become moot during the actions pendency as long as a claim for attorneys fees under the act remains pending,holding that issues as to whether declaratory relief should be granted had become moot and would be dismissed for lack of jurisdiction but that under hallman the entire appeal was not moot because there still was a live controversy as to whether appellee was entitled to recover attorneys fees under the declaratory judgments act and therefore issues regarding attorneys fees were not moot and would be decided,holding that appeals are moot when appellate courts can provide no effective relief,holding that a case is not moot so long as the court can fashion some form of meaningful relief for the injured party,holding that a previously live case can become moot only if interim relief or events have completely and irrevocably eradicated the effects of the alleged violation
81,"because of [the dealer’s] precarious financial condition .... ... [W]e decline to hold BMW/NA negligent and liable for damages since it could not reasonably have anticipated the crimes committed by [the dealer’s] principal, Eichler. Although BMW/NA may have been aware of [the dealer’s] shaky financial condition, that knowledge alone gave BMW/NA no cause reasonably to anticipate that Eichler would either engage in any criminal activity or that he would abscond with customer funds. In fact, no amount of supervision by BMW/NA would have enabled it to foresee Eichler’s thievery. Id. In other cases involving the franchisors of automobile dealerships, the courts have reached similar results. See Colson v. Maghami, No. CV 08-2150-PHX-MHM, 2010 WL 2744682, at *9-10 (D.Ariz. July 9, 2010) (<HOLDING>); DaimlerChrysler Motors Co., LLC v. Clemente,",67790,10956,1,case_hold_mc,holding that owners and officers of automobile dealership who were neither consumers nor competitors in automobile market lacked standing to bring antitrust action against automobile manufacturer,holding that a franchisor had no duty to supervise its automobile dealership or to warn a customer of the dealership who paid a substantial deposit for a limited edition lamborghini reventon and who did not receive either the car or the return of his deposit,holding that an automobile dealership had no duty to prevent the misconduct of the executives of another company who misappropriated company funds to make the purchase of several automobiles from the dealership,holding that where no evidence was designated to show that a car buyer knew that a sale violated the rights of the dealership that owned the car the buyers were buyers in the ordinary course of business for purposes of indcode  26112019,holding that a car dealership could be held vicariously liable for the intentional tort of its employee who shot out the tires of the plaintiffs truck during a repossession attempt
82,"to do it. The Bankruptcy Court provided counsel for Debtor with the opportunity at the October 3, 2013 status conference to address IndyMac’s argument that conversion was appropriate “based on the record that’s before the Court today” due to “lack of compliance with [the Bankruptcy Court’s] status conference order,” including the untimely filing of the status report and the “monthly operating reports [which] are missing” or “chronically late throughout the entire case.” (Suppl. Notice of Lodgment Supp. Mot. Stay, Ex. 7 at 5-6, 8, ECF No. 20-8). The Scheduling Order and the October 3, 2013 hearing provided Debtor with sufficient notice and opportunity to be heard to meet due process requirements. See In re Bijelonic, No. CV 11-08077-JVS, 2012 WL 2263289, at *5 (C.D.Cal. June 15, 2012) (<HOLDING>). Debtor contends that, prior to the October 3,",68645,11085,0,case_hold_mc,holding that a bankruptcy courts initial scheduling order provided sufficient notice and opportunity to present evidence to meet due process requirements when the bankruptcy court sua sponte converted a chapter 11 case to chapter 7 because a debtor failed to comply with an initial scheduling order by not submitting a status report prior to the second status con ference and failing to appear at the second status conference,recognizing the distinction between the reorganized debtor and the converted debtor and holding an asset which was not property of the original chapter 11 estate does not become property of the converted chapter 7 estate,holding tort action accruing after original chapter 7 petition not part of estate when case converted to chapter 13 and then back to chapter 7,holding that a bankruptcy court is given wide discretion to convert a chapter 11 case to chapter 7 for cause and an order for conversion is reviewed for an abuse of discretion,holding that claims for alleged legal malpractice and breach of fiduciary duty against attorneys that represented the chapter 11 debtor in possession belonged to the bankruptcy estate and upon conversion of the case to chapter 7 such claims belonged to the chapter 7 trustee as successor to the debtor in possession
83,"leave because the claim was not yet barred by the statute of limitations. Therefore, this claim could also have been re-filed without affecting the rights of the parties. In both cases, the amended complaint was considered filed because leave would have been granted had it been sought and no party would have been prejudiced if the formal requirements of requesting leave were bypassed. But that is not the situation here because HealthSouth would have been prejudiced if the court did not follow the formal requirements of Rule 15(a). Although it is true that upon re-filing leave would have been granted (as it was a week later), the loss of the affirmative defense of prescription would prejudicially affect HealthSouth. See Elbaor v. Tripath Imaging, Inc., 279 F.3d 314, 318 (5th Cir.2002)(<HOLDING>); Phillips v. III. Central Gulf R.R., 874 F.2d",69505,11222,4,case_hold_mc,holding that the running of the statute of limitations is an affirmative defense,holding that the loss of a statute of limitations defense constitutes clear legal prejudice,holding that trial court erred by granting a directed verdict on statute of limitations defense and remanding for a new trial on the statute of limitations only,holding that the statute of limitations is nonjurisdictional and defendant expressly waived it observing in dicta that a statute of limitations defense should be raised no later than the trial,holding that the loss of a statute of limitations defense prejudices a defendant
84,"28 U.S.C. § 2254(d). If, however, the petitioner’s federal constitutional claim was raised in the state courts but remained unresolved, we apply a de novo standard. Lynch v. Ficco, 438 F.3d 35, 44 (1st Cir.2006). Under this standard, Williams’ petition should be granted if he can demonstrate that the erroneously admitted evidence so infused the proceeding with inflammatory prejudice that it rendered a fair trial impossible. Petrillo v. O’Neill, 428 F.3d 41, 44 n. 2 (1st Cir.2005). The Commonwealth contends that Williams’ federal claim was effectively adjudicated by the state court because the Massachusetts Appeals Court applied prejudicial error analysis, a standard that was at least as favorable to Williams as the federal standard. McCambridge v. Hall, 303 F.3d 24, 35 (1st Cir.2002) (<HOLDING>). The Appeals Court found that admission of the",70363,11361,0,case_hold_mc,holding that if a state case explicitly states that the state standard is more favorable to the defendant than the federal standard the federal claim is considered adjudicated below when the state standard is applied,holding that the standard for withholding of removal is more demanding than the standard for asylum,holding that even if the standard for waiver is clear the standard was not met,holding that the standard of proof for dischargeability actions is the preponderance of the evidence standard,recognizing that the federal pleading standard is a less stringent standard than the delaware pleading standard
85,"discretion. Commonwealth v. Collins, 598 Pa. 397, 957 A.2d 237, 272 (2008). As noted, discovery in death penalty collateral proceedings is permissible only upon leave of court, and only for good cause shown. Pa.R.Crim.P. 902(E)(2). “ ‘A showing of good cause requires more than just a generic demand for potentially exculpatory evidence.’ ” Collins, 957 A.2d at 272 (quoting Commonwealth v. Bryant, 579 Pa. 119, 855 A.2d 726, 750 (2004)). We agree with the Commonwealth that Elliott has failed to demonstrate that the PCRA court abused its discretion by denying Elliott’s request for additional discovery. Elliott has not identified any document that was withheld from him that would have been exculpatory, and his claims to the contrary constitute mere speculation. See Hanible, 30 A.3d at 484 (<HOLDING>); Commonwealth v. Carson, 913 A.2d at 261",71223,11494,4,case_hold_mc,holding lack of prejudice to the defendant is not good cause,holding that the government is not required to present exculpatory evidence to the grand jury,holding that record must show that evidence is exculpatory for defendant to establish brady violation,holding that speculation that production of requested documents might reveal exculpatory evidence is insufficient to establish good cause for discovery,holding that conjecture that opportunity to review homicide file might yield exculpatory evidence is inadequate to demonstrate good cause for discovery
86,"court found Seamon’s representation misleading because (1) it did not show accessible curbs when they were near inaccessible ones, and (2) it relied on outdated data. Kirola has not shown that these findings were clearly erroneous either. Finally, the trial record included evidence that the City’s Municipal Transportation Agency provides both public transportation and paratransit services as part of the public right-of-way. Id. at 1205. The paratransit service in particular includes van and taxi service for disabled individuals. Id. The public transportation and para-transit services are the sorts of “other methods” that can satisfy program access even if other particular methods of benefit-ting from the program are inaccessible. 28 C.F.R. § 35.150(b)(1); see Daubert, 760 F.3d at 988 (<HOLDING>). In sum, we conclude that Kirola has not shown",72077,11629,3,case_hold_mc,holding that a high school is not a public forum thus precluding free airing of religious views,holding that where a high school student and the students mother received adequate notice of the charges had sufficient opportunity to prepare for the meeting with school personnel were accorded an orderly hearing and were given a fair and impartial decision no due process violation occurred even though the school failed to provide advance notice that the potential disciplinary actions included a transfer to another school,holding that the public has an interest in having access to factual data from baseball games,holding that high school football games met program access standard where bleachers were inaccessible but other accessible locations provided unobstructed views of the field,recognizing that industrial arts teacher with a nineteenyear clean record at the same high school had a property interest protected by the due process clause in his particular assignment to that same high school
87,"Lee McNair appeals the district court’s order dismissing his civil action without prejudice as frivolous and as barred by the terms of a pre-filing injunction. We have reviewed the record and find no reversible error. Accordingly, we grant leave to proceed in forma pauperis and affirm for the reasons stated by the district court. McNair v. Evan, No. 4:12-cv-00069-FL, 2012 WL 2579338 (E.D.N.C. July 4 & 11, 2012). We dispense with oral argument because the facts and legal contentions are adequately presented in the materials before the court and argument would not aid the decisional process. AFFIRMED. * Generally, orders dismissing complaints without prejudice are interlocutory and not ap-pealable. Domino Sugar Corp. v. Sugar Workers Local Union 392, 10 F.3d 1064, 1066-67 (4th Cir.1993) (<HOLDING>). However, orders dismissing actions or cases",72937,11758,0,case_hold_mc,holding that an order dismissing a complaint without prejudice is a final appealable order only if no amendment to the complaint could cure the defects in the  case internal quotation marks omitted,holding that a dismissal without prejudice is a final order only if no amendment to the complaint could cure the defects in the plaintiffs case,holding that dismissal without prejudice is final appealable order where no amendment to complaint could cure deficiencies identified by district court,holding that when the trial court signed an order dismissing the plaintiffs complaint but refused to enter a final judgment on that order the order refusing to enter judgment was appealable under former ors 190102a,holding that an order dismissing a claim without prejudice is a final appealable order if the statute of limitations for that claim has expired
88,"Modular obtained a release for Poerio — a party Mr. Smith did not sue and against which Mr. Smith’s statute of limitations had run at the time of trial — preserves Modular’s claim for contribution against Poerio. Although this issue has not'been squarely addressed by this Court, the Parke-Davis Court obliquely noted that, as in West Virginia, states which have adopted the Uniform Contribution Among Tortfeasors Act (“UCA-TA”) typically find that a settlement by a joint tortfeasor terminates its right of contribution, “barring a release obtained by the settling tortfeasor that expressly extinguishes any liability against all tortfeasors.” 217 W.Va. at 23, n. 11, 614 S.E.2d at 23, n. 11 (emphasis added); see also Mackey v. Irisan, 191 W.Va. 355, 361 n. 4, 445 S.E.2d 742, 748 n. 4 (1994) (<HOLDING>). Urging the Court to adopt this rule, Modular",73796,11890,4,case_hold_mc,recognizing a right to contribution,recognizing contribution in the appropriate case,recognizing that prior to 1949 when the statute permitting contribution among joint tortfeasors was enacted no right of contribution existed between jointtortfeasors in delaware,holding that contribution will lie where no statute precludes recovery from the joint tortfeasor against whom contribution is sought,recognizing rule in ucata states that where settling defendant settles only his share contribution does not lie but contribution may be had from defendant whose liability was extinguished by joint tortfeasors settlement
89,"on freedom of movement of the degree associated with a formal arrest.” California v. Beheler, 463 U.S. 1121, 1125 [103 S.Ct. 3517, 77 L.Ed.2d 1275] (1983) (per curiam) (emphasis added and internal quotation marks omitted); Berkemer v. McCarty, 468 U.S. 420, 439-40 [104 S.Ct. 3138, 82 L.Ed.2d 317] (1984). Furthermore, this court has held that a restraint on liberty which would constitute a seizure under the doctrine of Terry v. Ohio, 392 U.S. 1 [88 S.Ct. 1868, 20 L.Ed.2d 889] (1968), does not necessarily place the seized person in custody for Miranda purposes. Mcllwain v. United States, 568 A.2d 470, 472-73 (D.C.1989); see Berkemer, supra, 468 U.S. at 439-40 [104 S.Ct. 3138], E.A.H., 612 A.2d at 838 (footnote omitted); see also Morris v. United States, 728 A.2d 1210, 1216 (D.C.1999) (<HOLDING>). As we noted in Mcllwain, “[t]he comparatively",74655,12030,1,case_hold_mc,holding that an applicant who had been detained for 36 hours and suffered a beating by the police but without serious injury had not been persecuted,holding that even if a reasonable person would not have felt free to leave the police station to which morris had been taken for questioning and where he had been for more than four hours and even if morris had thus been detained the restraint was not the equiva lent of a formal arrest and morris was not in custody for miranda purposes when he made an incriminating admission,holding in the context of a prosecution for second degree escape that although defendant was not handcuffed he had nonetheless been placed under arrest had had his liberty restrained in that he was not free to leave and at that point the first step in the process of transporting him to the police station had begun consequently the defendants arrest was complete and he was in custody,holding that accused was not in custody when told he was not under arrest and was free to leave and did in fact freely leave the interview,holding that a person is seized when a reasonable person would have believed that he was not free to leave
90,"CURIAM: Robb M. Harksen appeals the district court’s orders dismissing without prejudice pursuant to 28 U.S.C. § 1915A(b)(1) (2000) his complaint filed under 42 U.S.C. § 1983 (2000), for failure to state a claim. We have reviewed the record and find no reversible error in the district court’s dismissal of Harksen’s due process and access to courts claims. Accordingly, we affirm this portion of the district court’s order for the reasons stated by the district court. See Harksen v. Braxton, No. CA-04-242 (W-D.Va. Oct. 28, 2004); see also Domino Sugar Corp. v. Sugar Workers Local Union 392, 10 F.3d 1064, 1066-67 (4th Cir.1993) (<HOLDING>). With regard to Harksen’s Eighth Amendment",75513,12169,4,case_hold_mc,holding that a dismissal without prejudice is a final order only if no amendment to the complaint could cure the defects in the plaintiffs case,holding that denial of a postconviction motion without prejudice and with leave to amend is not a final appealable order,holding that a plaintiffs voluntary dismissal of his claims with prejudice constituted a final order that was appealable,holding that an order dismissing a complaint without prejudice is a final appealable order only if no amendment to the complaint could cure the defects in the  case internal quotation marks omitted,holding that dismissal without prejudice is final appealable order where no amendment to complaint could cure deficiencies identified by district court
91,"could not accurately enforce this portion of the property settlement agreement, despite testimony from both Mr. and Mrs. Prine that they knew exactly which tools Mr. Prine was to receive under the term “small hand tools” as such term was used in the property settlement agreement. Additionally, the chancellor made no finding as to Mr. Prine’s rights with respect to a “Yamaha 250 four wheel ATV” that Mr. Prine was to receive under the terms of the property settlement agreement, an article of personal property which Mrs. Prine gave away for no consideration after Mr. Prine fled the marital home. ¶ 16. Under these facts I must conclude that the chancellor committed manifest error in attempting to modify the terms of an enforceable property settlement agreement. See Mount, 624 So.2d at 1005 (<HOLDING>). Accordingly, I would reverse the chancellor’s",76206,12280,2,case_hold_mc,holding that the evidence was sufficient for the jury to find that an oral agreement existed and that it was not modified,holding that a settlement agreement is not a court order and therefore a violation of the settlement agreement would not subject a party to contempt,holding that chancellor committed manifest error when he modified property settlement agreement,holding that it was error for the court to enter a modified agreement which materially altered the agreement reached by the parties,holding that the plaintiffs lawsuit which was filed despite a general release in the parties settlement agreement constituted a material breach of the settlement agreement
92,"defendant’s conversion by wrongful act inconsistent with the property rights of the plaintiff; and (3) damages.” In re Emery, 317 F.3d 1064, 1069 (9th Cir.2003) (citing Burlesci v. Petersen, 68 Cal.App.4th 1062, 1065, 80 Cal.Rptr.2d 704 (1998)). One partner can be liable to another for conversion of partnership property. Oakdale Vill. Grp. v. Fong, 43 Cal.App.4th 539, 546, 50 Cal.Rptr.2d 810 (1996), as modified on denial of reh’g, (Apr. 10, 1996). Further, intangible property such as corporate shares and bonds may be the proper subject of a conversion claim. See Am. Bankers Mortgage Corp. v. Fed. Home Loan Mortgage Corp., 75 F.3d 1401, 1411 (9th Cir.1996) (collecting California cases); see also Fremont Indem. Co. v. Fremont Gen. Corp., 148 Cal.App.4th 97, 125, 55 Cal.Rptr.3d 621 (2007) (<HOLDING>). However, more abstract intangible property,",77068,12420,4,case_hold_mc,holding that a calculation of the amount of loss is a factual finding,holding that proof of loss is not evidence of extent of loss and insured is not precluded from showing his damages were greater than shown in proof of loss,holding that it is not,holding insufficiently definite bonus agreement that did not establish amount or method for determining amount of payment,holding that a businesss net operating loss is the proper subject of conversion because it is a definite recordable amount
93,"appellant’s interpretation of the policy. Section B states that appellees will pay, when due, the benefits required. Section C gives appellees the right to investigate and settle all claims, proceedings, or suits. The actions taken by appellees pursuant to section C will determine if appellees are required to pay the benefits discussed in section B. If appellees exercise their rights under the policy in section C to settle a claim, then payment will be required of appellees under section B. There is .no requirement in the policy that appellees obtain the consent of appellant when settling a claim or investigating the merits of a claim, and we are not permitted to write such a clause into the policy. Dear v. Scottsdale Ins. Co., 947 S.W.2d 908, 913-14 (Tex.App.-Dallas 1997, pet. denied) (<HOLDING>), overruled on other grounds by Apex Towing Co.",77928,12553,2,case_hold_mc,holding that an arbitration award involving the appellants challenge to the failure of the insurance company to ensure that he had read and understood a signed waiver and to attach the waiver to the insurance policy as contrary to public policy is not reviewable by the courts because there is no challenge to a provision or term of the policy the appellant never claimed that the waiver or policy language itself was contrary to the public policy of this commonwealth,holding that thirdparty indemnity claims are not premature,holding that when policy gives absolute right to settle thirdparty claims courts are not permitted to engraft any consent requirement onto the policy,holding that injured employee has right to settle with thirdparty tortfeasor claims not covered by minnesota workers compensation act,holding insured relinquished right to sue general liability insurer for breach of contract relative to insurers allegedly improper handling and payment of thirdparty claim by purchasing policy which gave insurer right to settle
94,"In Granato v. City and County of Denver, No. CIV 11-0304 MSK/BNB, 2011 WL 3820730 (D.Colo. Aug. 20, 2011), the Honorable Marcia S. Krieger, now-Chief United States District Judge for the District of Colorado, ruled similarly: At a minimum, a party asserting a Mo-nell claim must plead sufficient facts to identify the unconstitutional custom or policy that was promulgated and the means by which that custom or policy caused the constitutional violation. Here, Ms. Granato’s allegations of an unconstitutional custom or policy maintained by Denver Health are entirely conclusory. She offers only the “formulaic recitation” of a Monell claim, alleging that Mr. Khazanov “act[ed] and/or fail[ed] to act pursuant to City or State policy, custom, decision, ordinance, re d 503, 506-07 (3d Cir.l985)(<HOLDING>). The Court does not believe a pre-determined",78790,12694,0,case_hold_mc,holding that courts are to accept allegations in the complaint as being true including monell policies and writing that a federal court reviewing the sufficiency of a complaint has a limited task,holding that for purposes of a class certification motion the court must accept as true all factual allegations in the complaint and may draw reasonable inferences therefrom,recognizing that the allegations of the complaint must be accepted as true on a threshold motion to dismiss,holding that a court need not accept as true conclusory allegations which are contradicted by documents referred to in the complaint,holding that where the defendant was in default the district court correctly accepted the fact allegations of the complaint as true
95,"n. 7, 713 P.2d at 960 n. 7 (1986) (“Counsel has no right to cast upon the court the burden of searching through a voluminous record to find the ground of an objection. It is counsel’s duty to cite accurately the portions of the record supporting counsel’s position.” (Internal citation omitted.)); Hoang, 93 Hawaii at 336, 3 P.3d at 602 (2000) (“Because the factual basis of [appellant’s] alleged point of error is not part of the record on appeal, this court has no basis upon which to rule on the merits of his claim.” (Citation omitted.)) Even if Appellants’ allegations of fraudulent inducement are taken at face value, they fall short of “clear and convincing” evidence of fraudulent inducement. Honolulu Federal Savings & Loan Ass’n v. Murphy, 7 Haw. App. 196, 202, 753 P.2d 807, 812 (1988) (<HOLDING>). At a more fundamental level, they do not",79647,12825,2,case_hold_mc,holding that a finding of fraud may be reversed only for clear error but that the finding must be judged in view of the clear and convincing burden of proof,holding that despite the lack of a statutory requirement that severe child abuse be shown by clear and convincing evidence due to the consequences of such a finding the clear and convincing standard must be applied,holding that the standard of proving fraudulent inducement with respect to written contracts is extremely high and a written contract will be cancelled only in a clear ease of fraud supported by clear and convincing evidence citations omitted,holding that fraud on the court must be supported by clear unequivocal and convincing evidence,holding clear and convincing standard to prove fraud or fraudulent intent and preponderance of the evidence to prove other elements under  727
96,"evidence was sufficient to support the jury’s determination that the illegal proceeds of wire fraud were thereafter used to promote the carrying on of the illegal scheme as alleged in the money laundering counts of the indictment. The proceeds generated from the underlying wire fraud were, in large part, the income stream that allowed Consortium to continue to maintain the appearance of legitimacy for a number of years. Indeed, the evidence showed that virtually all of the $3.2 million in fees was reinvested into Consortium’s business and expended to maintain the operation. Id. at 928. The Sentencing Guideline 3B1.1, we agree with Ross that using conduct from one group of counts to adjust the offense level of another group of counts without thereafter grouping all the cou 8th Cir.1998) (<HOLDING>); United States v. Hildebrand, 152 F.3d 756,",80504,12972,1,case_hold_mc,holding that 28 usc  2461c authorizes criminal forfeiture of proceeds from general mail fraud via 18 usc  981a1c,holding that a count of 18 usc  1957 money laundering should not be grouped with mail fraud counts under either  3d12b or d,holding that restitution under the victim and witness protection act need not be limited to  the specific amount alleged in the count of mail fraud to which defendant pled,holding that the defendant could be prosecuted for making false claims against the government under either the false claims statute 18 usc  287 or the mail and wire fraud statutes 18 usc  1341 1343,holding that a count of 18 usc  1956 reinvestment money laundering should not be grouped with wire fraud counts under  3d12b
97,"for new trial. 1 . The Honorable Scott O. Wright, United States District Judge for the Western District of Missouri. 2 . In early 1994, Watson was detailed into an ""Acting Building Management Specialist” position. During-his ninety-day detail, he was responsible for maintaining the environment and overseeing service contracts owned and leased by the IRS. The person ultimately selected for the open position, Milling Canon, replaced Watson in the ninety-day detail position. 3 . The only aspect of the district court's partial summary-judgment order addressed in Watson’s appeal is the court’s ruling on his retaliation claim. Thus, we will only consider this portion of the partial summary-judgment order in our analysis. See In re MidAmerican Energy Co., 286 F.3d 483, 487 (8th Cir.2002) (<HOLDING>). 4 . Because Watson offers no argument on",81363,13110,1,case_hold_mc,holding issues not raised in appellate brief are waived,holding that claims not raised in an appellants initial brief to our court are waived,holding that issues not raised in an appellants initial brief are deemed abandoned,holding that issues not argued in initial brief are deemed waived,holding that arguments not raised in the opening brief are waived
98,"v. Fortis Benefits Ins. Co., 116 F.Supp.2d 937, 950-51 (M.D.Tenn.2000). As other circuits have recognized, the treating physician rule is a standard that was developed in the Social Security context requiring the administrative law judge to give deference to the opinions of a claimant’s treating physician when determining the claimant’s eligibility for benefits. See, e.g., Regula, 266 F.3d at 1139; see also Peabody Coal Co. v. Groves, 277 F.3d 829, 833-35 (6th Cir.2002) (applying the “treating physician presumption” in a Black Lungs Benefit case holding that an AL J may place greater weight on the opinion of a claimant’s treating physician than those of non-treating physicians). Several circuits have adopted the treating physician rule in an ERISA context. Regula, 266 F.3d at 1139 (<HOLDING>); Donaho v. FMC Corp., 74 F.3d 894, 901 (8th",82215,13243,4,case_hold_mc,holding that vicarious liability claim against union based on medical malpractice of treating physician is not preempted by erisa,holding that erisa benefits are not property of the estate,holding that an erisa plan administrator is not bound by an ssa disability determination when reviewing a claim for benefits,holding that where a treating physicians opinion is contradicted by a consulting physician the alj must explain on the record the reasons for rejecting the opinion of the treating physician,holding as a matter of first impression that the treating physician rule is applicable in the context of a disability benefits determination under erisa
99,"to cause the U.S. government to overpay (i.e. suffer a direct financial loss to the federal fisc) for equipment to be resold to Saudi Arabia). 61 . Moreover, there is no indication in the legislative history that § 3729(c) was intended to expand the scope of FCA liability to demands for payment from money or property merely in the possession of the United States government. Nor does anything in the legislative history indicate an intent to overrule Cohn. Instead, Congress sought to clarify that the FCA extends to false claims made to states and other grantees of federal funds, overturning certain lower court decisions holding to the contrary. See S.Rep. No. 99-345, at 21 (1986); see also United States ex rel. Totten v. Bombardier Corp. (Totten II), 380 F.3d 488, 494-97 (D.C.Cir.2004) (<HOLDING>). Nowhere does the legislative history suggest",83069,13377,2,case_hold_mc,holding that standing of a qui tam plaintiff under the false claims act requires an injury to the united states,holding that the defendant contractor violated 18 usc  286  a companion statute to the criminal fca  because his claims were false when submitted even though the false claims were ultimately irrelevant to the total amount paid by the government to the contractor,holding that congress may even have been unsuccessful in this regard when those false claims are not ultimately presented to the united states,holding that apparel cleaners submission of false statements of their receipts a percentage of which were to be paid to the united states did not constitute false claims within the meaning of the federal false claims act,recognizing similar problem if fca is applied to claims presented to any federal grantee even if claims are not represented to united states
100,"of the state. Our interpretation today is consistent with previous decisions construing the same phrase. In determining the state departments and agencies that are entitled to sovereign immunity, this Court has never restricted the defense or its waiver to entities with the words “department” or “agency” in their title. Instead, we have held that the terms apply to state political subdivisions and governmental entities, including the Board of Regents of the University System of Georgia and counties. Likewise, we have held that the phrase in the 1991 amendment does not apply to municipalities or local hospital authorities because they are neither the state nor a department or agency of the state. Based on the language and legislative history of the 19 217 Ga. 712 (124 SE2d 733) (1962) (<HOLDING>); State Ports Auth. v. Arnall, 201 Ga. 713 (41",83928,13517,3,case_hold_mc,holding that the but for test applied in a mixed motive case under the national labor relations act,holding that the nlrb was a creditor within the meaning of the code because it had been granted the power to enforce the national labor relations act even though a back pay award was made to individual workers not to the government,holding that a district court may have jurisdiction over action taken by the national labor relations board despite an express statutory finality provision when the agency has acted in excess of its delegated powers and contrary to a specific prohibition in the national labor relations act,holding ports authority was not an employer subject to the jurisdiction of the national labor relations board,holding that two entities were a single employer and therefore that their gross receipts could be totaled together to establish jurisdiction under the national labor relations act
101,"time may have some parallels in a different jurisdictional doctrine. 28 . See Kiobel, 569 U.S. at -, 133 S.Ct. at 1669 (noting that the presumption ""guards against our courts triggering [the] serious foreign policy consequences” that could be raised if ""other nations, also applying the law of nations, could hale our citizens into their courts for alleged violations of the law of nations occurring in the United States, or anywhere else in the world”); Al Shimon, 758 F.3d at 530 (concluding that the case did ""not present any potential problems associated with bringing foreign nationals into United States courts to answer for conduct committed abroad, given that the defendants are United States citizens”); accord Sexual Minorities Uganda v. Lively, 960 F.Supp.2d 304, 322-24 (D.Mass.2013) (<HOLDING>). 29 . For further discussion of authorities",84787,13656,2,case_hold_mc,holding that certain claims could not be a class issue in part because the complaint did not mention the claims,holding state buy american statute unconstitutional because it interfered with federal foreign affairs power emphasizing its effect on foreign commerce,holding that kiobel did not bar ats claims against an american citizen in part because this is not a case where a foreign national is being hailed sic into an unfamiliar court to defend himself,holding that coverage arguably existed under an insurance policy for claims against an employer and employees for an alleged assault and battery of bar patrons and that the insurer had a duty to defend,holding nlra applied to state bank of indias activities in the united states because most employees are american citizens or american residents and the labor dispute centers on the wages to be paid american residents foreign or natural 
102,"was allegedly violated on each date, despite the fact that the EOP contained several different provisions referring to various types of acts. Be cause the Counts in the Complaint merely alleged that Corder “did intentionally or knowingly violate the [EOP] issued in FC-DA No. 05-1-1551 on August 2, 2006[,]” without designating which conduct and sections within the EOP were violated, “the nature and cause of the accusation [could not] be understood by a person of common understanding from a reading of the Complaint itself.” Israel, 78 Hawai'i at 71, 890 P.2d at 308 (internal quotations marks omitted). The Complaint did reference in its caption (as opposed to in the charges) Police Report No. 07-016631 with respect to Count I, Police Report No. 07-021001 with respect t 1078, 1081 (1980) (<HOLDING>). Therefore, the Complaint was defective. II.",85645,13790,0,case_hold_mc,recognizing that the hrpp does not permit a broad and freeranging discovery in criminal cases,holding that a discovery exception to a statute of limitation applies only to the discovery of facts not discovery of the law,holding that discovery under the federal rules of civil procedure is broad in scope and freely permitted,recognizing that the facts that a bill of particulars is discretionary with the judge pursuant to hrpp rule 7a and that other discovery rules are limited in scope might prevent a defendant from discovering the states position,recognizing the fact that a bill of particulars is discretionary with the judge pursuant to hawaii rules of penal procedure hrpp rule 7a and the fact that other discovery rules given to the defendant are limited might prevent a defendant from discovering the states position
103,"evidence that appellant was sometimes delusional, spat on the floor, was angry and irritable toward the hospital staff, had disorganized thought patterns, exhibited rap id mood swings, and that, on the day after she was admitted, appellant wore wet clothes and attempted to disrobe in a common area of the hospital. We have previously held that an expert diagnosis of mental illness, standing alone, is not sufficient to confine a patient for treatment. K.T., 68 S.W.3d at 892; Mezick v. State, 920 S.W.2d 427, 430 (Tex.App.-Houston [1st Dist.] 1996, no writ). Additionally, evidence that merely reflects a patient’s mental illness and need for hospitalization is not sufficient to meet the State’s burden under section 574.034 of the Mental Health Code. See, e.g., K.T., 68 S.W.3d at 892 (<HOLDING>); D.J. v. State, 59 S.W.3d 352, 357",86503,13927,4,case_hold_mc,holding evidence of patients delusion that she was in military and that mail carrier was responsible for her welfare not sufficient to meet required statutory burden,holding evidence of patients psychotic behavior delusions that she had undergone surgery by satellite and had electronics implanted in her not sufficient to meet required statutory burden,holding evidence of patients schizophrenia auditory hallucinations paranoia irritability and refusal to take medication not sufficient to meet required statutory burden,holding that the plaintiffs evidence of pretext which included but was not limited to her supervisors statement that she had enough of the plaintiff going to her supervisor about her was not sufficient to preclude summary judgment,holding evidence of patients delusion that she was pregnant and had sutures in her vagina not sufficient to meet required statutory burden
104,"in Rules 3007 or 7001 appear to require an adversary proceeding simply because a claim of fraud or malpractice is made, absent a claim for affirmative relief. 2. Lack of Standing to Assert Claims In the three circuit court cases, the party raising the malpractice claim had standing to r 234 B.R. 8, 11 (D.Conn.1997) (explaining that 11 U.S.C. § 541(a)(7) expressly provides that any interest in property acquired by the estate after commencement of the bankruptcy, including a cause of action, is considered to be part of the estate). After conversion of a case to chapter 7, the decision to pursue, or not to pursue, a claim belongs to the trustee. 11 U.S.C. § 323; Estate of Spirtos v. One San Bernardino County Superior Court Case Numbered SPR 02211, 443 F.3d 1172, 1176 (9th Cir.2006) (<HOLDING>); Bezanson, 402 F.3d at 265. Costa, not the",87345,14063,2,case_hold_mc,holding that the bankruptcy courts as compared to state courts have exclusive jurisdiction to determine issues of dischargeability under the bankruptcy code,holding claimant waived right to jury trial on claims brought against it on behalf of bankruptcy estate when it submitted its proof of claim against the estate and subjected itself to the equitable powers of the bankruptcy court,holding that the bankruptcy code endows the bankruptcy trustee with the exclusive right to sue on behalf of the estate,holding that the bankruptcy court lacked subject matter jurisdiction over counterclaims asserted by the bankruptcy estate against a creditor where the claim is a state law action independent of the federal bankruptcy law and not necessarily resolvable by a ruling on the creditors proof of claim in the bankruptcy emphasis added,holding that bankruptcy court is without jurisdiction to control disposition of chapter 13 debtors property that is not property of the bankruptcy estate unless the property is related to the bankruptcy proceedings of the code
105,"jurisdictional rule is ciarity.”). By making all actions for the charges on transportation-services contracts subject to the TCA’s three-year filing period, common carriers doing business with the government need not specplate about (among other things) the jurisdictional time frame in which they must file a complaint in federal court. Carriers in Inter-Coastal’s shoes, for example, will know that the ICA’s three-year filing period applies, no.t the filing period governed by the CDA. Our holding today thus has the benefit of establishing the bright-line rule that the Court of Federal Claims itself had established before dicta in Dalton may have cast some uncertainty upon it. See Northeastern Penn., 32 Fed.Cl. at 74-75 & n. 8; see also Scott v. United States, 27 Fed.Cl. 829, 831 (1993) (<HOLDING>); Stapp Towing Co., Inc., 96-2 BCA ¶ 28,293,",88196,14209,2,case_hold_mc,holding that one year limitations period in insurance policy was reasonable and therefore enforceable to shorten the fifteen year statute of limitations for breach of contract,holding statute of limitations period defined in 28 usc  2244d is subject to equitable tolling,holding that the ica threeyear limitations period governs and unequivocally  supersedes the six year limitations period in 28 usc  2501 in cases involving claims for transportation charges,holding that connecticuts threeyear limitations period for tort suits set forth in conn genstat  52577 is the appropriate limitations period for civil rights actions under  1983,holding that in connecticut the general threeyear personal injury statute of limitations period set forth in connecticut general statutes  52577 is the appropriate limitations period for civil rights actions asserted under 42 usc  1983
106,"the information to the “best of its ability.” Def. Br. 25. Alternatively, Commerce claims that this argument is beyond the scope of this proceeding since it is not an issue raised by the Plaintiff. “[IJntervenor is limited to the field of litigation open to the original parties, and cannot enlarge the issues tendered by or arising out of plaintiffs bill.” Torrington Co. v. United States, 14 CIT 56, 57, 731 F.Supp. 1073, 1075 (1990) (citing Chandler & Price Co. v. Brandtjen & Kluge, 296 U.S. 53, 56, 56 S.Ct. 6, 80 L.Ed. 39 (1935)) (granting plaintiffs motion to strike defendant-intervenor’s affirmative defenses because they raised issue of standing not contested by plaintiff and defendant); see also Grupo Indus. Camesa v. United States, 18 CIT 107, 108 (1994) (not reported in F.Supp.) (<HOLDING>). Russel’s claim that Commerce failed to",89054,14344,4,case_hold_mc,holding that even though plaintiffs claim was barred by the cgia because it sounded in tort attorney fees were not appropriate where it was a contract claim that was pleaded and thus a contract claim that was dismissed,holding that the court may consider an article not attached to the complaint in determining whether to dismiss the complaint because the article was integral to and explicitly relied on in the complaint and because the plaintiffs did not challenge its authenticity,holding that as a matter of law claim stated in amended complaint did not relate back to original complaint,holding that the plaintiffs second complaint did not relate back to her first complaint because her second complaint was not an amendment to her first complaint but rather a separate filing,holding that plaintiffintervenors argument was separate from plaintiffs claim because plaintiff did not challenge pertinent statute as unconstitutional even though complaint alleged that itcs determination was not in accordance with law in a number of respects including the following
107,"The specific roles played by each corporate Defendant are also adequately delineated; for example, Transmarketing is alleged to have been a conduit to move funds from Bingham and Tetra to Procida. To borrow from a recent case: Here, the circumstances constituting the fraud — the relationships giving rise to the fiduciary duties owed by [the defendants], the details of the alleged embezzlement, and the concealment — generally are stated with particularity. The complaint alleges, among other things, specific diversions of funds, giving in most eases the approximate dates, amounts and purposes. Thus, Rule 9(b) is satisfied as to the core of the complaint.... Spiro, 876 F.Supp. at 559 (emphasis added); see, e.g., Beth Israel Med. Ctr. v. Smith, 576 F.Supp. 1061, 1070-71 (S.D.N.Y.1983) (<HOLDING>); cf. Carr v. Equistar Offshore, Ltd., No. 94",89907,14483,3,case_hold_mc,holding defendant waived complaint,holding that the plaintiffs second complaint did not relate back to her first complaint because her second complaint was not an amendment to her first complaint but rather a separate filing,holding that the firsttofile rule did not bar complaint involving same defendants where firstfiled complaint did not put government on notice of a separate fraudulent scheme,holding that failure to identify specific dates and contents of mailings was not fatal to complaint where complaint offered detailed description of defendants overall rico scheme,holding that a defendants failure to attach process to its notice of removal was not fatal and did not require remand
108,"opinion notes that the State Board of Registration for the Healing Arts granted Finch a hearing before issuing its order denying him the right to take the examination for licensure prescribed in Section 334.040, supra. At this hearing, Finch introduced evidence of his rehabilitation commensurate with that outlined in the majority opinion. Finch’s previous conviction was never disputed and he was fully aware that it was the “roadblock” to his licensure by the board. In my opinion, the Board afforded procedural due process to Finch, particularly so when measured by the standard expressed by Mr. Justice Goldberg (joined by Mr. Justice Brennan and Mr. Justice Stewart) in his concurring opinion in Willner v. Committee on Character and Fitness, 373 U.S. 96, 83 S.Ct. 1175, 10 L.Ed.2d 224 (<HOLDING>) wherein at pp. 107, 108, at p. 1182 of 83",90762,14616,1,case_hold_mc,holding that amenability hearings must measure up to the essentials of due process and fair treatment,holding that the facts did not measure up to the standard expressed for determining procedural due process,holding that the defendant was denied due process because the procedural rule was not followed in any respect by the trial court,holding failure to raise issue of improper measure of damages in trial court waived review of complaints that proper measure of damages was not submitted to jury and that plaintiff failed to present evidence on the proper measure,holding that in a proceeding to terminate parental rights the preponderance of the evidence standard of proof violates the due process clause and that due process requires at least a clear and convincing evidence standard
109,"106 S.Ct. at 2553. And if plaintiff cannot support each essential element of his claim, summary judgment must be granted because a complete failure of proof regarding an essential element necessarily renders other facts immaterial. Id. at 322-23, 106 S.Ct. at 2552-53. The Court reviews defendants’ motion for summary judgment in light of the forgoing standard. DISCUSSION There is no question in this case of Brod-nicki’s innocence. But, because “[t]he Constitution does not guarantee that only the guilty will be arrested,” Baker v. McCollan, 443 U.S. 137, 145, 99 S.Ct. 2689, 2695, 61 L.Ed.2d 433 (1979), Brodnieki’s innocence is irrelevant to the question of whether there was probable cause for his arrest. Michigan v. DeFillippo, 443 U.S. 31, 36, 99 S.Ct. 2627, 2631, 61 L.Ed.2d 343 (1979) (<HOLDING>). The issue before the Court is whether the",91614,14755,4,case_hold_mc,holding that the burden is on the defendant when the validity of the warrant is challenged,holding that a warrantless arrest does not violate the fourth amendment if at the time of the defendants arrest police had probable cause to believe that an offense has been is being or will be committed,holding that initial illegal detention does not call into question validity of arrest pursuant to valid warrant wjhere the police effectuate an arrest in an illegal manner but nonetheless have probable cause to make the arrest the proper fourth amendment remedy is to exclude only that evidence which is a fruit of the illegality,holding that where an arrest was premised on both legally and illegally obtained evidence the validity of the arrest would depend on whether the untainted information considered by itself establishes probable cause,holding that the validity of the arrest does not depend on whether the suspect actually committed a crime the mere fact that the subject is later acquitted of the offense for which he is arrested is irrelevant to the validity of the arrest
110,"Seminatore, we find these references incidental to the propositions of law for which these cases stand. In reaching this conclusion, we take into consideration that the word “pending” is used once in the Seminatore opinion and, although “pending” is used four times in the Wilke opinion, it is not used at all in the court’s discussion of legal expenses under R.C. 305.14. Notably, neither case involved the reliance on assurances of reimbursement that we must consider here. {¶ 50} It is inconsistent for respondents to stand in the way of proper procedural performance under R.C. 305.14(A) while arguing that relators’ writ of mandamus must fail because the particulars of R.C. 305.14(A) were not followed. See Barrett v. Picker Internatl., Inc. (1990), 68 Ohio App.3d 820, 826, 589 N.E.2d 1372 (<HOLDING>). {¶ 51} Thus, in conclusion, we hold that",92471,14892,0,case_hold_mc,holding that plaintiffs status as thirdparty beneficiaries cannot be used as both a sword to reap the benefits    and a shield to protect them,holding that shareholders lack standing to sue as thirdparty beneficiaries to allegedly breached contract unless the contract indicates the intent to benefit them directly independently of their shareholder status,holding that a firearm could be used both to protect the defendants spouse and to facilitate the defendants drug trafficking crimes,holding that beneficiaries of a trust that signed an agreement with the fhlbb were not in privity or have thirdparty beneficiary status because the government did not make any promises expressly intended to benefit them,recognizing noncontracting parties rights as thirdparty beneficiaries of an insurance contract
111,"68 L.Ed.2d 238 (1981); Carey v. Hume, 492 F.2d 631 (D.C.Cir.1974), cert. dismissed, 417 U.S. 938, 94 S.Ct. 2654, 41 L.Ed.2d 661 (1974); Cervantes v. Time, Inc., 464 F.2d 986 (8th Cir.1972), cert. denied, 409 U.S. 1125, 93 S.Ct. 939, 35 L.Ed.2d 257 (1973); Garland v. Torre, 259 F.2d 545 (2d Cir.), cert. denied, 358 U.S. 910, 79 S.Ct. 237, 3 L.Ed.2d 231 (1958). The California Supreme Court has held that the state constitution enshrines a correlative protection. Mitchell, 37 Cal.3d at 274, 208 Cal.Rptr. at 155, 690 P.2d at 628. The Ninth Circuit has addressed the issue of compelled disclosure of media sources in the context of non-grand jury-criminal proceedings. See, e.g., Farr v. Pritchess, 522 F.2d 464 (9th Cir.1975), cert. denied, 427 U.S. 912, 96 S.Ct. 3200, 49 L.Ed.2d 1203 (1976) (<HOLDING>). In so doing, the Ninth Circuit acknowledged",93328,15031,2,case_hold_mc,recognizing a qualified privilege for confidential sources in a libel suit,holding that pennsylvanias interest in compensating victim of defamation outweighed new yorks interests in protecting free discussion and financial injury to defendant,holding accuseds right to fair trial outweighed newsmans interest in protecting sources and privilege must yield,recognizing that a criminal defendants right to a fair trial is fundamental,recognizing academic privilege but holding plaintiffs need for information outweighed colleges interest in confidentiality
112,"claim first be classified as “an allowed secured claim” within the meaning of Section 1325(a)(5). Under Nobelman and Zimmer, as discussed above, when a creditor is wholly unsecured after application of Section 506(a), the creditor has only an unsecured claim for purposes of Section 1322(b)(2). The creditor is not the holder of a secured claim, and as such, Section 1325(a)(5), which, by its language applies only to secured claims, does not apply to the wholly unsecured creditor. Hill, when considering this issue, reached this very conclusion. After considering many of the same decisions that this court has considered, and after the same analysis of the statutory text that this court has engaged in, the court found that Section 1325(a)(5) “has no applicability to unsecured claims, whi ) (<HOLDING>); In re Frazier, — B.R. -, 2011 WL 1206198, *6",94185,15173,3,case_hold_mc,holding that if  506 does not apply to an allowed claim such claim cannot become a secured claim,holding that the meaning of allowed secured claim in  506a does not determine the meaning of allowed secured claim in  506d,holding that the words allowed secured claim in  506d refer to a claim that is secured by a lien and allowed under  502,holding that if claim is not an allowed secured claim pursuant to section 506a by its terms section 1325a5b is inapplicable,holding that where there was no value in the collateral to secure the claim after application of section 506a creditor did not hold a secured claim and therefore lacked basis for asserting rights under 11 usc  1325a5
113,"Trust has $72,741 that may be used to fund this litigation, because the money in the Residence Trust to which the Revocable Trust’s beneficiaries are entitled, however much that may ultimately be, will be added to the Revocable Trust; (3) Mr. Alvord has provided no evidence other than his own representation to show that the beneficiaries are incapable of financing the litigation on their own, nor has he made a credible showing that the Revocable Trust funds are insufficient to fully litigate this matter; and (4) should the funds in the Revocable Trust be exhausted, Mr. Alvord can seek to have the injunction modified. We agree with the trial court’s analysis with respect to the balance of harm and find no error. Cf. Fed. Sav. & Loan Ins. Corp. v. Dixon, 835 F.2d 554, 565 (5th Cir.1987) (<HOLDING>). III. Conclusion For the foregoing reasons,",95045,15312,0,case_hold_mc,holding that the burden however will be on the defendant to satisfy the court that he can secure the services of an attorney only if assets subject to the freeze order are released,holding that a suspect must be warned prior to any questioning that he has the right to remain silent that anything he says can be used against him in a court of law that he has the right to the presence of an attorney and that if he cannot afford an attorney one will be appointed for him prior to any questioning if he so desires,holding that the burden is on the plaintiff,holding that a silent defendant has the burden to satisfy the plainerror rule,holding forfeited theories will be reversed on appeal only if the appellant can satisfy the plain error standard
114,"of attempted murder: 1) a person, 2) with the specific intent to cause the death of another, 3) does an act amounting to more than mere preparation, 4) but fails to effect the death of the other individual. See Tex. Penal Code Ann. §§ 15.01(a); 19.02(b); Jeffley, 938 S.W.2d at 517; Palomo, 925 S.W.2d at 332. The charge given to the jury did not expressly include the words “attempt to cause the death” of Williams. However, the word “attempt” was not required because the entire paragraph is a description of the elements of “attempt.” The language “with the intent to commit the murder of Alberta Williams” was sufficient to satisfy the requirement that the charge include the culpable mental state of the attempted felony. See, e.g., Ex parte Bartmess, 739 S.W.2d 51, 53 (Tex.Crim. App.1987) (<HOLDING>). Additionally, we find no error in the",95903,15457,1,case_hold_mc,holding that intent is a separate element and evidence relating to intent is irrelevant to determining whether an object is a criminal instrument,holding under section 1902a1 specific intent required as an element of section 1501 is the intent to cause the death of an individual,holding that specific intent is an element of attempted illegal reentry,holding defendant must act with specific intent to cause death of another in order to be convicted of attempted murder,holding intent as an essential element to an invasion of privacy by intrusion and not listing intent as a required element of invasion of privacy by publication
115,"to IGRA. For the following reasons, plaintiffs other claims against the state defendants are also dismissed. 1. State of Kansas and Kansas State Gaming Agency a. Eleventh Amendment Immunity The State and the KSGA contend the Eleventh Amendment to the United States Constitution bars suits for damages in federal court against a state or a state’s agencies. It is well settled that, in the absence of consent, the Eleventh Amendment to the United States Constitution prohibits the State of Kansas or one of its agencies from being sued in federal court. See Ambus v. Granite Bd. of Educ., 975 F.2d 1555, 1560 (10th Cir.1992)(citing Edelman v. Jordan, 415 U.S. 651, 662-63, 94 S.Ct. 1347, 39 L.Ed.2d 662 (1974)); Reiger v. Kansas Pub. Employees Retirement Sys., 755 F.Supp. 360, 361 (D.Kan.1990)(<HOLDING>). This principal holds true regardless of the",96756,15601,2,case_hold_mc,holding that state agencies are treated as states under the eleventh amendment,holding that eleventh amendment bars federal suits against state courts,holding the eleventh amendment bars suits in federal court against the state of kansas or one of its agencies,holding that the eleventh amendment bars retrospective declaratory relief against state officials,holding that the eleventh amendment bars blyshrl and nychrl claims against a state agency in federal court
116,"defendant failed to take reasonable care or that the harm that occurred was foreseeable. Id. at 708-09. The court adhered to that reasoning in Chartrand v. Coos Bay Tavern, 298 Or 689, 696 P2d 513 (1985), when it recognized that the plaintiff could proceed on both a common-law negligence theory and on a theory that the defendant had violated a statute prohibiting service of alcoholic beverages to a visibly intoxicated patron. The court explained: “Thus, a plaintiff protected by such a statute need not resort to any concepts of negligence. Negligence is irrelevant. The sole question is whether the defendant engaged in acts prohibited by the statute and whether the violation of the statute resulted in injury.” Id. at 696; see also Davis v. Campbell, 327 Or 584, 592, 965 P2d 1017 (1998) (<HOLDING>) (citation omitted); Gattman v. Favro, 306 Or",97612,15739,0,case_hold_mc,holding that the commonlaw standard for negligence says nothing about whether the legislature intended that legal standard to apply to a statutory claim under the rlta,holding that the standard of review for the sufficiency of the evidence is the same as the standard for denying a motion for a directed verdict,holding that the standard of proof for dischargeability actions is the preponderance of the evidence standard,holding that even if the standard for waiver is clear the standard was not met,holding that the standard for a motion for judgment on the pleadings is the same as the standard for a motion to dismiss
117,"that “[t]he patient is to be brought directly to a room if one is available” and that “[t]hey are not intended to delay physician evaluation.” The Triage Guidelines were clearly intended to allow a nurse to initiate testing before a physician’s examination; they did not apply when a patient saw a doctor promptly and did not specify specific steps for the doctor to follow when he or she saw a patient. T was undisputably able to see a doctor promptly, he saw Haynes twenty minutes after he arrived in the emergency room. Even if we accept the Guzmans’ argument that the Triage Guidelines were part of Memorial’s screening policy, Memorial could not have violated the Triage Guidelines because they did not apply to T. Cf. Fraticelli-Torres v. Hosp. Hermanos, 300 Fed.Appx. 1, 3 (1st Cir.2008) (<HOLDING>). The Guzmans did not raise a genuine issue of",98470,15881,1,case_hold_mc,holding that a company providing administrative purchasing and financial services to a hospital was not a hospital and thus could not be held directly liable under emtala,holding that hospital did not violate emtala by failing to follow a thrombolysis protocol because by its very terms the protocol was not expressly applicable to patients in the er,holding that emtala applies to any and all patients,holding that because the trial court did not abuse its discretion in finding the expert report adequate as to the vicarious liability claim against the hospital based on the actions of the doctors plaintiffs suit against the hospital including her claim that the hospital was vicariously hable for the actions of its nurses could proceed,holding that because the contract between the hospital and the health insurance company had a hold harmless provision which stated the hospital would not bill or hold insurance subscribers liable for any hospital expenses covered by the subscribers insurance contract and all expenses from the patients treatment for the automobile accident were covered in such contract there was no debt upon which the hospital could assert a lien pursuant to the states hospital lien statute
118,"1213 (Fla.1990) (“ ‘[0]nce damages are liquidated, prejudgment interest is considered an element of those damages as a matter of law, and the plaintiff is to be made whole from the date of the loss.’ ’’)(quoting Kissimmee Util. Auth. v. Better Plastics, Inc., 526 So.2d 46, 47 (Fla.1988)). The trial court should not view Section XXI of the lease as operating to limit the Department’s liability to an amount equal to six months’ rent. The Department did not assert Section XXI as a defense and, thus, its applicability was never argued below. While Section XXI of the lease may have been applicable under the facts of this case, it was not for the trial court to invoke a defense the Department failed to raise. See Fed. Nat’l Mortgage Ass’n v. Blocker, 728 So.2d 306, 307 (Fla. 1st DCA 1999) (<HOLDING>). Also, we direct the trial court to carefully",99329,16027,0,case_hold_mc,holding that it is error to grant relief that was not requested noticed nor litigated by any party,holding because the district court refused to grant plaintiff reinstatement or any other injunctive relief the damage award was neither incidental to nor intertwined with any other relief,holding that any error was harmless and thus not plain error,holding that where the final judgment provided relief that was not requested  its entry constituted reversible error,holding that it is not
119,"relevant factor. In the I & D Memo, Commerce dismissed consideration of the appraisals because they were not “timely”, as they were completed just one week before the asset purchase agreement was signed and as part of a regulatory package to obtain state approval of the transaction. I & D Memo at 134-35. Though the timing of the appraisals could be a factor for Commerce to consider in weighing the probity of the appraisals and the impact of the appraisals on the negotiated price, Commerce may not unreasonably disregard important, relevant evidence of FMV, such as the outside valuations, solely because it is unclear what the role was of the particular valuations. See Motor Vehicle Mfrs. Ass’n v. State Farm Mut. Auto. Ins. Co., 463 U.S. 29, 43, 103 S.Ct. 2856, 77 L.Ed.2d 443 (1983) (<HOLDING>); SKF USA Inc. v. United States, 630 F.3d 1365,",100187,16176,1,case_hold_mc,recognizing these five factors,recognizing that an agency may not ignore relevant factors or considerations,holding that such factors may constitute a substantial burden,holding that only relevant factors must be considered,recognizing same factors
120,"and that he relied on the informant’s statements that he purchased the drug from Banks. The informant did not appear at the May 2013 hearing, and neither the officer nor counsel for the Government knew of his whereabouts. The revocation hearing resumed in June 2013. Based on the officer’s hearing testimony, the district court revoked Banks’ supervised release and sentenced him to five months’ imprisonment and nineteen months of supervised release. On appeal, Banks argues that the district court improperly relied on evidence admitted in violation of Fed. R.Crim.P. 32.1(b)(2)(C) (providing that a releasee “is entitled to ... question any adverse witness unless the court determines that the interest of justice does not require the witness to appear”) and Dos-well, 670 F.3d at 530-31 (<HOLDING>) in revoking his supervised release.",101043,16322,0,case_hold_mc,holding that the rule requires a district court to balance the releasees interest in confronting an adverse witness against any proffered good cause for denying confrontation prior to admitting hearsay evidence in a revocation hearing and emphasizing that reliability is a critical factor in the balancing test,holding that judges may consider any relevant evidence bearing some substantial indicia of reliability including reliable hearsay in a probation revocation hearing,holding that the district court did not err in relying on hearsay evidence where the government offered reasons why its hearsay evidence had indicia of reliability and the court considered the reliability of the evidence in deciding the weight to give the hearsay evidence,holding that it was reversible error for a district court to fail to applying a balancing test before admitting oral hearsay testimony recounting a third partys allegations of sexual assault by the probationer,recognizing that statements admissible under an exception to the hearsay rule may be inadmissible when tested against the confrontation clause  because confrontation clause analysis differs from hearsay rule analysis
121,"deported after being convicted for “a drug trafficking offense for which the sentence imposed exceeded 13 months.” U.S.S.G. § 2L1.2(b)(l)(A)(i). In determining whether a prior conviction qualifies as a “drug trafficking offense” under the Sentencing Guidelines, this court again utilizes the categorical approach. See, e.g., Valdavinos-Torres, 704 F.3d at 691. Section 11379 does not qualify as a drug trafficking offense for purposes of U.S.S.G. § 2L1.2(b)(l)(A)(i) under the categorical approach. United States v. Navidad-Marcos, 367 F.3d 903, 907-08 (9th Cir.2004). Under the modified categorical approach, however, a Section 11379 conviction for the sale of amphetamine does qualify as a drug trafficking offense. See United States v. Corona-Rivera, 503 Fed.Appx. 500, 502 (9th Cir.2012) (<HOLDING>), cert. denied, — U.S. —, 133 S.Ct. 2040, 185",101888,16453,0,case_hold_mc,holding that the defendants conviction for the sale of marijuana in violation of california health  safety code  11360a was a drug trafficking offense within the meaning of ussg  2l12,holding that the amendment of the indictment was permissible under the statutory predecessor to code  192231 because the amendment did not within the meaning of the statute change the nature of the offense charged in the original indictment,holding that the position of  alltime health officer for a county was not an office within the meaning of section 1467 of the code of 1907,holding that an assignment or sale of rights in the invention and potential patent rights is not a sale of the invention within the meaning of section 102b,holding that a state is not a person within the meaning of  1983
122,"their own courts,’ even when the controversy is governed by substantive federal law.... [H]owever, where state courts entertain a federally created cause of action, the ‘federal right cannot be defeated by the forms of local practice.’ ” Rosenthal, 926 P.2d at 1069. See also Collins v. Prudential Ins. Co., 752 So.2d 825, 828-30 (La.2000) (stating that “provisions of § 16 of the FAA governing the timing of appeals are procedural in nature and ... states are free to follow their own procedural rules regarding appeals, unless those rules undermine the goals and principles of the FAA,” but holding that under Louisiana law no right to an immediate appeal of an order compelling arbitration existed); Atlantic Painting & Contracting Inc. v. Nashville Bridge Co., 670 S.W.2d 841, 846 (Ky.1984) (<HOLDING>); Weston Sec. Corp. v. Aykanian, 46",102743,16577,3,case_hold_mc,holding that the party seeking to vacate the award has the burden of providing the court with the evidence to support its arguments,holding that under the faa  10a arbitration panels refusal to continue hearings to allow witness to testify the only witness with evidence of fraud not found from other sources was fundamental unfairness and misconduct sufficient to vacate the award,holding in the analogous context of a motion to vacate an arbitration award under 9 usc  12 that pjlaintiffs were required to serve notice through the united states marshal and that because the notice requirement expressly addresses the manner of serving notice of motion to vacate   the federal rules of procedure  relating to service are inapplicable,holding that the three month limitation of faa  12 on a motion to vacate an award did not apply to a state court motion to vacate because the procedural aspects of the faa are confined to federal cases,holding section 10 of faa is procedural and does not preempt state common law
123,"among these requirements, “they remain distinct concepts and the courts must take care not to conflate them.” Id. The proponent of expert testimony bears the burden at trial to establish these elements of admissibility. Id. However, a party moving in limine under Daubert to preclude testimony by his opponent’s expert must first make a threshold showing sufficient to indicate that his adversary will be unable to meet his burden at trial with regard to the testimony. See Gottstein v. Flying J, Inc., 2001 WL 36102297, at *1 (N.D.Ala. Aug. 22, 2001); see also Andrew I. Gavil, Defining Reliable Forensic Economics in the Post-Daubert/kumho Tire Era: Case Studies from Antitrust, 57 Wash. & Lee L.Rev. 831, 849 & n.76 (2000); cf. Clark v. Coats & Clark, Inc., 929 F.2d 604, 608 (11th Cir.1991) (<HOLDING>). As to the first element, the Eleventh Circuit",103591,16713,3,case_hold_mc,recognizing that the burden of proof is an essential element of the claim itself and that one who asserts a claim has the burden of proof that normally comes with it,holding that the moving party need not support its motion with affidavits or other evidence if the nonmovant will bear the burden of proof at trial,holding that once the moving party meets its burden the nonmoving party is obliged to produce evidence in response,recognizing that even where a party has the burden of proof at trial that party need not produce proof supporting his claim in response to a motion for summary judgment unless the movant has first presented evidence that would negate an element of the nonmovants claim or indicates that the nonmovant will be unable to meet his burden at trial it is never enough simply to state that the nonmoving party cannot meet its burden at trial,holding that to survive a motion for summary judgment a party must make a showing sufficient to establish the existence of an element essential to that partys case and on which that party will bear the burden of proof at trial
124,"See, Trial Court Memorandum Order and Non-Jury Verdict, 6/26/01, at 6-7. The court found that because of its “true motivation,” Sun did not inspect Conomos’s work in good faith. See, id. The record reflects that following Conomos’s cessation of work, Sun granted the incomplete segments of the job to the next highest bidder, MP Industries. Id. at 4. It shows that MP had similar difficulties in satisfying Sun’s foreman, and a mediator stepped in and determined that MP’s work was acceptable. Id. ¶20 When an obligation necessary to Conomos’s enjoyment of the contract is not expressly provided but implied as a necessary implication of the contract, Sun’s good faith performance is necessary to satisfy the implied obligation. Sun’s lack of good faith performance, A.2d 247, 256 (1986) (<HOLDING>); Amoco Oil Co. v. Burns, 268 Pa.Super. 390,",104451,16855,4,case_hold_mc,holding that an insurer has a duty to act with the utmost good faith towards its insured,holding that parties to contract have an implied obligation to put forth a good faith effort to fulfill the conditions of the contract,holding that res judicata properly barred claims based on an employers decision to terminate an employee because the termination was not a fresh act of discrimination rather it was the same decision not to allow the employee to return to work that the employee had challenged previously,holding that if a direct supervisor who had the responsibility to stop harassment knew of and failed to act against it the plaintiff has no further obligation to bring it to the employers attention,holding that an employers obligation to an employee to act in good faith extends only to the performance of those contractual duties it has chosen to assume
125,"need not exhaust the procedures set forth in 20 U.S.C. § 1415 where resort to the administrative process would be either futile or inadequate.” Id. at 1303; see also Honig, 484 U.S. at 327, 108 S.Ct. 592; Kerr Ctr. Parents Ass’n v. Charles, 897 F.2d 1463, 1470 (9th Cir.1990). Here, the Porters exhausted California’s due process procedure regarding their initial complaint, receiving a SEHO order in their favor. Neither they nor the MBUSD appealed that order to a court of competent jurisdiction. Accordingly, the order was final and binding under the IDEA and state law. 20 U.S.C. § 1415(i)(l)(A); Cal. Educ.Code § 56505(g), (i). There is no dispute that the IDEA required the implementation of the final decision of the SEHO. See Robinson v. Pinderhughes, 810 F.2d 1270, 1274 (4th Cir.1987) (<HOLDING>); see also Jeremy H. v. Mount Lebanon Sch.",105301,16992,1,case_hold_mc,holding that this court will not substitute its judgment for that of the administrative fact finder who heard the testimony and was in a position to evaluate the credibility of witnesses because evidence is weighed by the administrative agency and not by the courts,holding that ideas procedural requirements can only be fairly construed to contemplate that once a final favorable administrative decision has been gained by a plaintiff the state will carry out that decision although it may have opposed the position of the plaintiff in the administrative proceedings,holding that for the administrative position of the government to be substantially justified it must have a reasonable basis both in law and fact,holding that to have standing a plaintiff must establish an injury in fact a casual connection between the injury and that the injury will be redressed by a favorable decision,holding that in order to establish standing a plaintiff must show 1 it has suffered an injury in fact  2 the injury is fairly traceable to the challenged action of the defendant and 3 it is likely as opposed to merely speculative that the injury will be redressed by a favorable decision
126,"202, to determine whether New York or North Carolina law applies. See Arneil v. Ramsey, 550 F.2d 774, 779 (2d Cir.1977); Gorlin v. Bond Richman & Co., 706 F.Supp. 236, 239 (S.D.N.Y.1989). CPLR 202 requires the Court to apply the shorter of the two applicable statutes of limitation, because Barnett is not a New York resident. The North Carolina period of limitations for contract actions is three years, which is shorter than New York’s six year period. See N.C.Gen. Stat. § 1-52(1). The accrual of a claim under ERISA is determined by federal law. Tolle v. Carroll Touch, Inc., 977 F.2d 1129, 1138 (7th Cir.1992); Smith v. Rochester Tel. Bus. Marketing Corp., 786 F.Supp. 293, 306 (W.D.N.Y.1992), aff'd, 40 F.3d 1236 (2d Cir.1994); see also Keating v. Carey, 706 F.2d 377, 382 (2d Cir.1983) (<HOLDING>). A claim for benefits under ERISA accrues when",106156,17133,3,case_hold_mc,holding that federal law determines definition of executory contract but that state law determines whether a material breach of the contract could occur,holding that federal courts sitting in diversity should apply state law that determines the outcome of the case,holding that while state law determines the existence of a claim federal law determines when a claim arises for bankruptcy purposes,holding for  1983 actions that although state law determines the limitations period federal law determines when the claim arises,holding that state law determines when an interest is perfected when interpreting the preference avoidance provision of the bankruptcy act
127,"further hold that the district court did not commit any procedural error or abuse its discretion by imposing an unreasonable sentence. See Gall v. United States, 552 U.S. 38, 51, 128 S.Ct. 586, 169 L.Ed.2d 445 (2007) (assuming sentencing decision is procedurally sound, appellate court considers substantive reasonableness of sentence under abuse-of-discretion standard); United States v. Stults, 575 F.3d 834, 849 (8th Cir.2009) (sentence was not unreasonable where record reflected that district court made individualized assessment based on facts presented and specifically addressed defendant’s proffered information in its consideration of sentencing factors), cert. denied, — U.S.-, 130 S.Ct. 1309, — L.Ed.2d - (2010); United States v. Feemster, 572 F.3d 455, 461 (8th Cir.2009) (en banc) (<HOLDING>). Having reviewed the record independently",107014,17277,2,case_hold_mc,holding district court committed no significant procedural error despite departing downward from the guideline range for multiple reasons without explaining the weight it was attributing to each reason,recognizing that a party has not preserved a claim of procedural error if the party did not raise it in a manner sufficient to alert the district court to the specific error,holding that reviewing court first ensures that district court committed no significant procedural error then considers substantive reasonableness of sentence describing factors demonstrating procedural error,holding that a reviewing court must first ensure that the district court committed no significant procedural error,holding that the district court committed procedural error by failing to provide an indication of what facts it relied on to make a significant variance from the advisory guidelines range
128,"idea. 6 . As a preliminary matter, we note that counsel for Lower Merion has submitted a letter pursuant to Federal Rule of Appellate Procedure 28(j), in which he contends that the Supreme Court's decision in Kimel v. Florida Board of Regents, U.S. -, 120 S.Ct. 631, 145 L.Ed.2d 522 (2000) renders the ADEA inapplicable to Lower Merion. This contention is meritless. In Kimel, the Supreme Court held ""only that, in the ADEA, Congress did not validly abrogate the States’ sovereign immunity to suits by private individuals.” Lower Merion, however, is not a state or an arm of the state for Eleventh Amendment purposes and therefore is not entitled to sovereign immunity. See Lester H. v. Gilhool, 916 F.2d 865, 870-71 (3d Cir.1990) cert. denied, 499 U.S. 923, 111 S.Ct. 1317, 113 L.Ed.2d 250 (1991)(<HOLDING>)(citing Mt. Healthy City School Dist. Bd. of",107869,17399,1,case_hold_mc,recognizing application of sovereign immunity to school districts,holding that school districts do not share in the commonwealth of pennsylvanias eleventh amendment sovereign immunity because they are not alter egos of the commonwealth,holding that school boards in alabama counties were not arms or alter egos of the state for purposes of eleventh amendment immunity,holding that pennsylvanias judicial districts are entitled to immunity from suit under the eleventh amendment,holding that the commission is a commonwealth agency entitled to sovereign immunity
129,"(Breyer, J., concurring in part). See also Nixon v. Shrink Missouri Government PAG, 528 U.S. 377, 402 (2000) (Breyer, J., concurring). I would ask whether the statutes strike a reasonable balance between their speech-restricting and speech-enhancing consequences. Or do they instead impose restrictions on speech that are disproportionate when measured against their corresponding privacy and speech-related benefits, taking into account the kind, the importance, and the extent of these benefits, as well as the need for the restrictions in order to secure those benefits? What this Court has called “strict scrutiny” — with its strong presumption against constitutionality — is normally out of place where, as here, important competing constitutional interests are implicated. See ante, at 518 (<HOLDING>); ante, at 533 (“important interests to be",108728,17542,4,case_hold_mc,recognizing possible conflict between the cases,recognizing conflict between circuits,recognizing conflict,recognizing the conflict,recognizing conflict between interests of the highest order
130,"that the onset of ADEM symptoms is usually rapid, but argues that an onset of four weeks after the vaccination is nevertheless “within the generally acceptable onset.” Id. at 9-10. Additionally, petitioner disputes respondent’s argument that the severity of petitioner’s symptoms was inconsistent with symptoms typically caused by ADEM. Id. at 10-12. Finally, petitioner argues that even if petitioner’s protracted course of injury was atypical, it was still within the acceptable range for ADEM. Id. at 12-18. As explained in the preceding section, petitioner has the burden of establishing, by the preponderance of the evidence, that she actually suffers from the specific injury she alleges was caused by the vaccination. Hibbard, 698 F.3d at 1365; see also Broekelschen, 618 F.3d at 1349 (<HOLDING>); Lombardi, 656 F.3d at 1553 (holding that",109584,17668,0,case_hold_mc,holding that petitioner must establish that she suffers from a vaccinerelated injury not merely a symptom or manifestation of an unknown injury,holding that when an employee suffers an injury from an unexplained fall while the employee is on the job and performing the duties of his employment that injury is eligible for compensation under the workers compensation act,holding that to have standing a plaintiff must establish an injury in fact a casual connection between the injury and that the injury will be redressed by a favorable decision,holding that in order to establish standing a plaintiff must show 1 it has suffered an injury in fact  2 the injury is fairly traceable to the challenged action of the defendant and 3 it is likely as opposed to merely speculative that the injury will be redressed by a favorable decision,holding that because fact of injury was a distinct question from quantum of injury common proof could establish classwide injury even though amount of damage to each plaintiff was uncertain
131,"aff'd, 683 So.2d 1042 (Ala.1996), cert. denied, 520 U.S. 1171, 117 S.Ct. 1438, 137 L.Ed.2d 545 (1997), quoting Ex parte Wilson, 571 So.2d 1251, 1261 (Ala.1990). In Brooks v. State, 695 So.2d 176 (Ala.Cr.App.1996), aff'd, 695 So.2d 184 (Ala.), cert. denied, 522 U.S. 893, 118 S.Ct. 233, 139 L.Ed.2d 164 (1997), this Court stated: “[A] prosecutor has the right to indicate to the jury those parts of the evidence or testimony presented by the State that the defense has failed to contradict; that process is not an infringement of the defendant’s Fifth Amendment privilege against self-incrimination. Duncan v. Stynchcombe, 704 F.2d 1213, 1215-16 (11th Cir.1983); Ex parte McWilliams, 640 So.2d 1015 (Ala.1993); Griffin v. State, 393 So.2d 523, 528 (Ala.Cr.App.1981).” 695 So.2d at 180 (<HOLDING>). “ ‘ “A prosecutor’s statement that the",110436,17799,2,case_hold_mc,holding that it was permissible for prosecutor to comment on the general failure of the defense to produce any evidence,recognizing the right of a defendant to comment upon the failure of the state to produce evidence,holding that comment by prosecutor in closing argument that defense counsel did not produce evidence of the defendants innocence was not a comment on the defendants failure to testify,holding the prosecutors statements were not an inappropriate comment on the defendants failure to testify but rather a comment on the defendants failure to present convincing evidence to support his defense,holding a prosecutor may not comment on a defendants silence
132,"is narrowly crafted to get to the heart of the motion for summary judgment without allowing a lot of potentially unnecessary discovery. Montoya has said he did not show Wilks or Armijo his computer screen, or tell them Todd’s crimes; if Wilks says othexwise, there will likely be a genuine issue of fact requiring .the Court to deny the motions and allow the parties to proceed to trial. It seems fundamentally unfair to dismiss Todd’s case when a deposition of Wilks may make his case. Further, this deposition will not burden any government employees or entities. Accordingly, the Court finds that this limited discovery falls within the exceptions to disallowing discovery once the defense of qualified immunity has been raised. See Garrett v. C.A. Stratmen [Stratman], M.D., 254 F.3d at 953 (<HOLDING>). The Court does not believe this one",111278,17932,2,case_hold_mc,holding that as a general rule interlocutory trial court orders rejecting defenses of common law sovereign immunity governmental immunity public official immunity statutory immunity or any other type of immunity are not appealable under the maryland collateral order doctrine,holding that where defendant claiming qualified immunity relies on facts that are in dispute qualified immunity cannot be granted,recognizing that a discovery order in the context of qualified immunity is not immediately appealable when the defendants immunity claim turns at least partially on a factual question when the district court is unable to rule on the immunity defense without further clarification of the facts and which are narrowly tailored to uncover only those facts needed to rule on the immunity claim are neither avoidable or overly broad,holding that qualified immunity is not merely immunity from damages but also immunity from suit,holding that defendants are not entitled to qualified immunity
133,"to restore a sense of fairness to lost-chance cases. A purely prospective application of Scafidi would clearly frustrate that purpose. VI Also at issue is whether the trial court erred in refusing to give the jury an ultimate outcome charge. See Roman v. Mitchell, 82 N.J. 336, 413 A.2d 322 (1980). Defendant does not contest the proposition that in cases governed by Scafidi an ultimate outcome charge is generally appropriate. Instead, he asserts that any error in not giving the charge was harmless. We disagree. The primary justification for giving a jury an ultimate outcome charge is that it informs the jury about the impact of its decision. In Roman, supra, we stated “that a jury in a comparative negligence situation should be given an ultimate out . 518, 485 A.2d 338 (Law Div.1984) (<HOLDING>). In Scafidi, we acknowledged that the jury’s",112128,18072,4,case_hold_mc,holding that jury not required to award noneconomic damages merely because it has awarded economic damages,holding that where the courts instructions caused a jury to consider erroneous criterion of liability plaintiff was prejudiced and new trial was warranted,holding that the seventh amendment does require that the jury also be allowed to determine the amount of any punitive damages awarded,holding that when a plaintiff files suit alleging that multiple tortfeasors are responsible for the plaintiffs injury any settlements are to be credited against the amount for which the liable parties as a whole are found responsible but for which only the nonsettling defendant remains in court,holding that ultimate outcome charge which would inform jury that any damages awarded to plaintiff in personal injury action would be molded to reflect only that percentage of liability which jury attributes to nonsettling defendant was warranted
134,"IS TEMPORALLY REMOTE FROM ALLEGED WHISTLEBLOWING Plaintiffs claim has a serious temporal problem: he alleges that he was not reappointed in late 2007 for events that took place in late 2003 and early 2004. Our courts have taken pains to stress that the length of time between an alleged whistleblowing and an adverse employment action is not dispositive of retaliation— when those two events are close in time (i.e., days, weeks, or a few months apart). If whistleblowing and retaliation that occur close in time are not sufficient to find causation under the WPA, whistleblowing and retaliation that occur far apart in time are certainly not sufficient to support causation — and, in fact, weigh against finding causation. See Fuhr v Hazel Park Sch Dist, 710 F3d 668, 675-676 (CA 6, 2013) (<HOLDING>). Here, there is an enormous temporal gap",112985,18215,0,case_hold_mc,holding in the context of a title vii retaliation claim that a twoyear gap between the plaintiffs protected activity and the claimed retaliatory act proves fatal to plaintiffs assertion that there is a causal connection,holding that failure to demonstrate a causal connection is fatal to a  1983  cause of action,holding that there must be a causal connection between the advertising activity and the injury alleged in the underlying complaint,holding that a temporal proximity of one month between the plaintiffs protected activity and adverse employment action was sufficient to establish a causal connection,holding that a plaintiff bringing a retaliation claim under title vii must establish a prima facie case of retaliation by showing that she engaged in a protected activity that she was subjected to an adverse employment action by her employer and that there was a causal link between the two
135,"law. Courts were unwilling to recognize a common law cause of action against purveyors of intoxicating beverages because, as a matter of law, consumption, rather than the furnishing of alcohol, was considered the proximate cause of the ultimate damages. See Haafke, 347 N.W.2d at 384; Snyder v. Davenport, 323 N.W.2d 225, 226 (Iowa 1982). Thus, dram shop statutes were enacted to enable tort plaintiffs to bridge the proximate cause gap between the sale of an intoxicating beverage and the subsequent injury or damage caused by the intoxicated patron. In exchange for this new claim, the legislature mandated that liquor purveyors were strictly liable and carefully prescribed the means by which liability may be ascertained. Snyder, 323 N.W.2d at 227. The statute limits recovery for injuri 984) (<HOLDING>); Bauer v. Dann, 428 N.W.2d 658, 661 (Iowa",113834,18356,0,case_hold_mc,holding tavern employees could be held liable for negligently furnishing alcohol to a patron in violation of a criminal statute or ordinance,holding proprietor of a tavern was not liable to officer who sustained injuries caused by a patron while the officer was attempting to make an arrest,holding that employer who failed to take remedial action could be held liable for sexual harassment of employee by subcontractors employees,holding that tavern will be held liable for serving alcohol to visibly intoxicated patron who then foreseeably becomes involved in a motor vehicle accident,holding tavern owner not liable for injuries sustained when intoxicated patron assaulted a police officer
136,"effects never can be proven with certainty, the issue becomes whether the instruction had “a substantial propensity for prying individual jurors from beliefs they honestly have.” Thomas, 449 F.2d at 1182. Here, the judge preceded his “invitation to dialogue” with his observation that the jury had been deliberating for a longer period of time than it had taken to hear the evidence. The jurors could have taken the remark as a rebuke for engaging in excessively drawn out deliberations. In addition, the judge had entered the jury room on two separate occasions without counsel or a court reporter present, and those visits formed the basis for the judge’s belief regarding the jury’s confusion. See United States v. U.S. Gypsum Co., 438 U.S. 422, 462, 98 S.Ct. 2864, 57 L.Ed.2d 854 (1978) (<HOLDING>). We add to this the fact that the jury",114691,18492,3,case_hold_mc,holding new trial required after judges ex parte communication with jury in response to jury question during deliberations because there was no way of reaching a conclusion about what transpired other than by adopting the judges recollection,holding that a defendant did not waive his right to be present at an ex parte encounter between the judge and juror because he was not present at the time of the communication and therefore had no opportunity to object when the error was committed,holding that judges ex parte communication telling a jury it needed to reach a verdict was reversible error without any discussion of harmlessness,recognizing the hazards of ex parte communication with a deliberating jury,recognizing that cases holding that proof of venue is jurisdictional are inconsistent with ex parte seymour and have therefore been overruled
137,"may not offer proof of a prior statement that is testimonial in nature unless (1) the accused has had, will have, or has forfeited the opportunity to “be confronted with” the witness who made the statement, and (2) the witness is unavailable to testify at trial. See Crawford v. Washington, 541 U.S. 36, 68, 124 S.Ct. 1354, 158 L.Ed.2d 177 (2004) (“[T]he Sixth Amendment demands what the common law required: unavailability and a prior opportunity for cross examination.”). The constitutional requirement that a witness be “unavailable” before his prior testimony is admissible stands on separate footing that is independent of and in addition to the requirement of a prior opportunity for cross-examination. See Barber v. Page, 390 U.S. 719, 724-25, 88 S.Ct. 1318, 20 L.Ed.2d 255 (1968) (<HOLDING>), cited with approval in Crawford, 541 U.S. at",115539,18634,1,case_hold_mc,holding that admission of a witness prior identification statement where the witness could not remember the basis for the identification did not violate the confrontation clause or fedrevid 802,holding that the admission of prior testimony that had been subjected to crossexamination violated the confrontation clause because the state did not prove that the witness was unavailable,holding that testimonial hearsay statements of a witness who does not appear at trial are inadmissible under the confrontation clause of the sixth amendment unless the witness is unavailable to testify and the defendant has had a prior opportunity to crossexamine the witness,holding that the confrontation clause bars admission of testimonial statements of a witness who did not appear at trial unless the witness was unavailable to testify and the defendant had a prior opportunity for crossexamination,holding prior statement subject to crossexamination when made does not violate confrontation clause
138,"door unlocked and no guard posted. Throughout the interview he was given several bathroom breaks and was offered food and drink. Defendant was cooperative and allowed investigators to examine his shoes. Although detectives encouraged defendant to tell the truth, they did not raise their voices and they neither threatened defendant nor wheedled statements from him with promises. Defendant was never misled, deceived, or confronted with false evidence. Once defendant implicated himself by acknowledging his direct participation in the killing, the interview ended and defendant was given his Miranda rights. Under these circumstances, we agree with the trial court that defendant was not formally arrested or otherwise subjected 1997); State v. Lane, 334 N.C. 148, 154, 431 S.E.2d 7, 10 (1993) (<HOLDING>); State v. Phipps, 331 N.C. 427, 443-45, 418",116391,18771,4,case_hold_mc,holding that accused was not in custody when told he was not under arrest and was free to leave and did in fact freely leave the interview,holding that the defendant was placed in official detention when two police officers approached him and told him that he was under arrest as the defendant could not reasonably have believed that he was free to leave,holding that appellants complaint on appeal that the environment was coercive did not change the fact that he was not in custody when he voluntarily went to the police station was told several times he could leave and did leave after the interrogation,holding that a defendant who voluntarily rode to the station with officers in a police car waited in a lobby with unlocked external doors and was told more than once he was not under arrest was not in custody,holding that a defendant who was told several times he was not under arrest and who never asked to leave during an interview with investigators was not in custody
139,"along with three other Duke physicians wrote a published article concluding that at the time of the x-rays, Carnell more likely suffered from a blood clot rather than pneumonia. Additionally, there was other evidence presented that Camell’s lung difficulties were not related to pneumonia, but instead due to a blood clot. Given the convincing evidence presented at trial supporting the defendants’ negligence, we find that the jury argument had a harmless effect, if any on the jury’s verdict. Although these statements may have been improper to the extent that the trial court should have given a cautionary instruction, we are unable to conclude that they were of such gross impropriety to entitle the defendants to a new trial. See State v. Vines, 105 N.C. App. 147, 412 S.E.2d 156 (1992) (<HOLDING>). Thus, we reject defendants’ first assignment",117249,18901,4,case_hold_mc,holding that prosecutors statements regarding his opinion as to the truthfulness of a defense witness considering the evidence against the defendant did not reach the level of the grossly improper statements which would require the trial court to correct them ex mero motu,holding that erroneous admission of improper and prejudicial evidence did not require reversal because the jury would have returned a verdict of guilty against the defendant even without the prejudicial testimony,holding that the trial court did not abuse its discretion by failing to intervene ex mero motu to prevent closing argument by the prosecutor that the defendant lied during his testimony,holding that the prosecutors repeated comments that the defendant could have denied knowledge of the drugs or rebutted the trafficking charge by testifying were so prejudicial as to constitute plain error,holding that the prosecutors argument attacking the integrity of defense counsel was of such gross impropriety as to justify ex mero mo tu correction however in light of the strong and convincing case against the defendant we could not hold that the prosecutrixs improper comments were sufficiently prejudicial as to require a new trial
140,"F.2d 448, 451 (1st Cir.1975). Anderson’s condition at the time of the statement was described as excited, nervous and scared, and he appeared as if “he did not know what to do.” Moreover, his statement directly related to an exciting event, the shooting. Thus, based on the evidence and circumstances known at the time of its ruling, the trial court could have reasonably concluded that the exciting event witnessed by Anderson was the shooting itself. Accordingly, to the extent the trial court based its ruling on the fact that Anderson personally perceived the shooting, we find no abuse of discretion. We further note that the startling occurrence that triggers the excited utterance need not necessarily be the crime itself. See Salazar v. State, 38 S.W.3d 141, 154-55 (Tex.Crim.App.2001) (<HOLDING>); Couchman v. State, 3 S.W.3d 155, 159",118106,19039,0,case_hold_mc,holding trial court could have found startling event or condition was declarants sustaining an injury or the pain she later experienced,holding that a logical nexus between the injury sued upon and an unre lated prior condition satisfied the rondinelli test requiring only the possibility that the plaintiffs claimed damages in whole or in part resulted from a condition or event unrelated to the defendants negligence,holding that a lower court properly admitted a fouryear olds hearsay statement although she made it 1215 hours after the startling event,holding that statement must be product of a startling event,holding a condition precedent is an act or event that must be performed or occur after the contract has been formed before the contract becomes effective
141,"nature is heir.’” Elliott v. Aurora Loan Servs. LLC, 31 So.3d 304, 307 (Fla. 4th DCA 2010) (quoting Somero v. Hendry Gen. Hosp., 467 So.2d 1103, 1106 (Fla. 4th DCA 1985)). Where a failure to act is the result of clerical or secretarial error, excusable neglect is established under rule 1.540(b). See Ocwen Loan Servicing, 185 So.3d at 630 (finding that counsel’s absence from case management conference constituted excusable neglect where firm’s clerk misplaced order setting conference); SunTrust Mortg., 153 So.3d at 954 (“[T]he attorney’s unintentional absence in the instant case due to inadvertent calendaring is the type of mistake excused by Florida Rule of Civil Procedure 1.540(b), as well as judicial precedent.”); J.J.K. Int’l, Inc. v. Shivbaran, 985 So.2d 66, 68 (Fla. 4th DCA 2008) (<HOLDING>); Wilson v. Woodward, 602 So.2d 547, 549 (Fla.",118956,19176,0,case_hold_mc,holding that defense counsels failure to appear at hearing was excusable neglect where secretary accidentally identified the hearing as cancelled,holding that treating a defendants failure to appear as a waiver not only of the right to be present but of the right to have a hearing on the motion was error,holding that appearance at the scheduled hearing demonstrates actual notice of the hearing,holding that dismissal for failure to appear at a deposition is on the merits,holding that a traffic ticket that required a plaintiff to appear at hearing and answer to charges was not a seizure
142,"reasoning is further highlighted by the fact that it would apparently hold that MCL 500.3220, despite nothing even approximating such language, envisions that insurers will investigate an insured, but will only do so when the claimant is a third party and not when the claimant is the insured. See Hammoud, 222 Mich App 485. How does any of this policy reasonably derive from the actual statute in controversy? 9 See MCL 8.3a (“All words and phrases shall be construed and understood according to the common and approved usage of the language; but technical words and phrases, and such as may have acquired a peculiar and appropriate meaning in the law, shall be construed and understood according to such peculiar and appropriate meaning.”). 10 Accord United Sec Ins Co, 133 Mich App at 42 (<HOLDING>). 11 Ohio Farmers Ins Co, 179 Mich App at",119816,19312,4,case_hold_mc,holding legislatures intent is determined from plain and common meaning of words used,holding that courts must generally give effect to the plain meaning of a statute because that is the best evidence of the legislatures intent,holding that it is presumed that no change in the commonlaw was intended by the legislatures enactment of a statute on the same subject unless the language employed clearly indicates such an intention,holding that the interpretation of statutory language should be consistent with the legislatures purpose and intent,holding that under mcl 5003204 etseq rjescission is insufficiently similar to cancellation to support the conclusion that the legislatures enactment of a statute controlling cancellation of an automobile insurance policy without mentioning rescission demonstrates the legislatures intent to preclude rescission
143,"proceeding, an appellant must first obtain a COA. Jackson v. Crosby, 437 F.3d 1290, 1294-95 (11th Cir.2006). The court that issues a COA must “indicate which specific issue or issues,” if any, warrant a COA. 28 U.S.C. § 2253(c)(3). Appellate review is then limited to the issues specified in the COA. Murray v. United States, 145 F.3d 1249, 1250-51 (11th Cir.1998). Here, however, the dis trict court failed to specify which issues or issues warranted a COA. Because the court failed to specify the issue or issues for which it granted a COA, we may do one of two things: (1) remand to the district court for enumeration of issues; or (2) retain jurisdiction and rule on those issues raised by the prisoner that we deem worthy of a COA. See Putman v. Head, 268 F.3d 1223, 1227-28 (11th Cir.2001) (<HOLDING>); Moore v. Campbell, 344 F.3d 1313, 1315 n. 1",120666,19456,0,case_hold_mc,holding that the district courts failure to enumerate specific issues for review in a coa does not deprive us of appellate jurisdiction,holding the scope of appellate review of denial of a habeas petition limited to the issues on which coa has been granted,holding that on appeal from the denial of a  2255 motion appellate review is limited to the issues specified in the coa,holding that appellate review is limited to the issues specified in the coa,holding that appellate review in a habeas ease is limited to the issues specified in the coa
144,"for playing the tapes were legitimate and the tapes would eliminate the need for T.S. to testify a second time. Defense counsel responded: “Right.” 3 Rule 801(d)(1)(B) provides that a statement is not hearsay when the declarant testifies at trial, is subject to cross-examination concerning the statement, and the statement is “consistent with his testimony and is offered to rebut an express or implied charge against him of recent fabrication or improper influence or motive.” 4 For this reason, we need not address defendant’s argument that the recorded statements were inadmissible under Rule 801(d)(1)(B). 5 Defendant does not claim that defense counsel did not have the power to waive his right to confront witnesses against him. See generally New York v. Hill, 528 U.S. 110, 114 (2000) (<HOLDING>). Many courts allow defense counsel to waive",121525,19607,1,case_hold_mc,holding that rights under vienna convention are not the equivalent of fundamental rights such as the right to counsel,recognizing a general rule that presumes the availability of waiver of constitutional rights by counsel although certain fundamental rights require personal waiver by defendant,recognizing conditions of release may curtail certain fundamental rights,holding that a plea agreement with a waiver of direct appeal rights does not include a waiver of collateral remedies because the government could have included a waiver of collateral rights in the plea agreement and chose not to do so,recognizing that courts will enforce waiver of appeal rights when waiver is knowing and voluntary
145,"In United States v. Hernandez-Garcia, 442 Fed.Appx. 136, 137 (5th Cir. 2011) (per curiam), the district court found the defendant had not given truthful testimony at the sentencing hearing and had, therefore, obstructed justice. As a result, he was not entitled to a reduction of his sentence for acceptance of responsibility. We agreed, reasoning that “[b]ecause Hernandez did not accept responsibility under the Guidelines, the condition triggering the Government’s obligation not to oppose Hernandez’ request for an adjustment was not fulfilled; the Government was, therefore, not in breach of the agreement by opposing his request for an acceptance-of-responsibility adjustment.” Id. (emphasis omitted); cf. United States v. Bell, 417 Fed.Appx. 420, 422 (5th Cir. 2011) (per curiam) (<HOLDING>). A contrary unpublished opinion, United States",122380,19743,3,case_hold_mc,holding that the defendant was denied wrongfully his right to crossexamine on the issue of whether the device was designed as a pipe bomb or as a firecracker and that the jury may have found reasonable doubt if that right was not denied,holding that under  111 the defendants knowledge of the official status of the victim is generally irrelevant,holding that where the proffered hearsay statement of the victim pertained to a memory of the previous days events and was offered solely for the purpose of proving such events such statement was not admissible under rule 8033,holding the same where the defendant offered exculpatory and irrelevant interpretations of transactions and events deflected responsibility denied or discounted relevant conduct portrayed himself as a victim of unfair government treatment and generally denied or minimized his culpability at the sentencing hearing,holding that where the defendant pleaded guilty subsequently denied his guilt and attempted to withdraw his plea and then attempted to minimize the significance of his statements at sentencing by averring that he accepted responsibility for the amount that me and the government have agreed to and offering a statement accepting responsibility  were insufficient to demonstrate acceptance of responsibility
146,"and manufacturing agreement with BDT.” BDT acknowledges that “Lexmark did not sign such a written agreement.’-’ BDT nevertheless claims that Lexmark breached a contract implied-in-fact to compensate BDT for its purported trade secrets with the understanding that BDT would be compensated if its technology were incorporated into Lexmark’s products. BDT contends that it suffered a “loss of profits from the anticipated agreements with Lex-mark.” Plaintiffs’ claim must fail, however. A contract implied-in-fact is not an “anticipated” contract but rather a true contract that “requires an actual agreement or meeting of the minds although not expressed.” Kellum v. Browning’s Adm’r, 231 Ky. 308, 21 S.W.2d 459, 466 (1929); see also Oliver v. Gardner, 192 Ky. 89, 232 S.W. 418, 420 (1921) (<HOLDING>) (citation omitted). A contract implied-in-fact",123232,19867,2,case_hold_mc,holding that an insurance contract should be construed as a reasonable person in the position of the insured would have understood it and that if the language used in the policy is reasonably susceptible to different constructions it must be given the construction most favorable to the insured,holding that a sale must be both fair and reasonable in price and made in good faith,holding that proof must show that both the party rendering the service and the one receiving it expected and understood that compensation would be made,holding that the opposing party must show substantial harm,holding to warrant reversal the appellant must show both the error of the ruling and resulting prejudice
147,"Co., 168 N.C. 296, 84 S.E. 363 (1915); Plemmons v. Southern Improvement Company, 108 N.C. 614, 13 S.E. 188 (1891). This rule was amended somewhat by the enactment of G.S. 1A-1, Rule 4(b), (hereinafter N.C.R. Civ. P.), which provides that a summons shall be directed to the defendant rather than to a process officer ordering him to summon the defendant. Still, the strict requirement that the summons command the appearance of the defendant and not that of an individual designated an agent or officer of the defendant has been carried over in the interpretation of the sufficiency of summonses under Rule 4. Carl Rose & Sons Ready Mix Concrete, Inc. v. Thorp Sales Corporation, 30 N.C. App. 526, 227 S.E. 2d 301 (1976); see also, Philpott v. Kerns, 285 N.C. 225, 203 S.E. 2d 778 (1974), (<HOLDING>). In reviewing the summons issued in this case,",124085,19994,3,case_hold_mc,holding that the statutory definition of motor vehicle is not controlling,holding that the sensible and popular understanding of what a motor vehicle accident entails necessarily involves the motor vehicle being operated as a motor vehicle ,holding that insurance provisions excluding damage arising out of the use of land motor vehicles subject to registration and damage arising out of the use of land motor vehicles if the injury or damage occurs away from the insured premises were ambiguous because together they could be read in four different ways,holding that a summons directed to the commissioner of motor vehicles was defective process as against a nonresident defendant in an action arising out of operation of a motor vehicle in this state,recognizing that in 1982 kentucky converted to a new title system for motor vehicles under which the secured creditor must perfect its security interest by noting the lien on the certificate of title to the motor vehicle
148,"seek in this litigation, which I have determined to be relevant to this case, fall within its scope. Resolution of this issue depends on principles of federalism, comity and courtesy, as well as an evaluation of the nature of the Order, and practical matters such as where the court should allocate the burden and expense of seeking modification of the Order. There seems to be little doubt that a protective order issued by a court, either state or federal, which on its face survives the underlying litigation, continues to have full force and effect on the parties subject to it even after final resolution of the underlying case, and the issuing court retains jurisdiction and authority to modify or revoke it. See Public Citizen v. Liggett Group, 858 F.2d 775, 780-82 (1st Cir.1988) (<HOLDING>); see also United Nuclear Corp. v. Cranford",124938,20140,1,case_hold_mc,holding that the inherent power of the district court includes the power  to santion attorneys for  violations of court orders or other conduct which interferes with the courts power to manage its calendar and the courtroom  ,holding that the issuing court necessarily has the power to enforce a protective order it issued at any point it is in effect even after entry of a final judgment and courts enjoy the inherent power to modify any discovery related orders postjudgment,recognizing that court has inherent power to control the judicial business before it,holding that this court has power to direct the entry of summary judgment when it would be just under the circumstances,recognizing inherent power of courts of appeals
149,"of § 3.303(b) regarding the use of or need for continuity of symptomatology as to a service-connection claim and what the relationship of that concept is to the need for medical evidence of a nexus between a current medical condition and the veteran’s service. Until those issues are resolved in Savage, the current opinion should be withheld. In Caluza, the Court reiterated that medical evidence of nexus to service was generally required in order to well ground a service-connection claim. Caluza, supra (citing Grottveit, supra). As the Secretary’s motion indicates, the Court’s opinion in Smith will add confusion to the Court’s easelaw on the question of the nature and quality of the evidence needed to well ground a claim. Compare Tirpak v. Derwinski, 2 Vet.App. 609, 610-11 (1992) (<HOLDING>), and Boeck v. Brown, 6 Vet.App. 14, 16-17",125787,20282,2,case_hold_mc,holding that hearing officer had no obligation under 38 cfr  3103c2 to advise appellant as to physicians statement because that statement would not have helped prove the claim  that is that statement would not have provided a nexus with the veterans service,recognizing cause of action for wrongful death,holding physician statement that veterans death may or may not have been averted if medical personnel had been able to intubate him a procedure complicated by his serviceconnected injuries insufficient to well ground claim for service connection for veterans cause of death,holding a wrongful death action may not be maintained for the death of an unborn child,holding that action for wrongful death may generally not be maintained where death was selfinflicted
150,"family situation. The federal courts are not well suited to this task. They are not local institutions, they do not have staffs of social workers, and there is too little commonality between family law adjudication and the normal responsibilities of federal judges to give them the experience they would need to be able to resolve domestic disputes with skill and sensitivity. 694 F.2d at 492. 4 . In various unpublished cases, we have continued to limit the domestic-relations exception to “cases involving the issuance of a divorce, alimony, or child custody decree,” Ankenbrandt, 504 U.S. at 704, 112 S.Ct. 2206, and cases seeking to modify or interpret a divorce, alimony, or child custody decree. See, e.g., Abdallah v. Abdallah, No. 98-1551, 1999 WL 331631, at *1 (6th Cir. May 13, 1999) (<HOLDING>); Chambers v. Michigan, 473 Fed.Appx. 477,",126637,20420,4,case_hold_mc,holding that the domesticrelations exception prevented the plaintiff from challenging in federal court the constitutionality of the statecourt judges decision to consider certain assets and property when calculating the plaintiffs husbands income for the purposes of determining alimony payments because the plaintiff ultimately wanted this court to enjoin the state court from using property  to determine the amount of alimony owed,holding that fraud creates an exception to the rule,holding that a plaintiff cannot avoid the securities fraud exception by pleading mail fraud or wire fraud if the conduct giving rise to those offenses also amounts to securities fraud,holding that under the pre1986 jurisdictional limitation a claim by the state which discovered the fraud investigated the fraud disclosed the fraud to the federal government and which was the original source of the information was jurisdictionally barred,holding that the domesticrelations exception barred federal adjudication of a statelaw fraud action because the plaintiff essentially sought a modification of the process in the divorce decree relating to distribution
151,"that the use of Rule 60(b) to correct a court’s own mistakes of law was much more efficient than requiring an aggrieved party to appeal. Id. at 531. The panel also cited with approval the recommendation from Moore’s Federal Practice that Rule 60(b)(1) motions not be permitted past the deadline for filing a notice of appeal, thereby preventing Rule 60(b)(1) from becoming a way to assert an otherwise time-barred appeal. Id. (citing Moore’s Fed. Prac. § 60.23(3-4), at 239 (1955)). Although some circuits have resisted an expansive use of Rule 60(b) to correct the court’s mistakes of law, see Silk v. Sandoval, 435 F.2d 1266, 1267-68 (1st Cir.1971), Judge Friendly’s approach has remained the law of this circuit. See Int’l Controls Corp. v. Vesco, 556 F.2d 665, 670 (2d Cir.1977); see also id. (<HOLDING>); see generally 11 Charles Alan Wright, Arthur",127491,20559,1,case_hold_mc,holding that the oneyear period begins to run after the time for filing a petition for a writ of certiorari has expired,holding that rule 60b1 motion may not be brought after time for appeal has run,holding that motions for relief from judgment or order brought under federal rule of civil procedure 60b1 provide means for a district court to correct legal errors by the court internal citation omitted,holding that district court abused its discretion in denying rule 60b1 motion without conducting equitable analysis,holding that when the district court mistakenly ordered prejudgment interest and a motion to amend was made more than one year after entry of judgment no relief was available under rule 60b6 because rule 60b1 clearly applied
152,"a mechanism for obtaining large attorney’s fee awards in cases with de minimis returns for the client and society in general. Furthermore, the prospect of a fee award can skew attorneys’ incentives when confronted with settlement offers that would more than compensate their clients, but that fall short of the large fees already incurred. These concerns are most prevalent in cases such as this, where recovery of private damages, rather than the vindication of constitutional rights, is the primary purpose. While it is Congress’ duty to re-shape fee-shifting provisions to alleviate these concerns, it is this Court’s duty to determine a reasonable fee in light of the de minimis victory achieved in this case. See Hensley v. Eckerhart, 461 U.S. 424, 436, 103 S.Ct. 1933, 76 L.Ed.2d 40 (1983) (<HOLDING>). I. BACKGROUND After a jury trial before this",128352,20701,1,case_hold_mc,recognizing that the third factor permanence is the most important,holding that the most critical factor in the analysis of a reasonable fee is the degree of success obtained,holding that status as a prevailing party does not by itself entitle a plaintiff to attorneys fees rather the most critical factor in determining a fee awards reasonableness is the degree of success obtained emphasis added,holding that the quantity of relief obtained as compared to what the plaintiff sought to achieve are key elements in determining the degree of success,holding that the fee applicant bears the burden of showing that  an adjustment is necessary to the determination of a reasonable fee 
153,"and compare 8th Cir. Model 5.06G. 22 . This court also held, in Honken’s case, that the 1996 conspiracy charge, to which Honken pleaded guilty, was not the ""same” conspiracy as the conspiracy underlying the “conspiracy murder” and ""CCE murder” charges against him, which were also pending against Johnson, but even if it was the ""same” conspiracy, the ""conspiracy murder” and ""CCE murder” charges were not the ""same” offenses. See United States v. Honken, 381 F.Supp.2d 936, 966-67 (N.D.Iowa 2005) (even assuming that the conspiracy underlying the capital offenses was he ""same” as the conspiracy to which Honken had previously pleaded guilty, the capital offenses were not the ""same” offenses for prior jeopardy purposes); United States v. Honken, 271 F.Supp.2d 1097, 1115 (N.D.Iowa 2003) (<HOLDING>). The court will assume, however, for purposes",129212,20840,2,case_hold_mc,holding that two conspiracies existed where the members of the second conspiracy did not know about the first conspiracy did not benefit from the first conspiracy and were connected with the first conspiracy only through a middleman,holding that once a defendant becomes associated with a conspiracy he is responsible for all of the acts of the conspiracy even those which occurred before or after his association with the conspiracy,holding that the prior conspiracy to which honken had pleaded guilty was not the same as the conspiracy underlying the capital offenses,holding that res judicata barred conspiracy claim against defendant even though defendant had not been a party to the prior action because the civil conspiracy claim should have been adjudicated in a prior action and defendant as an alleged participant in the conspiracy would have been indispensable party to that adjudication,holding that the notion of enterprise conspiracy has largely rendered the old distinction between single conspiracy and multiple conspiracy irrelevant to rico conspiracy charges
154,"The Court will therefore reduce Defendant’s Bill of Costs by the entire $128.68 that Defendant attributed to necessary travel expenses for Ms. Burkhart, Ms. Hunt, and Ms. Smith. D. Westlaw Expenses Plaintiffs also object to Defendant’s inclusion of $164.45 on its Bill of Costs that it attributed to “compensation for Westlaw usage.” (Def.’s Application of Costs at 1.) In reviewing Plaintiffs’ objection, the Court first notes that the cost of legal research services is not listed as an allowable expense in either the Local Rules or 28 U.S.C. § 1920. Furthermore, the Court finds that the cost of legal research is more properly characterized as a component of attorneys’ fees, not as a taxable cost of litigation. United States v. Merritt Meridian Constr. Corp., 95 F.3d 153 (2d Cir.1996) (<HOLDING>); Haroco, Inc. v. Am. Nat. Bank & Trust Co. of",130066,20973,0,case_hold_mc,holding that attorneys fees would include expenses for computerized legal research and thus not allowing computerized legal research as a separate taxable cost,holding that computeraided research like any other form of legal research is a component of attorneys fees and cannot be independently taxed as an item of cost in addition to the attorneys fee award,holding that the costs of computerized research was a component of attorneys fees that cannot be independently taxed as an item of cost,holding that based on leftwich the law of this circuit is that computerbased legal research must be factored into the attorneys hourly rate hence the cost of the computer time may not be added to the fee award,holding that the costs of computerized research should be characterized not as taxable costs but as attorneys fees
155,"code, Appellants here “do[ ] not seek an advisory opinion that [their] proposed actions would not be criminal.” Total Vending Svc., 153 Ga. App. at 111. Instead, Appellants seek a determination of whether licensed individuals may carry a weapon on the grounds of the Garden in accordance with OCGA § 16-11-127 (c). See Total Vending, 153 Ga. App. at 111. Further, Appellants’ requested relief is not premised on mere speculation that the Garden will enforce its weapons ban; Evans, who holds a membership with the Garden, had already been asked to leave the premises of the Garden and was escorted from the property by law enforcement. Importantly, however, there is no allegation here that criminal conduct has been accomplished. See Osborne v. State, 290 Ga. App. 188 (665 SE2d 1) (2008) (<HOLDING>). Accordingly, Appellants’ request for",130923,21114,2,case_hold_mc,holding dollar amount is not an essential element,holding that damage to the property of another is an essential element of the offense of criminal mischief,recognizing that an essential element of criminal trespass is a showing that entry onto the premises had previously been expressly forbidden,holding that the nonmovant must make a showing sufficient to establish the existence of an element essential to that partys case,holding that causation is an essential element in failure to warn claim
156,"to the crime, while at the same time avoiding criminal liability herself. Her last-minute change of heart, after she had both pleaded guilty to the lesser offense of endangering a child and disavowed any responsibility for Jordan’s death for two and a half years, further supports this view. This appears to be a “justice-subverting ploy” that provides the justification for requiring indicia of truthfulness. Chambers, 410 U.S. at 301 n.'21, 98 S.Ct. 1038 (discussing a scenario where person A is a defendant, person B tells persons C and D that he committed the crime and then goes into hiding, persons C and D testify at A’s trial, and then person B — who did not commit the crime — returns from hiding and has several witnesses to corroborate his innocence); Caldwell, 760 F.3d at 290 (<HOLDING>); Bracero, 528 A.2d at 941 (noting that “it is",131769,21251,3,case_hold_mc,holding that statement that declarant saw defendant outside was admissible under rule 8081 because the statement explained an event or condition,holding that testimonial evidence is admissible only if the declarant is unavailable and the defendant had a prior opportunity to crossexamine the declarant,holding in a criminal case that a statement by an unavailable declarant was not admissible as a declaration against his penal interest and was not admissible under rule 804b5 either,holding that an inculpatory statement by a declarant was not reliable when he viewed the defendant like an older brother providing a motivation to lie the statement was made only to defense investigators and not to prosecutors the declarant was not under oath had not been read his miranda rights and was not represented by counsel and the declarant ultimately recanted his admission,holding that the admission of testimonial statements against a defendant is unconstitutional when the declarant does not appear at trial unless the declarant is unavailable and the defendant had a prior opportunity for crossexamination
157,"there has been a presumption of openness and public access to judicial proceedings and documents. Press-Enterprise Co. v. Superior Court of Cal. (Press-Enterprise II), 478 U.S. 1, 10, 106 S.Ct. 2735, 92 L.Ed.2d 1 (1986); Press-Enterprise Co. v. Superior Court of Cal. (Press-Enterprise I), 464 U.S. 501, 507, .104 S.Ct. 819, 78 L.Ed.2d 629 (1984); Richmond Newspapers, Inc. v. Virginia, 448 U.S. 555, 100 S.Ct. 2814, 65 L.Ed.2d 973 (1980). Addressing the presumption of access to judicial proceedings, in Press-Enterprise II, the Supreme Court held that there is a qualified right of public access to judicial proceedings, rooted in the First Amendment, if there is “a tradition of accessibility” to the nature of the proceedings involved and if p any, Inc., 828 F.2d 340, 345 (6th Cir.1987)(<HOLDING>). With respect to the common law right of",132622,21397,2,case_hold_mc,holding that a motion to intervene to assert the publics first amendment right of access to criminal proceedings is proper,recognizing that first amendment provides qualified right of access to judicial documents,holding that there is a qualified first amendment right of access to proceedings and documents relating to disqualification of a judge in a criminal case and to conflicts of interest between attorneys in a criminal case,holding that a disqualification order in a criminal case is not appealable,holding that the first amendment right of access applies to a summary judgment motion in a civil case
158,"cannot be controlled by mandamus.” Wilbur v. United States, 281 U.S. 206, 218-19, 50 S.Ct. 320, 324-25, 74 L.Ed. 809 (1929). We agree with the district court that Edison’s showing falls far short of this high standard. To begin with, the Attorney General obtained the surcharge and now retains it pursuant to a federal court order. He is thus complying with — not violating — his legal obligations. Resisting this obvious proposition, Edison argues that the Attorney General’s possession of the surcharge is so plainly wrong that it amounts to a violation of a ministerial duty. In our view, however, this argument amounts to a completely inappropriate collateral attack on the Alabama court’s judgment. See Roche v. Evaporated Milk Ass’n, 319 U.S. 21, 26, 63 S.Ct. 938, 941, 87 L.Ed. 1185 (1946) (<HOLDING>). Although Edison never formally asked the",133472,21533,1,case_hold_mc,holding that it is improper to exercise general jurisdiction when defendants purchases combined with its sales in the forum yielded 129 of its total income,holding that mandamus is only available to confine an inferior comt to a lawful exercise of its prescribed jurisdiction or to compel it to exercise its authority when it is its duty to do so,holding that the trial court failed to exercise its discretion by stating that it did not have the ability to present the transcript to the jury,holding that an exercise by the state of its police power is presumed to be valid when it is challenged under the due process clause of the fourteenth amendment,recognizing the supreme courts longstanding jurisdiction over writs of prohibition and mandamus to courts of inferior jurisdiction
159,"matter jurisdiction over the claims made by Southwest against Reclamation. Washington Trout v. McCain Foods, Inc., 45 F.3d 1351, 1353 (9th Cir.1995). Pursuant to section 1540(g) of the ESA, a citizen may not bring suit prior to sixty days after written notice of an alleged violation has been given to the Secretary, and to the alleged violator. 16 U.S.C. § 1540(g)(2)(A)(i). This sixty-day notice requirement is jurisdictional. Save the Yaak Committee v. Block, 840 F.2d 714, 721 (9th Cir.1988). A failure to strictly comply with the notice requirement acts as an absolute bar to bringing suit under the ESA. Lone Rock Timber Co. v. U.S. Dept. of Interior, 842 F.Supp. 433, 440 (D.Or.1994). See also Hallstrom v. Tillamook County, 493 U.S. 20, 26-28, 110 S.Ct. 304, 308-10, 107 L.Ed.2d 237 (1989)(<HOLDING>). “The purpose of the 60-day notice provision",134329,21673,0,case_hold_mc,holding that the citizen suit notice requirements cannot be avoided by employing a flexible or pragmatic construction and that plaintiffs suit must be dismissed where plaintiff had not strictly complied with the notice requirements,holding that owners notice substantially complied with federal requirements because the owner intended to demolish the housing units and noted that ajlthough the notice did not follow the statutory language it would have been misleading had it strictly followed the statute,holding that even though the government had not strictly complied with the statutory requirements the plaintiffs were not entitled to relief because they failed to challenge that noncompliance in a prompt fashion,holding notice provision in rcra and clean water act are virtually identical and citizens notice to violators under either act must strictly comply with statutory notice requirements,holding that the court had jurisdiction to hear the suit under the citizen suit provision of the caa
160,"that Wolfe was represented by counsel. However, instead of contacting Wolfe’s attorney regarding the lawsuit, Stevens filed an affidavit of diligent search and inquiry and proceeded to serve Wolfe by publication. At the hearing on Wolfe’s motion to set aside the final judgment, Stevens’ attorney admitted he had the address and phone number of Wolfe’s attorney and that he could have notified him of the lawsuit but he “made the decision, knowing all the circumstances regarding the accusations that were going back and forth, that I would rather go the statutory route.” Under these circumstances, we cannot conclude that Stevens exercised due diligence in attempting to locate Wolfe. Accordingly, service by publication was improper. See Levenson v. McCarty, 877 So.2d 818 (Fla. 4th DCA 2004) (<HOLDING>); Torelli v. Travelers Indem. Co., 495 So.2d",135189,21812,1,case_hold_mc,holding that a defendant was estopped from asserting improper service where the defendants conduct caused the allegedly improper service,holding that where the plaintiff made no attempt to contact the defendant by telephone or through his known attorneys service by publication was improper,holding that the plaintiff did not complete service when she made no attempt to serve the defendant within the time required by the arkansas procedural rules,holding that discretionary review was improper in part because the party made no attempt to demonstrate why his case qualifies as one of these rare cases,holding that the defendant bears the initial burden of demonstrating that the improper juror contact occurred and only if the contact is established must the government demonstrate absence of prejudice
161,"added); see also Embassy of Fed. Rep. of Nigeria v. Ugwuonye, 901 F.Supp.2d 92, 97 (D.D.C.2012) (noting that even though individual could appear pro se in his personal capacity, he cannot do so as the trustee on behalf of a company). The law treats corporations—even small ones—as distinct from the natural persons that create or work for them. A corporation is “viewed as a distinct entity, even when it is wholly owned by a single individual.” Quinn v. Butz, 510 F.2d 743, 757 (D.C.Cir.1975) (footnote omitted). In various contexts, the law takes seriously the formal line between a corporation and a natural person, even when the corporation is, in effect, a one-person firm. See, e.g., Cedric Kushner Promotions, Ltd. v. King, 533 U.S. 158, 161-65, 121 S.Ct. 2087, 150 L.Ed.2d 198 (2001) (<HOLDING>). Individuals experience burdens as well as",136047,21946,1,case_hold_mc,holding that corporation and sole owner of corporation were separate legal entities and corporation was not party to contract signed by owner in individual capacity,holding that closely held corporation and its sole shareholder are distinct for purposes of federal racketeer influenced and corrupt organizations act,holding that unless a shareholder can show personal cause of action and personal injury claims for fraud and breach of fiduciary duty belong to the corporation and not the shareholder,holding shareholder of dissolved corporation could after windup period expired foreclose on mortgage once held by corporation,holding that sole shareholder could recover on behalf of company but not in individual capacity for former shareholder and officers misappropriation of corporate assets
162,"14 F.3d at 1500. We conclude that it does not. Courts have recognized that the act of reopening a closed bankruptcy case does not afford the parties any substantive relief. Woods, 173 F.3d at 777 (quoting DeVore v. Marshack (In re DeVore), 223 B.R. 193, 198 (9th Cir. BAP 1998), for the proposition that “[t]he reopening of a case is ‘merely a ministerial or mechanical act [that] ... has no independent legal significance and determines nothing with respect to the merits of the case.’ ”); see Cusano v. Klein, 264 F.3d 936, 948 (9th Cir.2001) (noting that order reopening closed case “ ‘lacks independent legal significance and determines nothing with respect to the merits of the case’ ”) (quoting Menk v. LaPaglia (In re Menk), 241 B.R. 896, 913 (9th Cir. BAP 1999)); Paine, 250 B.R. at 107 (<HOLDING>). Indeed, “ ‘[t]he effect of [11 U.S.C. §",136900,22086,1,case_hold_mc,holding that department does not have independent authority to impose device in absence of court order,recognizing that an order reopening a closed case was simply a mechanical device that did not afford or deny the debtors any affirmative relief,holding that court lacked jurisdiction on appeal from injunction because the order was simply an interpretation of an earlier order,recognizing laches as an affirmative defense,recognizing that a defendant may not insist on representation by an attorney he cannot afford
163,"1176 (D.S.D. 2012); Ransom v. St. Regis Mohawk Educ. & Cmty. Fund, Inc., 658 N.E.2d 989, 993 (N.Y. 1995). It appears that being incorporated under State law rather than tribal law “militate[s] against sovereign immunity”. J.L. Ward Assocs., 842 F. Supp. 2d at 1176. 15 See Somerlott v. Cherokee Nation Distribs., Inc., 686 F.3d 1144, 1150 (10th Cir. 2012) (“a separate legal entity organized under the laws of another sovereign, Oklahoma, cannot share in the Nation’s [i.e., the tribe’s] immunity from suit”). 16 See Hagen v. Sisseton-Wahpeton Cmty. Coll., 205 F.3d 1040, 1043 (8th Cir. 2000) (“[T]he College serves as an arm of the tribe and not as a mere business and is thus entitled to tribal sovereign immunity”); Dillon v. Yankton Sioux Tribe Hous. Auth., 144 F.3d 581, 583 (8th Cir. 1998) (<HOLDING>); Weeks Constr., Inc. v. Oglala Sioux Hous.",137754,22234,4,case_hold_mc,holding that an inn which was a subentity of the tribe rather than a separate corporate entity enjoyed tribal immunity,holding that disputes involving questions of interpretation of a tribal constitution and tribal law is not within the jurisdiction of the district court,holding that federal courts do not have jurisdiction to interpret a tribal constitution or tribal laws,holding that the tribes housing authority was exempt from the adea a general statute because the tribal entity was not just a business but also functioned as an arm of tribal government by providing housing to tribe members,holding that a tribal housing authority established by tribal council pursuant to its powers of selfgovernment was a tribal agency rather than a separate corporate entity created by the tribe
164,"jurisdiction’ method, [a variant of the present division method of deferred distribution] the trial court reserves jurisdiction to distribute the pension until benefits have matured. Once matured, the trial court will determine the proper share to which each party is entitled and divide the benefits accordingly. McDermott v. McDermott, supra, 150 Vt. 259-60 (such a method allows a court ‘to base its distribution upon actual figures [as to what benefits are being paid] rather than assumptions as to retirement age and other variables’); 2 Valuation and Distribution of Marital Property, supra, § 23.02 [4], pp. 23-21 through 23-25; 3 Family Law and Practice, supra, § 37.11 [2] [b], pp. 37-163 through 37-164; see also Whitfield v. Whitfield, 222 N.J. Super. 36, 48, 535 A.2d 986 (1987) (<HOLDING>).” (Citation omitted; emphasis added.) Krafick",138611,22376,0,case_hold_mc,recognizing but disapproving reserved jurisdiction approach to pension valuation and distribu tion,recognizing that some states it should be noted have adopted a hybrid approach,holding that the clause at issue granted jurisdiction but not exclusive jurisdiction,holding order in dependency proceeding was nonfinal where order reserved jurisdiction to determine integrallyrelated visitation and support issues,holding order was nonfinal where order reserved jurisdiction to determine integrallyrelated visitation and child support issues
165,"matter, Moton requested that the trial court poll the jury, and the court agreed to do so. The first four jurors questioned all indicated that they freely and voluntarily agreed with the guilty verdict. The court ing that evidence showed that trial court’s refusal to afford defendant first offender treatment was based on deliberate consideration of the case and sentencing options and, therefore, was not an abuse of discretion); Graydon, 313 Ga. App. at 581 (same). 15 Geiger v. State, 295 Ga. 648, 651 (3) (763 SE2d 453) (2014). 16 Graham v. State, 107 Ga. App. 332, 333 (1) (130 SE2d 166) (1963); see generally Boatwright v. State, 91 Ga. 13, 13 (16 SE 101) (1892). 17 Geiger, 295 Ga. at 651 (3) (punctuation omitted). 18 See Columbus v. State, 270 Ga. 658, 664-65 (4) (513 SE2d 498) (1999) (<HOLDING>). 19 Benefield v. State, 278 Ga. 464, 466 (602",139466,22509,0,case_hold_mc,holding that trial court did not abuse its discretion in denying defendants motion for a continuance when record showed that contrary to defendants contention state did not fail to comply with discovery duties and that defendant failed to show that denial resulted in harm to his case,holding that district court did not abuse its discretion in denying a motion to strike when movant failed to show prejudice,holding denial of continuance to be an abuse of discretion,holding that the district court did not err by concluding that the bankruptcy court did not abuse its discretion in denying motion for continuance motion to withdraw and motion for reconsideration and rehearing,holding that trial court did not abuse its discretion by denying motion for continuance when not in proper affidavit form
166,"distinction between a survival statute and a statute of limitations as follows: [A] statute of limitations affects the time that a stale claim may be brought while a survival statute gives life for a limited time to a right or claim that would have been destroyed entirely but for the statute. These survival statutes arbitrarily extend the life of the corporation to allow remedies connected with the corporation’s existence to be asserted. M.S. v. Dinkytown Day Care Center, Inc., 485 N.W.2d 587, 589 (S.D.1992) (quoting Davis v. St. Paul Fire & Marine Insur. Co., 727 F.Supp. 549 (D.S.D.1989)). Thus, courts have uniformly held that corporate survival statutes begin to run at the date of dissolution and have dismissed claims initiated outside of the prescribed period. See e.g., Id. at 588 (<HOLDING>); Canadian Ace Brewing Co. v. Anheuser-Busch,",140326,22659,0,case_hold_mc,holding that minority tolling statute did not apply to extend time provided under corporate survival statute,holding that tolling statute applicable to those disabled by minority or mental illness continues to operate regardless of guardians appointment,holding that rule 60b was not applicable to extend the time to file an action to revoke a discharge under grounds of mistake and not addressing equitable tolling,holding that because purpose of tolling statute is to remedy problem of locating a nonresident defendant before expiration of statute of limitations tolling statute does not apply to adverse possession action because of statutory scheme allowing for service by publication on parties outside state in such actions,recognizing that the dead mans statute is a survival from an earlier and much broader incompetency statute and characterizing its survival as deplorable
167,"peculiar positions as state actors, leaving a discrete plaintiff vulnerable to foreseeable injury.” Id. (internal citations and quotations omitted). We, as well as other appellate courts, have held that the state-created danger theory is a viable mechanism for establishing a constitutional violation under 42 U.S.C. § 1983. See Kneipp, 95 F.3d at 1208; see also Uhlrig v. Harder, 64 F.3d 567, 572 (10th Cir.1995); Reed v. Gardner, 986 F.2d 1122, 1125 (7th Cir.1993); Dwares v. City of New York, 985 F.2d 94, 99 (2d Cir.1993); Freeman v. Ferguson, 911 F.2d 52, 55 (8th Cir.1990). We are aware of no court of appeals which has recognized the constitutional validity of the state-created danger theory in the context of an immigration case. But see Builes v. Nye, 239 F.Supp.2d 518 (M.D.Pa.2003) (<HOLDING>). We decline to do so here, and hold that the",141184,22797,1,case_hold_mc,holding it improper to deny cat relief based on adverse credibility finding where objective documentary evidence establishes likelihood of torture,holding that despite petitioners inability to establish habeas relief under cat because evidence did not support finding that colombian government would acquiesce to torture by drug cartel  petitioner was entitled to relief under statecreated danger exception,holding that errors in state law cannot support federal habeas relief,holding that a negative credibility finding for the purposes of an asylum claim does not preclude relief under cat where documented country conditions corroborate a claim of torture,holding petitioner not entitled to habeas relief on claim state court improperly used petitioners prior federal offense to enhance punishment
168,"setting forth only the BAP’s judgment. Accordingly, by operation of our rules of appellate procedure, the Tau-moepeaus had 180 days within which to file their notice of appeal and their notice, received by the BAP clerk on October 2, 2006, fell well within this period. To be sure, the separate document rule is a technical one. But, as its name implies, it generally requires that judgment be entered in a separate document, one that is “not made part of the opinion and order” of the court. Mondragon v. Thompson, 519 F.3d 1078, 1082 (10th Cir.2008). A combined document denominated an “Order and Judgment,” containing factual background, legal reasoning, as well as a judgment, generally will not satisfy the rule’s prescription. See, e.g., Clough v. Rush, 959 F.2d 182, 185 (10th Cir.1992) (<HOLDING>); Allison v. Bank One-Denver, 289 F.3d 1223,",142041,22938,2,case_hold_mc,holding summary judgment order was not a final judgment because it did not dispose of the defendants claim for attorneys fees,holding that a district courts combined order and judgment did not satisfy the rule on account of being fifteen pages long and containing detailed legal analysis along with citations in addition to providing for entry of judgment,holding that a district courts summary judgment order did not meet rule 58s requirements because it was fifteen pages long and it contained detailed legal analysis and reasoning,holding that a district courts marginal order granting summary judgment did not meet the strict requirements of rule 58 because a party may reasonably be confused as to the standing of its ease when a decision is rendered in such an informal manner,holding that the rule 12b6 ruling was not a final judgment and did not bind the district court at summary judgment
169,"at 4. This finding of bad faith is amply supported by the record: Sauers admitted that he could not present facts to challenge the Commissioner’s determination of tax deficiency, he refused to engage in a stipulation of facts, and his legal arguments have been repeatedly rejected by the courts. See, e.g., Welch v. Helvering, 290 U.S. 111, 54 S.Ct. 8, 78 L.Ed. 212 (1933) (establishing that burden of proof in Tax Court is on the taxpayer); Nash Miami Motors, Inc. v. Commissioner, 358 F.2d 636 (5th Cir.), cert. denied, 385 U.S. 918, 87 S.Ct. 227, 17 L.Ed.2d 142 (1966) (relying on Ex parte Bakelite Corp., 279 U.S. 438, 49 S.Ct. 411, 73 L.Ed. 789 (1929) for the conclusion that the statute establishing the Tax Court does not unconstitutionally violate separation of powers); Larsen at 941-942 (<HOLDING>); Wright v. Commissioner, 752 F.2d 1059, 1062",142897,23078,3,case_hold_mc,holding no first amendment right to file frivolous grievances,holding that the court of claims did not have jurisdiction over plaintiffs first amendment claim of improper removal,holding that article iii courts have an independent obligation to determine whether subject matter jurisdiction exists,holding the following claims to be frivolous  6673 infringes upon first amendment right to petition tax court cannot have jurisdiction because it is not an article iii court,holding that the bankruptcy courts jurisdiction to adjudicate common law claims violated article iii without deciding the claims
170,"have been on notice regarding the ongoing thefts. Specifically, the amended complaint alleges that “Paul and Steven Mancuso informed FBI agents of the parking meter thefts between their guilty verdict on or about October 28, 2009 and the date set for sentencing on or about May 24, 2010.” See Dkt. No. 22 at ¶84. The amended complaint further alleges that “[t]he FBI questioned Ronald Mancuso in late November of 2009. On Wednesday, November 25, 2009, Ronald Mancuso confessed to the parking meter theft scheme.” See id. at ¶ 87. This passing reference to these events does not meet the high bar courts have set in order to recognize documents extraneous to the complaint as “incorporated by reference.” See Global Network Commc’ns, Inc. v. City of New York, 458 F.3d 150, 156 (2d Cir.2006) (<HOLDING>); Thomas v. Westchester County Health Care",143757,23222,2,case_hold_mc,holding entry of guilty plea waives challenges to the deprivation of constitutional rights that occurred prior to the entry of the guilty plea  emphasis added,holding that a defendants guilty plea was unconditional where the guilty plea was not in writing and the government did not consent to it being conditional,holding that a complaints reference to a guilty plea does not make the transcript of the plea proffer integral to the complaint,holding that the defendants guilty plea was valid where the district court carefully questioned the defendant about whether he understood the consequences of his guilty plea,recognizing that a voluntary and understanding guilty plea entered without the benefit of a plea bargain waives all nonjurisdictional defects that occurred before the entry of the plea
171,"Inc. v. Long Island R.R. Co., 70 N.Y.2d 382, 389, 521 N.Y.S.2d 653, 516 N.E.2d 190, (1987), quoted in Langenberg v. Sofair, 2006 WL 3518197, at *4 (S.D.N.Y. Dec.7, 2006). See also Sofi Classic S.A. de C.V. v. Hurowitz, 444 F.Supp.2d 231, 247-48 (S.D.N.Y.2006), quoting Rocanova v. Equitable Life Assurance Soc’y of U.S., 83 N.Y.2d 603, 612 N.Y.S.2d 339, 634 N.E.2d 940, 943-44 (1994) (“To recover punitive damages for a tort claim that ‘arises from’ a related contract claim, a plaintiff must demonstrate that the alleged misconduct was aimed at the public generally and that the misconduct evinced a ‘high degree of moral turpitude’ such as to imply a ‘criminal indifference to civil obligations.’ ”); Merrill Lynch & Co., Inc. v. Allegheny Energy Inc., 382 F.Supp.2d 411, 422 (S.D.N.Y.2003) (<HOLDING>). Sellers have produced no evidence of any",144608,23363,4,case_hold_mc,holding that exhaustion requirement applies to excessive force claims,recognizing fraud in the inducement claims independent of contract claims without discussion of economic loss rule,holding claimant did not have to segregate fees between fraud and contract claims because both claims were based on the same set of facts and circumstances,holding that sovereign immunity also applies to cross claims and third party claims,holding that the public harm requirement applies to fraudulent inducement claims because the fraud claims arise from related contract claims
172,"property is properly analyzed under takings law, a court must first examine whether the government intended to invade a protected property interest or whether the alleged invasion of a claimant’s property was the direct, natural, or probable result of defendant’s intentional actions. Id. at 1355-56. Next, the court must determine whether the government appropriated a benefit for itself at the property owner’s expense or preempted the owner’s right to enjoy their property for an extended period of time. Id. at 1357-58. In order to meet the second prong of the test, plaintiffs must prove that defendant’s interference with their property “was substantial and frequent enough to rise to the level of a taking.” Id. at 1357; see also Moden v. United States, 404 F.3d 1335, 1342 (Fed.Cir.2005) (<HOLDING>); Wilfong v. United States, 480 F.2d 1326, 1329",145461,23501,3,case_hold_mc,holding that the measure of damages of converted property is the market value at the time of conversion,holding that testimony by the owners expert to the value of trees on appropriated property was properly admitted to rebut or impeach testimony by the appropriating agencys expert that the trees had no value in terms of their effect on the propertys market value,holding that the state is obligated to pay property owners when it regulates private property under its police power in such a manner that the regulation effectively deprives the owner of the economically viable use of that property,holding that a takings claimant must show that the invasion appropriated a benefit to the government at the expense of the property owner at least by preempting the property owners right to enjoy its property for an extended period of time rather than merely by inflicting an injury that reduces the propertys value,holding that the property owners testimony alone placed the value of the stolen property above the amount necessary to constitute grand larceny
173,"acts. Id. at 963. The Lawson court stated that a ""critical distinction” of Pylant from the facts before it in Lawson was that in Pylant, there was ""not a factual background of consensual sexual discussion, conduct and relations.” Id. And in Lawson, it was ""from that background ... that the issue of [the insured’s] intent ar[ose].” Id. 17 . There is no consensus as the applicable standard, and the Mississippi Supreme Court has not addressed the issue. However, numerous courts have logically concluded that a negligence standard should apply. See Wood v. Hustler Magazine, Inc., 736 F.2d 1084, 1092 (5th Cir.1984) (opining that Texas courts would apply the negligence standard of liability to false light privacy actions by private plaintiffs); Braun v. Flynt, 726 F.2d 245, 249 (5th Cir.1984) (<HOLDING>); West v. Media General Convergence, Inc., 53",146322,23638,1,case_hold_mc,holding when defamatory statement involved issue of public concern that private individual was required to prove actual malice to recover presumed or punitive damages against media defendant,holding that defendant who placed private figure in a false light was not entitled to heightened protection of actual malice standard and could instead be found liable on showing of negligence,holding plaintiff failed to present evidence of actual malice because defendants explanation of the mistaken statement shows negligence but no more than that,holding under federal law that public figure claiming iied based on defamatory nature of speech must prove actual malice,holding failure to investigate before publishing is not sufficient to prove actual malice
174,"Gilpin, Jr., her grandson. Ms. Thornton then sued for declaratory and other relief. In the summary judgment under review, the trial court found that Mr. Clemons intended the deed to convey a life estate to himself and his wife, as tenants by the entireties, with, upon the death of the survivor of them, the remainder over to Joyce M. Thornton. This construction takes into account the language of the deed as a whole, and is the only plausible reading of the instrument considered in its entirety. See Bronstein v. Bronstein, 83 So.2d 699, 701 (Fla.1955) (“[I]f a contrary intention does appear in the deed then the fee simple character of the title conveyed is limited and controlled by the expressed contrary intention of the grantor.”); Sanderson v. Sanderson, 70 So.2d 364, 366 (Fla.1954) (<HOLDING>); Loveland v. CSX Transp., Inc., 622 So.2d",147182,23776,2,case_hold_mc,holding that construction that neutralizes any provision of a contract should not be adopted if the contract can be construed to give effect to all provisions,holding courts may not consider any single provision taken in isolation as controlling but must consider all provisions in context of entire instrument,holding that in construing an instrument any apparently conflicting expressions should be reconciled if possible so as to give full effect to all provisions contained in the instrument,holding that statutes must be read so as to give effect to all statutory language,holding that contracts should be interpreted to give effect to all provisions
175,"Plaintiff may only seek damages that were incurred prior to that date. See Indiana Michigan, 422 F.3d at 1376-77. Plaintiffs April 20, 2011 Motion For Leave is a motion to supplement the September 4, 2009 Complaint under RCFC 15(d), rather than to amend under RCFC 15(a), because Plaintiff seeks damages that were incurred after the filing of this action. See System Fuels, 73 Fed.Cl. at 211 (“Plaintiffs’ requested amendment of the complaint is proper under [RCFC 15(a),] although the amendments are not the primary thrust of their motion for leave; su (Fed.Cir.2008) (""SMUD IV"") (remanding with instructions to assess damages at the proper rate, and without applying certain offsets claimed by the Government); Sacramento Mun. Util. Dist. v. United States, 91 Fed.Cl. 9 (2009) (""SMUD V"") (<HOLDING>). 2 . RCFC 15(d) provides, in relevant part: On",148036,23918,1,case_hold_mc,holding that imposition occurs at time of entry of judgment,holding that smud is entitled to 53159863 in mitigation costs but staying entry of judgment pending the outcome of this proceeding,holding that this court has power to direct the entry of summary judgment when it would be just under the circumstances,holding that smud was entitled to mitigation damages for costs incurred from may 15 1997 to december 31 2003,holding that smud was entitled to 39796234 in damages
176,"argument resulted in prejudicial ineffective assistance of counsel. The record fairly supports the California Supreme Court’s summary denial of this claim. Claim 2i is denied on the merits. 1. & m. INTER-CASE AND IN-TRA-CASE PROPORTIONALITY Hamilton asserts defense counsel’s failure to research and demonstrate that the death penalty was excessive based on inter-case and intra-case proportionality, compared to sentences in similar cases and compared to his alleged accomplices, resulted in ineffective assistance of counsel. Hamilton does not make any offer of proof or showing which indicates defense counsel’s failure to research this issue resulted in ineffective assistance of counsel. This claim is foreclosed by Pulley v. Harris, 465 U.S. 37, 53, 104 S.Ct. 871, 79 L.Ed.2d 29 (1984) (<HOLDING>). The record fairly supports the California",148891,24055,0,case_hold_mc,holding the jurys finding of a special circumstance with automatic review by the trial judge and the california supreme court sufficiently limits the risk of arbitrariness and capriciousness without comparative proportionality review,holding the issue of recusal of the trial judge to be preserved for appellate review must be raised in the trial court,holding that the supreme court has final appellate review of agency decisions,holding that it was error for the trial judge to answer a jurys question without giving defendants counsel an opportunity to be heard before the trial judge responded,holding that the ninth circuit is bound by the california supreme courts interpretation of california law
177,"employee welfare benefit programs that reimbursed subscribers who purchased Loestrin 24, but also include three individuals who purchased Loestrin 24 for their' own use. “In Illinois Brick, the Supreme Court held that indirect purchasers of goods produced by firms engaged in anticompetitive conduct were too remote from that conduct to be regarded as injured” under federal antitrust law. Nexium I, 968 F.Supp.2d at 409 (citing Illinois Brick Co. v. Illinois, 431 U.S. 720, 746-48, 97 S.Ct. 2061, 52 L.Ed.2d 707 (1977)). In response to Illinois Brick, “some states have passed laws ... which expressly grant end-payors the right to sue for antitrust violations.” Solodyn, 2015 WL 5458570 at *15; see generally California v. ARC Am. Corp., 490 U.S. 93, 109 S.Ct. 1661, 104 L.Ed.2d 86 (1989) (<HOLDING>). Unable to bring claims under federal law, the",149744,24181,4,case_hold_mc,holding that subcontractor could recover damages from general contractor for delay in performance under state law,holding that a plaintiff may proceed with a claim against the state for breach of contract only where the state implicitly waives its sovereign immunity by expressly entering into a valid contract through an agent of the state expressly authorized by law to enter into such contract,holding that the united states may bring suit against a state to enforce compliance with federal law,holding that state liability only accrues as expressly authorized by law,holding that states may expressly grant indirect purchasers the right to recover under state law
178,"and medical reports. However, on direct appeal, we held: ""Even assuming the statement [was] improperly admitted, reversal is not required.... Douglas was not harmed by its admission."" Id. at 13. Douglas cannot demonstrate he was prejudiced by counsel's alleged error. Finally, Douglas claims his appellate counsel was ineffective for failing to adequately prove ineffective assistance of trial counsel. However, Douglas did not submit his direct appeal record of proceedings to the post-conviction court. Accordingly, neither we nor the post-conviction court can determine that Douglas was prejudiced by trial counsel's actions. Consequently, we cannot say the post-convietion court's denial of Douglas' petition was contrary to law. See Tapia v. State, 753 N.E.2d 581, 587-88 (Ind.2001) (<HOLDING>). 7. Delay in Hearing Post-Comviction Petition",150600,24317,1,case_hold_mc,holding that a plaintiff cannot be denied a new trial for failing to establish sufficient proof to meet a standard which at the time of trial did not exist,holding petitioners failure to present any witnesses or submit the trial record into evidence at hearing led to conclusion that petitioner did not meet his burden of proof for postconviction relief,holding that where movant alleged the names of uncalled witnesses and them anticipated testimony which would have been relevant mitigation evidence in the penalty phase but did not allege that trial counsel knew of the witnesses or that the witnesses were available to testify at trial the movant was not entitled to an evidentiary hearing on his postconviction relief motion because he did not allege facts sufficient to satisfy the standard applicable to his claim,holding that the district court properly denied petitioners request for an evidentiary hearing on equitable tolling where the petitioner filed several petitions for postconviction relief containing the same arguments presented in his federal habeas petition,recognizing that even where a party has the burden of proof at trial that party need not produce proof supporting his claim in response to a motion for summary judgment unless the movant has first presented evidence that would negate an element of the nonmovants claim or indicates that the nonmovant will be unable to meet his burden at trial it is never enough simply to state that the nonmoving party cannot meet its burden at trial
179,"hours and hourly rates.... [And fee counsel must supply] the court with specific and detailed evidence from which the court can determine the reasonable hourly rate.” Norman v. Hous. Auth., 836 F.2d 1292, 1303 (11th Cir.1988). At a minimum, the party seeking attorney’s fees must produce more than an affidavit from the attorney performing the work. Id. at 1299. Aetna fell short of meeting this burden. However, we have held that “[w]here documentation is inadequate, the district court is not relieved of its obligation to award a reasonable fee ... the district court traditionally has had the power to make such an award without the need of further pleadings or an evidentiary hearing.” Id. at 1303; see also Thompson v. Pharmacy Corp. of Am., 334 F.3d 1242, 1246 (11th Cir.2003) (per curiam) (<HOLDING>). Thus, the district court should have given",151452,24439,2,case_hold_mc,holding that lower courts application of a some effort standard was an abuse of discretion,recognizing that we review the sentence imposed by a district court under the abuse of discretion standard,holding the district courts conclusion that the attorney should receive no compensation was an abuse of discretion because we are confident that some legitimate time was expended by the attorney,holding that where an attorney serves as trustee and attorney for the trustee in a bankruptcy proceeding the attorney must distinguish time spent in each role,holding that under the extraordinary circumstances found by the district court it was not an abuse of discretion to order that defendants be permitted to take depositions of the witnesses in the presence of their attorney and the governments counsel
180,"are multiple reasons why the hyperlinked “Terms of Membership” page is inadequate to overcome the net impression that OnlineSupplier was a free auction kit. First, the hyperlink is buried at the bottom and is not placed in close proximity to the “Ship My Kit!” button, making it unlikely that consumers would notice or click on the link. There is also no indication that the “Terms of Membership” are specifically in regard to a negative option plan. Second, when the viewer clicks on the hyperlink, the actual terms of membership appear on a separate pop-up page rather than being directly inserted on the landing page. Such separation suggests that the disclosure is inadequate because it appears in a different context than the claims they purport to repudiate. See Gill, 71 F.Supp.2d at 1044 (<HOLDING>). Third, the information about the continuity",152311,24580,0,case_hold_mc,holding that a disclaimer in contract consumers eventually signed was inadequate to overcome deceptive representations in defendants advertisements,holding that a standard form disclaimer for negligence of thirdparty tour operators which appeared on plaintiffs cruise ticket was valid as a disclaimer,holding inconspicuous written disclaimer to be unenforceable absent actual knowledge of the disclaimer,holding that representations in a product bulletin created an express warranty inconsistent with disclaimer contained therein which was thereby inoperable,holding similar language to be a valid disclaimer
181,"is signed. Tex.R.App.P. 41(a)(1). The Bank argues that the Restre-pos’ failure to file their affidavit in the cause number assigned to the severed party within thirty days of the severance deprives this Court of jurisdiction. A court of appeals has jurisdiction over an appeal when an appellant files an instrument that is “a bona fide attempt to invoke appellate court jurisdiction.” City of San Antonio v. Rodriguez, 828 S.W.2d 417, 418 (Tex.1992) (per curiam); Mu on for new trial filed under old cause number, but seeking new trial as to a severed party, extends the appellate timetable and allows perfection of an appeal as a bona fide attempt to invoke appellate jurisdiction, making the court of appeals’ dismissal improper); Grand Prairie Independent School Dist., 813 S.W.2d at 500 (<HOLDING>). III. CONCLUSION We hereby give notice",153170,24720,0,case_hold_mc,holding that a notice of appeal filed when an appeal bond is required to perfect is a bona fide attempt to invoke appellate jurisdiction and that the court of appeals dismissal was improper without first affording an opportunity to correct the defective perfection of appeal,holding that notice of appeal filed under the wrong docket number is a bona fide attempt to invoke appellate jurisdiction and that the court of appeals dismissal was improper,holding that the court did not have jurisdiction to hear an appeal after an untimely filing of a notice of appeal,holding that an appeal is perfected when the appeal bond is filed,holding that prejudice should be presumed where counsel filed notice of appeal but failed to perfect the direct appeal
182,"in order to insure the jurors’ lack of knowledge regarding Green’s prior capital murder trial. The court then stated: This comment coming from a medical examiner testifying about the cause of death was a lead into what he was actually talking about, to his actual point. The [c]ourt would have to assume that the jurors know much more than voir dire indicated for this unsolicited phrase to have any effect, therefore, the motion for a mistrial is denied. We agree with the circuit court’s conclusions. Contrary to Green’s assertion, Dr. Abrenio’s reference to his prior testimony did not signal the jury that Green had been previously convicted for the capital murder of Mrs. Vaughan. Thus, Green’s reliance on our decision in Barker v. Commonwealth, 230 Va. 370, 375, 337 S.E.2d 729, 733 (1985) (<HOLDING>), is misplaced. Although Dr. Abrenio did not",154018,24856,2,case_hold_mc,holding that where a juror did not disclose that she knew someone who had been sexually abused the conviction and sentence must be reversed,holding that evidence of the same name the fact that the previous conviction occurred in precinct of defendants residence and that although the defendant testified he did not deny that he was the person described in the record of the previous conviction was sufficient to establish identity,holding that a venire person who knew of the defendants prior conviction of the same offense for which he was being retried could not sit as a juror,holding that where the court records in the present case and the records in a previous conviction reflected the same name and date of birth as well as a signature and the defendant did not object that he was not the same person as had been previously convicted the evidence was sufficient to support his conviction,holding that where defense turned on defendants credibility there could be no strategic basis for allowing jury to hear defendant had prior conviction for same offense for which he was being tried and concluding counsel rendered ineffective assistance
183,"employees and hiring security guards. We conclude that this showing was sufficient to raise triable disputes of fact as to foreseeability and duty. See Williams v. Utica Coll. of Syracuse Univ., 453 F.3d at 117-18 (construing New York precedent “to indicate that even a few past incidents spaced over a few years may, in appropriate circumstances, be enough to allow a reasonable jury to conclude that the relevant criminal activity was foreseeable”); Nallan v. Helmsley-Spear, Inc., 50 N.Y.2d 507, 519-20, 429 N.Y.S.2d 606, 613-14, 407 N.E.2d 451 (1980) (concluding that rational jury could find from history of criminal activity in other parts of building that criminal incident in the lobby was “significant, foreseeable possibility”); Stevens v. Kirby, 86 A.D.2d at 394, 450 N.Y.S.2d at 610 (<HOLDING>). 2. Breach “[T]he owner of a public",154877,24998,4,case_hold_mc,holding that an injury occurring in a parking lot which was leased but not controlled by an employer was compensable because the employer instructed its employees to park in that lot,holding landowner had duty to provide security in parking lot to protect its invitees from criminal acts of third parties,holding that claimant was entitled to workers compensation because he was injured in a parking lot which was leased by his employer,holding that injury in a parking lot did not occur on a covered situs,holding that jury could conclude from prior incidents involving breaches of the peace  that the assault in the parking lot was a significant foreseeable possibility which defendant had a duty to guard against
184,"first contention, it is observed that the Chief Justice’s concern in Cruz had to do with the distribution of literature within a prison, and not with the receipt of food by prisoners. A number of courts have been willing to uphold prisoners’ religiously based dietary claims. See e. g., Kahane v. Carlson, 527 F.2d 492 (2d Cir. 1975); see generally, Note, Free Exercise of Religion in Prisons — The Right to Observe Dietary Laws, 45 Fordham L.Rev. 92 (1976). 6 . Compare St. Claire v. Cuyler, 634 F.2d 109 (3d Cir. 1980) with St. Claire v. Cuyler, 643 F.2d 103 (3d Cir. 1980) (Adams, J., dissenting from denial of petition for rehearing); see generally Comment, The Religious Rights of the Incarcerated, 125 U.Pa.L.Rev. 812 (1977). See also Alim v. Byrne, 521 F.Supp. 1039, 1045 (D.N.J.1980) (<HOLDING>). 7 . “1 cannot give up my guidance to the",155726,25132,4,case_hold_mc,holding that the defendant countys two denials of variance permits under the circumstances had to a significantly great extent lessened the prospect of the religious institution being able to construct a temple in the future thus imposing a substantial burden on the religious institutions religious exercise,holding that religious exercise is any exercise of religion whether or not compelled by or central to a system of religious belief and that the use building or conversion of real property for the purpose of religious exercise shall be considered  religious exercise,holding that exclusion of religious groups from universitys open forum policy violated the first amendment,holding exempt under ors 307130 which relates to other charitable institutions a building that was used as an office for a religious official and religious court and a printing press for a religious publication,holding that limitations placed upon the religious activities of two prison groups found to be religious organizations were reasonable under the circumstances
185,"Code Ann. §§ 14.003-.004, 14.010 (West 2002 & Supp. 2012). The trial court, though, only granted ""Defendant's Motion to Dismiss based upon prosecutorial and absolute immunity.” Because we conclude the trial court’s rulings were correct, it is not necessary for us to determine whether Allen's brief assigns, for appellate review, any error in failing to dismiss based on Charleston's failure to comply with the procedural requirements of Chapter 14. 5 . Under the federal standards for qualified immunity, a prosecutor would be ""shielded from liability for civil damages insofar as their conduct does not violate clearly established statutory or constitutional rights of which a reasonable person would have known.” Harlow v. Fitzgerald, 457 U.S. 800, 818, 102 S.Ct. 2727, 73 L.Ed.2d 396 (1982) (<HOLDING>); see Ballantyne v. Champion Builders, Inc.,",156578,25279,3,case_hold_mc,recognizing absolute immunity to suits under 42 usc  1988,holding that suits under 42 usc  1983 do not override state immunity,holding that person in 42 usc  1983 does not include states,recognizing objective standard applicable under 42 usc  1983 and suits under united states constitution,holding that a state is not a person under 42 usc  1983
186,"have somehow defamed him, and that this defamation combined with the removal of his administrative powers constituted a deprivation of a liberty interest without due process of law. This claim suffers from two fatal flaws. First, plaintiff has failed to point to any defamatory comments by defendants or to even allege that the actions of defendants were somehow based on a belief by defendants that plaintiff is guilty of some type of wrongdoing. While plaintiff has alleged that the' removal of his powers caused him “to suffer ... loss of reputation in the community and great emotional and mental distress and embarrassment,” the mere removal of his powers without any negative comments by defendants does not rise to the level of defamation. See Roth, 408 U.S. at 573-74, 92 S.Ct. at 2707-08 (<HOLDING>). And second, defamation alone is insufficient",157435,25410,1,case_hold_mc,holding that defamation standing alone is not sufficient to establish a claim for deprivation of a liberty interest citations omitted,holding that merely declining to rehire a person did not constitute defamation for deprivation of liberty interest purposes absent any charges against the good name or reputation of that person,holding doma was unconstitutional as a deprivation of liberty of the person protected by the fifth amendment,holding that members of the city council in their official capacity are not immune from a section 1983 suit against the municipality for deprivation of liberty interest in reputation without due process,holding that police officers have a qualified privilege against defamation claims for reporting the fact that a person was arrested and the charges for which the person is being held
187,"a cognizable claim under § 1983, doc. 20, p. 10, but fails to address whether such harassment, if done in retaliation for an inmate’s having filed a lawsuit, would state a claim. It is well settled in this circuit that “prison officials may not retaliate against an inmate for exercising a constitutionally protected right.” Adams v. James, 784 F.2d 1077, 1082 (11th Cir.1986) (reaffirming the principle that “prison officials may not retaliate against an inmate for exercising a constitutionally protected right.”), relying on Bridges v. Russell, 757 F.2d 1155 (11th Cir.1985). See also Mitchell v. Farcass, 112 F.3d 1483, 1490 (11th Cir.l997)(reversing the district court’s dismissal of an inmate’s First Amendment claim for retaliation); Harris v. Ostrout, 65 F.3d 912, 916-17 (11th Cir.1995) (<HOLDING>); Wildberger v. Bracknell, 869 F.2d 1467, 1468",158296,25550,3,case_hold_mc,holding that a prisoners allegations that a corrections officer retaliated against the prisoner for the prisoners report charging the officer with misconduct properly stated a claim for retaliation noting that aji allegation of retaliation should not be ignored simply because the charge was later dismissed ,recognizing first amendment retaliation right,recognizing first amendment retaliation claim where official filed a disciplinary report following an inmates filing of a grievance,holding that summary judgment was inappropriate on first amendment claim where prisoner submitted affidavits by other prisoners which inferred that the defendants statements suggested he had filed disciplinary reports against plaintiff in retaliation for eailier litigation,holding that appellant had submitted sufficient evidence of racebased retaliation to survive summary judgment on his  1981 claim
188,"grievances with any individual or employee organization other than the Union with respect to terms and conditions of employment of bargaining unit members in the [ASEA]. When individuals or organizations other than the Union request negotiations or seek to represent bargaining unit members in grievances or to otherwise represent bargaining unit members in Employer/employee matters, the Employer shall advise them that the Union is the exclusive representative for such matters. Similarly, the Union will so advise individuals or organizations making such requests. 2 . Christensen v. NCH Corp., 956 P.2d 468, 473 (Alaska 1998). 2 3 . Jones v. Jennings, 788 P.2d 732, 735 (Alaska 1990). 4 . See, e.g., Doe v. Alaska Superior Court, Third Judicial Dist., 721 P.2d 617, 622-26 (Alaska 1986) (<HOLDING>). 5 . Guin v. Ha, 591 P.2d 1281, 1284 n. 6",159156,25682,3,case_hold_mc,holding that state attorney general as member of executive department may assert claim of executive privilege,recognizing privilege,recognizing privilege under federal rules,recognizing as a matter of law executive privilege for governor,recognizing in the context of discussing executive privilege that law enforcement documents disclosing investigative techniques or sources should be minimized
189,"immunity defense ordinarily fails, since “a reasonably competent public official should know the law governing his conduct.” See id. (quoting Harlow, 457 U.S. at 818-19, 102 S.Ct. 2727). Thus, the aldermen are entitled to qualified immunity only if Belk’s right to free speech was not clearly established at the time of her discharge. See id. Belk was discharged in 1995. As early as 1985, the Supreme Court had found a clear First Amendment protection for public employees. “It is clearly established that a State may not discharge an employee on a basis that infringes that employee’s constitutionally protected interest in freedom of speech.” Rankin, 483 U.S. at 382, 107 S.Ct. 2891. Our own precedent evidences this principle as well. See Hafley v. Lohman, 90 F.3d 264, 267 (8th Cir.1996) (<HOLDING>); Casey, 12 F.3d at 804 (“No right is more",160007,25819,4,case_hold_mc,holding that retaliatory discharge based solely on protected speech by ones spouse is actionable under the first amendment,recognizing retaliatory discharge tort implied by the workers compensation act,holding that it is clearly established that retaliation against private citizens for exercising their first amendment rights is actionable,recognizing the tort of retaliatory discharge,holding that retaliatory discharge is a clearly established first amendment violation
190,"amended its order to disqualify Camenisch on March 27, 1998. 6 . Attorney Camenisch represents Mrs. Wagner on appeal because, he explained at oral argument, the trial court’s disqualification order did not extend to this court — a question we decline to address. 7 . The Wagners contend that there is a question of fact as to when Sellinger was terminated, suggesting it was later than July 21. That contention has no merit. Mrs. Wagner stated in her second amended complaint that she terminated the relationship ""on or about July 21, 1994.” She retained Mr. Camenisch on July 31, 1994. Despite Sellinger’s failure to withdraw his appearance, the record makes clear that he did not continue to serve as Mrs. Wagner’s counsel after July 21, 1994. 8 . This July 25, 1994 motion was , 1219-20 (1986) (<HOLDING>); Security Bank & Trust Co. v. Fabricating,",160860,25959,3,case_hold_mc,holding that negligently allowing a statute of limitations to run does not constitute an ethical violation,recognizing that the statute of limitations for a survival action began to run on the date of the decedents injury as though he was bringing his own lawsuit,holding that limitations period began to run when flooding occurred not when plaintiffs learned city had been on notice of flooding potential and had fraudulent motive,holding statute of limitations began to run when plaintiffclient learned attorney negligently drafted contract not later when plaintiff lost on merits defending contract in lawsuit,holding that the date on which the plaintiff learned of the defendants denial of tenure not the date on which the plaintiff became unemployed was when the statute of limitations began to run
191,"Forrest, 839 So.2d 839, 841 (Fla. 4th DCA 2003) (citing Nichols v. Paulucci, 652 So.2d 389, 393 n. 5 (Fla. 5th DCA 1995)). Fourth, Ocean World asserts that Columbia submitted itself to Florida jurisdiction by filing lawsuits in Florida, thereby availing itself “of the benefits offered by the Florida judicial system.” However, Columbia’s participation in other lawsuits in Florida concerning subject matters separate and distinct from this lawsuit does not create personal jurisdict , 701 So.2d 902 (Fla. 3d DCA 1997) (finding ""continuous systematic business contacts” where the defendant sold 50,000 office chairs for approximately $1,000,000.00 per year over several years to a Miami distributor); Garris v. Thomasville-Thomas County Humane Soc’y, Inc., 941 So.2d 540, 549 (Fla. 1st DCA 2006) (<HOLDING>); Banco Inversion, S.A. v. Celtic Fin. Corp.,",161718,26105,3,case_hold_mc,holding that texasbased organization was subject to general jurisdiction in florida because it solicited contributions from florida residents using internet websites,holding that texasbased organization was subject to specific personal jurisdiction in florida even though it did not maintain office or have any employees or agents in florida on a regular basis personal jurisdiction was ultimately exerted because organization solicited contributions from florida residents using local television stations and internet websites,holding defendant had requisite contacts under section 481932 florida statutes where it solicited consulting and other services from a florida corporation in which a substantial amount of the services sought by defendant were performed in florida,holding that general jurisdiction existed where defendant directed significant advertisement towards residents of florida targeting the populous florida market  solicited donations from floridians and had ongoing relationship with several florida animal aid organization including arrangements under which it regularly transferred animals to them for adoption in florida,holding new york could lawfully modify a florida custody decree because florida court had right under florida law to change the decree
192,"advised the defendant of his Miranda rights and the defendant subsequently gave a statement. Id. 476. The court held that the detective’s statements at the jail cell did not constitute interrogation. Id. at 479-480. The court further determined that the defendant, by stating that he wanted to tell his side of the story, “ ‘initiated’ further conversation in the ordinary dictionary sense of that word.” Id. at 480. Similarly, in Bunch v Thompson, 949 F2d 1354, 1361 (CA 4, 1991), the court held that a defendant’s statement was not the product of “police-initiated interrogation” where it followed an inquiry that “amounted to nothing more than an effort to ascertain if Bunch had changed his mind about wanting an attorney.” See also McCall v State, 501 So 2d 496, 500 (Ala Crim App, 1986) (<HOLDING>); State v Acquin, 187 Conn 647, 669-670; 448",162577,26234,1,case_hold_mc,holding that police officers had probable cause to arrest a suspect where the facts suggest a fair probability that the suspect has committed a crime,holding that although interrogation may not continue after a suspect has requested counsel the police legitimately may inquire whether the suspect has changed his mind about speaking to them without an attorney,holding that fifth amendment protection against selfincrimination requires police to notify suspect of right to counsel and to cut off interrogation once suspect invokes the right absent counsel further interrogation may not occur unless suspect initiates subsequent conversation if police initiate subsequent interrogation there can be no valid waiver of counsel even though police advise suspect of his or her constitutional rights and suspect acquiesces in the interrogation,holding that prosecutors who soon after arrest of suspect allegedly directed police to coerce confession from suspect were not entitled to absolute immunity because interrogation is ordinarily a police activity,holding that once a suspect has requested counsel interrogators may not reinitiate questioning unless the attorney is present regardless of whether or not there has been an outside consultation
193,"contractual obligation where ordinance provided for payment of health premiums, stating that “Plaintiffs’ interpretation of the 1966 ordinance would impose future liability upon the City by requiring subsequent councils to annually appropriate the fun 2d 1160, 1161 (Ind.Ct.App.1981) (discontinuation of college incentive pay program upheld even though employees allegedly worked in reliance on the program); Beckham v. City of Bowling Green, 743 S.W.2d 858, 860 (Ky.App.1987) (disallowing police officers’ attempt to parlay probable cause statutory provisions regarding reduction of salary into prohibitions against city’s “right and duty to fix the compensation of its employees based on the resources available to it.”); Watkins v. Josephine County, 243 Or.App. 52, 259 P.3d 79, 85-86 (2011) (<HOLDING>): Alston v. City of Camden, 322 S.C. 38, 471",163432,26377,3,case_hold_mc,holding that where the murder and robbery occurred in one county but the plan was hatched in another county and the body was subsequently returned to that other county both counties had jurisdiction to try the appellant,holding that the grant county prosecutor had a statutory duty to be legal advisor to the county clerk even though she was not embroiled in litigation in which the county was the real party in interest,recognizing county officers as  those whose general authority and jurisdiction are confined within the limits of the county in which they are appointed who are appointed in and for a particular county and whose duties apply only to that county and through whom the county performs its usual political functions ,holding that no contractual obligation was created and county was not required to refrain from amending personnel benefits resolution stating that county never promised the permanence of the disputed benefits ,holding that both saline county and grant county had jurisdiction to try the appellant for murder where the actual killing occurred in one county but the acts requisite to the consummation of the murder and the subsequent disposal of the body occurred in the other county
194,"to the government, i.e., the king. That concept, through escheat statutes and conditions of early grants, persisted in colonial days. The Takings Clause was thus considered to be a liberalization of property rights adverse to the conservative interests of the preconstitutional colonial governments. The right to private property was then perceived to be one of the incidents, privileges and immunities constituting individual rights that should be free from governmental interference. Maryland was one of only three states that had a Takings Clause in its first constitution. Id. at 698, n. 15 (citing 3 F. Thorpe, The Federal and State Constitutions, Colonial Charters, and Other Organic Laws of the States, Territories, and Colonies, N Rock, 237 U.S. 171, 35 S.Ct. 511, 59 L.Ed. 900 (1915) (<HOLDING>); Hadacheck v. Sebastian, 239 U.S. 394, 36",164289,26501,4,case_hold_mc,holding that an ordinance passed for the health and comfort of the community that prohibited brickmaking in a designated area was a valid exercise of police power,holding general statutes  1466 a requiring licensing to engage in operating wrecker for purpose of towing valid exercise of police power,holding that limiting to two the number of dogs kept per residential unit was not an unreasonable exercise of police power,holding that violation of state law was not a per se constitutional violation,holding that the exercise of police power was valid where an owner was prohibited from operating a liveiy stable business that was not a nuisance per se
195,"been an uncontrolled taxpayer dealing at arm’s length with another uncontrolled taxpayer.” Ruddick Corp. v. United States, 226 Ct.Cl. 426, 643 F.2d 747, 750 (1981) (quoting Treas.Reg. § 1.482-l(c)) (emphasis omitted). Even if plaintiff inadvertently treated its parent in a non-arm’s length manner, section 482 applies. Section 482 in the Internal Revenue Code is the specific provision that may be used to adjust the prices at which goods and services are transferred between entities owned or controlled by the same interests. It is a well-recognized rule of statutory construction that a specific provision controls when the same subject matter is addressed by a more general provision. See Bulova Watch Co. v. United States, 365 U.S. 753, 758, 81 S.Ct. 864, 867-68, 6 L.Ed.2d 72 (1961) (<HOLDING>); Norman J. Singer, Sutherland Statutory",165142,26634,3,case_hold_mc,holding that in a proceeding to recover taxes from a nonbankrupt taxpayer the taxpayer has the burden of proving that his taxes complied with the internal revenue code,holding wills more specific provision prevails over general provision,recognizing that the statute of limitations provision of the aedpa is an affirmative defenses rather than jurisdictional,holding that interest accruing on an overpayment of taxes attributable to an unused excess profits credit carryback was governed by a specific provision of the internal revenue code rather than by a general provision,holding that general obligation to pay money under a disputed provision of the tax code was not a taking
196,"the eminent-domain takings are government actions that occupy (or today, regulate) private property. Plaintiffs posit that the former are subject to sovereign immunity doctrines, the latter are not. Sovereign immunity is the immunity that, by the accident of English history that underlies American law, shields the government, absent consent to be sued, from legal liability for all sorts of wrongs, including torts and contract wrongs. Based on the distinction between common-law takings and eminent-domain takings, plaintiffs conclude that the bar of the statute of limitations properly applies only to cases involving the government’s waiver of sovereign immunity, the common-law takings cases. It is true that sovereign immunity does not protect the government from a Fifth Amendment Ta 996) (<HOLDING>); Loveladies Harbor, Inc. v. United States, 28",165990,26766,3,case_hold_mc,holding that a termination of a government contract does not constitute a taking of the plaintiffs property without just compensation or without due process of law,holding that a purely financial exaction does not constitute a taking,holding that a transfer of job duties can constitute an adverse employment action,holding that overflights can constitute a taking,holding that a cause of action for an unconstitutional taking accrues at the time the taking occurs
197,"Predicate of Discrimination The majority apparently concludes that “vestiges” of past discrimination do not constitute a sufficient predicate for affirmative action — that there must be some kind of “smoking gun” evidence of present discrimination before a predicate can be found. The majority is, of course, wrong. The Supreme Court has stated time and again, in both Title VII and equal protection contexts, that affirmative action may be used to eradicate continuing effects (i.e., “vestiges”) of discrimination that occurred in the past. See, e.g., Wygant, 106 S.Ct. at 1847; Fullilove, 448 U.S. at 484, 100 S.Ct. at 2777; id. at 496, 100 S.Ct. at 2783 (Powell, J., concurring); Weber, 443 U.S. at 197, 99 S.Ct. at 2724; Bakke, 438 U.S. at 307-308, 98 S.Ct. .2d 557, 562-63 (7th Cir.1984) (<HOLDING>). The majority states that there must always be",166851,26893,1,case_hold_mc,holding that plaintiffs evidence of statistical disparities in hiring promotion and compensation was sufficient to support claim of intentional discrimination where the employment decisions were based on completely subjective criteria,holding that statistical disparity plus other indicia of past discrimination constitute sufficient remedial predicate,holding in the discrimination context that a plaintiff may challenge incidents which occurred outside the statute of limitations period if the various acts of discrimination constitute a continuing pattern of discrimination,holding that an anonymous tip must have sufficient indicia of reliability to justify a stop and frisk,holding that a thirtyone month delay could be outweighed by other indicia of reliability
198,"five years. The issue is thus whether the time Hartman served in prison after the IJ’s improper decision should count toward the five-year bar. The Court holds that it should not count and thus, contrary to the BIA’s ruling in March 2002, the application for § 212(c) relief was not untimely when the IJ addressed the merits of that application on January 25, 2001. 1. The Statutory Five-Year Bar At the outset, the Court addresses Hartman’s argument that the five-year clock stops upon filing an application for § 212(c) relief, which, in this case, would be January 1997. The Court disagrees with that argument. The five-year clock of § 212(c) does not stop when an alien, such as Hartman, files an application for a discretionary waiver. See Gomes v. Ashcroft, 311 F.3d 43, 45 (1st Cir.2002) (<HOLDING>); Falconi v. INS, 240 F.Supp.2d 215, 218",167709,27032,2,case_hold_mc,holding that a lawful permanent resident alien is entitled to seek relief under ina  212c,holding that the date of death is relevant date of inquiry for the applicability of section 541a5a,holding that the relevant date is not when petitioner filed for  212c relief,holding that we have jurisdiction to review an aliens legal eligibility for relief under former ina  212c,holding that iiriras repeal of ina  212c was not impermissibly retroactive because unlike st cyr the petitioner chose to proceed to trial instead of agreeing to a plea and therefore did not detrimentally rely on the availability of  212c relief
199,"Scobbie v. Workmen’s Compensation Appeal Board (Greenville Steel Car Co.), 118 Pa.Commonwealth Ct. 424, 427, 545 A.2d 465, 466 (1988). However, the fact that the claimant’s residual disability no longer renders him incapable of performing his pre-injury job does not justify a suspension of benefits if the pre-injury job is no longer available to the claimant through no fault of his own. The burden is on the employer to demonstrate job availability. Id. at 428-29, 545 A.2d at 467. 6 . Once an employee is fully recovered, the employer is not required to show work availability. See Celio v. Workmen’s Compensation Appeal Board (Canonsburg General Hospital), 109 Pa.Commonwealth Ct. 442, 531 A.2d 55 peal Board (Federici), 96 Pa.Commonwealth Ct. 208, 214-15, 506 A.2d 1357, 1360 (1986) (<HOLDING>) 9 . As the Board correctly noted, Employer may",168562,27177,0,case_hold_mc,holding that a presumptive partial disability exists by virtue of the order to suspend compensation the employer can eliminate liability only by offering suitable work,holding that claims actionable only by virtue of the nlra are preempted,holding evidence of a 13 permanent partial disability insufficient to establish disability for purposes of ada,holding that a district court only has jurisdiction to order compliance with compensation orders entered by an administrative law judge alj and reviewed by the benefits review board and to screen for procedural defects but may not otherwise affirm modify suspend or set aside a compensation order based on the substantive merits of the aljs decision,holding that where the employer discontinues a specially created job the employer must offer another suitable job to the claimant or continue total disability payments
200,"Virgin Islands, except where a direct review may be had in the Supreme Court. The jurisdiction of the United States Court of Appeals for the Federal Circuit shall be limited to the jurisdiction described in sections 1292(c) and (d) and 1295 of this title. 28 U.S.C. § 1291. 18 . In an effort to meet this burden, during the April 25, 2012 Hearing, U.S. Steel’s counsel argued that its Motion for Expedited Relief (Docket No. 53) and Motion to Seal (Docket No. 64) were akin to a motion for an injunction. (Docket No. 209 at p. 14, Ins. 11-12). Although obtaining an injunction can render prevailing party status, such status is only awarded in cases where the underlying lawsuit seeks permanent injunctive relief. See e.g. Sole v. Wyner, 551 U.S. 74, 86, 127 S.Ct. 2188, 167 L.Ed.2d 1069 (2007) (<HOLDING>); Singer Mgmt. Consultants, Inc. v. Milgram,",169416,27314,1,case_hold_mc,holding that attorneys fees awards are available under  1988 for frivolous actions,holding that interim awards of attorneys fees are inappropriate where the only relief obtained is a preliminary injunction which may be subsequently overturned on the merits,holding preliminary injunction improper where it exceeded the relief sought and granted the same relief which would have been given in a final order of permanent injunction,holding that a district court may award attorneys fees while the merits are on appeal,holding that a preliminary injunction reversed on appeal does not support an award of attorneys fees
201,"is made in one state and accepted in another, we now recognize that elements of the transaction have occurred in each state.” Id. at 786-87. Following this approach, the court held that all of A.S. Goldmen’s offers to purchase stock had occurred in New Jersey, but the acceptance of such offers by non-New Jersey residents had occurred in the purchaser’s state of residence. See id. at 787 (“A contract between Goldmen in New Jersey and a buyer in New York does not occur ‘wholly outside’ New Jersey, just as it does not occur ‘wholly outside’ New York. Rather, elements of the transaction occur in each state....”). Accordingly, New Jersey appropriately could regulate “the aspect of the transaction that occurs within its boundaries,” id., but not that part which occurred out of state. See id. (<HOLDING>) (internal footnote omitted). In Carolina",170273,27461,1,case_hold_mc,holding that a writ of execution under new jersey law is not an action against the consumer,holding that the new jersey blue sky law simply allows the bureau to regulate its half of the transaction  the offer that occurs entirely within the state of new jersey,recognizing that pennsylvania had no interest in denying its residents the greater damages available under new jersey consumer fraud statutes for claims against a new jersey seller,recognizing israel had no interest in denying its citizens the substantive advantages of new jersey defamation law in new jersey residents claims for defamation published in new jersey,holding purposeful and deliberate omission on enactment of new jersey sales and use tax of exemption found in new york counterpart act which served as the model for new jersey act
202,"The court, however, need not reach this issue because even if Defendants were properly served, this action is barred by the statute of limitations. 4 . All parties agree that the applicable statute of limitations is three years. Because a federal court in a diversity action based on state negligence law must apply state law to determine when an action is commenced for purposes of the statute of limitations, Wolfberg v. Greenwood Development Corp., 868 F.Supp. 132 (D.S.C. 1994), the present action was commenced, if at all, more than three years after Plaintiff's accident. See S.C.R.C.P. 4(d)(8) (""Service [by certified mail] is effective upon the date of delivery as shown on the return receipt.”); Dandy v. American Laundry Machinery Inc., 301 S.C. 24, 27, 389 S.E.2d 866, 868 (1990) (<HOLDING>). 5 . The court notes that the Supreme Court of",171129,27602,2,case_hold_mc,holding that service of a statecourt summons and complaint after removal to federal court is valid service,recognizing that it is well settled law that an action is commenced by the service of a summons and without valid service of process the trial court has no jurisdiction to act,holding that if service done by certified mail action commenced upon receipt of summons and complaint,holding the rule 4 requirement of delivery to the appropriate united states attorney required personal service not service by certified mail,holding that service of a subpoena via certified mail is sufficient under rule 45 particularly when defendant does not deny actual receipt
203,"ambiguous. See, e.g., Phillips v. Estate of Greenfield, 859 P.2d 1101, 1104 (Okla.1993). A contract provision is ambiguous only if it can be interpreted as having two different meanings. E.g., Little-field v. State Farm Fire & Casualty Co., 857 P.2d 65, 69 (Okla.1993). If it is not ambiguous, it is construed in its plain and ordinary sense. E.g., Phillips, 859 P.2d at 1104. If it is ambiguous, it is construed in favor of the insured. E.g., Littlefield, 857 P.2d at 69. The bodily injury provision of the policy and its accompanying amendatory endorsement excluding coverage for indemnification or contribution claims based on bodily injuries are not ambiguous because they are capable of only one interpretation. Cf. Pearson Servs., Inc. v. INA Ins. Co., 937 F.2d 401, 402, 403 (8th Cir.1991) (<HOLDING>); National Union Fire Ins. Co. v. Easier Corp.,",171985,27743,1,case_hold_mc,holding a limitation on damages arising out of bodily injury to one person involved in an accident applies to all claims arising from the death of that person,holding as unambiguous under iowa law the insurance policys exclusion of coverage to any obligation of the insured to indemnify another because of damages arising out of  a bodily injury to any employee of the insured arising out of and in the course of his employment by the insured,holding a personal profit exclusion applicable to an insured corporation where the purpose of the exclusion was to exclude coverage when the insured received profits to which the insured was not legally entitled,holding that the policys exclusion of coverage for any obligation of the insured to indemnify another because of damages arising out of such bodily injury operates where the genesis of the action is an employees workrelated bodily injury quoting national union fire ins co 906 f2d at 200,holding that the use of the phrase any insured rather than the insured the same language used in the employers liability exclusion here meant that the exclusion was not limited to injuries sustained by the employees or contractors of one insured party
204,"652, (Tex.App.Waco 1993, writ denied); see also Ex parte Threet, 160 Tex. 482, 333 S.W.2d 361, 364 (1960) (evidence that couple was introduced as husband and wife to a few friends was no evidence that they held themselves out as married). Whether the evidence is sufficient to establish that a couple held themselves out as husband and wife turns on whether the couple had a reputation in the community for being married. Eris, 39 S.W.3d at 715; see also Danna v. Danna, No. 05-05-00472-CV, 2006 WL 785621, at ⅜1 (Tex.App.-Dallas Mar. 29, 2006, no pet.) (mem. op.) (a “couple’s reputation in the community as being married is a significant factor in determining the holding[-]out element”), quoted in Smith v. Deneve, 285 S.W.3d 904, 910 (Tex.App.Dallas 2009, no pet.); Giessel, 734 S.W.2d at 31 (<HOLDING>). Proving a reputation for being married",172847,27883,1,case_hold_mc,holding that police did not enjoy qualified immunity for a period where they acknowledged that plaintiff had to be released but nevertheless kept him handcuffed,holding that couple held themselves out as married when they had reputation in community for being married even though they had kept marriage secret from a few family members,holding that the defendants statement in an application for citizenship that he had only been married once was false even if the second marriage had been a nullity because it was bigamous,holding victims statements to coworkers admissible to rebut defendants claim that they had a good marriage,holding that samesex partners who would  have chosen to marry before a childs birth had they been permitted to are entitled to a statutory presumption of parentage that otherwise conferred benefits only upon a married spouse
205,"differs. This is contrary to the TAA’s plain language as well as its mandate — that we construe it “to effect its purpose and make uniform the construction of other states’ law applicable to an arbitration.” Tex. Civ. PRAC. & Rem.Code § 171.003 (emphasis added); see also Tex. Gov’t Code § 311.028 (“A uniform act included in a code shall be construed to effect its general purpose to make uniform the law of those states that enact it.”). Texas, not federal, law governs this case, and that law is clear: a party may not appeal an order that grants rehearing. V. Section 171.098(a)(5) is uniformly interpreted to prohibit appeals when a rehearing is granted. The concurrence also argues that “subsection (5) allows an appeal when a re ., P.A., 34 Kan.App.2d 340, 118 P.3d 704, 706-08 (2005) (<HOLDING>); Crack Team, 128 S.W.3d at 583 (holding that",173701,28024,2,case_hold_mc,holding that a rehearing order is interlocutory and not appealable,holding that there can be only one final appealable order,holding that a rehearing order was not final or appealable,holding order granting a new trial is not a final appealable order because it does not terminate the action or any of the claims or parties in the action,holding that the ordering of a rehearing caused the judgment to not be final and appealable
206,"of public concern, for any reasonable official would know that unlawfully retaliating against a public employee for his protected speech activities constitutes “significant government misconduct.” Furthermore, we have held that it was clearly established since at least 2007 that testifying pursuant to a subpoena in a judicial or administrative proceeding of public concern constitutes protected speech. See Clairmont, 632 F.3d at 1109. Although none of our earlier cases specifically addressed subpoenaed deposition testimony as opposed to testimony in open court, our holdings have not been so narrowly cabined that Caw could reasonably have believed subpoenaed deposition testimony was excluded from the First Amendment’s ambit of protection. See, e.g., Alpha Energy Savers, 381 F.3d at 925 (<HOLDING>). Second, a reasonable official would also have",174556,28171,4,case_hold_mc,holding that appellant who filed a  2255 motion but produced no affidavit from the witness in question or any other independent support for his claim failed to show prejudice because he offered only speculation that he was prejudiced by his counsels failure to interview the witness which was not enough to undermine confidence in the outcome of the trial as required by strickland,holding that closure was limited not only because it lasted only for the testimony of one witness  but also because there was no limitation at all on the right of the public or the press to examine the transcript of the officers testimony,holding that in order to state a claim for ineffective assistance of counsel based on the failure to call a witness to testify the claimant must allege 1 the identity of the potential witness 2 that the witness was available to testify at trial 3 the substance of the witnesss testimony and 4 an explanation of how the omission of the testimony prejudiced the case,holding that trial court abused its discretion in permitting the testimony of a witness who was not listed in the pretrial order and no reason was given for the failure to list the witness,holding that not only the employees testimony at the grievance hearing but also the affidavit that he filed and his agreement to be listed as a potential witness were entitled to protection
207,"the charges brought against a defendant. The Supreme Court in Koon v. United States, — U.S. -, -, 116 S.Ct. 2035, 2046-47, 135 L.Ed.2d 392 (1996), however, recognized that judicial discretion plays a role in sentencing and that sentences resulting from guideline departures are appropriate in certain circumstances. Koon sends a signal to appellate courts to extend a greater measure of deference to district courts’ discretion in sentencing. In this case, Judge Melloy, an experienced jurist, made a fair and reasonable decision supported by adequate grounds for departing. We should affirm. II. DISCUSSION In Koon, the Supreme Court instructed appellate courts to accord sentencing courts greater discretion in their decisions to depart from the guidelines. Koon, — U.S. at -, 116 S.Ct. at 2043 (<HOLDING>); see also United States v. McNeil, 90 F.3d",175416,28295,2,case_hold_mc,recognizing that the standard of review for issues of statutory interpretation and construction is de novo,holding that review of the denial of a motion to compel arbitration is under the de novo standard,recognizing abuse of discretion rather than de novo standard of review,holding that the appropriate standard of review is abuse of discretion,holding that the appellate standard of review of ineffectiveness claim is de novo
208,"occurred during that ongoing clergy-counselee relationship are factual matters for the jury to decide and do not present vagueness concerns. The term “religious or spiritual advice, aid, or comfort” has acquired a reasonably definite meaning from the use of the same term in the evidentiary clergy privilege statute. Minn.Stat. § 595.02, subd. 1(c) (2006) (stating that a member of the clergy shall not “be examined as to any communication made to the member of the clergy or other minister by any person seeking religious or spiritual advice, aid, or comfort * * * without the consent of the person”). We have said that the term applies to requests for religious or spiritual aid that are made to clergy in their professional capacity. E.g., State v. Black, 291 N.W.2d 208, 216 (Minn.1980) (<HOLDING>). We have also noted that the “wording of the",176274,28429,2,case_hold_mc,holding that request for historical csli information was not a search,holding that trial court properly refused to permit disclosure of privileged communications in part because use of the privileged information was not essential to the defense,holding that request from inmate to county jail chaplain to pass information to coeonspir ator was not privileged because the aid requested was not religious and because the request was not intended to be confidential,holding that plaintiffs request that inquiry be made of the jury about its intent behind the verdict was not a request to poll the jury,holding records did not qualify as exempt confidential commercial information under exemption 4 because the information was not actually confidential
209,"rights.” Lowe v. Zarghami, 158 N.J. 606, 616, 731 A.2d 14 (1999). A second test is described as the “relative nature of the work test.” Id. at 616, 731 A.2d 14. That test is generally applied “in situations involving work performed by professional employees.” Id. at 617, 731 A.2d 14. The test “requires a court to examine ‘the extent of the economic dependence of the worker upon the business he serves and the relationship of the nature of his work to the operation of that business.’ ” Id. at 616, 731 A.2d 14 (quoting Marcus v. E. Agrie. Ass’n, 58 N.J.Super. 584, 603, 157 A.2d 3 (App.Div.1959) (Conford, J., dissenting), rev’g on dissent, 32 N.J. 460, 161 A.2d 247 (1960)); see also Delbridge v. Office of the Pub. Defender, 238 N.J.Super. 288, 319-23, 569 A.2d 854 (Law Div.1989) (<HOLDING>). While neither Lowe nor Delbridge involved",177128,28571,4,case_hold_mc,holding that the new jersey statute of limitations applicable to  1983 actions is njsa 2a142,holding that employees retaliatory discharge based on employees election to public office did not violate public policy,holding that public defender did not face conflict requiring withdrawal when bringing collateral attack of a defendants conviction public defender was required to attack competence of previous public defender and stating that automatic disqualification  would hamper the ability of public defenders offices to represent indigents in criminal cases,holding that claims based on asserted violations of the lad and  1983 are not subject to the new jersey tort claims act,holding designated counsel acting on behalf of the office of public defender in law guardian program to be public employees for purpose of the new jersey tort claims act njsa 5911 to 123 and therefore entitled to indemnification by the state
210,"Third Claim of Relief. These motions raise four distinct issues. First, are Defendants properly subject to Title IX’s requirements if they do not receive federal financial assistance? Second, are Defendants “state actors?” Third, do Plaintiffs have standing to sue? Fourth, even if Defendant MHSAA is subject to Title IX, may the Individual Defendants be sued in their official capacities? Discussion Summary judgment requires that the Court determine whether the Plaintiffs have presented enough evidence so that a jury could reasonably find for them. Anderson v. Liberty Lobby, Inc inquiry and justify a decision to grant Defendants’ Motion for Summary Judgment, both Plaintiffs and the United States as amicus curiae argue that even tho etic Assoc., 1999 WL 1012948 (E.D.J.Pa. Nov.8, 1999) (<HOLDING>). For the reasons stated below, the Court does",177975,28717,0,case_hold_mc,holding that title ix subjects state athletic association to suit under the theory that association controls athletic programs receiving federal aid,holding that the ncaa did not exercise controlling authority over school athletic programs,holding that federal wage controls applied to state employees too,holding a suit against an agency of the state is a suit against the state,holding in part that the ncaa was subject to title vi because it exercised controlling authority over athletic programs receiving federal financial assistance
211,"the South Carolina Supreme Court has held that ‘an order denying a double jeopardy claim is not immediately appealable’ ” (quoting Miller, 289 S.C. at 427, 346 S.E.2d at 706)); Gilliam v. Foster, 63 F.3d 287, 291 (4th Cir. 1995) (denying State’s motion to stay federal district court’s grant of habeas corpus for pending decision on merits of defendant’s double jeopardy claim in state court proceedings; stating, “[i]t is also regrettable that, because South Carolina law does not permit an interlocutory appeal of the double jeopardy ruling, the appellate courts of that state were not the ones to rule on the matter in the first instance”); cf. Paul v. People, 105 P.3d 628, 633 (Colo. 2005) (en banc) (concluding that denial of defendant’s motion to dismiss on d 2, 185 L.Ed.2d 696 (2013) (<HOLDING>). 5 . S.C. Code Ann. § 56-5-2950 (Supp. 2015)",178832,28848,3,case_hold_mc,holding that blood alcohol dissipation was not sufficient by itself to create an exigent circumstances exception to virginia statutory requirement that the driver be arrested within three hours of the offense,holding that a defendants right to an independent blood alcohol test means the right to a test that is not subject to government manipulation,holding that the dissipation of alcohol from a persons blood stream constitutes a sufficient exigency to justify a warrantless blood draw,holding that in drunkdriving investigations the natural dissipation of alcohol in the bloodstream does not constitute an exigency in every case sufficient to justify conducting a blood test without a warrant,holding existence of arrest warrant compelling case for finding dissipation
212,"§ 1521(a), (e). C. Board Application of 38 U.S.C. §§ 1513, 1521 Without considering section 1513, the Board applied section 1521(e) and 38 C.F.R. § 3.351(d)(2), concluding that, without a disability rated as total or permanent, “the provisions for special monthly pension at the housebound rate are not for consideration.” R. at 9. Mr. Hartness argues that the Board erred because it failed to apply section 1513 when considering whether he is entitled to a special monthly pension under section 1521(e). We agree. The Board’s analysis and finding that Mr. Hartness was not entitled to a special monthly pension based on permanent housebound status, without consideration of section 1513, is clearly erroneous. See 38 U.S.C. § 7104(a), (d)(1); Gilbert v. Derwinski, 1 Vet.App. 49, 52 (1990) (<HOLDING>). On remand, the Board will apply the following",179688,28992,0,case_hold_mc,recognizing a finding is clearly erroneous when although there is evidence to support it the reviewing court on the entire evidence is left with the definite and firm conviction that a mistake has been committed,holding that the court of appeals must consider and weigh all of the evidence and may only set aside the finding if the evidence is so weak or if the finding is so against the great weight and preponderance of the evidence that it is clearly wrong and unjust,holding that error is harmless if there is substantial independent evidence of guilt satisfying the reviewing court there is no substantial likelihood the challenged evidence contributed to the conviction,holding that although there was evidence of discrimination based on race there was insufficient evidence to support a finding of constructive discharge,holding review of sufficiency of evidence of juvenile adjudication is same as reviewing substantial evidence to support a criminal conviction
213,"by appellant is best evaluated by the legislative branch and the determination of the appropriate format for such proposed legislative change, if any, is best weighed by the legislature. Hall v. Budagher, 76 N.M. 591, 417 P.2d 71 (1966). The sagacity of making changes in workmen’s compensation statutes, or rights created thereunder, has been generally held to be outside the province of the courts. Pedrazza v. Sid Fleming 544 P.2d 1153 (1976), (abolishing, the doctrine of sovereign immunity); Williamson v. Smith, 83 N.M. 336, 491 P.2d 1147 (1972) (abolishing defense of assumption of risk); Claymore v. City of Alb., 96 N.M. 682, 634 P.2d 1234 (20 N.M. Bar Bulletin 75 (1981) (abolishing defense of contributory negligence); Stotlar v. Hester, 92 N.M. 26, 582 P.2d 403 (Ct.App.1978) (<HOLDING>). Nevertheless, in light of New Mexico’s long",180544,29128,3,case_hold_mc,holding comparative negligence not defense to intentional tort,recognizing tort of wrongful discharge,holding that a negligence claim is not a personal injury tort claim,recognizing tort of negligence by words,holding tort of negligence must be based upon duty other that one imposed by contract
214,"and the lawsuit they had commenced. While Gotbetter represented to the Court that he did not initiate any of the publicity attending this lawsuit, at a minimum, as a result of Gotbetter’s and Katzman’s actions, Defendants have been made to respond to a patently meritless complaint and to suffer unwarranted adverse publicity. Both the Supreme Court and the Second Circuit have emphasized that the purpose of the sanctioning mechanism of Rule 11 “is not reimbursement but ‘sanction,’ ” “and that, accordingly, Rule 11 sanctions ‘shall be limited’ to what is sufficient to deter repetition of such conduct or comparable conduct by others.” Pavelic & LeFlore v. Marvel Entertainment Group, 493 U.S. 120, 126, 110 S.Ct. 456, 459-460, 107 L.Ed.2d 438 (1989); see also Eastway, 762 F.2d at 254 (<HOLDING>). Consistent with these holdings, Rule 11 was",181395,29263,4,case_hold_mc,holding that because counsels lumping of fees was not considered in  calculating the revised lodestar amount it could serve as a basis for adjusting the fee award,holding that in determining the reasonableness of attorneys fees under federal fee shifting statutes courts may not enhance the fee award above the lodestar amount to compensate attorneys for assuming the risk of receiving no payment for their services if the lawsuit failed,holding that the court has discretion to double check the reasonableness of the percentage fee through a lodestar calculation,holding that where a contract for legal services fails to expressly provide for the amount of the fee a reasonable fee is implied,holding that a fee substantially less than the lodestar amount is permissible
215,"accomplices bound, gagged, and blindfolded the Sum-ners with duct tape. The accomplices then drove the Sumners, who were forced into the trunk of their own car, to a previously excavated gravesite, secured the duct tape that was binding them, retrieved their ATM-pin number, forced them into the grave, and then filled the grave with dirt with the Sumners alive inside. The Sum-ners were “buried alive, and suffered a slow and torturous death from the weight of the soil being built up around them and inhaled into their lungs until they lost consciousness and expired.” Accordingly, Jackson has failed to demonstrate prejudice because the appellate process was not compromised. Therefore, there was no ineffective assistance of appellate counsel, and Jackson is not entitled to habeas r (<HOLDING>). 3 . Jackson also refers to extensive portions",182247,29400,4,case_hold_mc,holding appellate counsel was not ineffective for forgoing a claim disputing the admission of victim impact evidence because it had no merit,holding that where trial counsel was not ineffective appellate counsel was not ineffective for failing to raise claim of ineffectiveness of trial counsel,holding that counsel cannot be deemed ineffective for failing to raise a meritless claim,holding that appellate counsel could not be found to have rendered ineffective assistance for failing to raise issues that are without merit,holding that letters from the victims family constituted improper victim impact statements but appellate counsel was not ineffective for failing to raise a claim because the jury never saw the letters and thus the claim was without merit
216,"Street. As Ferguson turned onto Hulme, he observed Throneberry’s car “fishtail” out of the alley without stopping. Both Officer Ferguson and his passenger, who was a city councilman on a “ride-along,” testified that Throneberry’s headlights were not turned on when he exited the alley. Ferguson’s police report, however, indicated that Throneberry turned the lights off about 100 yards down the street after he exited the alley. Ferguson further testified that, when he observed Throneberry’s car fishtail out of the alley, he activated his emergency lights and siren in an attempt to stop Throneberry’s vehicle. According to these facts, the jury could reasonably have found that Throneberry violated section 545.256 of the transportation code, which prov Houston [1st Dist.] 1986, no pet.) (<HOLDING>). This same line of cases also holds that such",183100,29535,3,case_hold_mc,holding that a passenger in a stopped vehicle was seized when she was escorted from the car to the front of two police cars that had their overhead lights turned on separated from the driver by two officers and separated from her purse which remained in the car,holding a police officer who was pursuing a fleeing suspect was immune from his torts when he ran a red light and collided with plaintiffs vehicle,holding that accelerating a car so that it screeched and fishtailed a bit was sufficient for offense,holding that accelerating a car so that its tires spun when a light turned from red to green was sufficient,holding that accelerating a car so that it threw gravel on police car was enough to satisfy exhibition of speed violation
217,"judgment of the district court denying his petition for a writ of habeas corpus. We assume the parties’ familiarity with the fac appealability on ineffective assistance of counsel, the “cause” Hernandez assigns for his procedural default, suggests that it intended to allow review of the procedural bar. However, even assuming that the district court wished this court to review its procedural bar finding or that we would grant a certificate of appealability on this issue, the correctness of the district court’s central holding — that there was no error, constitutional or otherwise — in the state trial court’s charge on intent is dispositive. The test for finding charge-based constitutional error is a strict one. See Cupp v. Naughten, 414 U.S. 141, 146, 94 S.Ct. 396, 38 L.Ed.2d 368 (1973) (<HOLDING>). We see no basis for finding a Fourteenth",183956,29667,3,case_hold_mc,holding that error in method by which interest from damages award was calculated was an error in substantive law not a clerical or mathematical error,holding that a trial court does not commit plain error unless the error is clear under current law,holding that any error was harmless and thus not plain error,holding that constitutional error cannot be premised on error in a charge unless the error violated some right which was guaranteed to the defendant by the fourteenth amendment,holding that when defendant properly objects to charge error reversal required unless error was harmless
218,"to require proof of such culpability. See Id.; State v. Jones, 865 S.W.2d 658, 661 (Mo. banc 1993). Here, nothing in section 167.031 suggests that the legislature did not intend to require proof of a culpable mental state in causing non-attendance, specifically, proof that the parent acted knowingly or purposely. To the contrary, the necessity of proof of some level of scienter is implicit in the requirement that the parent “cause” their child to regularly attend school. To “cause” a child to do something implies an affirmative act on the part of the parent and requires that criminal responsibility for failure to comply with the statute be based on a failure to cause the child to attend, not merely on a lack of attendance per se. Cf. In Re Monnig, 638 S.W.2d 782, 788 (Mo.App. W.D.1982) (<HOLDING>) (emphasis added). The burden was on the State",184813,29806,3,case_hold_mc,holding that suppression by the prosecution of evidence favorable to an accused  violates due process where the evidence is material either to guilt or to punishment irrespective of the good faith or bad faith of the prosecution,holding that suppression by prosecution of evidence favorable to the accused upon request by the defense violates due process where evidence is material either to guilt or punishment irre spective of the good faith of the prosecution,holding that suppression by the prosecution of evidence favorable to an accused upon request violates due process where the evidence is material either to guilt or to punishment irrespective of the good faith or bad faith of the prosecution,holding burden of proof must be on prosecution to prove that particular home school curriculum was not adequate to avoid exposing parents to the risk of criminal prosecution should their suppositions of the adequacy of the home curriculum be mistaken however in good faith thus indicating mental state is relevant to guilt,holding that the suppression by the prosecution of evidence favorable to an accused upon request violates due process where the evidence is material either to guilt or to punishment irrespective of the good faith or bad faith of the prosecution
219,"Int’l, Inc., 223 F.R.D. 471, 477 (S.D.Ohio 2004) (“Before delving into the ‘rigorous analysis’ required by Rule 23, a court first should consider whether a precisely defined class exists and whether the named plaintiffs are members of the proposed class”). At a minimum, the description must be “sufficiently definite that it is administratively feasible for the court to determine whether a particular individual is a member.” 7A Charles Alan Wright, Arthur R. Miller, & Mary Kay Kane, Federal Practice and Procedure, § 1760, at 120-21 (2d ed.1986). As this Court discussed in Brockman, courts have rejected proposed classes where plaintiffs failed to “identify any logical reason ... for drawing the boundaries where they did.” Daigle v. Shell Oil Co., 133 F.R.D. 600, 602-03 (D.Colo.1990) (<HOLDING>). Usually, scientific or objective evidence",185674,29952,4,case_hold_mc,holding that a class could not be certified because the definition made class members impossible to identify prior to individualized factfinding and litigation and thereby failed to satisfy one of the basic requirements for a class action under rule 23,holding that when defendant failed to appear at scheduled suppression hearing the court could have decided the motion in defendants absence but it did not have the authority to refuse to consider it,holding that the defendants oral promise to appear was insufficient to amount to a required appearance within the meaning of the failure to appear statute,holding that treating a defendants failure to appear as a waiver not only of the right to be present but of the right to have a hearing on the motion was error,holding that plaintiffs had failed to identify a class where the proposed boundaries did not appear to relatte to the defendants activities but were instead arbitrarily  drawn lines on a map
220,"was a “substantial factor” or “motivating factor” in Walker’s allegedly retaliatory actions. Abrams argues that a reasonable jury could infer, as a result of this chronology, that he was “falsely arrested” and that he was arrested “because of what [he] said.” Abrams then opines that “the arrest was for an illegal purpose” and finally that “[a]nger often leads to unthinking retaliation.” After reviewing the record and the standards presented in our line of cases, we agree with the district court’s finding that this chronology is unconvincing, as it fails to present “definite, competent evidence to rebut the motion,” Michael v. St. Joseph County, 259 F.3d 842, 845 (7th Cir.2001), contains mere speculation, and demands the making of unreasonable inferences in suppo -84 (11th Cir.1998) (<HOLDING>). We recognize that such a step would not be",186527,30083,2,case_hold_mc,holding that qualified immunity applies only if an officer had arguable probable cause to arrest,holding that probable cause is a complete defense to an action for false arrest,holding that the existence of probable cause for an arrest is a complete defense to a first amendment retaliation claim under the doctrine of qualified immunity,holding that the existence of probable cause is a complete defense to a  1983 claim alleging false arrest,recognizing first amendment retaliation right
221,"or deny relief. Lack of subject matter jurisdiction is the absence of power to make any ruling at all.”); Knowles v. Knowles, 811 S.W.2d 709, 711 (Tex.App.—Tyler 1991, no writ) (in dicta, stating, ""... if the 1975 divorce decree is construed, albeit erroneously, to award her separate property interest in the military benefits to the appel-lee, the trial court’s judgment must be affirmed under the doctrine of res judica-ta. ...""). 10 . Accord Wilson v. Uzzel, 953 S.W.2d 384, 390-91 (Tex.App.—El Paso 1997, no writ); Echols v. Echols, 900 S.W.2d 160, 162 (Tex.App.—Beaumont 1995, writ denied); Barnard v. Barnard, 863 S.W.2d 770, 774 (Tex.App.—Fort Worth 1993, no writ); see also Hardin v. Hardin, 597 S.W.2d 347, 350 (Tex.1980) (dicta). Cf. Berry v. Berry, 786 S.W.2d 672, 673 (Tex.1990) (<HOLDING>); Segrest v. Segrest, 649 S.W.2d 610, 612",187382,30218,0,case_hold_mc,holding res judicata applied to unappealed division of military retirement benefits when that division was not preempted at time of divorce but would have been preempted by later federal act had that act applied retroactively which it did not,holding that a wife obtained a vested interest in her portion of the retirement benefits as of the date of the divorce decree and any act of the military spouse that unilaterally decreases the nonmilitary spouses vested interest is an impermissible modification of a division of marital property and a violation of the final decree of divorce,holding that a transfer was a demotion where there was testimony that few people transferred voluntarily from jobs in the plaintiffs prior division to jobs in the plaintiffs new division  everybody viewed a transfer from the plaintiffs new division to the prior division as a promotion and the two departments had different seniority systems,holding that reconsideration of the correctness of property division was barred on appeal from the judgment enforcing that division,holding res judicata applied to improper property division before holding parties were bound by their division agreement
222,"Group L.P., 541 U.S. 567, 124 S.Ct. 1920, 158 L.Ed.2d 866 (2004) (dismissing an action for lack of subject-matter jurisdiction where jurisdictional defect, which had been cured prior to a jury verdict, was raised for first time on appeal). Allowing this strategy could result in a waste of judicial resources and allow defendants to “test the waters” of the plaintiffs chosen forum, before invoking their rights under the forum-selection clause. The use of such a strategy undermines the efficiency and convenience that we believe is gained from enforcement of forum-selection agreements. See M/S Bremen, 407 U.S. at 13-14, 92 S.Ct. 1907. Analyzing forum-selection clauses under Rule 12(b)(6) does not present the problems that analysis under 12(b)(1) would present. See Lipcon, 148 F.3d at 1290 (<HOLDING>). Nevertheless, Supreme Court precedent",188233,30355,3,case_hold_mc,recognizing significant differences in text of state and federal equal protection clauses,holding that a forumselection clause may be enforced under rule 12b3 as a motion to dismiss on the basis of improper venue,holding that forumselection clauses are generally enforceable and a party attempting to show that such a clause should not be enforced bears a heavy burden,holding that consideration of forumselection clauses under rule 12b6 does not present significant doctrinal error,holding that motions to dismiss based on forumselection clause should be analyzed under rule 12b3
223,"its inability to agree, the law must afford defendant the benefit of the final non-unanimous verdict that might have been returned absent the coercion. Having erroneously been deprived of a substantial opportunity to receive a jury verdict resulting in imprisonment rather than death, the defendant may not be subject to another capital sentencing proceeding. We recognize that any reversible error in a capital case may be said in some sense to have deprived a defendant of the opportunity to receive a jury verdict resulting in imprisonment, and that nevertheless the usual and proper remedy for such errors is reversal of the death sentence and a retrial of the sentencing proceeding in which the defendant may again face the death penalty. See State v. Biegenwald, supra, 106 N.J. at 67 (<HOLDING>). But a Czachor error is critically different",189086,30485,2,case_hold_mc,holding that the death penalty is unconstitutional as applied to juvenile defendants,holding that leaning towards the death penalty is not the same as an automatic vote for the death penalty,holding that defendant may be subject to death penalty on resentencing,holding that if a trial court has rejected death as a possible sentence double jeopardy bars the state from seeking the death penalty at resentencing even where rejection of the death sentence was based on a legal error,holding that resentencing is required
224,"the Supreme Court held that a bankruptcy court “lacked the constitutional authority to enter a final judgment on a state law counterclaim that is not resolved in the process of ruling on a creditor’s proof of claim.” Id. at 2620. In other words, “the question is whether the action at issue stems from the bankruptcy itself or would necessarily be resolved in the claims allowance process.” Id. at 2618. In Stern, the “action at issue” was an independent state law tort claim that the bankruptcy court need not have addressed. Id. In this case, the situation could hardly be more different. Unquestionably, a bankruptcy court’s decision whether to grant relief from an automatic stay “stems from the bankruptcy process itself.” Stern, 131 S.Ct. at 2618. Indeed, a bankruptcy court is gr 12) (<HOLDING>). Conclusion For the foregoing reasons, the",189940,30623,3,case_hold_mc,holding that bankruptcy court may issue proposed findings and conclusions in a core proceeding over which the bankruptcy court does not have constitutional authority,holding that after stem bankruptcy judges have the authority to enter interlocutory orders in noncore proceedings and in core proceedings as to which the bankruptcy court may not enter final orders or judgment consistent with article iii absent consent,holding that a lawsuit alleging malpractice by an accountant in a bankruptcy case was a core matter within a bankruptcy courts jurisdiction,holding that stem does not change bankruptcy courts authority to decide fundamental core procedures of bankruptcy court,holding that a proceeding that by its nature could arise only in the context of a bankruptcy case is a core matter subject to the jurisdiction of the bankruptcy court
225,"of the due date.” Consent Motion at 1. As was made clear in Pioneer, however, “inadvertence, ignorance of the rules, or mistakes construing the rules do not usually constitute ‘excusable’ neglect.” 507 U.S. at 392, 113 S.Ct. 1489. See also Fox v. Am. Airlines, 389 F.3d 1291, 1294 (D.C.Cir.2004) (parties are “obligated to monitor the court’s docket”); Halmon v. Jones Lang Wootton USA, 355 F.Supp.2d 239, 244 (D.D.C.2005) (“Parties have an obligation to monitor the court’s docket and keep apprised of relevant deadlines.”). It is easy to see why this is so. If a simple mistake made by counsel were to excuse an untimely filing, “it [would be] hard to fathom the kind of neglect that we would not deem excusable.” Lowry v. McDonnell Douglas Corp., 211 F.3d 457, 464 (8th Cir.2000) (<HOLDING>). See also Spears v. City of Indianapolis, 74",190792,30763,2,case_hold_mc,holding plaintiff bears the burden of showing that delay was due to oversight inadvertence or excusable neglect,holding that the states failure to object to a late petition for appeal of a termination order granted by the trial court on the basis of excusable neglect constituted a waiver of the states right to contest excusable neglect on appeal to the court of appeals,holding that failure to accurately calculate the thirtyday appeal period is not excusable neglect,holding that the circuit judge did not have the authority to extend the thirtyday time limit for filing a notice of appeal,holding that the concept of excusable neglect could not be invoked to gloss over a failure to take minimum safeguards for determining that action is being taken
226,"Plaintiff asserts that his right to the foreshore did not derive from a grant from the State, but instead from a colonial grant from Thomas Dongan, the Governor of Staten Island. Even if the court were to consider Plaintiffs post-trial submissions, including the Dongan grant and the Caleb Ward deeds, the court would find that Plaintiff did not own the foreshore. The Dongan Grant transferred to Christopher Billopp approximately 1600 acres of property on Staten Island and designated that the foreshore was included in the boundary of the property. Pl.Ex. Bl. New York courts have found, under the public trust doctrine, that large grants of land to private individuals are ultra vires and void. See Marba Sea Bay Corp. v. Clinton St. Realty Corp., 272 N.Y. 292, 296, 5 N.E.2d 824 (1936) (<HOLDING>); Coxe v. State, 144 N.Y. 396, 406, 39 N.E. 400",191638,30905,4,case_hold_mc,holding where plan language can be interpreted both to grant discretion and not to grant discretion plan does not unambiguously grant discretion,holding that a state has subject matter jurisdiction to grant a divorce if one of the spouses is domiciled in the state,holding that the trial court may not grant summary judgment on a ground not raised in the motion,holding that a report relied upon by agency in determining whether or not to award a grant had not been adopted as there is no indication in the record that in funding the  grant the agency expressly adopted the reasoning of the report,holding in reference to an eleven mile grant of the foreshore that neither the king nor the state could grant away for private purposes so much of the publics rights in the lands under water
227,"two theories in support of his contention: a “temporary injury” theory and a “continuing contract” theory. First, Cline argues the gas company’s responses to his requests for free gas— namely its assertions he was required to pay a connection fee or deposit in order to receive the gas—constituted a series of temporary injuries, each of which gave rise to a new and independent cause of action. Kansas courts have recognized a temporary injury theory in nuisance actions, where a plaintiff suffers temporary, occasional, or recurrent physical damage to his real property. See, e.g., Dougan v. Rossville Drainage Dist., 270 Kan. 468, 15 P.3d 338, 346 (2000) (allowing independent causes of action for periodic episodes of flooding); Henderson v. Talbott, 175 Kan. 615, 266 P.2d 273, 281 (1954) (<HOLDING>). Cline has cited no case, however, in which a",192493,31049,4,case_hold_mc,holding that ordinary negligence and gross negligence are not separate causes of action,holding the same for the other separate rate plaintiffs in this action,holding that although money had and received and unjust enrichment were pled as separate causes of action they are really the same cause of action,holding that a forest preserve will be liable for injuries only in the case of willful and wanton negligence that proximately causes such injuries,recognizing separate causes of action for injuries to plaintiffs land caused by occasional flooding
228,"of this state that when ... a business homestead is conveyed to a corporation ... the property is no longer the homestead of the grantors, even though they may continue to occupy it.”); Sparks v. Robertson, 203 S.W.2d 622, 626 (Tex.Civ.App. — Austin 1947, writ refd) (""One can not have a homestead interest in property the title to which is in neither spouse nor in the community.”); Williams v. Corpus Christi Bank & Trust Co., 104 S.W.2d 56, 57 (Tex.Civ.App.— San Antonio 1937, writ ref'd) (""After the Williams had conveyed this tract to the Townsite Company, it ceased to be their homestead, and ... the fact that they continued to use the land at the sufferance of the grantees[ ] did not change the situation.”); Hampton v. Gilliland, 23 Tex.Civ.App. 87, 56 S.W. 572, 573-74 (1900, no writ) (<HOLDING>). 7 . See, e.g., Franklin v. Woods, 598 S.W.2d",193351,31187,0,case_hold_mc,holding that son who lived on land entirely by virtue of his mothers consent owned no estate to which the homestead right could attach and that the homestead right cannot be based on so precarious a tenure as the sons occupancy at the will of his mother,holding that homestead exemption was unavailable even though claimants were  living on the land and claiming it as homestead with the permission or acquiescence of the owner for they could have no homestead right or interest in land to which they had no title,holding that the general homestead exemption may not be invoked to defeat claims against the holder for taxes and assessments against the homestead property,holding that the general rule is that temporary absence from the premises will not itself cause an abandonment of the homestead but to retain the homestead exemption one leaving the homestead must in good faith intend to return albeit the intent to return need not be at any particular time in the future,holding that son had no homestead interest in property even though he resided upon it with his fathers consent because son had neither title nor a present right to possess land nor right to demand partition from father who was his cotenant
229,"that pursuit of the theory would have opened the door to the fact that Overton was a suspect in many unsolved crimes, which Overton’s counsel attempted to avoid as evidenced by the motion in limine they filed. The claim was facially invalid. Similarly, other paragraphs which assert that counsel improperly failed to impeach Detective Visco with Overton’s statements from the Rachelle Surrett homicide investigation were also properly summarily denied because this would have opened the door to the fact that Overton was a suspect in the unsolved crime involving Surrett. Denial of Claim III, which alleged that the State committed a Brady violation by not providing notes from police profiler brainstorming sessions and documentation of th that this type of claim is without merit. See id. (<HOLDING>). Claim IX, which alleged ineffectiveness",194211,31336,0,case_hold_mc,holding that the claim of not being able to interview jurors is without merit when the goal is to be able to conduct fishing expedition interviews with jurors after they return a guilty verdict,holding that trial court abused its discretion in failing to make a proper inquiry of jurors andor failing to strike jurors for cause after jurors explicitly expressed bias,holding that one jurors exposure to extraneous information concerning prior criminal acts of the defendant which she did not disclose to the other jurors before they rendered a verdict did not merit a new trial,holding that the defendant was not prejudiced when the jurors saw him being searched where the jurors themselves had been frisked,holding that the claim of not being able to interview jurors was procedurally barred because the claim should and could have been raised on direct appeal
230,"that any negligent infliction claim remains before us on this appeal (as none has been separately argued) that claim is preempted for the same reasons. III. Conclusion We hold that Humble’s intentional infliction/tort of outrage claim is preempted on the facts of this case, and her race and nationality discrimination claims have been abandoned. Humble’s reasonable accommodation claim under the WLAD is not preempted, and we remand that claim for further proceedings consistent with this opinion. Humble requests that a remand to state court for the latter claim be ordered, but we leave it to the district court to make that discretionary determination. REVERSED AND REMANDED. 1 . 29 U.S.C. § 185(a). 2 . Allis-Chalmers Corp. v. Lueck, 471 U.S. 202, 216, 105 S.Ct. 1904, 85 L.Ed.2d 206 (1985) (<HOLDING>). 3 . Id. at 213, 105 S.Ct. 1904. Without",195061,31469,4,case_hold_mc,holding that plaintiffs state law claim against a nonsignatory to the cba was preempted by  301,holding that broad language releasing all claims whether in contract tort or otherwise necessarily included a bad faith claim,holding that a bad faith claim is a tort,holding that future benefits are available upon a finding of bad faith because repudiation is a legal conclusion which the trial court reaches after the fact finder makes its determinations about whether there was a breach and whether the breach was in bad faith,holding that a state law tort of bad faith was necessarily based on breach of duties contained in the cba and was therefore preempted
231,"Plaintiff did not meet the notice requirements of the CFRA and the FMLA. Plaintiff did not notify Defendant in advance that Plaintiff would be absent from March 31, 2014 through April 3, 2014. Alejandro Depo., Vol. II at 338:2-339:1, 339:9-340:8; Alejandro Depo., Exhs. Vol. II. Additionally, Plaintiff did not call in sick or ask someone to call Defendant on his behalf on any of those four days of absence, even though Plaintiff made 26 phone calls to individuals or entities other than McCale or Defendant. Alejandro Depo., Vol. II at 338:2-339:1, 339:9-340:8; Alejandro Depo,, Exhs. Vol. II. Thus, unlike in Avila, upon which Plaintiff relies, Plaintiff did not call in sick during his absence from March 31, 2014 through April 3,2014. See Avila, 165 Cal.App.4th at 1258, 82 Cal.Rptr.3d 440 (<HOLDING>). Moreover, two weeks prior to Plaintiffs",195916,31609,3,case_hold_mc,holding that an issue is genuine if the evidence is sufficient to allow a reasonable jury to return a verdict for the nonmoving party,holding that absence from prior state was temporary during the time it was contemplated that the parent and child would return to the other state,holding that spouse was not required to return to work immediately upon divorce to avoid judicial imputation of income,holding that calling in sick during an absence and providing hospital forms describing the illness upon return to work is sufficient notice,holding a judgment in the absence of notice violates due process rights
232,"15 & n. 9. Here, the District offers only speculation and senescent stories. Lastly, the statute was premised on the notion that “good government requires greater transparency” — a “value judgment” that was not “susceptible to empirical evidence.” Id. at 16. Here, the District’s core premise is that tour guides who have not passed a multiple-choice exam will harm the tourism economy. See Appellee’s Br. at 19. But this is exactly the sort of “economic” harm we distinguished in Taylor as being “susceptible to empirical evidence.” See Taylor, 582 F.3d at 16. Indeed, the Supreme Court has demanded evidence for the existence of harms in other contexts, too. See, e.g., Watchtower Bible & Tract Soc’y of N.Y., Inc. v. Vill. of Stratton, 536 U.S. 150, 169, 122 S.Ct. 2080, 153 L.Ed.2d 205 (2002) (<HOLDING>); Edenfield, 507 U.S. at 771, 113 S.Ct. 1792",196770,31747,4,case_hold_mc,holding special master did not err in rejecting a theory of causation where there was no evidence in the record suggesting that the proposed mechanism was at work in the petitioners case,holding protestor waived its right to challenge a solicitation amendment by not objecting to its terms during the bidding process,holding that in the postaward context a disappointed bidder lacked standing to bring a protest action when its submission was nonresponsive to the solicitation,holding that defense of fraud was waived where no special issue was submitted and there was disputed evidence,holding an ordinance regulating doortodoor solicitation unconstitutional in part because there was no evidence of a special crime problem related to doortodoor solicitation in the record
233,"was public safety. McCullen v. Coakley, — U.S. —, 134 S.Ct. 2518, 2531, 189 L.Ed.2d 502 (2014) (noting violation of statute depended not “on- what they say,” but “simply on where they say it”). The Fifth Circuit has likewise found regulations content-neutral, even where the regulation governed a specific topic of speech. See Kagan v. City of New Orleans, 753 F.3d 560, 562 (5th Cir.2014), cert. denied, - U.S. -, 135 S.Ct. 1403, 191 L.Ed.2d 361 (2015) (upholding regula tion requiring license for a person to charge for tours to City’s points of interest and historic sites, “for the purpose of explaining, describing or generally relating the facts of importance thereto,” finding regulation “has no effect whatsoever on the content of what tour guides say”); Asgeirsson, 696 F.3d at 461 (<HOLDING>). The ITAR, on its face, clearly regulates",197629,31890,1,case_hold_mc,holding that chapter 610 rsmo which requires public governmental bodies to open their meetings to the public when conducting the peoples business does not violate the home rule law because it does not regulate powers duties or compensation,holding texas open meeting act prohibiting governmental body from conducting closed meetings during which public business or public policy over which the governmental body has supervision or control is discussed to be contentneutral because closed meetings 1 prevent transparency 2 encourage fraud and corruption and 3 foster mistrust in government,recognizing that although there was no property in a dead body at common law  the one whose duty it is to care for the body of the deceased is entitled to possession of the body as it is when death comes and that it is an actionable wrong for another to interfere with that right by withholding the body or mutilating it in any way,holding that public meetings held after implementation of final remedial action were not meaningful and that the only public meetings held before remedial action were not meaningful because they did not discuss selection of remedy,holding while florida courts have recognized that notice of public meetings is mandatory the preparation of an agenda that reflects every issue that may come up at a properly noticed meeting is not and notice need not be given of every potential deviation from a previously announced agenda the public has the right to attend open meetings but no authority to interfere with the decisionmaking process
234,"*3 (E.D.Pa. Feb. 16, 2005) (same). This court finds that transfers of Title VII actions are thus governed by the well-settled public and private factors relevant to section 1404(a) analysis. See Decker Coal Co., 805 F.2d at 843. However, plaintiffs are correct that the special venue provision must influence the contours of section 1404(a) analysis. The factors expressly identified as a basis for venue under Title VII — the location of the discriminatory act or decision, the location of relevant employment records, and the location where a plaintiff would have worked but for the unlawful employment practice — should therefore be key factors in analyzing the “interests of justice” prong of section 1404(a) analysis. See In re Horseshoe Entertainment, 337 F.3d 429, 434 (5th Cir.2003) (<HOLDING>). In addition, a plaintiffs choice of forum is",198480,32029,2,case_hold_mc,holding that the conduct complained of must be an unlawful employment practice under title vii,holding that a claim for discrimination in private employment is not preempted by title vii,holding that location of relevant employment records should be given significance because it was expressly stated in the title vii venue provision,holding that plaintiffs claims under 42 usc  1981 are also governed by the special venue provision of title vii,recognizing title vii does not provide the exclusive remedy for all employment discrimination claims even if the title vii and section 1983 claim factually overlap
235,"courts have, has repeatedly lamented the tragedy. See Breithaupt v. Abram, 352 U.S. 432, 439, 77 S.Ct. 408, 412, 1 L.Ed.2d 448 (1957) (“The increasing slaughter on our highways, most of which should be avoidable, now reaches the astounding figures only heard of on the battlefield”); Tate v. Short, 401 U.S. 395, 401, 91 S.Ct. 668, 672, 28 L.Ed.2d 130 (1971) (BLACKMUN, J., concurring) (deploring “traffic irresponsibility and the frightful carnage it spews upon our highways”); Perez v. Campbell, 402 U.S. 637, 657, 672, 91 S.Ct. 1704, 1715, 1722, 29 L.Ed.2d 233 (1971) (BLACKMUN, J., concurring) (footnote omitted) (“The slaughter on the highways of this Nation exceeds the death toll of all our wars”); Mackey v. Montrym, 443 U.S. 1, 17-19, 99 S.Ct. 2612, 2620-2621, 61 L.Ed.2d 321 (1979) (<HOLDING>). Neville, 459 U.S. at 558-59, 102 S.Ct. at",199335,32164,3,case_hold_mc,recognizing the public interest exception,holding that the government interest in preventing crime is compelling,holding that an order compelling arbitration in an independent proceeding is appealable as a final order because in that context the order compelling arbitration resolves the sole issue before the court,recognizing the compelling interest in highway safety,holding grandparent visitation statute serves compelling state interest in maintaining grandparentgrandchild relationship where grandparents had raised child for period of time but agreeing with trial court that something more than childs best interest must be established to serve compelling state interest
236,"of Fact No. 16]. Because Swayne held that the proceeds of an insurance policy take the place of the property loss, the settlement proceeds paid by TWIA therefore take the place of the property loss associated with the Debtor’s homestead. Moreover, because a court may not limit the value of such proceeds under the homestead exemption, the Debt- or may exempt the entire settlement amount of $73,000.00. Nor does the fact that the State Court Lawsuit pleaded several causes of action change this conclusion. Texas case law discusses apportionment of settlement proceeds, holding that debtors do not have the initial burden of breaking down these awards into exempt proceeds and nonexempt proceeds for other state law claims. See, e.g., In re Harrington, 306 B.R. 172, 183 (Bankr.E.D.Tex.2003) (<HOLDING>)- In In re Harrington, the Chapter 7 trustee",200188,32303,2,case_hold_mc,holding that the objector must not only show that the facts do not support the exemption but must also prove that the debtor knowingly deceived the trustee and the creditors at the time the exemption was made,holding that an insurer lacked standing to raise the issue of the intent of the parties to the settlement agreement to which it was not a party,holding that the trustee objector cannot escape the burden of proof assigned to an objecting party under rule 4003c because the exemption claim relates to a settlement agreement which fails to allocate damages into specif ic categories of recovery,holding that the burden of proof is initially placed upon the objector with respect to any objections he files and  this burden does not shift to the debtor merely upon a showing that the debtor has failed to allocate the personal injury settlement into its various component parts,holding that a settlement agreement is not a court order and therefore a violation of the settlement agreement would not subject a party to contempt
237,"(2004). 4 . Ind.Code § 35-49-3-3(a)(3) was amended effective July 1, 2006, to read: “sells, rents, or displays for sale or rent to any person matter that is harmful to minors within five hundred (500) feet of the nearest property line of a school or church.” 5 . The dissent also argues that Zitlaw did not engage in a “performance,” which is defined as ""any play, motion picture, dance, or other exhibition or presentation, whether pictured, animated, or live, performed before an audience of one (1) or more persons.” Ind.Code § 35-49-1-7. However, Zitlaw did not make this argument in his Appellant’s Brief. Consequently, this basis for reversing the trial court's denial of Zitlaw's motion to dismiss has been waived. See, e.g., Chupp v. State, 830 N.E.2d 119, 126 (Ind.Ct.App.2005) (<HOLDING>). Waiver notwithstanding, a finding that Zitlaw",201043,32440,2,case_hold_mc,holding that party waived argument by failing to brief it on appeal,holding that appellant waived issue by failing to raise it in opening brief,holding that the defendant waived an argument by failing to raise it in his appellants brief,holding that defendant waived his blakely claim as issue on appeal by failing to raise it in his initial brief,holding argument waived for failure to raise it in opening brief
238,"Judge.” See Daniels v. Yancey, 175 S.W.3d 889, 892 (Tex.App.-Texarkana 2005, no pet.) (“[0]ne party may not use another party’s objection to preserve an error where the record does not reflect a timely expression of an intent to adopt the objection.”). In construing the nature of SOS Alliance’s objection, we consider only the objection actually made to the trial court. See Wohlfahrt v. Holloway, 172 S.W.3d 630, 639-40 (Tex.App.Houston [14th Dist.] 2005, pet. denied) (“To have preserved error, a party’s argument on appeal must comport with its argument in the trial court.”). Moreover, SOS Alliance waived its statutory objection to the assignment of Judge Bender by not asserting the claimed error on any basis by a point on appeal. See Buckholts Indep. Sch. Dist., 632 S.W.2d at 148-49 (<HOLDING>). On its direct appeal of the 2004 judgment,",201895,32578,1,case_hold_mc,holding the defendant waived any claim of error by both failing to object at trial and affirmatively agreeing to a limited closure,holding that statutory grounds for recusal can be waived both by failing to object and by failing to assert error on appeal,holding that a defendant waived a sentencing issue by failing to object in district court,holding that government waived right to challenge alleged error of district court in failing to impose statutory minimum sentence under  841b1b by failing to object to sentence announced by district court,holding that party waived argument by failing to brief it on appeal
239,"satisfy the requirements of Due Process. See, Rule 7(c)(1), Federal Rules of Criminal Procedure (stating that an Indictment “shall be a plain, concise, and definite written statement of the essential facts constituting the offense charged”). Id. The Government disagrees with the Defendant’s contention that the Indictment is unconstitutionally vague, and argues that the Defendant’s conduct satisfies the elements of Section 2250(a)(2)(A), since he is a sex offender by reason of a conviction under Federal law, as defined by SORNA, see, Complaint, Docket No. 1, Affidavit of Moran, at ¶ 7, and that that allegation, alone, provides the Defendant with adequate notice of the crime with which he is being charged. See, United States v. Templeton, 2007 WL 445481 at *3 (W.D.Okla., February 7, 2007)(<HOLDING>). In the alternative, the Government argues",202750,32716,0,case_hold_mc,holding that an indictment was sufficient where it failed to specify which subsection of sorna defendants conviction allegedly meets,holding that an indictment under  922g1 was not required to allege a substantial effect on interstate commerce an indictment which tracked the statutory language was sufficient,holding that an indictment gave sufficient notice when the indictment charged the elements of the offense,holding that evidence of an eighteenyearold conviction was admissible to show intent because that conviction involved exactly the same crime as was charged in the indictment,holding that an indictment which cites the pertinent statute and uses its language will be sufficient to support a conviction
240,"Forrester contends that the question of whether ecstasy meets the definition of a Schedule I substance is a factual determination that must be left to the jury. In both Apprendi and Buckland, the judges made improper findings of conduct (sale of a particular drug and engaging in hate speech, respectively) by a preponderance of the evidence. The respective courts held that those findings should have been made by a jury beyond a reasonable doubt. See Buckland, 289 F.3d at 563; Apprendi, 530 U.S. at 471, 120 S.Ct. 2348. However, both cases explicitly confirm Congress’s ability to “ramp up the punishment for controlled substance offenders based on the type and amount of illegal substance involved in the crime.” Buck-land, 289 F.3d at 568; see also Apprendi, 530 U.S. at 495, 120 S.Ct. 2348 (<HOLDING>). Therefore, under Buckland and Apprendi, the",203608,32847,2,case_hold_mc,recognizing an attorneys right to conduct the clients case with a certain degree of privacy,holding that the right to associate with others as a military company is not a privilege of citizens of the united states,recognizing congresss ability to choose the degree of culpability  associate with particular factually distinct conduct,recognizing even federal constitutional right of association does not apply to the right of one individual to associate with another,recognizing authority of legislature to choose officers of municipal corporations
241,"As mentioned above, he would first fill the jury box, then excuse jurors for cause, and replace them with jurors next in line. Hr’g Tr. vol. 1 at 26-27. This method results in spectator benches being emptied sequentially from front to back. Thus had spectators been allowed back into the courtroom, they could have been seated in empty benches in front of the remaining venirepersons, rather than “among” the venire. Spectators might, therefore, have filled those benches, bench by bench, sitting no closer to the venire than the bench occupied by Mrs. Bucci, Mrs. Keefe, and Mrs. Jordan. Still, admitting spectators bench by bench as benches became vacant would greatly have increased the risk of inappropriate interaction between the venire and the spectators. Moreover A.2d 968 (1994) (<HOLDING>); Davidson v. State, 591 So.2d 901, 902-903",204467,32987,2,case_hold_mc,holding that it was unreasonable for officers to break down doors that they already knew were open,holding that the defendant is not entitled to be sentenced by the judge who took his plea when the judge made no promise to sentence him,holding that no closure occurred where judge locked doors to ensure jury would not be distracted,holding that it would not be unreasonable to find condition in hotel lunchroom unsafe because invitee would be distracted,holding that no closure occurred when judge did not allow anyone to enter or leave courtroom during jury instructions
242,"The appellant’s first point relied on is also deficient in that it does not comply with Rule 84.04(d)(5) inasmuch as the authority cited by the appellant in support of the claim raised relates only to our standard of review and the manner in which we are to interpret a statute. Rule 84.04(d)(5) provides: In support of each “Point Relied On,” and immediately following the statement of the Point, the appellant or relator shall cite all authorities upon which the argument rests. If more than three authorities are cited, the three authorities on which the appellant, relator, or petitioner principally relies shall be cited first. The appellant does not, as required by the rule, provide any authority for his claimed interpretation of the implicated statutes. See Coleman, 969 S.W.2d at 274 (<HOLDING>). If no such citations exist because this is a",205316,33123,4,case_hold_mc,holding that an appellate court cannot consider an issue that was not preserved for appellate review,holding the trial court was without authority to dismiss an appeal on the ground that the amount of the judgment required the appellant to file an application for discretionary review,holding that an appellate court may not review errors that have not been assigned by a party or a point of error,holding that a claim is waived on appeal when not supported by citation to relevant authority,holding that an appellate court is not required to review an appellants point relied on which appears without citation of applicable or relevant authority
243,"have a common interest or duty. Chambers v. Am. Trans. Air, Inc., 577 N.E.2d 612, 615 (Ind.Ct.App.1991). Application of the privilege is a question of law. Id. If the privilege'applies, it can be disregarded upon a showing by the plaintiff of “abuse,” which is demonstrated in one of three ways: (1) the communicator was primarily motivated by ill will; (2) the communication was published excessively; or (3) the communication was made without belief or grounds for belief'in its truth. Schrader v. Eli Lilly and Co., 639 N.E.2d 258, 262 (Ind.1994). [41] The Defendants argue that they have an interest in communicating with parents, the local media, and other community members about the conduct of its coaches. See Gatto v. St. Richard Sch., Inc., 774 N.E.2d 914, 925-26 (Ind.Ct.App.2002) (<HOLDING>). In other words, the Defendants maintain that",206174,33264,0,case_hold_mc,recognizing a subset of the common interest privilege as parents and schools have a corresponding interest in the free flow of information about administrators and faculty members,recognizing that a parents liberty interest in the custody of a child is subject to due process protection,recognizing privilege,holding that when information which potentially undermines the best interest of the child as well as the interest sought to be protected by the legitimation statutes and the policy of this state it must first be tested in light of the best interest of the child standard,recognizing parents fundamental liberty interest in the care custody and management of their children
244,"method (under § 3663) in favor of an incorrect method (under § 1593), the district court erred. Moreover, we hold that the district court’s error was “plain,” because the statutes are clear and because the government openly admitted that its proposed methodology derived from the wrong restitution statute. See United States v. Tuyet Thi-Bach Nguyen, 565 F.3d 668, 677 (9th Cir.2009) (“An error is plain when it is ‘clear’ or ‘obvious’ under the law.”). Finally, we hold that the error affected Defendants’ substantial rights and affected the fairness, integrity, or public reputation of the judicial proceedings. The government did not present evidence — and the district court did not make findings — of the victims’ actual losses, as required by § 3663. See Bussell, 504 F.3d at 964 (<HOLDING>); United States v. Joyner, 201 F.3d 61, 81 (2d",207030,33401,3,case_hold_mc,holding that restitution is proper under  2259 only to the extent the defendants offense proximately caused a victims losses,holding that restitution is proper for victims losses that are directly caused by appellants conduct for which he was convicted,holding that under the restitution provision of the supervised release statute 18 usc  3583 restitution can be ordered only for losses caused by the specific conduct that is the basis for the offense of conviction,holding that the amount of restitution is limited to the victims actual losses ,holding that restitution in the full amount of each victims losses does not exceed the statutory maximum
245,"in the controversy must be ripe for judicial determination. The Declaratory Judgment Statute is applicable only where there is a present actual controversy, and all interested persons are made parties, and only where justiciable issues are presented. It does not undertake to decide the legal effect of laws upon a state of facts which is future, contingent or uncertain. A declaratory judgment will not be granted unless the danger or dilemma of the plaintiff is present, not contingent on the happening of hypothetical future events; the prejudice to his position must be actual and genuine and not merely possible, speculative, contingent, or remote. Id. (quoting Anderson on Declaratory Judgments (2d. ed. 1951)); see also Cummings v. City of Fayetteville, 294 Ark. 151, 741 S.W.2d 638 (1987) (<HOLDING>). In the case brought to us for decision, I",207880,33540,3,case_hold_mc,holding that under 28 usc  1292b the appellate courts may review only matters in the order not all issues in the case,holding that although a state may be free to develop its own laws of search and seizure to meet law enforcement needs such laws may not authorize police conduct which trenches upon fourth amendment rights regardless of the labels which it attaches to such conduct,recognizing that a court may rely on matters of which a court may take judicial notice,holding that there was no justiciable controversy and that while many laws may be easily subject to challenge we may only review such matters in a proper law suit,holding that the summoned party may in an enforcement proceeding challenge the  7609f2 determination that there is a reasonable basis for believing there may be a violation of a revenue law
246,"with Travis v. City of Mesquite, 830 S.W.2d 94, 103 (Tex.1992) (Cornyn, J., concurring) (arguing that officers’ decision to pursue at high speed was “an exercise of discretion”) and Carpenter v. Barner, 797 S.W.2d 99, 101 (Tex.App.—Waco 1990, writ denied) (noting, without discussion, that county constable was protected by immunity when he stopped a vehicle whose taillights were not operating) and Edgar v. Plummer, 845 S.W.2d 452, 454 (Tex.App.—Texarkana 1993, no writ) (“The enforcement of traffic regulations by peace officers involves the exercise of their discretion.”). In other contexts, our courts have held that police officers are exercising discretion while performing their duties. See, e.g., Dent v. City of Dallas, 729 S.W.2d 114, 117 (Tex.App.—Dallas 1986, writ ref'd n.r.e.) (<HOLDING>), cert. denied, 485 U.S. 977, 108 S.Ct. 1272,",208738,33677,0,case_hold_mc,holding officer was performing discretionary act in deciding when and how to arrest suspect,holding testimony of officer explaining how officer came to suspect appellant was not objectionable as hearsay because it was not offered to prove the truth of the matter asserted but to show why the officer got an arrest warrant for and arrested appellant,holding that officers release of police dog to assist in arrest was discretionary act,holding that where arrest was unlawful police officer committed a battery when he touched plaintiff during arrest,holding that there was no arrest when suspect was moved from his own truck to a police car
247,"express an intention different from its clear meaning.”). No Exclusion from SPMS in Business Regulation § 11-207 The administrative law judge based his opposite conclusion on several factors. First, he compared BR §§ 11-206 and 11-207. He concluded that the “staff’ authorized by § 11-206, who were expressly included in the SPMS, were to be contrasted with the “additional employees,” who were not so included. We must reject this reasoning. SPP § 6-302 does not require that executive branch state employees be specifically included in the SPMS. The presumption is that they are so included. Rather, it requires that employees not to be included in the SPMS be explicitly excluded from the system. Cf. State Admin. Bd. of Election Laws v. Billhimer, 72 Md.App. 578, 586-87, 531 A.2d 1298 (1987) (<HOLDING>), rev’d, on other grounds, 314 Md. 46, 548 A.2d",209594,33806,2,case_hold_mc,recognizing that state agencies which are independent of the state are citizens of the state,holding that the federal due process clause protects a state employee who under state law has a legitimate claim of entitlement to state employment,holding that under the old state employment merit system all employees of the state are deemed classified unless they have been specifically exempted form that category,holding that the statute plainly exempted  all employees who were covered by the flsa before january 1 2007,holding that antecedent debts will not be deemed within a dragnet clause unless they are specifically identified in the instrument
248,"487 U.S. 1, 11-14, 108 S.Ct. 2225, 101 L.Ed.2d 1 (1988) (considering a facial challenge to the New York Human Rights Law, which forbade discrimination based on race and other factors). And in Taxpayers for Vincent, the Supreme Court considered a challenge to the constitutionality of a Los Angeles sign ordinance. Noting that the challenging party had not argued that the ordinance could never be validly applied, the Court characterized the attack on the ordinance as “a challenge to the ordinance as applied to [appellees’] activities” and limited its analysis to whether the ordinance was unconstitutional as applied. 466 U.S. at 802, 104 S.Ct. 2118. This court has also found laws unconstitutional as applied, but not facially. See, e.g., State v. Grossman, 636 N.W.2d 545, 551 (Minn.2001) (<HOLDING>); McDonnell v. Comm’r of Pub. Safety, 473",210456,33947,1,case_hold_mc,holding  1130 to be unconstitutional as applied to the plaintiff,holding minnesotas patterned sex offender senfence enhancement statute unconstitutional as applied to one defendant and noting our doubts as to whether the statute could ever be constitutionally applied,holding that the death penalty is unconstitutional as applied to juvenile defendants,holding that the defendant could not be sentenced under the patterned sex offender statute if his offense occurred before the statute became effective,holding that the statute as applied violates the commerce clause
249,"the arrearage, inability to pay must be relevant to reinstatement. Even though § 798(c) does not explicitly designate the inability to pay as a grounds for license reinstatement, we will “not presume that the legislature intended absurd or irrational consequences.” In re Judy Ann’s Inc., 143 Vt. 228, 232, 464 A.2d 752, 755 (1983). ¶ 11. Our interpretation is consistent with the legislative scheme for the enforcement of support. Although the payment of child support is a serious obligation, the state enforces payment orders against noneompliants through various civil rather than criminal sanctions. See 15 V.S.A. §§ 603 (authorizing civil contempt orders), 785 (withholding wages), 791 (issuing liens), 793 (affecting credit reports), 795 (revoking licenses or governmental contracts), 796 (<HOLDING>). To avoid qualifying as punishment, a civil",211309,34083,1,case_hold_mc,holding that a court may not enter an injunction freezing assets in action for damages where there is no equitable interest in frozen assets,holding assets in escrow,holding that a limited partner does not have an interest right or title in the assets of the partnership,holding that the receiver of assets not the subsequent purchaser of the assets retained all liabilities not specifically enumerated in a similar purchase and assumption agreement,holding that insurance premiums deducted from employees paychecks and commingled with corporate assets were plan assets in accordance with department of labor regulations see 29 cfr  25103102a and therefore that president of employer corporation acted as a fiduciary when he failed to separate those assets for payment to the funds and instead used them to pay company creditors
250,"that the plain terms of the plan indicate that a “lack of work” may arise from corporate reorganization or something analogous, as perhaps is the case for those ANSI employees who were not offered employment with Cargill. However, there is no lack of work as to these plaintiffs under any common sense understanding of the phrase. B. Economic Reduction in the Workforce The plain meaning of “economic reduction in the workforce” in this particular context does not encompass a transfer of position to a successor corporation where the employees faced no threat of unemployment. The phrase “reduction in workforce” is most commonly understood to cover situations in which a poor economic outlook for an employer forces layoffs. See Lesman v. Ransburg Corp., 719 F.Supp. 619, 621 (W.D.Mich.1989) (<HOLDING>), aff'd, 911 F.2d 732 (6th Cir.1990); Allen v.",212167,34211,2,case_hold_mc,holding that severance pay received postseparation was not marital property as the condition to receive the pay was related to the sale of the corporation not to husbands work during his marriage,holding that employee may claim contract created based on employer promise of severance pay to employee,holding that a plan providing severance pay for reduction in work force simply did not contemplate the effect of a sale of a business on the availability of severance pay,holding calculating severance benefits based upon age years of service and pay required no discretion,holding that severance pay policy was part of employment contract
251,"Commission argues that the decision in In re Farmers Frozen Food Co., 221 F.Supp. 385 (N.D.Cal.1963), is factually similar to the matter at bar, and should be followed to find that its assessment is a “tax.” In Farmers Frozen Food, decided under the Bankruptcy Act (“Act”), the court confronted the issue of whether an assessment levied pursuant to a marketing order under the California Marketing Act of 1937 was a “tax” so as to be afforded priority status. As with assessment funds collected by the Commission, monies collected under the marketing order were to be used for promotional and research activities benefiting another California commodity industry. In Farmers Frozen Food, the court determined that the marketing order assessment constituted a “tax” aft 2-03 (Bankr.S.D.Fla.1992) (<HOLDING>). Moreover, interpretation of the public",213025,34348,4,case_hold_mc,holding unemployment taxes accrued when employees were terminated not when the amount of compensation taxes are determinable,holding that permit fee assessments required by statute are not taxes under the code,holding that permit fees imposed by statute were not taxes,holding that taxes are not private property that can be physically taken by the government,holding that background check assessments required by statute are not taxes under the code
252,"The defendants, contend that, assuming their conduct was unlawful and negligent as charged in the complaint, it was nevertheless not the proximate cause of the injuries suffered. But a tortfeasor is generally held answerable for the injuries which result in the ordinary course of events from his negligence and it is generally sufficient if his negligent conduct was a substantial factor in bringing about the injuries. The fact that there were also intervening causes which were foreseeable or were normal incidents of the risk created would not relieve the tortfeasor of liability. Ordinarily these questions of proximate and intervening cause are left to the jury for its factual determination. [Ibid, (citations omitted).] See also, J.S. v. R.T.H., 155 N.J. 330, 352, 714 A.2d 924 (1998) (<HOLDING>); Cowan v. Doering, 111 N.J. 451, 465-66, 545",213877,34479,0,case_hold_mc,holding that prolonged sexual abuse of neighboring adolescent girls by defendants husband with known proclivity for such behavior not a superseding cause of wifes negligent failure to warn victims or take other reasonable steps to prevent harm to them,holding that defense may only be raised in context of negligent failure to warn claims,holding the wifes testimony that husbands release would cause psychological harm to other family members was insufficient to support commitment courts finding that husband would cause serious bodily harm to another person,holding that section 4149 did not apply to the plaintiffs state law claims of breach of duty to protect foster care children from harm and of negligent supervision negligent entrustment and negligent failure to warn,holding defendants prior conviction for assault related to sexual abuse of a minor even though it did not require an act of sexual abuse because it required intent to commit sexual abuse  and such a mens rea demonstrate the offense was one relating to sexual abuse
253,"therefore properly denied Chen’s applications for asylum, withholding of removal, and CAT relief insofar as they were based on his sexual orientation. See Paul v. Gonzales, 444 F.3d 148, 156 (2d Cir.2006). Substantial evidence also supports the agency’s denial of Chen’s application for CAT relief based on his claim of a likelihood of torture for having departed China illegally. Notwithstanding generalized evidence indicating that torture occurs in Chinese prisons, an applicant cannot demonstrate that he is more likely than not to be tortured “based solely on the fact that []he is part of the large class of persons who have left China illegally.” Mu Xiang Lin v. U.S. Dep’t of Justice, 432 F.3d 156, 159-60 (2d Cir.2005); see also Pierre v. Gonzales, 502 F.3d 109, 118-19 (2d Cir.2007) (<HOLDING>). Because Chen provided no basis for the agency",214733,34614,1,case_hold_mc,holding that pain and suffering does not survive the death of the injured,holding that beyond evidence of inhumane prison conditions a cat claimant must provide some evidence that the authorities act with the specific intent to inflict severe physical or mental pain or suffering on those detained,recognizing as an element of pain and suffering,holding that detention in squalid overcrowded cells without adequate food water sanitation exercise or medical treatment in haitian prisons does not constitute torture under cat because there is no evidence that haitian authorities have the specific intent to inflict pain or suffering,recognizing as separate from pain and suffering
254,"after being placed on the ground, so there was no reason for Officer Frost to place his knee on her back. Pl.’s Opp. at 13. In light of Officer Frost’s prior experience with plaintiffs attempts to escape custody, it was reasonable for him to believe that he needed to use some other part of his body to hold her down while using both of his hands to handcuff her. In that context, pushing his knee over her left arm and onto her back was not an excessive use of force. It is true that at the time Officer Frost placed his knee on plaintiffs back, she was already being restrained by two other officers. But that does not make Officer Frost’s actions unreasonable because plaintiff had managed to escape the grip of multiple officers earlier during the encounter. See Scott, 101 F.3d at 759-60 (<HOLDING>). The Court of Appeals has upheld the use of",215591,34752,0,case_hold_mc,holding that officers knocking the plaintiff to the ground rolling him over and pinning him with their knees on his neck back and legs so he could be handcuffed did not constitute excessive force and noting that the plaintiffs offer to return to custody after his escape attempt did not eliminate the need for force,holding that purposely tripping the plaintiff while he was being escorted in handcuffs  causing him to fall to the floor and cut his face could be excessive force,holding that where an officer grabbed plaintiffs arm twisted it around plaintiffs back jerking it up high to the shoulder and then handcuffing the plaintiff as plaintiff fell to his knees screaming did not constitute excessive force,holding that inquiry as to whether officers are entitled to qualified immunity for use of excessive force is distinct from inquiry on the merits of the excessive force claim,holding that where the plaintiffs evidence supported a finding that the defendants had applied force to restrain him the jury must determine not only whether the officers were justified in using force at all but if so whether the degree of force actually used was reasonable
255,"an unreasonable application of, established Supreme Court precedent. Accordingly, we AFFIRM the district court. 1 . Petitioner Hallock did not seek review from the Kansas appellate courts, proceeding instead directly to the United States District Court. Respondents argue that Petitioner failed to exhaust his available state court remedies and, therefore, his appeal must be dismissed. AEDPA amended the exhaustion provisions of § 2254. While § 2254(b)(1) retains the pre-AEDPA requirement that a petition for a writ of habeas corpus may not be granted unless the petitioner has exhausted available state court remedies, § 2254(b)(2) specifically provides that a claim may be denied on the merits notwithstanding a failure to exhaust. See Goodwin v. Oklahoma, 923 F.2d 156, 158 (10th Cir.1991) (<HOLDING>). The Kansas Supreme Court already decided the",216446,34907,3,case_hold_mc,recognizing but finding inapplicable pure question of law exception to doctrine of exhaustion,recognizing the futility exception to the tribal exhaustion rule,recognizing doctrine,recognizing exception to the exhaustion doctrine where the states highest court has explicitly and recently addressed the precise issue advanced by the petitioner,holding that presentation of an untimely petition to the states highest court satisfied the exhaustion requirement
256,"documents consist of letters, memoranda or e-mail between in-house attorneys or between an in-house attorney and outside counsel concerning the patents at issue. Although communications between in-house counsel are not communications directly to or from the client, it appears implicit in present day litigation with multiple attorneys required for proper representation that attorneys must be allowed to confer with each other regarding the representation of a client on a privileged basis in the same way that clients must be able to discuss the advice of counsel amongst themselves on a privileged basis. Natta v. Zletz, 418 F.2d at 637 n. 3. See also Weeks v. Samsung Heavy Indus. Co., 1996 WL 341537 at *4; Wilstein v. San Tropai Condominium Master Assoc., 189 F.R.D. 371 (N.D.Ill.1999) (<HOLDING>) To the extent that the communications are",217305,35036,4,case_hold_mc,holding that attorneyclient privilege could apply to communications of legal advice between nonlawyer members of management and human resources department if the communication was made in confidence for the primary purpose of obtaining legal advice,holding that a document which is given to an attorney in the course of seeking legal advice is privileged in the hands of the attorney only if it was privileged in the hands of the client,holding that retention of an attorney to investigate an insurance claim and make a coverage determination under a policy is a classic example of a client seeking legal advice from an attorney,holding that if documents are privileged in the hands of the client they retain that privilege when given to an attorney for the purpose of seeking legal advice,holding that discussions between management personnel concerning legal advice given by attorney is privileged even when attorney is not physically present
257,"may not occur as anticipated, or indeed may not occur at all.’” Id. (quoting 13A Wright, § 3532, at 104 (2001 Supp.)). When assessing ripeness, we are required “ ‘to evaluate both the fitness of the issues for judicial decision and the hardship to the parties of withholding court consideration.’ ” Perry, 66 S.W.3d at 250 (quoting Abbott Labs. v. Gardner, 387 U.S. 136, 149, 87 S.Ct. 1507, 18 L.Ed.2d 681 (1967)). In this case, the Commission, at the parties’ request, issued an advisory statement concerning its position on the legal question of the application of the 2011 FCC amendments going forward. The parties concede and the record supports a conclusion that this dispute was b Res. Corp., No. 03-13-00533-CV, 2014 WL 4058727, at *3 (Tex. App.—Austin Aug. 14, 2014, no pet.) (mem. op.) (<HOLDING>). As for the element of hardship if judicial",218157,35170,2,case_hold_mc,holding that requiring the utility to relocate its pipes at its own expense did not constitute a legal injury,holding that an order requiring the agency to search the records did not constitute courtordered change in the relationship of the parties,holding that agency order requiring utility to meet certain evidentiary requirements in future proceedings did not establish imminent or sufficiently likely enforcement,holding that a landlords alleged threats that tenants who did not sign a lease would have to pay their own utility bills and be subject to future rent increases did not constitute a wrongful use of force or fear,recognizing the doctrine of collateral estoppel in agency proceedings
258,"furnished”). This court need not decide at this time whether or not the Utah Supreme Court would follow Hootch. The plaintiffs’ specific claims in this case are for violations of the federal constitution’s equal protection provisions and for violations of various federal laws. Kowallis’s “rather broad dicta” appears to make the state constitutional guarantee of open schools coextensive with equal protection guarantees. The court will therefore address the defendants’ duty in the context of the plaintiffs’ equal protection claim. G. The Plaintiffs’ Equal Protection Claim (First Claim for Relief) The plaintiffs’ first claim for relief alleges that the defendants have deliberately discriminated against the plaintiffs based on their race, in violat 96 S.Ct. 943, 948, 47 L.Ed.2d 106 (1976) (<HOLDING>); Morton v. Mancari, 417 U.S. 535, 553-55, 94",219014,35314,4,case_hold_mc,holding the argument that the state and federal constitutions required appointed counsel in adoption proceeding was not preserved,holding that defamation action is not a proceeding arising in a bankruptcy case,holding no state court jurisdiction in an adoption proceeding,holding that parties not related to the child could not file an adoption petition and later prove the unfitness of the natural parents because the child was not available for adoption as defined in the adoption act parents had to be found unfit before petition could be filed,holding that indians could be denied access to state courts in connection with an adoption proceeding arising on a reservation
259,".784 F.Supp. at 603. When plaintiffs urge a supplemental EIS should be conducted based on effects already adequately considered by the original EIS, a supplemental EIS is not required. Cronin, 919 F.2d at 449; Headwaters, Inc., 914 F.2d at 1178; Hickory Neighborhood Defense League, 893 F.2d at 63; and Texas v. United States Forest Serv., 654 F.Supp. 296, 298 (S.D.Tex.1987). The burden is on the plaintiff to show that grounds exist requiring the preparation of an EIS. Robertson, 784 F.Supp. at 606. In Robertson, the district court held that when the timber cutting proposed in a site-specific project did not differ significantly from the timber cutting anticipated and evaluated in the programmatic EIS, no supplemental site-specific EIS was required. Id. See also Cronin, 919 F.2d at 449 (<HOLDING>); Headwaters, Inc., 914 F.2d at 1180 (holding",219873,35443,1,case_hold_mc,holding that plaintiffs statistics did not shed any light on the legally relevant issue because they did not indicate the group of applicants who were interviewed or even the group of applicants found qualified or the group of all applicants,holding supplemental eis not necessary for sitespecific timber sale where programmatic eis considered effects of both clearcutting and group selection and sitespecific project authorized group selection,holding that a plaintiff in a reverse discrimination case need show only that he is a member of a protected group and whites are a protected group under title vii,recognizing women as a distinct group,holding that the forum selection clause at issue encompassed both contract and tort claims
260,"child's IEP in some fashion); Rome Sch. Comm., 247 F.3d at 33 (issue was ""extent of [the already eligible child's] needs for behavior management services,” and whether such services must be provided to child in IEP. to address behavior spilling over into school). While I can glean some guidance as to ""need” from these cases, the fact that those children were already receiving services as eligible special education students makes the analysis somewhat different. Further, even in cases where eligibility is the predicate issue, courts do not engage in extended analysis of the differences between an ordinary understanding of ""need,” as used by many parents or experts, and the statutory meaning assigned by the IDEA. See, e.g., Yankton Sch. Dist. v. Schramm, 93 F.33 1369, 1374 (8th Cir.1996) (<HOLDING>); but see Garda, supra, at 499-501 (stating",220731,35579,2,case_hold_mc,holding that an attorneys cause for services rendered over a period of time accrued when his services had been completely performed,holding evidence of apparent authority insufficient where patient sought services of particular doctor rather than services of hospital generally,holding that child who received services that school deemed 504 accommodations was ideaeligible because services rose to the level of specially designed instruction without analysis of need,holding that plaintiff who provided similar services which were arguably attendant care services under state law fell within the exemption,recognizing that generally services that benefit debtor are services that facilitate completion of a case
261,"contains the right of passage and access to the premises. Thus, the fact that TIA had such a right does not distinguish the present case from Gibbs, in which the defendant also had a license to use the premises but was not found to have maintained or controlled the premises. The plaintiffs’ argument in this case is further weakened by the fact that, under the contract between NYCCOC and TIA, just as was the case in Gibbs, NYCCOC, the “licensor,” explicitly retained the duty of maintenance and repair. (Varvaro Deck Ex. I, Feb. 10, 2006 Revised Agreement ¶ 22.) Hence, the plaintiffs have failed to present evidence showing that TIA owned, maintained, or controlled the space to justify imposing on TIA the nondelegable duty of the owner of premises. See Lyons, 2007 WL 2265577, at *5 (<HOLDING>). Because the plaintiffs have not proffered any",221589,35716,0,case_hold_mc,holding that the decoration contractor freeman was not subject to premises liability because it did not occupy own control or make special use of the premises at the javits center,holding that defendant properly established that it did not owe premises liability duty because it did not own occupy or control premises where injury occurred but that defendant was not entitled to traditional summary judgment because it failed to address duty arising out of alleged creation of dangerous condition,holding that while a lawfully issued warrant to search premises authorizes the officers executing it to search in a reasonable manner whatever spots within the described premises their professional experience indicates may be used as a cache for the items named in the warranty such a warrant does not by its own force permit a search of the persons residents or visitorswho chance to be at the premises at the time the warrant is executed or belongings of a nonresident visitor present on the premises,holding that the policy insured property but failure to occupy premises negated coverage,holding that a contractor had no duty of care to a third party under a premises liability theory because the contractor was not a landowner or occupier but expressing no opinion as to whether the contractor owed a duty to the third party under general negligence principles because the third partys legal theory was restricted to premises liability
262,"The policy’s one year limitation period “runs from the date of the occurrence of the destructive event or casualty insured against.” General State Authority v. Planet Insurance Company, 464 Pa. 162, 346 A.2d 265, 267 (1975). In General State Authority, the insured’s rental property was destroyed by fire on January 2, 1969, but it was unaware of the loss until May 10, 1971. After the claim was denied by its insurer, the insured filed suit on November 11, 1971. The policy required the insured to file suit “within twelve months next after inception of the loss.” Id. The insured argued that the one year should be measured from the date of discovery. The court held that the limitation does not run from the date the insured discovers the loss. Id.; see also Lardas, 426 Pa. 47, 231 A.2d 740 (<HOLDING>). Contrary to the plaintiffs’ interrogatory",222443,35861,4,case_hold_mc,holding that a  1983 claim generally accrues when the plaintiff knows or has reason to know of the injury which is the basis of the action ,holding that  1983 claim accrues when plaintiff knows or has reason to know of injury,holding that proof of loss is not evidence of extent of loss and insured is not precluded from showing his damages were greater than shown in proof of loss,holding that a  1983 claim accrues when plaintiff knows or has reason to know of injury,holding that a loss occurs and has its inception whether or not the insured knows of it
263,"of review and reaching its conclusion, the majority does not address whether the trial court abused its discretion in light of evidence in the record. See Kniatt, 206 S.W.3d at 664 (setting out discretionary standard of review of order denying habe-as corpus). Nor does the majority give weight to the trial court’s statutory right to rely on its own personal recollection of the prior proceedings in making its determination of whether habeas corpus relief should be granted. See Tex.Code Crim. Proc. Ann. art. 11.072 § 6(b). Thus, the majority fails to consider the stipulations and waivers in the record, or any of the documents in the record other than appellant’s and Sanchez’s affidavits, which appellant attached to his application for writ of habeas corpus. Cf. Kniatt, 206 S.W.3d at 664 (<HOLDING>); Phuong Anh Thi Le, 300 S.W.3d at 327",223299,36007,2,case_hold_mc,holding that appellate court can uphold a trial courts ruling on any ground appearing in the record whether urged in the trial court or not,holding court of appeals was to review facts in light most favorable to trial courts ruling even when no witnesses testified and all evidence was submitted in written affidavits,holding that appellate court reviewing trial courts habeas corpus ruling must review record evidence in light most favorable to ruling and uphold ruling absent abuse of discretion,holding that in reviewing trial courts ruling on habeas corpus petition reviewing court must defer to all of trial courts implied factual findings supported by record,holding that in ruling on a summaryjudgment motion record evidence must be viewed in a light most favorable to nonmovant
264,"286 F.R.D. at 252. According to the Short court, the party seeking the issue-related sanction must show: ""(1) that the party having control over the evidence had an obligation to timely produce it; (2) that the party that failed to timely produce the evidence had a culpable state of mind; and (3) that the missing evidence is relevant to the party’s claim or defense such that a reasonable trier of fact could find that it would support that claim or defense.” Id. (quotation marks omitted). 4 . The Court also notes that other courts have neglected to impose issue-related sanctions in cases involving document productions that were significantly more untimely than 3E’s late production. See e.g., Williams v. Saint-Gobain Corp., No. 00 Civ. 502, 2002 WL 1477618, at *2 (W.D.N.Y. June 28, 2002)",224151,36147,3,case_hold_mc,holding that the agency cannot use insufficient evidence as a basis for finding no adverse impact,holding that adverse inference rule is permissive,holding that adverse inference alone insufficient to support a motion for summary judgment,holding that there was no basis for adverse inference instruction for failure to produce emails until five days before trial,holding that committing prisoner to administrative segregation for five days was adverse
265,"inmates and their attorneys. See id. ¶ 2. {12} Although inmates have a diminished expectation of privacy in prison, they are nonetheless protected by the provisions of the Abuse of Privacy Act. See generally Coyazo, 1997-NMCA-029, ¶¶8-16, 123 N.M. 200, 936 P.2d 882. Thus, to the extent that the district court below relied on Defendant’s 8, 189 (Ct.App.1972) (stating that this Court will affirm if the district court is right for any reason, as long as the opposing party had an opportunity to respond). {14} In determining whether Defendant’s telephone calls were recorded in violation of the Abuse of Privacy Act, the dispositive question in the present case is whether Defendant consented to the recording. See § 30-12-l(E)(3); see also Coyazo, 1997-NMCA-029, ¶9, 123 N.M. 200, 936 P.2d 882 (<HOLDING>). In Coyazo, our Court recognized that an",224954,36281,2,case_hold_mc,recognizing exception,recognizing a childabuse exception to marital communications privilege,recognizing that a partys prior consent  to the recording or monitoring of communications constitutes an exception to the abuse of privacy act,recognizing the prior conviction exception of almendareztorres,recognizing such an exception
266,"provision relevant to pretrial motions filed by a criminal defendant excluded the “time after a hearing has been held where a district court awaits additional filings from the parties that are needed for proper disposition of the motion.” 476 U.S. at 331. The Court of Appeals thus did not err in affirming the finding of the district court that the entire period between filing and final disposition of Feldhacker’s pretrial motions was excluded from the speedy trial computation. In computing the excluded period, the Court of Appeals correctly followed State v. Baker, 264 Neb. 867, 652 N.W.2d 612 (2002), and determined that the first excludable day was September 22, 2000, the day after Feldhacker filed his pretrial motions. See, also, State v. Oldfield, 236 Neb. at 443, 461 N.W.2d at 561 (<HOLDING>). To the extent that State v. Recek, 263 Neb.",225809,36419,0,case_hold_mc,holding an excludable period under  2912074a commences on the day immediately after the filing of a defendants pretrial motion,holding that time granted for preparing pretrial motions is not automatically excludable under  3161h1 but is excludable only after the district court enters appropriate findings under  3161h7a,holding that the 120day period commences when the applicant appears in person for the interview,holding that oneyear period commences on date of discovery of the fraudulent nature of the transfer,holding that motion challenging pretrial detention was excludable under act
267,"National Treasury Employees Union, 489 U.S. at 680-82, 109 S.Ct. 1384 (Scalia, J., dissenting). In National Treasury Employees Union, the contested search involved urine testing of Customs Service employees to protect the integrity of the agency by discharging employees who, through their own drug use, would allegedly be unable fully to perform their duty to interdict narcotics. Id. at 682, 109 S.Ct. 1384. Justice Scalia argued that the governmental purpose provided was too generalized and speculative to find the drug testing reasonable. See id. at 684, 109 S.Ct. 1384. Thus, when operating outside the warrant requirement, a “special needs” search must be narrowly tailored to achieve a legitimate purpose. See Delaware v. Prouse, 440 U.S. 648, 659, 99 S.Ct. 1391, 59 L.Ed.2d 660 (1979) (<HOLDING>). D. Focusing the Appropriate Fourth Amendment",226668,36561,4,case_hold_mc,holding evidence including that insurer only charged life insurance premium that would ordinarily apply to onehalf the amount of coverage actually permitted by policy as written did not warrant retroactive reformation of policy to reduce coverage amount because it did not demonstrate mistake on insureds part and insurance company did not present evidence on what parties agreed to before the policy was issued,holding that insurers failure to deny existence of insurance coverage under policy at issue was to admit that coverage existed,holding that the plaintiffs asserted legal basis for coverage is irrelevant to the determination of whether the insurance policy provides coverage and instead looking to the facts underlying the claim for coverage,holding random traffic stops for license and registration checks are contrary to fourth amendment,holding that random spot checks were not narrowly tailored to the purpose of ensuring an adequate amount of insurance coverage
268,"the rulings of the Alaska Supreme Court regarding releases ..., and it remains its intention to release the above described Claims. Section 3. Release by [Old Harbor]. [The release language is virtually identical to Section 2 with Old Harbor replacing Akhiok]. 8 . 852 P.2d 1146, 1150-52 (Alaska 1993). 9 . Id. at 1152. 10 . See Witt v. Watkins, 579 P.2d 1065, 1067-68 (Alaska 1978). 11 . See id. 12 . See Diagnostic Imaging Ctr. Assocs. v. H & P, 815 P.2d 865, 867-68 (Alaska 1991). 13 . See National Soil Servs., Inc. v. Hurst, 630 P.2d 3, 7 (Alask d 438, 440 (1963) (""joint venturers like partners owe the duty of finest loyalty and such loyalty continues throughout the life of the venture and its dissolution""); accord Lavin v. Ehrlich, 80 Misc.2d 247, 363 N.Y.S.2d 50, 52 (N.Y.App.1974) (<HOLDING>). t 19 . See Karchmar, 236 Ill.Dec. 378, 707",227526,36693,0,case_hold_mc,holding partner owes fiduciary duty in dealings effecting the winding up of the partnership and the proper preservation of partnership assets during that time,holding that a retiring partner or the representative of a deceased partner is a creditor of the partnership in the amount of the retiring or deceased partners partnership interest,holding only a party to the partnership agreement can breach it and be liable for a breach of fiduciary duty relating to partnership obligations,holding that under the texas uniform partnership act the government was entitled to collect the  tax liability indisputably a partnership debt from any one of the general partners,holding that under texas law limited partner could not bring breach of fiduciary duty claims without the partnership because the partners claims would be indirect and duplicative of the partnerships claims
269,"Corpus Christi 1977, no writ); Hagemeister v. Vanity Fair Properties, 508 S.W.2d 879, 881 (Tex.Civ.App.—Tyler 1973, writ dism’d). Thus, collateral estoppel dictates that venue of any subsequent suit involving the same subject matter and the same parties as the initial suit be governed by the venue determination in the initial suit. See Orozco, 681 S.W.2d at 245-46; Pinney, 558 S.W.2d at 36. First, Miller II involves the same parties as the Windsor suit. Both State & County and Windsor were parties to the Windsor suit. Although Ledbetter and Curtiss were not named in the Windsor suit, as officers of State & County, they were in privity with a party; thus, collateral estoppel would apply to them as well. Cf. Getty Oil Co. v. Insurance Co. of N. Am., 845 S.W.2d 794, 800 (Tex.1992) (<HOLDING>), cert. denied sub nom. Youell & Cos. v. Getty",228381,36844,4,case_hold_mc,holding that defendant in second suit was in privity for res judicata purposes because his interests were aligned with those of defendant in first suit which concerned same facts,holding that res judicata applies when the question of jurisdiction is raised and determined,holding that res judicata applies in deportation proceedings,holding that the doctrine of res judicata applies to deportation proceedings,holding res judicata also applies to those in privity with parties
270,"him. Prosser and Keeton on Torts, supra, § 61, at 429. In addition, the law presumes that the business owner has prepared the way for those who are advancing its business interests. Caroff, supra, 146 N.J.Super. at 359-362, 369 A.2d 983; The Law of Premises Liability, supra, § 5.11; Prosser and Keeton on Torts, supra, § 61, at 429. Likewise, where an official enters an area of private property to which the public is invited, like a shopping center, he is given the protections accorded to an invitee. Knoetig, supra, 255 N.J.Super. at 40-42, 604 A.2d 619. Again, the assumption underlying that status is that the landowner has prepared the way for the entry of the public and the public official should be treated accordingly. Ibid, (citing Caroff, supra, 146 N.J.Super. 353, 369 A.2d 983 (<HOLDING>)). To the contrary, where the officer, in the",229234,36988,2,case_hold_mc,recognizing the public interest exception,recognizing a traditional distinction between the public and governmental acts of sovereign states on the one hand and their private and commercial acts on the other,recognizing distinctions between public and private areas,recognizing private right of action,holding that land dedicated for a public street may not be leased to a private entity for private use
271,"because the complaint seeks only an injunction against future enforcement of the helmet law. Any past injury suffered by the plaintiffs does not give them standing to enjoin future enforcement of the helmet law. Insofar as the complaint seeks an injunction against future enforcement of the helmet law based on the possible vague application of the law to the individual plaintiffs, such a claim is not ripe for review. Where there are insufficient facts to determine the vagueness of a law as applied, the issue is not ripe for adjudication. See Freedom to Travel Campaign v. Newcomb, 82 F.3d 1431, 1441 (9th Cir.1996) (concluding that vagueness of one provision of a regulation was not ripe for review due to insufficient facts); Mack v. United States, 66 F.3d 1025, 1033 (9th Cir.1995) (<HOLDING>), cert. granted, — U.S. —, 116 S.Ct. 2521, 135",230090,37133,4,case_hold_mc,holding that the act violates neither separation of powers nor principles of due process by allowing a victim veto that precludes application of the act as well as holding that the act is not void for vagueness and does not constitute a form of cruel or unusual punishment,holding that the statute of limitations in a criminal case is a nonjurisdictional affirmative defense that is waived if not raised in the trial court,holding as brady violation prosecutions failure to disclose to defense that prosecution had agreed not to prosecute key witness in exchange for his testimony at trial,holding that in an action for malicious prosecution the plaintiff is entitled to recover damages not only for his unlawful arrest and imprisonment but also for expenses of his defense,holding that the vagueness of brady handgun act not ripe for adjudication in suit for injunction but could be raised as a defense in the case of an unlikely criminal prosecution of law enforcement agents
272,"adopted by this court. Atel Fin. Corp. v. Quaker Coal Co., 321 F.3d 924, 926 (9th Cir.2003). On this record, the district court did not err when it determined that Roberts had not offered evidence that the monitor was defective. Roberts presented only circumstantial evidence that the monitor was defective. Nevada courts have never directly held that circumstantial evidence is sufficient to prove a defect, yet some Nevada cases have relied on circumstantial evidence to establish the existence of a defect. See Van Duzer v. Shoshone Coca Cola Bottling Co., 103 Nev. 383, 741 P.2d 811, 812-14 (1987) (finding that a bottle was unreasonably dangerous and defective based on supermarket customer’s testimony); Stackiewicz v. Nissan Motor Corp. in U.S.A., 100 Nev. 443, 686 P.2d 925, 928 (1984) (<HOLDING>). In this case, even if circumstantial evidence",230943,37275,1,case_hold_mc,holding that it was not an abuse of discretion for district court to allow a mechanical engineer to give expert testimony about a machine with which the engineer had no design experience,holding that drivers and witnesses testimony about car steering malfunction could be proof of defect without establishing the mechanical cause of the malfunction,holding that material for witnesses need not be produced to defendant where the witnesses were not called as government witnesses at trial,holding that a district court was entitled to accept or reject testimony on the basis of the witnesses demeanor and candor or lack thereof and contradictions in the witnesses testimony,holding that a cause of action does not arise in negligence when a product malfunctions or is defective and the malfunction or defect results in damage only to the product itself and produces only economic loss
273,"473-74, 86 S.Ct. 1602. “To adequately invoke this right- and effectively cut off questioning, a suspect must indicate ‘a clear, consistent expression of a desire to remain silent.’ ” United States v. Johnson, 56 F.3d 947, 955 (8th Cir.1995) (quoting United States v. Thompson, 866 F.2d 268, 272 (8th Cir.1989)). “We consider the defendant’s statements as a whole to determine whether they indicate an unequivocal decision to invoke the right to remain silent.” Id. After Adams said “Nah, I don’t want to talk, man. I mean, I,” he immediately proceeded to engage in an exchange with Ball. The phrase “I mean” signaled that Adams intended to clarify the statement, “I don’t want to talk; man,” and the statement was therefore ambiguous. See United States v. Havlik, 710 F.3d 818, 822 (8th Cir.2013) (<HOLDING>). Adams thereafter continued to talk with Ball",231802,37411,3,case_hold_mc,holding that verbal threats such as we going to get you you better drop the suit do not rise to the level of adverse action,holding the statement shouldnt i have an attorney so you dont ask me any illegal questions as an equivocal request for counsel,holding that if you do not qualify under the hup test you never get to the statute,holding that the statement i guess you better get me a lawyer then was not an unequivocal invocation of the right to an attorney because the phrase i guess was equivocal,holding that an unequivocal invocation of the fifth amendment right to counsel must be presented in a manner that a reasonable police officer under similar circumstances would understand the statement to be a request for the presence of an attorney
274,"U.S.C.App. § 762; Mobil Oil Corp. v. Higginbotham, 436 U.S. 618, 622-26, 98 S.Ct. 2010, 2013-15, 56 L.Ed.2d 581 (1978). We disagree. In Lockerbie I, we adopted the federal common law to govern causes of action under the Warsaw Convention. 928 F.2d at 1278. In Lockerbie II, we held that damages under the Warsaw Convention should be determined “by an examination of maritime’law, which is probably the oldest body of federal common law.” 37 F.3d at 828. While two maritime statutes — DOHSA and the Jones Act, 46 U.S.C. app. § 688 (1988) — preclude recovery for non-pecuniary loss, general maritime cases not brought under such statutory restrictions allow recovery. Lockerbie II, 37 F.3d at 829; Sea-Land Services, Inc. v. Gaudet, 414 U.S. 573, 585-88, 94 S.Ct. 806, 814-16, 39 L.Ed.2d 9 (1974) (<HOLDING>). Looking at the language and underlying",232663,37552,2,case_hold_mc,holding that although congress has never enacted a comprehensive maritime code federal courts may not award loss of society damages under general maritime law because the death on the high seas act expressly prohibits recovery of such damages,holding punitive damages unavailable for survival claims under general maritime law,recognizing loss of society damages as remedy available under general maritime law,holding that general maritime law preempts state law,holding punitive damages not recoverable for retaliatory discharge claim under general maritime law
275,"of the offense”). 14 . 544 U.S. 13, 16, 125 S.Ct. 1254, 1257, 161 L.Ed.2d 205 (2005); see also Gomez-Leon, 545 F.3d at 784. 15 . Snellenberger, 548 F.3d at 701. 16 . 520 F.3d 1072, 1078 (9th Cir.), cert. denied, - U.S. -, 129 S.Ct. 433, 172 L.Ed.2d 314 (2008); Gomez-Leon, 545 F.3d at 784. 17 . See United States v. Espinoza-Cano, 456 F.3d 1126, 1132 (9th Cir.2006) (quoting Shepard, 544 U.S. at 25, 125 S.Ct. at 1262). 18 . 414 F.3d 1038, 1044 (9th Cir.2005) (""Although police reports and complaint applications, standing alone, may not be used to enhance a sentence following a criminal conviction, ... the contents of these documents may be considered if specifically incorporated into the guilty plea or admitted by a defendant.”). 19 .See, e.g., Almazan-Becerra, 537 F.3d at 1098-1100 (<HOLDING>); Espinoza-Cano, 456 F.3d at 1132 (district",233516,37693,2,case_hold_mc,holding that based on the facts presented by the state and the defendants stipulation to the existence of a factual basis for his plea the court properly determined a factual basis for the plea existed,holding that district court abused discretion in denying motion to withdraw plea based on intervening supreme court decision that may have rendered factual basis of plea insufficient,holding that district court properly considered a police report that the defendant had stipulated contained a factual basis for his plea,holding that because the court could not consider police reports it could not rely on an attorneys argument based on the police report as the basis for determining the statutory basis for a conviction,holding that right to challenge factual basis is waived by guilty plea
276,"determined that Salim lacked standing under the doctrine of third-party standing. See App. 19. It is true, as the bankruptcy court noted, that a plaintiff generally may not establish standing on ng does not undermine the Court’s conclusion that Salim has standing to bring this case. In sum, the Court concludes that the bankruptcy court erred in finding that Sal-im lacks standing. If Salim lacked standing, the Court would not have jurisdiction to reach the merits of the parties’ dispute. See Steel Co., 523 U.S. at 94, 118 S.Ct. 1003. Since it concludes that Salim does’ have standing to pursue his claims, however, the Court may now consider the bankruptcy court’s determination that Salim failed to state a claim. See, e.g., Gingery v. City of Glendale, 831 F.3d 1222, 1228 (9th Cir. 2016) (<HOLDING>), cert. denied sub nom. Mera v. City of",234367,37837,4,case_hold_mc,holding that a court may rely on documents incorporated into the complaint by reference and matters of which a court may take judicial notice in deciding whether a complaint fails to state a claim upon which relief may be granted,holding that because the state failed to properly file the complaint the district court lacked jurisdiction to proceed to trial,holding that the district court erred when it failed to consider the presumption of irreparable harm,holding that district court may consider documents referred to in plaintiffs complaint and central to his claim,holding that although that the district court erred in finding that plaintiffs lacked standing the appellate court may nonetheless proceed to consider the district courts determination that plaintiffs failed to state a claim upon which relief may be granted
277,"by Title VII, may be subject to mandatory arbitration only if the arbitral forum permits the effective vindication of those rights. “So long as the prospective litigant effectively may vindicate [his or her] statutory cause of action in the arbitral forum, the statute will continue to serve both its remedial and deterrent function.” Gilmer v. Interstate/Johnson Lane Corp., 500 U.S. 20, 28, 111 S.Ct. 1647, 114 L.Ed.2d 26 (1991) (quotation omitted). If, then, the splitting or sharing of the costs of the arbitral forum under a particular arbitration agreement effectively prevents the vindication of a plaintiffs statutory rights, those rights cannot be subject to mandatory arbitration under that agreement. See, e.g., Williams v. Cigna Fin. Advisors, Inc., 197 F.3d 752, 763 (5th Cir.1999) (<HOLDING>), cert. denied, 529 U.S. 1099, 120 S.Ct. 1833,",235220,37980,0,case_hold_mc,holding that gilmer plainly indicates that an arbitral cost allocation scheme may not be used to prevent effective vindication of federal statutory claims,holding the plain language of  1325b2 unambiguously indicates that prospective not historical expenses are to be used to calculate disposable income,holding that young will not apply where congress has created a detailed remedial scheme for the enforcement of a federal statutory right against a state,holding that the quantity of drugs may not be used to support a departure,holding that igras specific grant of federal jurisdiction for certain actions indicates congress intended to limit federal jurisdiction to those instances
278,"only to effect the property and income of the Corporation. {11} Here, Plaintiff has offered no proof that a resolution was adopted by Defendant’s board of directors, and since Article VIII’s sue or be sued clause can only be made effective pursuant to the requirements set out in Section D of Article XVI, we conclude that no waiver was created. See Ninigret Dev. Corp., 207 F.3d at 30. {12} Plaintiff contends that federal law is clear that the simple appearance of a sue or be sued clause in the charters of Section 17 corporations serve as a general waiver of sovereign immunity. We disagree. Our review of the law indicates that a sue or be sued clause will only accomplish a waiver when the clause clearly expresses an intent to waive immunity. Parker Drilling Co., 451 F.Supp. at 1136-37 (<HOLDING>); S. Unique, Ltd. v. Gila River Pima-Maricopa",236079,38113,0,case_hold_mc,holding that the sue or be sued clause in corporate charter served as a waiver because the clause had no restrictions or limitations and was a clear explicit and unambiguous waiver,holding that limitation of liability clause was unambiguous,holding that the waiver in two previous contracts was insufficient to support waiver of the contract at issue in that appeal,holding that the word waiver is not required to waive a right even when a statute requires clear and unmistakable evidence of waiver,holding that the waiver of sovereign immunity must be clear and unequivocal
279,"8 OES 136.643 provides, in relevant part: “In the trial of * * * a person accused or charged with the commission of a crime, the person so charged or accused shall, at the own request of the person, but not otherwise, be deemed a competent witness!.] * * * The defendant or accused, when offering testimony as a witness in the own behalf of the defendant, gives the prosecution a right to cross-examination upon all facts to which the defendant or accused has testified and which tend to the conviction or acquittal of the defendant or accused.” 9 In Lotches, the court noted that, in addition to the federal constitution, Article I, section 11, of the Oregon Constitution gives criminal defendants a right to testify in their own behalf. 331 Or at 483 n 10. But see Rogers, 330 Or at 298-99 (<HOLDING>). 10 State v. Mai, 294 Or 269, 656 P2d 315",236936,38261,2,case_hold_mc,recognizing that criminal defendants right to testify is subject to crossexamination,holding violation of right to testify could not be harmless,holding that right to be heard in article i section 11 incorporates framers contemporaneous understanding which did not recognize criminal defendants right to testify,recognizing that a defendants right to be heard in criminal proceedings prior to sentencing is constitutionally protected,holding right to testify was federal constitutional right
280,"elderly father who was not active in Tejas’s business. Since 1993, Payne and his father have been the only directors. The record also raises other fact questions as to alter ego; for example, in Payne’s deposition testimony (which was offered in the motion to deny summary judgment) Payne testified that he neither knew his specific title nor who the other directors were. Tejas’s corporate meetings were held at Payne’s car dealership office. The record also shows that Payne used some of his personnel from the dealership to handle bookkeeping functions for Tejas. Moreover, the record reveals that of the $379,510.13 fisted as accounts receivable in Tejas’s balance sheet, $292,162.00 of that amount is allocated as accounts receivable payable to “EM Payne.” See Castleberry, 721 S.W.2d at 272 (<HOLDING>). Payne argues that these facts are not enough",237788,38416,2,case_hold_mc,recognizing that pursuant to the traditional application of the alter ego doctrine corporate form may be disregarded when the corporation is the mere instrumentality or business conduit of another corporation or person,holding that the us attorneys office is the alter ego of the united states exercising its sovereign power of prosecution,holding that alter ego is shown from the total dealings of the corporation,holding an alter ego action could be brought by the debtor corporation under texas law,holding jurisdiction over an individual may not usually be predicated on jurisdiction over a corporation unless the corporation is the alter ego of the individual or when the individual perpetrates a fraud
281,"testimony, found thatthe agents were authorized to enter Defendant’s home in order to conduct a protective sweep incident to Defendant’s arrest because it was reasonable for them to ensure that no one was in the house before proceeding with the warrant. See State v. Trudelle, 2007-NMCA-066, ¶¶ 22-27, 142 N.M. 18, 162 P.3d 173 (discussing the law of protective sweeps and what is needed to justify a sweep pursuant to an arrest). We disagree. {14} We recognize that a protective sweep of a residence may be reasonable whether incident to an arrest taking place inside the residence or to an arrest taking place a short distance from the residence if a reasonably prudent officer would anticipate a threat to officer safety. See United States v. Colbert, 76 F.3d 773, 776-77 (6th Cir. 1996) (<HOLDING>); United States v. Henry, 48 F.3d 1282, 1284",238649,38553,4,case_hold_mc,holding that a controlled buy at a particular home provided probable cause for the search of that residence,holding that defendant was not in custody during search of his residence,holding that the search of purses could not be justified as a protective search for weapons when police had control of the purses,holding warrantless search of motel room after occupant was arrested outside room for drug possession could not be justified as search incident to arrest absent other exigent circumstances,recognizing that a protective search of a residence may be justified when the defendant is arrested outside of the home
282,"in keeping with the literal direction of the writ and order — not the mere fact of removal— that gives rise to Pahnke’s cause of action. We must therefore decide whether Pahnke’s immediate removal consistent with the express declaration of the writ and order is the kind of discretionary act that warrants the protection of official immunity. See Anderson, 678 N.W.2d at 656. A nondiscretionary, ministerial duty is one that is “absolute, certain, and imperative, involving merely the execution of a specific duty arising from fixed and designated facts.” Id. at 659 (quotation omitted). Minnesota appellate courts have recently applied the distinction between discretionary and ministerial duties to various law-enforcement actions. See, e.g., Mumm v. Mornson, 708 N.W.2d 475, 492 (Minn.2006) (<HOLDING>); Thompson, 707 N.W.2d at 675 (holding that",239502,38696,4,case_hold_mc,holding that police officers have no affirmative duty to search out favorable evidence for the defendant,holding that police officers have a duty to conduct an investigation into the basis of the witness report,holding that officers were entitled to qualified immunity where defendant officers could have reasonably believed that they were given sufficient third party consent to search,holding that police officers sued in their official capacity are not liable for a violation of a privacy interest where the police department did not have a policy of deliberately failing to train its officers with respect to the confidentiality of records,holding that policy requiring police officers to discontinue vehicular pursuit if they could establish offenders identity imposed a ministerial duty and that officers did not have discretion to ignore the policy
283,"the jury with explicit details of the contents of the video that the jury could use to assess the film's appeal to children's prurient interests, its offensiveness to community standards about what is appropriate for children and its lack of other value for 12- to 14-year-olds. The jury was able to make its own decision as to the credibility of the witnesses. Poellinger, 153 Wis. 2d at 506. ¶ 24. The United States Supreme Court, federal courts, and Wisconsin courts are uniform in concluding that questions of whether material appeals to prurient interests, satisfies community standards for potentially obscene material or has literary, artistic, political, scientific or educational value may be appropriately decided by a jury. See Paris Adult Theatre I v. Slaton, 413 U.S. 49, 56 (1973) (<HOLDING>); see also United States v. Wild, 422 F.2d 34",240357,38826,0,case_hold_mc,holding in an obscenity case it was not error to fail to require expert affirmative evidence that the materials were obscene,holding that disclosure of grand jury materials to parole commission was harmless error,recognizing that the need for the expert was so great that the decision to preclude the expert effectively amounted to dismissal of case,holding that expert testimony is unnecessary where the case is not a case in which lay jurors would be unable to grasp the issues without expert assistance,holding that using the opinions of an expert that were not testified to during trial which were irrelevant and solely used to destroy the credibility of the expert was not admissible
284,"only shortly after the events at issue here.”). 36 . In Daniels, an inmate brought a civil rights action to recover for injuries allegedly sustained when he slipped and fell on a pillow, left by a deputy sheriff, on the stairs of the jail where he was confined. 474 U.S. at 327, 106 S.Ct. 662. 37 . It bears noting that circuit courts are split to this day as to whether a showing of intentional interference with the familial relationship is required. Six circuit courts require a showing of intentional interference with the familial relationship, and either explicitly state or suggest that the intent requirement applies to parents’ relationships with both minor and adult children. See Chambers ex rel. Chambers v. Sch. Dist. of Phila. Bd. of Educ., 587 F.3d 176, 190-92 (3d Cir.2009) (<HOLDING>); Lowery v. Cnty. of Riley, 522 F.3d 1086, 1092",241215,38965,3,case_hold_mc,holding that defendants were entitled to qualified immunity for actions taken in 1983 as any right to familial association was not sufficiently clear such that the defendants reasonably could have understood they were violating it because njeither the supreme court nor this court has clearly held wrongful prosecution and incarceration of a family member violates a right to familial association,holding that expert report that sufficiently addressed certain claims against doctor employed by professional association was sufficient as to claims against professional association based on doctors negligence because the doctors negligence is imputed to the association under the professional association act,recognizing this rule,holding that only deliberate executive conduct gives rise to a familial association violation and explicitly noting that this rule applies to both minor and adult children,holding that fourteenth amendment only applies to state action
285,"guilty of the aggravated robbery committed on the dates alleged in the indictment. Appellant also admitted using a knife in all four of the aggravated robberies. He persisted in and adamantly stuck to his admission of guilt. Because appellant at the punishment phase of his trial clearly and unequivocally admitted he was guilty of each of the four aggravated robberies of which the jury found him guilty, he has waived any evidentiary errors which occurred during the guilt/innocence phase of his trial. McGlothlin, 896 S.W.2d at 186; DeGarmo, 691 S.W.2d at 661. Appellant’s error complained of in point of error number four is specifically waivable. Sims, 502 S.W.2d at 731; Creel v. State, 493 S.W.2d 814, 819 (Tex.Crim.App.1973); Sheridan v. State, 485 S.W.2d 920, 921 (Tex.Crim.App.1972) (<HOLDING>). Likewise, appellant’s complaints raised in",242070,39110,2,case_hold_mc,holding that testimony given by a defendant in support of a motion to suppress cannot be admitted as evidence of his guilt at trial,holding defendant waived right to challenge incourt identification when he admitted guilt at punishment phase of trial,holding defendant waived right to contest lawfulness of search on appeal after he had admitted guilt at punishment phase of trial,holding that a showing of actual prejudice was required where the defendant claimed that counsel was ineffective for conceding guilt at the guilt phase of a capital trial,holding evidence admissible in punishment phase of trial because evidence had bearing on appellants personal responsibility and moral guilt
286,"policy. See generally Rivero v. Rivero, 125 Nev. 410, 429, 216 P.3d 213, 226 (2009) (“Parties are free to contract, and the courts will enforce their contracts if they are not unconscionable, illegal, or in violation of public policy.”); State Farm Mut. Auto. Ins. Co. v. Fitts, 120 Nev. 707, 708, 99 P.3d 1160, 1161 (2004) (considering a certified question regarding the enforceability of a provision in an insurance policy that required an insured to arbitrate or file suit on a claim for uninsured or underinsured motorist coverage that was outside the statutorily proscribed statute of limitations, this court held that such a provision was “unenforceable and therefore void as against Nevada public policy”); State Farm Mut. Auto. Ins. v. Hinkel, 87 Nev. 478, 481, 488 P.2d 1151, 1153 (1971) (<HOLDING>); see also Fisher v. DCH Temecula Imports LLC,",242925,39243,4,case_hold_mc,holding evidence including that insurer only charged life insurance premium that would ordinarily apply to onehalf the amount of coverage actually permitted by policy as written did not warrant retroactive reformation of policy to reduce coverage amount because it did not demonstrate mistake on insureds part and insurance company did not present evidence on what parties agreed to before the policy was issued,holding that under georgia law a holder of a master insurance policy is an agent of the insurance company and not the insurer,holding that new yorks public policy does not bar insurance coverage for disparate impact employment discrimination but noting that the state of new york insurance department has stated that it is against public policy to provide insurance coverage for intentional acts of discrimination,holding named driver exclusion eliminating liability coverage as well as um coverage did not contravene um statute because statute required um coverage only if the claimant otherwise qualifies for liability coverage under the policy,holding that an insurance company may limit coverage only if the limitation does not contravene public policy
287,"Third, we agree with both the arbitrator and the district court that Polk and Standard Brands are distinguishable. Those cases involved only successorship provisions; here, we have an obligation that arose independently of a successorship clause and pursuant to a separate, specific contractual provision. Finally, we find no merit in Van Waters’ contention that a remedy which extends beyond the expiration date of a collective bargaining agreement is per se inappropriate. Indeed, in Enterprise Wheel, the Supreme Court reversed a court of appeals decision that vacated an arbitral award because the award extended beyond the expiration of the collective bargaining agreement. 363 U.S. at 599, 80 S.Ct. at 1362; see also ILWU Local 142 v. Land & Constr. Co., 498 F.2d 201, 204 (9th Cir.1974) (<HOLDING>). Indeed, the Supreme Court has emphasized the",243786,39383,2,case_hold_mc,holding that back pay awards are not excludable from gross income under 26 usc  104a2 1988 because the overwhelming weight of authority supports the view that an award of back pay under title vii does not constitute the legal remedy of damages,holding that back pay may be awarded to the date of judgment,holding that an arbitral award of back pay that continued beyond the expiration of the collective bargaining agreement was perfectly appropriate because the agreement contained no provision restricting back pay to the term of the agreement,holding that oral agreement made in connection with reinstatement should be treated as part of collective bargaining agreement,holding that an award of back pay is an issue for the court
288,"concur. SHAW, J., concurs in part and concurs in the result. MOORE, C.J., and MURDOCK, J., concur in the result. 1 . Some offenses are outside the Criminal Code, such as drug offenses, which are governed by the Alabama Uniform Controlled Substances Act, § 20-2-1 et seq., Ala.Code 1975. 2 . The plain meaning of ""capital” is the possibility of the death penalty. ""Capital” is defined in Black's Law Dictionary as ”[p]un-ishable by execution; involving the death penalty.” Black's Law Dictionary 236 (9th ed. 2011). 3 . The Supreme Court stated that it believed ""appropriate occasions for sentencing juveniles to the harshest penalty will be uncommon.” 567 U.S. at-, 132 S.Ct. at 2455. 4 . Other jurisdictions have addressed Miller. See, e.g., Ortiz v. State, 119 So.3d 494 (Fla.Dist.Ct.App.2013)(<HOLDING>); People v. Banks, [No. 08CA0105, September 27,",244644,39517,0,case_hold_mc,holding that minor defendant was not entitled to a writ of prohibition directing the trial court to dismiss his capitalmurder indictments where he argued that only statutorily authorized sentences of death and life imprisonment without parole had been declared unconstitutional but the florida courts had established a valid sentencing option under miller,holding that sentence was erroneous but not void where sentence of life imprisonment without parole was imposed for first degree murder under unconstitutional penalty statute,holding that because minor defendant was mandatorily sentenced to life imprisonment without parole and because his case was still pending on direct appeal when miller was released the minor defendant was entitled to a new sentencing hearing,holding sentences of life without parole unique in their severity,recognizing that njeither graham nor miller explicitly  apply to the functional equivalent of life without parole ie de facto life sentences
289,"proportion to the plaintiffs operations that the loss of the amount of money involved would ... cause extreme hardship to the business, or even threaten destruction of the business”). In the instant case, although the plaintiff has indicated that sales of Prograf® account for a sizable percentage of its U.S. revenues, Pl.’s Mot. at 26, it has failed to demonstrate how the introduction of generic tacrolimus would cause extreme hardship to the business or threaten its very existence, see Gulf Oil, 514 F.Supp. at 1026. The plaintiff has not indicated to what extent it predicts its revenues will decline following the introduction of generic tacrolimus or how such a decline would affect its overall business operations. See Mead Johnson Pharm. Group v. Bowen, 655 F.Supp. 53, 56 (D.D.C.1986) (<HOLDING>); see also Mylan Pharm,., 81 F.Supp.2d at 42-43",245504,39654,2,case_hold_mc,holding that the district court erred when it failed to consider the presumption of irreparable harm,holding that a movant for a preliminary injunction must first demonstrate that it is likely to suffer irreparable harm in the absence of the requested relief,holding that a drug manufacturer failed to demonstrate irreparable harm because its claim that it will suffer a loss of sales should an anda be approved and drug product marketed before this case is disposed of on the merits is pure speculation as it had failed to provide any proof of economic loss and merely states that it would probably lose 20 to 30 percent of its market during the first year,holding that the plaintiff failed to establish irreparable harm because there is nothing before the court which would lead it to conclude that the competing drug will cause any harmful health effects,holding that proof of loss is not evidence of extent of loss and insured is not precluded from showing his damages were greater than shown in proof of loss
290,"is in the child's best interest; (h) that, after ... the child was returned to live in the child's own home, the parent ... refused or failed to give the child proper parental care and protection; or (i) the terms and conditions of safe relinguishment of a newborn child have been complied with.... Id. § 78A-6-507(1)(a)-@). 12 . Id. § 78A-6-507(1)(a). 13 . Id. § 78A-6-50700(00). 14 . See id. § 78A-6-506(3) (""[The welfare and best interest of the child {is] of paramount importance in determining whether termination of parental rights shall be ordered.""); see also State ex rel. A.C.M., 2009 UT 30, ¶ 23, 221 P.3d 185 (stating that a best interest analysis is the second step in terminating parental rights). 15 . Uraw Cope Amn. § 78A-6-509(1)(a) (Supp. 2011). 16 . See id. § 78A-6-509(1) (<HOLDING>). 17 . See Urax Copp Ann. § 78A-6-507(1)(a)",246365,39792,2,case_hold_mc,recognizing this substantial interest in context of termination of parental rights,holding that the district court should consider the totality of the circumstances in determining whether the patentee acted in subjective bad faith and should consider whether circumstantial evidence would support an inference of bad faith,recognizing that a court is not limited in what it may consider in determining whether parental rights should be terminated,holding that due process allows parental rights to be terminated only upon clear and convincing evidence of unfitness,holding the parental rights of a child may not be terminated unless that parent has been represented by counsel at every critical stage of the proceedings
291,"the judicial proceedings were effected by the district court’s ruling. Instead, Miller argues that the district court was obligated to award nominal damages, régardless of the timeliness of the request, once the jury found that Albright and Cobb violated his constitutional rights. In support of his position, Miller cites Carey v. Piphus, 435 U.S. 247, 266, 98 S.Ct. 1042, 55 L.Ed.2d 252 (1978) (“[T]he denial of procedural due process is actionable for nominal damages without proof of actual injury.”); Farrar v. Hobby, 506 U.S. 103, 112, 113 S.Ct. 566, 121 L.Ed.2d 494 (1992) (“[A] court [must] award nominal damages when a plaintiff establishes a violation of his right to procedural due process but cannot prove actual injury.”); and Risdal v. Halford, 209 F.3d 1071, 1072-73 (8th Cir.2000) (<HOLDING>). These cases, however, do not address whether",247218,39939,4,case_hold_mc,holding that plaintiff waived the right to nominal damages in an excessive force case because nominal damages were not requested until after the verdict,holding that the right to nominal damages was waived in a breach of duty action when plaintiff failed to raise the issue of nominal damages until after the verdict,holding that nominal damages award was appropriate where the evidence supporting the damages was speculative,holding that when a jury finds section 1988 liability but fails to award damages nominal damages are available to plaintiff,holding that the first amendment right to free speech is absolute and an award of nominal damages is required even if the defendant fails to object to the nominal damages instruction
292,"though it may be more expedient for the legislature to redraft the statute in its entirety. See Hill, 202 Ill. 2d at 156; McDougall, 389 Ill. at 155. Defendant further contends that the decision by another division of this appellate district in In re E.H., 355 Ill. App. 3d 564 (2005), which he claims held section 115 — 10 to be facially unconstitutional en toto, is “controlling.” We begin by initially noting that defendant misstates the effect that the decision of one appellate court panel has upon the subsequent considerations of another. We are not bound by the decisions of the other divisions of this district so that even if E.H. held as defendant claims, it would not be “controlling” over our analysis. Muller v. Health & Hospital Governing Comm’n, 106 Ill. App. 3d 383, 386 (1982) (<HOLDING>), rev’d on other grounds, 93 Ill. 2d 543 (1983)",248079,40075,3,case_hold_mc,holding res judicata applied to improper property division before holding parties were bound by their division agreement,holding that appellate court is not bound by the agencys interpretation of a statute or its determination of a strictly legal issue,holding that the attorney generals decision not to provide representation to an employee is reviewable by the appellate division not by the law division where the actions against the employee are pending,holding itself not bound by the opinion of another division of its own appellate district,holding that this court is not bound by decisions of the appellate division or the third circuit even where those decisions concern the same parties and legal issues
293,"beneficiaries, he is not afforded the personal right of self-representation. Secondly, the Texas Legislature has defined the practice of law to include, among other things, “the preparation of pleadings or other documents incident to an action or special proceeding or the management of the action or proceeding on behalf of a client before a judge in court....” Consistent with that legislative mandate, Relator’s appearance in the trial court in his capacity as trustee falls within this definition of the “practice of law.” Accordingly, if a non-attorney trustee appears in court on behalf of the trust, he or she necessarily represents the interests of others, which amounts to the unauthorized practice of law. See Ziegler v. Nickel, 64 Cal.App.4th 545, 549, 75 Cal.Rptr.2d 312 (1998) (<HOLDING>). Therefore, we conclude the trial court did",248939,40223,2,case_hold_mc,holding that the unauthorized practice of law constitutes violation of code,holding that creditors of a trust beneficiary were prohibited from intervening in an action involving a dispute between the trustee and a beneficiary concerning distribution of the trust corpus,holding that a nonattorney trustee who represents the trust in court is representing and affecting the interest of the beneficiary and is thus engaged in the unauthorized practice of law,holding that the beneficiary of a trust was not the real party in interest regarding rights owned by the trust,holding that under the supremacy clause a state court could not enforce a prohibition on the unauthorized practice of law against an individual who was permitted to practice law under the rules of a federal court located in the states jurisdiction
294,"644, 646 (Fed.Cir.1994). However, “[mjany, if not most, suits for patent infringement give rise to numerous and complex fact issues, rendering those suits inappropriate for summary disposition.” Union Carbide Corp. v. Am. Can Co., 724 F.2d 1567, 1571 (Fed.Cir.1984). An issue of material fact is genuine “if the evidence is such that a reasonable jury could return a verdict for the nonmoving party.” See Anderson v. Liberty Lobby, Inc., 477 U.S. 242, 248, 106 S.Ct. 2505, 91 L.Ed.2d 202 (1986). Where the party opposing summary judgment raises a genuine issue of material fact by proffering expert testimony in conflict with the positions of the moving party, summary judgment is properly denied. See, e.g., Metro. Life Ins. Co. v. Bancorp Serv., L.L.C., 527 F.3d 1330, 1338-39 (Fed.Cir.2008) (<HOLDING>). In determining whether summary judgment is",249791,40356,2,case_hold_mc,holding that when a plaintiff seeking an injunction raises a genuine issue of fact material to the defendant governments claim regarding its justification for a policy summary judgment is inappropriate,holding that the original pto declarations create a genuine issue of material fact,holding the conflict in expert declarations created a genuine issue of materi al fact that made summary judgment inappropriate,holding that there was a genuine issue of material fact precluding summary judgment,holding summary judgment inappropriate to resolve an essentially procedural conflict
295,"obligations, the United States government must conform its conduct to constitutional requirements. Grin v. Shine, 187 U.S. 181, 184, 23 S.Ct. 98, 100, 47 L.Ed. 130 (1902). See In re Burt, 737 F.2d 1477, 1485 (7th Cir.1984) (“when the conduct of the United States government is challenged, such conduct must be assessed in light of the Constitution”); Plaster v. United States, 720 F.2d 340, 348 (4th Cir.1983). Where an extradition court finds that extradition would violate the relator’s constitutional rights, the Executive branch may not extradite him. In re Burt, supra, 737 F.2d at 1484; Plaster v. United States, supra, 720 F.2d at 349. See also In re Extradition of Mahmoud Abed Atta, 1988 WL 66866 (E.D.N.Y. June 17, 1988) (unreported slip op.) (available on Westlaw, federal database) (<HOLDING>). However, an American court may not deny",250647,40490,3,case_hold_mc,holding that juveniles may waive constitutional rights,recognizing defendants state and federal constitutional rights to testify,holding in the private sector context that flsa rights cannot be abridged by contract or otherwise waived  and stating that in any event congressionally granted flsa rights take precedence over conflicting provisions in a collectively bargained compensation arrangement,holding that constitutional rights in extradition take precedence over treaty terms,recognizing the right to trial by jury is a constitutional right to be given the same protections as other constitutional rights
296,"regarding compensation and reasons for discipline, outline the company’s retirement plan, and contain other sections of information and advice. The evidence is sufficient to support the finding that Hartbarger received the yellow handbook and not the red handbook that contains a disclaimer stating that: “The policies in this book are subject to change____ They are not conditions of employment, and the language is not to be construed as a contract between [Paxton] and [its] employees. Employment is terminable at the will of either the employee or the Paxton division for which he or she works.” For purposes of this appeal, we will accept the finding that only the yellow handbook affected the employment relationship between the parties. Cf. McGinnis, 110 N.M. at 4-5, 791 P.2d at 455-56 (<HOLDING>). Page 10 of the yellow handbook is labeled",251500,40627,3,case_hold_mc,holding that when terminating nonprobationary employee employer is bound by policies established in personnel policy guide that control the employeremployee relationship,holding that an employee could not be bound to an arbitration agreement that had been mailed to him by his employer acceptance of which was indicated by employees continued tenure with the company where there was no evidence in the record that the employee had received read or understood the document,holding that notwithstanding fact that employer brought suit in its own name pursuant to ocga  349111 c only for the liquidated amount that had been paid to the employee in workers compensation benefits after employee failed to file his own tort action within one year of injury employee was not precluded from bringing his own separate action to recover for personal injuries and loss of consortium but noting that employee received notice of employers suit only after filing his own action suggesting that court in which employers action was pending had wrongly denied the employees motion to intervene to which motion employer had objected noting that if employee had not moved to intervene in other action employees separate action would have been barred by laches and holding that thirdparty tortfeasor could move for mandatory joinder of the employer in the employees action,holding handbook binding on employment relationship where employee had not been issued a copy but employee helped draft the guide a copy was available in the department where she worked employees could review guide on request and it was published to employees in sense of having been made generally known to them and proclaimed officially by employer,holding employee could proceed against employer in action for fraudulent misrepresentation where employees complaint alleged inter alia employee was regularly exposed to lead fumes and dust at place of employment employer tested employees blood to monitor lead levels employer willfully and intentionally withheld employees test results which showed employee had developed leadrelated diseases and employer subsequently altered those results to induce employee to continue working for employer employee further alleged employers concealment of employees condition prevented employee from reducing his exposure to lead and obstructed him from receiving appropriate medical treatment and that delay in treatment resulted in aggravation of employees injury
297,"Granite thus assumed ""an advocacy role"" ""almost akin to Granite entering a general appearance for the trial court."" This ""desperate act,"" they contend, ""constitutes nothing but a transparent effort to curry favor with the trial court."" Granite's filing, they conclude, ""has denied [the Spaffords] any meaningful opportunity to try their case, upon remand, before an impartial and disinterested tribunal within the meaning of the Fourteenth Amendment."" A due process challenge is a question of law, which we review for correctness. See Chen v. Stewart, 2004 UT 82, ¶ 25, 100 P.3d 1177. 1 36 To begin with, this case presents nothing remotely approaching a violation of the Due Process Clause. Cf. Caperton v. A.T. Massey Coal Co., 556 U.S. 868, 129 S.Ct. 2252, 2256-57, 178 L.Ed.2d 1208 (2009) (<HOLDING>). But see id. at 2272-74 (Roberts, C.J.,",252355,40764,3,case_hold_mc,holding that trial court was required to give full effect to supreme courts judgment and that by failing to do so the trial court abused its discretion,holding that no federal court other than the supreme court may entertain a proceeding to reverse or modify a judgment of a state court,holding that district court opinion which cites controlling authority that is pending review in florida supreme court allows supreme court to exercise jurisdiction,holding that due process required disqualification of a state supreme court justice from an appeal where the appellants chairman and president contributed 8 million to that supreme court justices election campaign after a 50 million verdiet was entered in the trial court,holding that the question of recusal of a supreme court justice is to be left to the individual justice
298,"found it “difficult to maintain on a priori grounds that sex is physically dangerous” to every potential victim under the statute. Id. at 299. The First Circuit examined a similar statute-punishing a person over the age of 18 who engages in sexual intercourse with a person between 14 and 16-in United States v. Sacko, 178 F.3d 1 (1st Cir.1999). The court determined that statutory rape crimes fall within the exception to the categorical approach because they “cover[ ] conduct both inside and outside the ‘violent felony’ sphere.” Id. at 4-5. We agree with the First and the Seventh Circuits that statutory rape statutes that include more mature victims and do not contain aggravating factors are not subject to the strict categorical approach articulated in Taylor. See Seaton, 45 F.3d at 111 (<HOLDING>). Thus, this case should be remanded for the",253206,40901,2,case_hold_mc,holding the crime of conspiracy is committed or not before the substantive crime begins,holding that a court must only look to the statutory definition not the underlying circumstances of the crime to determine whether a given offense is by its nature a crime of violence for purposes of 18 usc  16,holding that if a crime is broadly defined the court can look beyond the elements of the crime,holding that once the statute is found to be divisible the court must look to the charging papers and judgment of conviction to determine if the actual crime of which defendant was convicted was a crime of violence but emphasizing that the court is not to examine the particular facts underlying the conviction,holding that conviction of a crime requires proof beyond a reasonable doubt of every fact necessary to constitute the crime
299,"¶84 Nonetheless, for reasons hereinafter discussed, I firmly believe that, independent of any federal jurisprudence, federal constitutional authority, the common law, or other authority, the foundation for private causes of action for damages for constitutional violations is found in the language of Montana’s 1972 Constitution and in the proceedings of the Constitutional Convention. I suggest that it is important to acknowledge this principle, because the greater guarantees of individual rights afforded by Montana’s Constitution may be neither bounded nor frustrated by federal court decisions which, with seeming increasing frequency, are weakening similar protections of the federal constitution. See Trankel v. Department of Military Affairs (1997), 282 Mont. 348, 362, 938 P.2d 614, 623 (<HOLDING>). ¶85 Moreover, Montana’s Constitution",254064,41042,2,case_hold_mc,holding that in the event that parties are from different states and the subject matter is national in scope and where the contract states it shall be deemed to be made under the laws of the state of new york and for all purposes construed in accordance with laws of said state new york law applies as the parties choice of law,holding a plaintiff must allege the violation of a right secured by the constitution and laws of the united states to state a claim under  1983,holding that the sentence in article ii section 16 constitution of montana that guarantees an employee the right of full legal redress against third parties is mandatory and self executing and leaves no room for erosion based on what federal courts or the courts of other states would do pursuant to federal laws or the laws of other states,holding that because the due process clause in the federal constitution is applicable to the states under the fourteenth amendment the right is also guaranteed to defendants pursuant to the identical provision in article i section 5 of the hawaii constitution,holding that our courts are bound by the united states supreme courts interpretation of the federal constitution
300,"only as part of the presentations to a group, or whether appellees had any conversations with Hoagland, and, if so, the content of those conversations. Appellees merely stated they did not make misrepresentations to Hoagland in Texas regarding the business transaction made the basis of the captioned case. We conclude these statements are unsupported factual and legal conclusions. See Ennis, 164 S.W.3d at 703-04 (affirming trial court’s exclusion of nonresident’s statements that he did not have a substantial connection with Texas, plaintiffs’ claims did not result from and were not related to any of affiant’s activities in Texas, affiant did not have any continuing or systematic contacts with Texas, and affiant did not commit any tort in Texas); see also Wright, 137 S.W.3d at 250 n. 8 (<HOLDING>). Kassoffs affidavit is similarly concluso-ry.",254917,41161,4,case_hold_mc,holding plaintiffs allegation that defendants committed torts in texas was sufficient to bring defendants under the longarm statute,holding that where the entity was incorporated in texas and the shareholders reside in texas and the bankruptcy case is pending in texas texas law  not arizona law  should be applied,holding plaintiffs allegation that defendants committed torts in houston texas was sufficient to bring defendants under the longarm statute for plaintiffs claims of various forms of fraud and negligent misrepresentation,recognizing strong interest in protecting texas citizens where tort was committed in whole or in part in texas,holding nonresidents statement that he had committed no torts in texas was properly excluded as conclusory
301,"petition if this Court eventually affirmed the grant of visitation rights to Vest, I find the quoted passage to be possible support for granting Vest visitation rights, rather than for denying them. 2 . My preference would be to remand to the children’s court for further findings on the issue of visitation. See State ex rel. Human Servs. Dep't v. Coleman, 104 N.M. 500, 505, 723 P.2d 971, 976 (Ct.App.1986). As already noted, the children’s court's inquiry into this issue was too limited in scope. Additionally, there has been a significant lapse of time since the children’s court’s determination. This appellate delay may have had a crucial effect on the issues before the children’s court. See generally State ex rel. Juvenile Dep’t v. Geist, 310 Or. 176, 796 P.2d 1193, 1200-01 (1990) (<HOLDING>). Because the paramount concern here is the",255776,41295,3,case_hold_mc,recognizing that the department is required to present clear and convincing evidence to support termination of a parents parental rights,holding parental rights are constitutionally protected fundamental interest,recognizing this substantial interest in context of termination of parental rights,recognizing that protracted litigation regarding parental rights is detrimental to children,holding that evidence did not support termination of parental rights to two children despite mothers prior conviction for killing her stepchild
302,"among the nation’s veterans is not uncommon. VA statistics show that, as of January 2011, “there were 67,495 homeless Veterans[, a]nd an estimated 144,842 Veterans spent at least one night in an emergency shelter or transitional housing program in a recent year.” http:// www.va.gov/HOMELESS/about_the_ initiative.asp (last visited Jan. 3, 2013). The Secretary asserts that it is due to the pervasive nature of the problem that he concedes that homelessness may be an extraordinary circumstance warranting equitable tolling. See Secretary’s Response at 2. Despite our recognition of the problem of homelessness among veterans, we are not bound by the Secretary’s concession when considering whether Ms. Checo’s homelessness is an extraordinary circumstance. See Bove, 25 Vet.App. at 140-41 (<HOLDING>); see also McCreary, 19 Vet.App. at 332",256629,41436,0,case_hold_mc,holding that the 120day judicial appeal period is not subject to waiver or forfeiture by the secretary,holding that issue of whether the 120day judicialappeal period prescribed by 38 usc  7266a for seeking judicial review of a board decision is subject to equitable tolling is a legal question,holding that a failure to file an appeal is within the scope of the waiver because the failure does not undermine the validity of the plea or waiver,holding that the right to support is not subject to waiver by either parent,holding that due process right to present a defense is subject to forfeiture if not properly asserted in the trial court
303,"from New York’s surcharge program and was not preempted. The prevailing wage law merely “alters the incentives, but does not dictate the choices, facing ERISA plans,” Id. at 334, 117 S.Ct. 832, and thus is “no different from myriad state laws in areas traditionally subject to local regulation, which Congress could not possibly have intended to eliminate.” Travelers, 514 U.S. at 668, 115 S.Ct. 1671. More recently, in De 6th Cir.1995) (ERISA preempted claim for the refusal to authorize inpatient treatment for a mental health patient); Kuhl v. Lincoln National Health Plan of Kansas City, Inc., 999 F.2d 298 (8th Cir.1993) (ERISA preempts malpractice claim against an HMO for denying precertification for heart surgery); Spain v. Aetna Life Ins. Co., 11 F.3d 129 (9th Cir.1993) (<HOLDING>); Corcoran v. United Healthcare, Inc., 965 F.2d",257476,41561,2,case_hold_mc,holding that federal common law of erisa preempts state law in the interpretation of erisa benefit plans,holding that plaintiffs failure to prove decedents death was caused by the wrongful acts of the defendant precludes any recovery of wrongful death damages under mississippis wrongful death statute,holding that erisa preempts wrongful death and state common law actions when plaintiff asserts insurers delay in authorization of procedure caused the patients death,holding unconstitutional a state wrongful death statute which denied illegitimate children the right to recover for the wrongful death of their mother,recognizing cause of action for wrongful death
304,"trial court as a prerequisite to appellate review are rooted in the well-established principle that appellate courts are courts of review, and that trial judges should be given an opportunity to correct any errors occurring in trial proceedings before complaint is taken to a higher court. Application of those rules makes perfect sense in normal instances of trial error; however, the instant issue presents a rare example of an issue where fundamental fairness requires an exception to the rule. The view that a defendant’s failure to object to denial of the right against self-incrimination does not necessarily constitute a waiver of the right to assert such error on appeal was supported inferentially in O’Connor v. Ohio, 385 U.S. 92, 93, 87 S.Ct. 252, 253-54, 17 L.Ed.2d 189, 191 (1966) (<HOLDING>), and expressly in Walker v. United States, 404",258322,41695,4,case_hold_mc,holding that the drug tax violated the privilege against selfincrimination,holding that waiver of privilege against selfincrimination is proceeding specific,holding that the eleventh amendment does not bar the united states from asserting an indemnity claim against a state,recognizing commonlaw privilege against selfincrimination,holding state procedural rule requiring trial objections could not bar an appellant from asserting a violation of his constitutional privilege against selfincrimination
305,"A.2d 22, 25 (1984). Accordingly, “the privilege extends not only to communications made in open court, but also encompasses pleadings and even less formal communications such as preliminary conferences and correspondence between counsel in furtherance of a client’s interest.” Pawlowski v. Smorto, 403 Pa.Super. 71, 588 A.2d 36, 41 (1991) (citations omitted). In fact, the absolute privilege has been extended to statements made by private parties to law enforcement officials for the purpose of initiating the prosecution of criminal charges, see id. at 42, as well as to statements made to mental health officials for the purpose of initiating involuntary commitment proceedings, Marino v. Fava, 915 A.2d 121, 124 (Pa. Super. 2006). Cf. Schanne v. Addis, 632 Pa. 545, 121 A.3d 942, 952 (2015) (<HOLDING>) (footnote omitted; emphasis added). Our",259181,41834,2,case_hold_mc,holding that a notice of appeal filed in an adversary proceeding could not appeal the main proceeding,holding that the special relationship exception does not apply to the relationship between a student and a school,holding that the judicial privilege does not apply to an allegation concerning a school teacher made by an adult former student before commencement of any quasijudicial proceeding and without an intent that it lead to a quasijudicial proceeding,holding that a statutory basis is necessary for an administrative body to initiate reconsideration of its prior final quasijudicial decisions,holding that a workers compensation proceeding is a legal proceeding
306,"§ 158 cmt. m (“An unprivileged remaining on land in another’s possession is a continuing trespass for the entire time during which the actor wrongfully remains.”). The continuing presence of MCI’s fiber optic cables on Browning’s land therefore could give rise to a claim of continuing trespass, assuming that the original installation of the cables was tor-tious (which MCI denies). Nevertheless, even assuming that MCI committed a continuing trespass, any such claim was discharged by confirmation of MCI’s plan of reorganization, due to the expansive scope of the Bankruptcy Code’s definition of “claim” and Browning’s failure to allege any relevant post-confirmation conduct or unforeseeable damages. It is well-established under Kansas law Co., 64 Kan. 403, 403, 67 P. 831, 833 (Kan.1902) (<HOLDING>). Whether Browning would have been required",260034,41965,2,case_hold_mc,recognizing fundamental principle that utility rates are set for the future and not the past,recognizing that when a defendants negligence causes bodily injury the plaintiff can recover damages for past present and future medical expenses bodily injury and emotional distress,holding plaintiff must move before public interests are involved to bring suit for ejectment but allowing single action for past present and future damages,holding that prejudgment interest may properly be added to damage awards for past lost wages medical expenses that have been incurred and past pain and suffering but not future loss of earnings future medical expenses andor future pain and suffering,holding that debtor was liable to the commonwealth for past and future cleanup costs
307,"three additional bases for equitably tolling § 2244(d)’s one-year limitation period: (1) ""his lack of access to legal resources,” (2) ""his lack of legal knowledge,” and (3) his ""medical disability” (depression). R. at 64. In his filings with this court, however, Mr. Sandoval does not renew these claims. Instead, he simply states that he ""explained the circumstances beyond [his] control” during ""habeas review.” Aplt. Opening Br. for Appl. for COA at 2. Insofar as this could be read as an attempt to incorporate the three arguments by reference, this practice is generally disfavored in this circuit. See 10th Cir. R. 28.4 (“Incorporating by reference portions of lower court or agency briefs or pleadings is disapproved.”); see also Wardell v. Duncan, 470 F.3d 954, 963-64 (10th Cir.2006) (<HOLDING>); Gaines-Tabb v. ICI Explosives, USA, Inc., 160",260889,42094,2,case_hold_mc,holding that a defendant proceeding pro se is bound by same rules as party represented by counsel and a court cannot allow pro se litigant lower standard of performance,holding that courts must construe pro se filings liberally,holding that the appellant could not incorporate district court filings into his appellate brief by reference and that his pro se status did not except him from such established rules,holding that nonlawyer proceeding pro se could not represent his children,holding that although pro se briefs are liberally construed even pro se litigants must brief arguments in order to preserve them
308,"offense, and the defendant has at least two prior felony convictions for crimes of violence or controlled substance offenses. Defendant argues that the Career Offend er Guideline should not have been applied to him, because the instant offense was not a crime of violence. We review de novo the district court’s interpretation and application of the Sentencing Guidelines. United States v. Nielsen, 371 F.3d 574, 582 (9th Cir.2004). Defendant is correct with respect to the counts of being a felon in possession of a firearm in violation of 18 U.S.C. § 922(g)(1). “‘Crime of violence’ does not include the offense of unlawful possession of a firearm by a felon.... ” U.S.S.G. § 4B1.2 cmt. n. 1; see also Stinson v. United States, 508 U.S. 36, 45-47, 113 S.Ct. 1913, 123 L.Ed.2d 598 (1993) (<HOLDING>). However, Defendant is incorrect with respect",261747,42229,4,case_hold_mc,holding that commentary in the guidelines manual that interprets or explains a guideline is authoritative unless it violates the constitution or a federal statute or is inconsistent with or a plainly erroneous reading of that guideline,holding a sentence is not based on the guidelines unless the plea agreement itself expressly uses a guidelines sentencing range to establish the term of imprisonment,recognizing the guidelines commentary is authoritative,holding that commentary in sentencing guidelines that interprets or explains a guideline is authoritative unless it violates the constitution or a federal statute or unless it is plainly erroneous or inconsistent with the guideline it interprets,holding that sentencing guidelines commentary must be given controlling weight unless it violates the constitution or a federal statute or is plainly inconsistent with the guidelines itself
309,"to adjudicate Mr. DeBatto’s claims. Compl. ¶¶ 2, 4. The government initially contested this court’s jurisdiction over those claims, Def.’s Mot. at 7, referring to plaintiffs failure to cite the fact that his claims for disability retirement benefits fall within the ambit of 10 U.S.C. § 1201. Section 1201 provides that if the Secretary concludes that a service member is “unfit to perform the duties of the member’s office, grade, rank, or rating because of physical disability incurred while entitled to basic pay ... the Secretary may retire the member.” 10 U.S.C. § 1201(a). The Federal Circuit has repeatedly held that Section 1201 is money-mandating. See Chambers, 417 F.3d at 1223-24 (citing Fisher, 402 F.3d at 1174-75); Sawyer v. United States, 930 F.2d 1577, 1580 (Fed.Cir.1991) (<HOLDING>). Based upon Section 1201, Mr. DeBatto can",262600,42370,4,case_hold_mc,recognizing that although provision of municipal service is not fundamental right inequitable provision of that service is subject to equal protection analysis,holding that an attempted service on the partys counsel was insufficient without proof of the counsels actual authority to receive service,holding that fdcpa statutory damages did not predominate over the requested equitable relief because given the defendants net worth and the number of class members each class member would be entitled to receive only 025 in statutory damages,holding because legislature knew how to include terms within statutory definition and did not do so statutory definition did not include terms in light of the terms contemporaneous inclusion of the same terms in a separate provision,holding that section 1201 is moneymandating and that when the terms of the statutory provision are met the service member is entitled to receive compensation
310,"loss as of that date. Blackmon further argues that the net operating loss of $5,657,287 in 1999 was not indicative of the loss Nexity might incur in the future because he understood from one and omissions regarding Nexity’s financial performance in the year 2000 were immaterial as a matter of law. ii. June 15, 2000, Closing Blackmon argues that the Nexity defendants misrepresented the closing date of the offering as June 15, 2000, because Nexity actually allowed investors to purchase stock even after August 2000. Blackmon bases this argument on the new factual allegation in the stricken amended complaint. Because we hold that the amended complaint was properly disallowed, the trial court was correct in not addressing this argument. See Kaplan v. Rose, 49 F.3d 1363, 1370 (9th Cir.1994)(<HOLDING>). Therefore, we do not consider this argument.",263449,42505,1,case_hold_mc,holding that underlying complaints filed by several plaintiffs all contained express allegations of property damage and that because all complaints arose from the same set of circumstances the allegations in any single complaint can be inferred in the other complaints,holding that the trial court properly refused to consider allegations in the disallowed amended complaints,holding that the trial court properly struck the amended complaint when the plaintiff offered no reason to refute the trial courts finding that the new allegations in the amended complaint were based on facts the plaintiff had known since the beginning of the action,holding leave to amend was properly denied where the relator had previously filed two amended complaints,holding that the trial court properly refused defendants instruction because it invaded the province of the jury
311,"substantially outweighed by the dangers listed in Rule 403. Rule 404(c)(l)(C)-(D); State v. Aguilar, 209 Ariz. 40, 49 ¶ 30, 97 P.3d 865, 874 (2004). Benson argues the trial court erred by making this finding because the attack on Yolanda was dissimilar to and remote in time from the other crimes. See Rule 404(e)(l)(C)(i)-(ii) (listing dissimilarity and remoteness as factors to consider). ¶ 14 The trial court did not abuse its discretion. Although the attack on Yolanda differed in some ways from the attacks on the other victims (for example, it involved a second assailant and the use of a chemical to render her unconscious), the attacks did not have to precisely align for the evidence to be cross-admissible. See State v. Lehr (Lehr III), 227 Ariz. 140, 147 ¶ 21, 254 P.3d 379, 386 (2011) (<HOLDING>); see also Rule 404 emt. to 1997 amendment",264308,42642,3,case_hold_mc,holding that the fact of a prior conviction for sentencing purposes need not be proved to a jury or admitted by defendant to satisfy the sixth amendment,recognizing that jurors have the right to reject that part of the evidence believed by them to be untrue and to accept that found by them to be true,holding death sentence need not be pending in order for this court to engage in review of issues on appeal,holding that ajets need not be perfectly similar in order for evidence of them to be admitted under rule 404,holding that the 1979 policy interpretation need not be approved by the president in order to become effective as it is not a rule regulation or order
312,"township in the RLCWA’s district took on a different status simply by virtue of its annexation by another township in the RLCWA’s district. Second, the federal anti-curtailment statute specifically anticipates that a city will use its annexation of property located within the service area of a rural water association as a basis to provide service to that property, and expressly prohibits such provision of service while the water district is indebted to the federal government. See 7 U.S.C. § 1926(b). Third, case law shows that a municipality’s annexation of property located within a rural water association does not, of itself, remove it from the water district for § 1926(b) purposes. See, e.g., Glenpool Util. Serv. Auth. v. Creek County Rural Water Disk, 861 F.2d 1211 (10th Cir.1988) (<HOLDING>); Bell Arthur Water Corp. v. Greenville Util.",265165,42788,1,case_hold_mc,holding that article x  2 of the california constitution dictates the basic principles defining water rights that no one can have a protectible interest in the unreasonable use of water and that holders of water rights must use water reasonably and beneficially,holding that  1926b prohibited munici pality from using its annexation of territory within rural water district as springboard for providing its own water service to residents,holding municipal condemnation of water associations facilities and certificate violative of  1926b,holding substantial completion had occurred because water district took possession of all the lines filled them with water and began using them to serve the customers of the water district,holding that village could not condition provision of water services on annexation where prospective customer was within a rural water associations service area and the water association was federally indebted
313,"this Court will not second-guess the referee’s recommended discipline as long as it has a reasonable basis in existing case law and the Florida Standards for Imposing Lawyer Sanctions. See Fla. Bar v. Temmer, 753 So.2d 555, 558 (Fla.1999). The referee’s findings of fact demonstrate that Mirk misappropriated $31,487.50 in client funds held in his trust account. This Court has long held that attorney misconduct involving the misuse or misappropriation of client funds is unquestionably one of the most serious offenses a lawyer can commit. See Fla. Bar. v. Martinez-Genova, 959 So.2d 241, 246 (Fla.2007). Indeed, disbarment is presumed the appropriate discipline when an attorney engages in this type of misconduct. Id.; see also Fla. Bar v. Valentine-Miller, 974 So.2d 333, 338 (Fla.2008) (<HOLDING>). We have also emphasized that the presumption",266022,42924,0,case_hold_mc,holding that disbarment is the presumptively appropriate sanction under both the florida standards for imposing lawyer sanctions and case law when a lawyer misappropriates trust funds,holding that a finding of bad faith on the part of the offending lawyer is a prerequisite for imposing sanctions under 1927,holding that even where a client was more sophisticated in business matters than the lawyer himself the lawyer should have assumed the client was relying on the lawyer for the legal aspects of the loan from the client to the lawyer to the same extent that the client would rely on the lawyer for advice were the client making the loan to a third person,holding that disbarment was the appropriate sanction for an attorneys repeated material misrepresentations,holding that disbarment was the appropriate sanction where an attorney misappropriated funds from his real estate partners
314,"119 (1996); Morrison v. United States, 491 F.2d 344, 346 (8th Cir.1974) (officers are not required to “conduct a mini trial” before making an arrest). Probable cause is to be determined upon the objective facts available to the officers at the time of the arrest. See id. At the time of appellees’ arrest in this case, the officers had, at least, arguable probable cause to conclude that Smithson and his son Ryan had committed an assault. Even if this were a mistaken belief the officers would still be entitled to a qualified immunity defense. See Malley, 475 U.S. at 341, 106 S.Ct. at 1096. Accordingly, we conclude that Stanley and Aldrich are entitled to qualified immunity on appellees’ Fourth Amendment false arrest claim. See Hannah v. City of Overland, 795 F.2d 1385, 1389 (8th Cir.1986) (<HOLDING>). B. Due Process Appellants Stanley and Aldrich",266878,43056,3,case_hold_mc,holding that arrest made with probable cause and without excessive force does not give rise to iied claim,recognizing the defense of good faith and probable cause in  1983 case involving unconstitutional warrantless arrest,holding that in a  1983 action issue of probable cause is for the jury,recognizing that warrantless arrests with probable cause do not give rise to  1983 claims,holding  1983 action lies for warrantless arrest without probable cause
315,"Brown’s argument that she was speaking as a citizen is supported by the fact that ordinary citizens may similarly report public misconduct to the Auditors. See Conn. Gen. Stat. § 4-61dd (conferring right to file reports with Auditors on “any person”). The existence of a civilian analogue to Brown’s conduct strengthens her allegations that her speech was as a citizen and thus protected by the First Amendment. See Matthews I, 779 F.3d at 176. The instant case is not similar to other cases of its type that were dismissed at the motion to dismiss stage. In many of those cases, the plaintiff-employee had made an admission that the alleged speech was made, at least in part, pursuant to his or her official duties. See Matthews v. Lynch, 483 Fed.Appx. 624, 626 (2d Cir. 2012) (Matthews III) (<HOLDING>); Anemone, 629 F.3d at 116. Here, there is no",267740,43200,3,case_hold_mc,holding that rule was not violated where officer stated he made a report but was unable to find it because there was no report to tender to counsel,holding that a plaintiff did not complain to the eeoc pursuant to official duties but rather as a citizen,holding that pursuant to garcetti plaintiffs speech made in the course of his official duties was unprotected as a matter of law,holding that speech was pursuant to official duties because plaintiff conceded at oral argument that as an internal affairs officer he had a broad responsibility to investigate and report police misconduct,holding police officer is a public official
316,"denial of the conversation with Fultz appears for the first time in the form of an affidavit, completed one day before her response to Lockheed’s motion for summary judgment and four months after the deposition. In evaluating whether an employee has been disciplined or terminated “because of’ a protected trait, we must “look at the facts as. they appear to the person making the decision.” Kendrick, 220 F.3d at 1231; Bullington v. United Air Lines, Inc., 186 F.3d 1301, 1318 (10th Cir.1999) (noting that “[t]he relevant inquiry is not whether [the employer’s] proffered reasons were wise, fair or correct, but whether [the employer] honestly believed those reasons and acted in good faith upon those beliefs.”); see also McKnight v. Kimberly Clark Corp., 149 F.3d 1125, 1129 (10th Cir.1998) (<HOLDING>). Before issuing the reprimand, Dixon informed",268596,43347,0,case_hold_mc,holding that plaintiff failed to establish pretext where plaintiff was terminated after the employer conducted an investigation into a subordinates allegations of misconduct on the part of the plaintiff and believed the allegations to be true even though plaintiff presented evidence in the lawsuit that the allegations may have been false,holding that where the employer fired the plaintiff upon a good faith belief that he sexually harassed coworkers the plaintiff could not prove pretext by challenging the harassment allegations,holding that the district court did not err in finding that the plaintiff failed to provide adequate notice of new allegations where the plaintiffs complaint gave the defendants no notice of the specific factual allegations presented for the first time in the plaintiffs opposition to summary judgment,holding that a plaintiff failed to state a claim based on conclusory allegations that a locality failed to adequately supervise officers in the proper use of force where the complaint provided no factual allegations of known widespread conduct by the localitys employees comparable to that alleged as to the plaintiff,holding that evidence of other allegations of torture was inadmissible in part because it was not similar to the allegations made by defendant
317,"and tie up our water resources in this state to the detriment of our true appropriators. Hearing on S.B. 481 Before the House Agriculture Committee, 52d Gen. Assembly, 1st Reg.Sess. (hearing tape MIT-79 38A, May 7, 1979, at 10:15 a.m.). 9 . In Florence, we held that an applicant has the burden of proving by a preponderance of the evidence that the ""can and will"" statute has been satisfied. Florence, 688 P.2d at 718, 718 n. 7; accord In re Gibbs, 856 P.2d 798, 802-03 (Colo. 1993); FWS, 795 P.2d at 840-41; see Public Serv. Co. v. Board of Water Works, 831 P.2d 470,- 478 (Colo.1992); City of Thornton, v. City of Fort Collins, 830 P.2d 915, 926 (Colo. 1992); Fox v. Division Eng'r, 810 P.2d 644, 646 (Colo.1991). We have applied this requirement in several contexts. See FWS, 795 P.2d at 840 (<HOLDING>); Fox, 810 P.2d at 646 (holding that an",269454,43483,4,case_hold_mc,holding that unsuccessful job applicant for governmental employment had due process right to meaningful administrative appeal of rejection when regulations established right to such appeal,recognizing a right of access to civil proceedings,holding that an applicant who fails to satisfy the lower standard of proof for asylum necessarily fails to satisfy the more stringent standard for withholding of removal,holding that a plaintiff has no absolute unconditional right of access to the courts and no constitutional right of access to prosecute frivolous or malicious actions,holding that the applicant failed to satisfy the statute because the applicant did not have an ownership right or access right to the reservoir site
318,"506 F.3d 1211, 1237 (10th Cir.2007) (“[Defendant] has cited to no United States Supreme Court decisions, and our own independent research has failed to produce any, holding that a state court’s erroneous application of state criminal law can result in a violation of a criminal defendant’s equal protection rights.”), cert. denied, — U.S. -, 128 S.Ct. 2943, 171 L.Ed.2d 872 (2008). And any argument that the OCCA’s application of the Spuehler standard was an ex post facto violation, thereby implicating his due process rights, is unavailing. The decision in Easlick did not alter the definition of criminal conduct or change the punishment for any offenses. Thus, its application did not constitute an ex post facto violation. See Sallahdin v. Gibson, 275 F.3d 1211, 1228 (10th Cir.2002) (<HOLDING>). Second, Mr. Bates argues that the evidence",270307,43636,1,case_hold_mc,holding that the ex post facto clause  has no application to deportation,holding that application of a judicial decision was not an ex post facto violation when the decision did not redefine any crimes defenses or punishments,holding that state work release regulation was not an ex post facto law,holding that the supreme courts ex post facto precedents do not clearly establish that amended section 29336 violates the ex post facto clause,holding application of successor statute regarding registration of sexual predator was regulatory and not an ex post facto violation
319,"communications in those proceedings, free of the threat of legal actions predicated upon those communications, that is the heart of the rule. The nature of the underlying dispute simply does not matter.” Echevarria, 950 So.2d at 384. Because it is undisputed that the acts complained of here occurred during and were related to the judicial proceedings, we agree with the trial court that the litigation privilege applies to LatAm’s cause of action against Holland & Knight for abuse of process. See also Am. Nat’l Title & Escrow of Fla. v. Guarantee Title & Trust Co., 748 So.2d 1054, 1055 (Fla. 4th DCA 2000) (affirming the trial court’s order granting summary judgment in favor of the law firm in an action for abuse of process on the basis of a ., 935 So.2d 1266 (Fla. 4th DCA 2006) (<HOLDING>). The Florida Supreme Court has also",271158,43771,1,case_hold_mc,holding that the insurer had no duty to defend the insured because the allegations of the initial complaint did not allege facts which would bring the case within the coverage of the title insurance policy,holding that the litigation privilege did not prohibit the plaintiffs false imprisonment claim because the confinement did not occur during the course of the judicial proceedings nor in an effort to prosecute or defend the lawsuit,holding in the context of an attorney malpractice suit an insurance company is not vicariously liable for the acts of the attorney it selects to defend the insured while the insurer selected the attorney to defend the insureds and controlled the ultimate decision to settle or defend under the policy there is nothing in the record to indicate the insurer had any control over the details of the litigation as it was being conducted by the the attorney,holding that even though the offense was not of a sexual nature requiring the defendant to register as a sex offender following his conviction for false imprisonment of a minor was rationally related to the government interest in protecting the public and did not violate the defendants right to due process or equal protection under the law,holding that plaintiffs did not have standing because they did not sue the party with the clear ability to act
320,"is a word of command, and one which has always or which must be given a compulsory meaning; as denoting obligation. The word in ordinary usage means “must” and is inconsistent with a concept of discretion. Black’s Law Dictionary 1375 (6th ed.1990). The Supreme Court has also recognized that use of the word “shall” is “language of an ‘unmistakably mandatory character.’ ” Hewitt v. Helms, 459 U.S. 460, 471-72, 103 S.Ct. 864, 74 L.Ed.2d 675 (1983). See United States v. Monsanto, 491 U.S. 600, 607, 109 S.Ct. 2657, 105 L.Ed.2d 512 (1989) (“Congress could not have chosen stronger words[, that is, ‘shall order,’] to express its intent that forfeiture be mandatory in cases where the statute applied....”); Puerto Rico v. Branstad, 483 U.S. 219, 223-27, 107 S.Ct. 2802, 97 L.Ed.2d 187 (1987) (<HOLDING>); Board of Pardons v. Allen, 482 U.S. 369, 377,",271999,43916,0,case_hold_mc,holding that the use of the word shall in the extradition clause and the extradition act creates a mandatory duty,holding the word individuals is not the equivalent of the dictionary acts use of the word persons,holding that the word may in the declaratory judgment act does not mean shall ,holding that the use of the word shall in  1285a of subchapter ii of the act imposes a mandatory duty on the administrator to allot all the amounts authorized to be appropriated,holding that a states use of the word shall is mandatory language
321,"clause is limited to legal impossibility because “Florida law construes force majeure clauses to exclude only those delays that are excusable under the doctrine of impossibility.” To support that contention, Paradigm cites Florida Power Corp. v. City of Tallahassee, 154 Fla. 638, 18 So.2d 671, 675 (1944), but that decision does not shoulder the proposition. In Florida Power the delay was caused by a hurricane — an act of God. Id. The court was concerned with only that kind of delay. That does not mean the court was narrowing the force majeure clause at issue (and all force majeure clauses in all Florida contracts) to cover only acts of God. It appears to us that force majeure clauses broader than the scope of impossibility are enforceable under Florida law. See Devco, 518 So.2d at 923 (<HOLDING>); St. Joe Paper Co. v. State Dep’t of Envtl.",272856,44059,4,case_hold_mc,holding that inquiry as to whether officers are entitled to qualified immunity for use of excessive force is distinct from inquiry on the merits of the excessive force claim,holding that exhaustion requirement applies to excessive force claims,holding that the use of excessive force does not constitute a prison condition in the ordinary sense of the term,holding that excessive force claims are to be treated under the fourth amendment,holding that excessive rain excused delay under the contracts force majeure clause as a condition outside of the sellers control
322,"in which ease imputing the subsidiaries’ jurisdictional contacts to the parent would be improper. Id. at 1085 (citing Bellomo, 488 F.Supp. at 746). Similarly, the New York district court in Bellomo held that: [wjhere a holding company is nothing more than an investment mechanism[, i.e.,] a device for diversifying risk through corporate acquisitions^] the subsidiaries conduct business not as its agents but as its investments. The business of the parent is the business of investment, and that business is carried out entirely at the parent level. Where, on the other hand, the subsidiaries are created by the parent, for tax or corporate finance purposes, there is no basis for distinguishing between the business of the parent and the business of the subsidiaries. 488 F.Supp. at 746 (<HOLDING>); but see Arch v. American Tobacco Co., Inc.,",273714,44205,0,case_hold_mc,holding foreign insurance company was supercorporation engaged in underwriting and selling insurance policies through its subsidiaries,holding that subcontractors primary and excess insurance policies must pay first and before contractors own insurance,holding that notice and a hearing were required before the commissioner of insurance could require an insurance company to change its definition of at fault in order to secure approval of an increase in insurance rates,holding claims for negligent procurement of insurance accrued on date the insured purchased the insurance policies,holding negligent failure to notify regulatory body of lapse of insurance policy did not arise out of underwriting of insurance
323,"concluded that 11 U.S.C. § 106(c) does not permit an award of money damages against the IRS for violating the automatic stay of 11 U.S.C. § 362(a), the court examines 11 U.S.C. § 106(a) and (b) for authority to support the judgment of the bankruptcy court. Section 106(a) and (b) addresses to what extent the government is deemed to have waived its sovereign immunity in bankruptcy proceedings when it pursues a claim against a debtor. Subsection (a) “provides for ‘affirmative recovery/ including money judgments,” but only in limited circumstances. Hoffman v. Connecticut Dep’t of Income Maintenance (In re Willington Convalescent Home, Inc.), 850 F.2d 50, 54 (2d Cir.1988), aff'd, 492 U.S. 96, 109 S.Ct. 2818, 106 L.Ed.2d 76 (1989) (citations omitted); see also Inslaw, 113 B.R. at 812-13 (<HOLDING>). The waiver of sovereign immunity under this",274565,44341,2,case_hold_mc,holding that the fourth amendment does not mandate the payment of money by the united states,holding that the doctrine of sovereign immunity barred a claim for money damages against the librarian of congress in his official capacity because immunity had not been waived and the exceptions to immunity did not apply,holding that the united states department of justice waived its immunity from money damages under subsection a,holding that exhaustion is required under the plra even if the plaintiff seeks only money damages and money damages are not available as relief,holding a claim for injunction but not money damages against a state officer for a violation of the age discrimination in employment act enacted under article i section 8 of the united states constitution was not barred by sovereign immunity under the ex parte young exception
324,"11 U.S.C. § 303(i). When a court dismisses an involuntary petition, § 3 Focus’ appeal as equitably moot. Appellees have not demonstrated that this case “present[s] transactions that are so complex or difficult to unwind that the doctrine of equitable mootness would apply.” Lowenschuss v. Selnick (In re Lowenschuss), 170 F.3d 923, 933 (9th Cir.1999). Because Focus seeks an exit instead of a do-over — i.e., the termination of bankruptcy proceedings and the dismissal of the trustee, rather than a complex corporate restructuring — the requested relief is not only possible but decidedly more practicable than the relief sought in other bankruptcy appeals we have dismissed as moot. See Baker & Drake, Inc. v. Pub. Serv. Comm’n (In re Baker & Drake, Inc.), 35 F.3d 1348, 1351-52 (9th Cir.1994) (<HOLDING>); cf. Mann v. Alexander Dawson Inc. (In re",275420,44478,3,case_hold_mc,recognizing that either party to a divorce action may bring in third parties who claim an interest in the property alleged to be community or third parties themselves may intervene and have their rights therein determined,holding that a plaintiff must allege either an interference with specific third parties or an identifiable class of third persons,holding the family court has jurisdiction to join third parties when property is alleged to be marital but is owned by a third party,holding appeal not moot where bankruptcy proceedings involved third parties but unlike robehs farms and rochman v northeast utils serv group in re pub serv co 963 f2d 469 1st cir1992 the reorganization plan is not a complex billiondollar affair that has affected innumerable third parties,holding there is no duty to third parties on the part of a premises owner who could not have foreseen the criminal acts of third parties
325,"search a premises, Weston, 67 M.J. at 393 (citing Matlock, 415 U.S. 164, 94 S.Ct. 988), I do not believe that case to be controlling. Matlock was arrested on the front lawn of the house, Matlock, 415 U.S. at 166, 94 S.Ct. 988, and placed in a nearby police car. Id. at 179, 94 S.Ct. 988 (Douglas, J., dissenting). The arresting officers subsequently approached the house, spoke with a resident who shared a bedroom with Matlock, and received permission to search that bedroom. Id. at 166, 94 S.Ct. 988. The police did not ask Matlock for his consent to search the bedroom, nor did he offer it. Id. The Supreme Court recognized the consent of the cotenant may be valid against a eotenant who has not objected. Id. at 170, 94 S.Ct. 988; see also Rodriguez, 497 U.S. at 179-80, 186, 110 S.Ct. 2793 (<HOLDING>). This case differs from Matlock and Rodriguez",276275,44617,0,case_hold_mc,holding cotenants consent to search valid where rodriguez who was asleep inside the house was not asked for his consent if police reasonably believed the consenter possessed common authority over the premises,holding that the agents superficial and cursory questioning of the consenting party did not disclose sufficient information for the agent reasonably to believe that she had common authority over the premises and that further inquiry was required under rodriguez,holding that mother who was resident of house shared with adult daughter could give valid consent to search premises,holding that consent to search premises includes consent to search washing machine on those premises,holding that there is no violation of the fourth amendment when the government reasonably believed that the individual giving consent to the search had authority to do so
326,"the defendant’s only link to the crime is eyewitness identification. Subsequent to our decisions in Davis and Randle, studies have shown the primary cause for the conviction of innocent people in our criminal justice system is mistaken eyewitness identification. Gary L. Wells, Eyewitness Identification Evidence: Science and Reform, 29 Champion 12 (2005). DNA exoneration ca subsequently litigate whether an identification made as part of such a deposition should be admitted because it was reliable, as required by the second part of the test set forth in Neil. Judicial resources can be preserved by avoiding a situation that will likely create an impermissibly suggestive procedure and result in an inadmissible identification. See United States v. Brown, 699 F.2d 585, 594 (2d Cir.1983) (<HOLDING>). Rule 2.13(1) was implemented to protect a",277134,44770,3,case_hold_mc,holding defendant waived right to challenge incourt identification when he admitted guilt at punishment phase of trial,holding that trial court erred when it admitted outofcourt identification of defendant when the witness who made the identification was never asked about defendants identity at trial,holding an incourt identification made with the defendant sitting next to his attorney at the counsels table is so clearly suggestive as to be impermissible,holding when the defendant timely objected to an incourt identification by an eyewitness the trial judge should have directed the government to provide an outofcourt lineup or other protective procedure to avoid an impermissibly suggestive incourt identification,holding that witness had an independent basis to support incourt identification where the description made prior to any pretrial identification was substantially an accurate description of the defendant
327,"these allegations and materials are sufficient to plausibly allege ACI and Adderley are an integrated enterprise under the FLSA. See Perez v. Westchester Foreign Autos, Inc., No. 11 Civ. 6091(ER), 2013 WL 749497, at **7-8 (S.D.N.Y. Feb. 28, 2013). Plaintiffs also allege that the proposed individual defendants were owners and corporate officers of Adderley and ACI, and had authority over matters including payroll, personnel, and the supervision and hiring and firing of employees of both companies. (PAC ¶¶ 43-130.) Discovery allegedly supports the assertion that Messers. Presser, Misseri, and Cestaro are the sole shareholders of both Adderley and ACI. (Kessler Decl. ¶ 8). Under the FLSA, these allegations are sufficient to plausibly allege employer status. See Irizarry, 722 F.3d at 116 (<HOLDING>); Perez, 2013 WL 749497, at *8. The NYLL",277987,44900,0,case_hold_mc,holding owner of company qualified as an employer due to inter alia his authority to hire and fire employees and overall financial control of company,holding owner of limited liability company may be personally liable to third party if owner acts as agent for company and fails to disclose existence and identity of principal,holding that a company exercising substantial control of the terms and conditions of the work of the employees is an employer under the flsa,holding that the responsibility of another did not absolve the plaintiff of his own responsibility where the plaintiff helped incorporate the company served as vice president and president owned varying levels of stock and possessed authority to hire and fire,holding in context of control person analysis that because defendant founded the company and was its largest shareholder he may be able to influence the company
328,"(citations omitted). Kaul believes that because the Court did not include seizing cigarettes fi*om Indians inside a reservation on this list, Stephan lacked jurisdiction to execute the search warrant at Kaul’s store. However, we do not read Oklahoma Tax Commission and Colville as necessarily prohibiting state officers from conducting search and seizure operations within a reservation’s borders under the authority of a federal grant of criminal jurisdiction to the state. Instead, these opinions merely offer several options that state officials may employ to enforce regulatory cigarette tax statutes. Here, Kaul waived the argument that the Kansas statute was regulatory in nature because she did not raise that issue below. Thus, for purposes of this appea 3, 2061, 109 L.Ed.2d 693 (1990) (<HOLDING>). Furthermore, the Supreme Court has long held",278840,45031,2,case_hold_mc,holding that a nonmember who files a civil claim in an indian tribal court consents to tribal jurisdiction,recognizing the inherent power of indian tribes  to exercise criminal jurisdiction over all indians,holding that indian tribes lack tribal jurisdiction over crimes committed by nonmember indians within the tribes reservation,holding that indian tribes could only exercise criminal jurisdiction over tribal members and not other indians,holding that an indian tribes exercise of criminal jurisdiction over nonindians is inconsistent with the domesticdependent status of the tribes and that tribes may not assume such jurisdiction without congressional authorization
329,"practice and protocol. We do not question that Amanda’s proof is sufficient for a negligence claim against Nissan. Our review, however, extends to the enhanced culpability required for punitive damages. Proving Gross Negligence Successful completion of regulatory product testing weighs against a finding of gross negligence.' Accordingly, exceeding mandatory requirements by successfully completing more rigorous testing strongly weighs against such a finding. The logic is clear. Meeting and then exceeding base safety requirements is, at the- very least, facial evidence of exercising slight care. Federal courts applying Kentucky law have correctly- observed this standard. E.g,, Cameron v. DaimlerChrysler Corp., No. Civ.A.5:04-CV-24, 2005 WL 2674990, at *9 (E.D.Ky. Oct. 20, 2005) (<HOLDING>). This approach has also been adopted by",279699,45161,0,case_hold_mc,holding that the undisputed fact that manufacturer complied with federal safety standards weighed against punitive damages,holding that a reduction in punitive damages to comply with the due process clause is a federal constitutional issue not a fact issue requiring jury consideration,holding that indemnification by excess liability insurer for punitive damages imposed on drug manufacturer contrary to public policy,holding a court may not award punitive damages,holding that punitive damages could not be granted because punitive damages are a matter of substantive law and substantive state law  must yield to federal limitations
330,"where the suit is brought; that is, in Ecuador. First, as Gallo points out, Ecuador’s repeal of Decree 1038-A is a strong indication that the portion of that decree that invalidates forum selection and choice of law clauses does not constitute strong public policy. Second, to the extent Decree 1038-A may have expressed a public policy against forum selection clauses, the strength or extent of that policy is not sufficient to justify the non-enforcement of the forum selection and choice of law provisions of the contract. Public policy against a forum selection clause will not prevent enforcement of the clauses where the contract implicates international trade and where the complaining party’s substantive rights are not subverted by the choice of law or forum. See Bonny, 3 F.3d at 162 (<HOLDING>). While Andina argues that Bonny, and",280544,45280,0,case_hold_mc,holding antiwaiver provision of securities laws does not prevent enforcement of contract provision choosing english forum,holding federal law does not prevent a state from choosing between prospective operation of its decision and that of relation backward,holding that puffery is not actionable under the securities laws,holding that in interpreting a contract we look to the conflict of laws rules of  the forum state  to determine which states laws will be controlling,holding that provision of securities exchange act allowing injunction against one who is violating or will violate securities laws does not confer subject matter jurisdiction over dispute with individual not accused of such violations
331,"testimony. Moreover, we find that the written order excluding the victim’s statements to Marvin Bynum states, “The proffered statements do not possess equivalent circumstantial guarantees of trustworthiness as required by Rule 804(B)(4) [sic] of the Rules of Evidence.” The better practice would have been for the trial court to specify in the other orders that the evidence was admissible under Rule 804(b)(5). However, from the transcript and the nearly identical findings and conclusions in all the written orders in the record, it is clear that the hearsay testimony admitted by the court was admitted pursuant to Rule 804(b)(5). Therefore, omission of the rule number from the orders admitting the testimony was harmless. Cf. State v. Smith, 315 N.C. 76, 97, 337 S.E.2d 833, 847 (1985) (<HOLDING>). Defendant argues further that there was",281393,45417,1,case_hold_mc,holding that it is incumbent upon the trial court to enter into the record findings of fact and conclusions that the manner of payment is reasonable and one which defendant can afford,holding that before admitting rule 80324 hearsay statements the trial court must enter in the record appropriate statements rationale or findings of fact and conclusions of law,holding that a trial courts judgment must comply with the statutory requirement that the judgment contain written findings of fact and conclusions of law,holding district court abused its discretion in admitting state court findings of fact,holding court must conduct new trial absent parties consent where deceased judge had not issued findings of fact and conclusions of law before death
332,"Court accepts as true all of the evidence favorable to the state, including all favorable inferences drawn from the evidence and disregards all evidence and inferences to the contrary.’ ” Id. (citation omitted). Finally, “the court neither weighs the evidence, nor determines the credibility or reliability of the witnesses.” State v. Daleske, 866 S.W.2d 476, 478 (Mo.App.1993) (citing State v. Middleton, 854 S.W.2d 504, 506 (Mo.App.1993)). The appellant concedes in his brief that our appellate courts have routinely recognized the fact that a fingerprint at the scene of the crime may in and of itself be sufficient to convict. See State v. Grim, 854 S.W.2d 403, 413 (Mo. banc 1993); State v. Bland, 757 S.W.2d 242, 245 (Mo.App.1988) (citing State v. Thomas, 452 S.W.2d 160, 163 (Mo.1970)) (<HOLDING>). However, he contends that “a partial palm",282243,45550,2,case_hold_mc,holding that information of criminal activity given by a known reliable informant is enough to sustain a terry stop,holding that evidence was sufficiently reliable because there was corroboration,holding that due to the reliable and unique quality of an individuals fingerprint fingerprint evidence by itself is enough to support a criminal conviction,holding that it was sufficient that the government submitted unchallenged certified records of conviction and other clearly reliable evidence,holding that a judicial confession in a guilty plea is itself sufficient evidence to support the crime charged
333,"“writing and uploading reports.” (FAC ¶ 58.) The Court finds that these facts alone are insufficient to state a claim that the time is compensable because the FAC contains no facts indicating whether it was necessary for Wolman or Iwasiuk to complete these tasks outside of their scheduled shifts. With respect to Lundy, the FAC states that he arrived thirty minutes early to each shift to be updated by the nurse working the prior shift and he stayed thirty minutes after each shift to finish charting and update the nurse working the following shift. (FAC ¶ 60.) The Court finds that these facts state a plausible claim that his off-shift work was necessary for the proper and efficient performance of his job. See Kosakow v. New Rochelle Radiology Assocs., 274 F.3d 706, 718 (2d Cir.2001) (<HOLDING>). in. Training Programs “Time spent attending",283097,45686,0,case_hold_mc,holding that a radiological technologist was entitled to compensation for the fifteen minutes spent before her shift each day turning on the xray processing machine letting it warm up and performing tests on the machine because the proper performance of her job required this preparatory work to be completed when the first walkin patient could potentially arrive,holding the government proved the defendant had a reasonable opportunity to observe the minor when among other things he spent twenty minutes taking pictures of her for her backpage ad,holding that it was proper for the medical examiner to estimate the victims time of death based on the results of her investigators lividity test as it was standard procedure for her to rely on tests performed by members of her office,holding that the something more requirement was met when after a factory worker complained to her supervisor that her machine was not operating properly the workers supervisor told her to go back to work quit whining and just deal with it,holding that an applicant who convincingly demonstrated that she could not rely on the authorities to protect her from her fathers abuse and that by turning to governmental authorities for help her circumstances may well have worsened was not required to report private persecution to government authorities to qualify for asylum
334,"rise to a duty of reasonable care to third parties. Shepard, 390 N.W.2d at 241. Thus, the physician’s special relationship to Eric’s mother gave rise to a duty that also extended to Eric, who was, “[a]s plaintiffs son and a member of her household,” a “foreseeable potential victim of [the physician’s] conduct.” Id. Similarly, in Welke, the court concluded that a duty existed for the benefit of a third party where a physician injected his patient with an unknown substance, let the patient drive his vehicle, and the patient subsequently killed another individual while driving. 375 N.W.2d at 406. The third party, the court held, was “an innocent driver within the scope of foreseeable risk” by virtue of the physician’s relationship with his patient. Id.; see also Duvall, 362 N.W.2d at 279 (<HOLDING>); Davis v. Lhim, 124 Mich.App. 291, 335 N.W.2d",283952,45829,4,case_hold_mc,holding that a psychiatrist owed a duty to a person foreseeably injured by his patient,holding that psychiatrist has duty to third parties to exercise due care in treatment and release of committed patients,holding that when a psychiatrist determines or  should determine that a patient poses a serious threat of danger to a third party the psychiatrist has a duty of reasonable care to that party,holding that a psychiatrist had no duty to detain a patient who killed himself and injured his wife because the patient was outside of the scope of the facilitys range of observation and control even when the psychiatrist agreed to treat the patient the patient had suicidal tendencies and the psychologist took the patient into custody but then later permitted him to leave,holding that psychiatrist had duty to protect individuals endangered by his epileptic patient
335,"in your office as a patient, he came in with his contact lenses in, he had a prior history of refractions that you believe indicated stability, you still would have remeasured him prior to surgery; correct? A. That's just my habit. Q. And your habits are the ones that you believe are what a prudent ophthalmologist should observe? A. As stated in the context of my deposition. Q. Do you know what the standard of care is in Arizona, Doctor? A. No. 7 . See, e.g., Vigil v. Herman, 102 Ariz. 31, 34, 424 P.2d 159, 162 (1967) (stating that, in a medical malpractice case, the standard of care may be established by the defendant doctor’s own testimony); Stallcup v. Coscarart, 79 Ariz. 42, 49, 282 P.2d 791, 796 (1955) (same); Potter v. Wisner, 170 Ariz. 331, 339, 823 P.2d 1339, 1347 (App.1991) (<HOLDING>); Peacock v. Samaritan Health Serv., 159 Ariz.",284812,45971,3,case_hold_mc,holding that a manufacturers insert in and of itself may not establish the relevant standard of care in a medical negligence action but may be considered by the fact finder along with expert testimony to define the standard of care,holding that appellate court could not review the sufficiency of the evidence  based on a particular legal standard because that standard was not submitted to the jury and no party objected to the charge on this ground or requested that the jury be charged using this standard,holding experts testimony was insufficient to survive summary judgment because the testimony at most showed the defendant deviated from the experts personal standard of care rather than the generally accepted standard of care,recognizing that a defendant physicians own practice was at least some evidence of the standard of care and concluding that the case was properly submitted to the jury notwithstanding the plaintiffs failure to call an independent expert on the standard of care,holding that standard of care need not be listed separately in report when same standard applies to each health care provider
336,"of record rather than the alien. The Federal Rules of Civil Procedure also favor notice of counsel of record rather than actual notice of the client. See Fed.R.Civ.P. 5(b) (stating that “whenever service under these rules is required or permitted to be made upon a party represented by an attorney the service shall be made upon the attorney unless service upon the party is ordered by the court”). Case precedent also indicates that actual notice of an alien is not required under the INA. See Sewak v. INS, 900 F.2d 667, 669 n. 6 (3d Cir.1990) (noting in dicta that notice to attorney comprised actual notice to alien); Reyes-Arias v. INS, 866 F.2d 500, 502-3 (D.C.Cir.1989) (finding actual knowledge of attorney constitutes reasonable notice); Newton v. INS, 622 F.2d 1193, 1194 (3d Cir.1980) (<HOLDING>). Anin received notice as required by the INA.",285670,46123,4,case_hold_mc,holding that notice to supervisor is notice to city,holding that notice to the attorney of record constitutes notice to the petitioner,holding that actual notice fulfills a notice requirement that an applicable federal regulation be conspicuously posted because actual notice is the best notice,holding that a defendant is not entitled to relief from default judgment because notice to an attorney of filing of motions and orders is constructive notice to the client even when the client did not have actual notice,holding that notice to original attorney not formally withdrawn comprised proper notice
337,"by Kratzer’s testimony, not wife’s. As such, it is admissible béeause it is the admission of one co-conspirator uttered in the furtherance of a conspiracy. See Commonwealth v. Evans, 489 Pa. 85, 413 A.2d 1025 (1980). If any portion of the transcript should have been redacted to exclude wife’s conversation, such an omission was harmless error, since appellant’s participation in the conspiracy was established beyond a reasonable doubt through the conversations with Kratzer. See Commonwealth v. Jones, 540 Pa. 442, 446-447, 658 A.2d 746, 749 (1995) (stating that error is harmless when the evidence of guilt is overwhelming and the error insignificant so that it is clear beyond a reasonable doubt that the error did not contribute to the verdict); see also Evans at 92-94, 413 A.2d at 1029 (<HOLDING>). In sum, it was not an abuse of discretion for",286530,46266,2,case_hold_mc,holding criminal conspiracy is sustained where the commonwealth establishes the defendant entered into an agreement to commit or aid in an unlawful act with another person with a shared criminal intent and an overt act was done in furtherance of the conspiracy a coconspirator may commit the overt act and conspirators are liable for acts of the coconspirators committed in furtherance of the conspiracy,holding that the conspiracy theory of personal jurisdiction requires that the outofstate coconspirator was or should have been aware of the acts performed in the forum state in furtherance of the conspiracy,holding that admission of evidence of activity not done in furtherance of the conspiracy was harmless error where defendants participation was fully established by the testimony of another coconspirator,holding that proof of overt act is not required to support admission of evidence of statement of coconspirator during course of conspiracy,holding that error from the erroneous admission of evidence was harmless in light of the overwhelming evidence of the defendants guilt
338,"believed the victims and that the defendant was not being truthful. Id. at 325-26. The trial court denied defendant’s motion to redact those statements as impermissible comments on credibility. Id. at 327. On review before the Supreme Court, the issue was how the vouching rule, which developed as a principle applicable to in-court testimony, applies to a witness’s out-of-court comments on credibility. Id. at 331. To answer that question, the court was required to reconcile the apparent tension between its decisions in State v. Odoms, 313 Or 76, 83, 829 P2d 690 (1992) (explaining that “a relevant out-of-court statement, recounted at trial, generally may not be excluded merely because it is phrased in the form of an opinion”), and State v. Charboneau, 323 Or 38, 48, 913 P2d 308 (1996) (<HOLDING>). Chandler, 360 Or at 333 (“Whereas Charboneau",287388,46407,1,case_hold_mc,holding that a trial witnesss testimony as to the credibility of another witness was prejudicial error,holding that a witnesss testimony or an exhibit may not explicitly and directly contain an opinion as to a trial witnesss credibility,holding that hospitalization of witnesss wife and his desire to be by her side was not a substantial basis for admitting witnesss testimony from first trial,holding that agents testimony as to witnesss identification was not hearsay,holding that it was not erroneous for committing court to refuse to admit an affidavit from a private investigator that provided evidence of a witnesss lack of credibility when the affidavit would not have explained away the witnesss testimony but only challenged its credibility
339,"is reasonable only if the notice includes the date on which and the county in which the alleged crime or bad act occurred and the name of the alleged victim of the crime or bad act.” See Tex. Code Crim. Proc. Ann. art. 37.07 § 3(g). The record reflects that the State provided notice to appellant of its intention to use evidence of prior convictions and extraneous offenses, and it supplemented its notice. The notices included the information required by Article 37.07, Section 3(g). Additionally, appellan im.App.1998) (analyzing former appellate rule and holding review not preserved unless defendant brings matters to trial court’s attention in a motion for new trial and trial court rules on the motion); Longoria v. State, 154 S.W.3d 747, 762 (Tex.App.-Houston [14th Dist.2004, pet. refd) (<HOLDING>). Thus, appellant has waived his contention",288246,46546,4,case_hold_mc,holding that an issue not presented to the trial court will not be considered on appeal,holding that a deposition that was not presented to the trial court could not be considered on appeal,holding that a party may not raise a claim on appeal that was not presented to the trial court,holding appellants issue was rendered moot because appellant was given the opportunity to make a record in support of his motion for new trial and appellate court considered that record in disposing of only issue raised in the motion for new trial,holding where record fails to establish whether and how appellant presented motion for new trial to the trial court it was not timely presented
340,"speculate as to whether the operator had sufficient time to stop the machine safely even if he had been watching a CCTV screen. Beauregard’s argument therefore reduces to the possibility that a CCTV system would have captured Bourgeois’s image in time for the operator to stop the machine safely and that the operator would have been paying attention and done so. Drawing all reasonable inferences from the evidence in Beauregard’s favor, a jury could conclude only that a CCTV system possibly, but not probably, would have prevented the accident that killed Bourgeois. Causation framed in terms of possibilities does not establish, by a preponderance of the evidence, the existence of a design defect that caused an injuiy. See Goffredo v. Mercedes-Benz Truck Co., 402 Mass. 97, 102-03 (1988) (<HOLDING>). Sweeting v. Cairns & Brother, Inc., 32",289103,46683,3,case_hold_mc,holding that trial court properly granted directed verdict when plaintiffs allegations were insufficient to state cause of action under the dtp a,holding that because the tendered expert witness was a licensed psychologist and not a medical doctor he was not qualified to state an expert medical opinion regarding the cause of johns injury,recognizing that a motion for directed verdict should be granted when there is no reasonable evidence upon which a jury could legally predicate a verdict in favor of the nonmoving party,holding that a directed verdict in defendants favor was appropriate where plaintiff s expert was able to state his opinion regarding the cause of plaintiffs injuries only in terms of possibility but not of probability,holding that the trial court erred in granting the school boards posttrial motion for directed verdict because although the school board timely moved for a directed verdict during trial it did not serve its motion for directed verdict until the eleventh day after the verdict
341,"County Reg’l Planning Comm’n v. Hamilton Ban zure beyond its lawful duration, such theft violates the Fourth Amendment. See Nelson v. Streeter, 16 F.3d 145, 151 (7th Cir.1994). The remaining question is whether Colaprete’s Fourth Amendment right against having his property converted following a search was clearly established when the alleged conversion occurred. The Seventh Circuit has held that the existence of this right is “[s]o obvious ... that we do not think the absence of case law can establish a defense of immunity.” Id. We respectfully disagree. This court has never applied the Fourth Amendment in this manner, and Supreme Court precedent tilts slightly against the existence of any constitutional right against theft during the course of a search. See Hudson, 468 U.S. at 533(<HOLDING>). Moreover, the Sixth Circuit has held that the",289955,46820,2,case_hold_mc,holding postdeprivation remedy is adequate even when deprivation was intentional,holding that doctrine does not violate due process,holding that theft by prison guards does not violate due process when postdeprivation remedy exists,holding that deprivation of property does not violate due process if a meaningful postdeprivation remedy is available and explaining that state tort actions are meaningful postdeprivation remedies,holding that a prison guards intentional destruction of a prisoners possessions did not give rise to a federal due process claim because state law provided an adequate postdeprivation tort remedy
342,"ah officer may ask a question outside the scope of the initial justification for the stop so long as it does not further lengthen the time taken to process the initial justification for the stop. In other words, if the questions asked do not lengthen the stop, the questions are valid. This reasoning is explained in both United States v. Childs, 277 F.3d 947 (7th Cir.2002) (en banc), and United States v. Shabazz, 993 F.2d 431, 436-37 (5th Cir.1993). In both cases, the courts held that questions by police officers during a traffic stop are not seizures or searches proscribed by the Fourth Amendment, and cited United States Supreme Court cases dealing with non-custodial police-citizen encounters for support. See, e.g., Florida v. Rodriguez, 469 U.S. 1, 105 S.Ct. 308, 83 L.Ed.2d 165 (1984) (<HOLDING>); Florida v. Bostick, 501 U.S. 429, 434, 111",290812,46955,1,case_hold_mc,holding district courts finding of voluntary consent not clearly erroneous when police encounter lacked drawn weapons threats or prolonged questioning and consent was given without reluctance or hesitation even though police did not advise defendant of right to refuse consent,holding that police may approach persons and ask questions or permission to search so long as police do not imply that answers or consent are required,holding consent involuntary when police told defendants grandmother they had a search warrant and she allowed them to enter and search,holding that police must prior to entering the home inform the person from whom consent is sought that he or she may lawfully refuse to consent to the search,holding that it was objectively reasonable for the police to conclude that the general consent to search the respondents car included consent to search a bag within that car
343,"and would prevent law enforcement from getting inside without same). 38 United States v. Santos, 403 F3d 1120, 1132 (II) (B) (2) (e) (10th Cir. 2005); see Brown v. State, 269 Ga. 830, 832-33 (2), n. 2 (504 SE2d 443) (1998) (listing as “reasonably-founded suspicious factors” the following: “an officer’s knowledge of past criminal involvement by individuals inside the stopped vehicle', irregularities in licensing and insurance documentation or the driver’s authority to be operating the stopped vehicle; and the location where the stop occurred” (emphasis supplied)); Giles v. State, 284 Ga. App. 1, 4 (1) (642 SE2d 921) (2007) (considering prior arrest history as a relevant factor in totality of circumstances analysis). Cf. Martin v. State, 316 Ga. App. 220, 226 (2) (729 SE2d 437) (2012) (<HOLDING>). 39 Evans v. State, 262 Ga. App. 712, 716 (1)",291671,47098,1,case_hold_mc,holding that possession of more than seven tons of marijuana justified the district courts refusal to provide a simple possession instruction,holding that a past arrest for possession without more is simply not enough to provide reasonable articulable suspicion that the person is currently in possession,holding that possession of a pistol in public requires knowing possession,recognizing innocent possession defense to a charge of criminal weapons possession,holding that evidence of appellants prior gun possession was admissible in a homicide prosecution to show malice and intent possession of a gun without more is not wrongful conduct
344,"a complaint must contain sufficient factual matter, accepted as true, to ‘state a claim to relief that is plausible on its face.’” Iqbal, 556 U.S. at 678, 129 S.Ct. 1937 (quoting Twombly, 550 U.S. at 570, 127 S.Ct. 1955). “[T]he pleading standard Rule 8 announces does not require ‘detailed factual allegations,’ but it demands more than an unadorned, the-defendant-unlawfully-harmed-me accusation.” Id. (quoting Twombly, 550 U.S. at 555, 127 S.Ct. 1955). District courts within the Fifth Circuit have divided as to whether Woodfield’s fair-notice standard continues to apply to pleading affirmative defenses and counterclaims, or whether Twombly and Iqbal’s plausibility standard applies. Compare, e.g., Vargas v. HWC Gen. Maintenance, LLC, 2012 WL 948892, at *2 (S.D.Tex. Mar. 20, 2012) (<HOLDING>); with Floridia v. DLT 3 Girls, Inc., 2012 WL",292529,47236,2,case_hold_mc,holding that the pleading standard set forth in twombly applies to all civil actions,holding that where a complaint pleads facts that are merely consistent with a defendants liability it stops short of the line between possibility and plausibility of entitlement to relief ,holding that twombly and iqbals plausibility standard applies,holding that the preponderance of the evidence standard applies to  523 claims,recognizing the circuit split and applying the subjective standard as more stringent without deciding which standard applies
345,"“dismiss the charges in Perry County.” This court has held that a “petition for postconviction relief attacking a judgment, regardless of the label placed on it by the petitioner, is considered pursuant to our postconviction rule, Criminal Procedure Rule 37.” Bailey v. State, 312 Ark. 180, 182, 848 S.W.2d 391, 392 (1993) (per curiam) (citing Williams v. State, 291 Ark. 244, 724 S.W.2d 158 (1987)). However, Rule 37 is “applicable only to such persons who are in custody.” Bohanan v. State, 336 Ark. 367, 370, 985 S.W.2d 708, 709 (1999) (emphasis added) (rejecting argument that a person on parole was “in custody” of the Department of Correction and holding that a petitioner must be incarcerated to be entitled to Rule 37 relief). Compare State v. Herred, 332 Ark. 241, 964 S.W.2d 391 (1998) (<HOLDING>). Here, at the time Wilmoth filed his petition",293381,47365,1,case_hold_mc,holding that the trial court had continuing jurisdiction over all subsequent custody orders once the trial court acquired jurisdiction,holding that the trial court had jurisdiction to grant rule 37 relief where petitioner herred was in custody at the time the court ruled on his motion,holding that a motion for rule 37 sanctions is dispositive,recognizing for the first time that the habeas court had the power to retain the petitioner in conditional custody before granting relief,holding that the district court and this court had subject matter jurisdiction over the defendants motion for modification of sentence based on amendment 706 even though the defendant filed the motion before march 3 2008 because the district court ruled on the motion after that date
346,"canons of interpretation. Lockhart, 126 S.Ct. at 703-04. In this case, for example, Section 408 exists to protect the United States’ obligations under NAFTA. Indeed, powerful canons do exist to protect such interests. See, e.g., Weinberger v. Rossi, 456 U.S. 25, 32, 102 S.Ct. 1510, 71 L.Ed.2d 715 (1982); McCulloch v. Sociedad Nacional de Marineros de Honduras, 372 U.S. 10, 21-22, 83 S.Ct. 671, 9 L.Ed.2d 547 (1963) (overturning the NLRB’s construction of a statute because Congress did not clearly state that it intended to violate the law of nations); FPC v. Tuscarora Indian Nation, 362 U.S. 99, 142, 80 S.Ct. 543, 4 L.Ed.2d 584 (1960) (Black, J. dissenting) (“Great nations, like great men, should keep their word.”); Roeder v. Islamic Republic of Iran, 333 F.3d 228, 237-38 (D.C.Cir.2003) (<HOLDING>). Consequently, because Section 408 is",294241,47508,3,case_hold_mc,holding jones act insufficiently clear to abrogate immunity,holding that congress could abrogate the eleventh amendment pursuant to the commerce clause,holding that in an earlier version of 11 u s c  106 congress had failed to make sufficiently clear its intent to abrogate state sovereign immunity,holding that congress must speak with a clear statement if it intends to abrogate an international agreement,holding that congress had no power under article i to abrogate state sovereign immunity
347,"the evidence of rape discussed above in Division 1, we conclude that the evidence at Martin’s trial was sufficient to support the statutory aggravating circumstances found as to both murders. See OCGA § 17-10-35 (c) (2) (requiring a review of the statutory aggravating circumstances foundby the jury);UAP Rule IV (B) (2) (providing that, in all death penalty cases, this Court will determine whether the verdicts are supported by the evidence). See also Ring, 536 U. S. 584; Jackson, 443 U. S. 307. 20. Considering both the murders for which Martin has been sentenced to death and Martin as a defendant, we find that the death sentences imposed in his case were not disproportionate punishment within the meaning of Georgia law. See OCGA § 17-10-35 (c) (3); Gissendaner, 272 Ga. at 716-717 (<HOLDING>). The cases cited in the Appendix support this",295093,47644,0,case_hold_mc,holding that this courts statutorily mandated proportionality review concerns whether a particular death sentence is excessive per se or is substantially out of line,holding that the failure to hold a faretta hearing is per se reversible error and reversing the defendants conviction vacating his death sentence and remanding for a new trial,holding that per se statutory rule is not permissible under fourth amendment,holding such agreements to be per se illegal,holding that denial of access per se is noncompensable
348,"into Execution ... all other Powers vested by this Constitution in the Government of the United States.” Although other circuits have held that the combined effect of these provisions does not permit Congress to regulate “pure” state or local elections, see Bowman, 636 F.2d at 1011, elections in which federal and state candidates are on the same ballot are properly subject to federal regulation. Ibid, (observing that “Congress may regulate any activity which exposes the federal aspects of the election to the possibility of corruption, whether or not the actual corruption takes place and whether or not the persons participating in such activity had a specific intent to expose the federal election to such corruption or possibility of corruption”); see also McCranie, 169 F.3d at 727 (<HOLDING>). Under the Elections Clause, Congress is",295947,47785,2,case_hold_mc,holding that the contracts clause article i section 10 clause 1 to the united states constitution does not apply to the actions of the federal government,holding no violation of federal establishment clause,holding that elections clause and the necessary and proper clause combine to provide congress with the power to regulate mixed federal and state elections even when federal candidates are running unopposed,holding that state court could regulate the practice of law in federal courts located in the state,holding that the power to regulate the business of another and especially of a competitor is a denial of rights safeguarded by the due process clause
349,"needlessly leave out of our decisions an important source of information about the child, and in the end, it is the dependent child who suffers. After all, the children count here, not the agency. I believe that we gain nothing, and lose precious information by refusing foster parents standing. Standing to sue simply ensures that a particular party has a sufficient stake in a controversy before the court to obtain a judicial resolution. It should not be a doctrine to close the court house doors on parties who have a real interest in the matter at hand. I believe that the Juvenile Act confers “standing,” subject to traditional jurisprudential limits, for the agency, the grandparent, and the foster parents to file these petitions. See also Silfies v. Webster, 713 A.2d 639 (Pa.Super.1998)(<HOLDING>); McLaughlin v. Pernsley, 654 F.Supp. 1567",296797,47919,0,case_hold_mc,holding that party standing in loco parentis has standing to seek custody of child,holding that a grandmother who frequently babysat her granddaughter was not in loco parentis and thus lacked standing to seek custody of her granddaughter,holding that prevailing party has no standing to appeal,holding that grandmother in loco parentis of her three grandchildren had protected liberty interest in their future care and custody,holding that domestic partner who assumed a parental status over her partners child and performed parental duties with the partners permission stood in loco parentis to the child and had standing to seek partial custody and visitation
350,"ask us to review the Board’s decision denying their motion to reopen. A denial of a motion to reopen is a final order that may be appealed to this court. Infanzon v. Ashcroft, 386 F.3d 1359, 1361-62 (10th Cir.2004). In their petition for review filed with us on January 22, 2013, petitioners did request review of the denial of their motion to reopen as well as their motion for reconsideration. But this request came too late to obtain judicial review of the motion-to-reopen decision, which had been entered August 31, 2012. Petitioners failed to file a separate petition for review from the motion-to-reopen decision. See 8 U.S.C. § 1252(b)(1) (establishing 30-day time period for filing petition for review); Stone v. INS, 514 U.S. 386, 394-406, 115 S.Ct. 1537, 131 L.Ed.2d 465 (1995) (<HOLDING>). We therefore have jurisdiction to consider",297653,48058,4,case_hold_mc,holding that the filing of a motion for reconsideration does not toll the period for seeking judicial review of the underlying order,holding for the same reason that motion for appointment of counsel does not toll the period for filing a federal habeas petition,holding that an unauthorized motion for rehearing does not toll defendants time for filing a notice of appeal,holding that time limit for filing petition for review is mandatory and jurisdictional,holding filing of motion for reconsideration does not toll the 30day deadline for filing petition for review
351,"or that the public entity had actual or constructive notice of the dangerous condition.” Id. at 835. The dispositive issue in the instant case is whether, as a matter of law, Plaintiffs have pled sufficient allegations to show that drag racing is a “dangerous condition” as that term is used in § 537.600.1(2). See Johnson v. City of Springfield, 817 S.W.2d 611, 613 (Mo.App.1991). In Missouri, three major lines of case authority define the term “dangerous condition” as found in § 537.600.1(2). See parallel discussions in Johnson, supra. In the first line of case authority, “dangerous condition” has a narrow meaning and refers to defects in the physical condition of a public entity’s property. Kanagawa, 685 S.W.2d at 835; Chase v. City of St. Louis, 781 S.W.2d 571, 572 (Mo.App.1989) (<HOLDING>); Zubcic v. Mo. Portland Cement Co., 710 S.W.2d",298504,48198,2,case_hold_mc,holding that damage to building and personal property as a result of fire negligently caused by defendant was to be measured by reasonable cash market value of the property at the time it was destroyed by the fire or if it was not totally destroyed by the diminution in its fair market value before and after the fire,holding that the land contract vendor was entitled to fire insurance benefits when the fire occurred after a judgment for possession was obtained by the vendor pursuant to summary forfeiture proceedings,holding that petition failed to allege fire hydrants were physically defective where fire hydrants did not work and plaintiffs decedent was killed in fire,holding that the relationship between fire insurance regulation and rating fire loss fire prevention and fire investigation is rational and reasonable,holding where the defendants conduct in setting a fire was a proximate cause of a fire fighters death the death occurred in course of and in furtherance of the arson
352,"between cases brought under the federal law and those brought under Maine law. While the First Circuit does make a distinction, it ultimately holds that the negligence per se doctrine of Pratico is strictly limited to cases brought under FELA, and it strongly implies that the doctrine will not be expanded. Elliott v. S.D. Warren Co., 134 F.3d 1, 4 (1st Cir.1998). 4 . Castine argues that the trooper testified at trial to matters that he had not previously indicated he would address, and therefore, it was unfairly surprised at trial. Generally, a continuance is the appropriate remedy when a party seeks to admit “surprise"" evidence at trial. Because Castine did not seek a continuance, however, it may not now claim unfair surprise. See Pettitt v. Lizotte, 454 A.2d 329, 332-33 (Me.1982) (<HOLDING>). 5 . Because violation of a safety regulation",299360,48338,4,case_hold_mc,holding the immigration judges denial of a continuance request did not constitute an abuse of discretion,holding that the district court did not abuse its discretion in allowing plaintiffs expert witness to testify when it also allowed defendants expert witness who disputed the methodology used by plaintiffs expert to testify,holding denial of continuance to be an abuse of discretion,holding that trial court did not abuse its discretion by determining expert witness was qualified to testify,holding that there was no abuse of discretion in allowing a defendants surprise fact witness to testify because the plaintiff did not request a continuance
353,"evidence which demonstrates the existence of a genuine dispute of material fact to be resolved at trial. See 1-800 Contacts, Inc. v. Lens.com, Inc., 722 F.3d 1229, 1242 (10th Cir.2013) (citation omitted). A fact is “material” if it pertains to an element of a claim or defense; a factual dispute is “genuine” if the evidence is so contradictory that if the matter went to trial, a reasonable jury could return a verdict for either party, Anderson, 477 U.S. at 248, 106 S.Ct. 2505. In considering whether summary judgment is appropriate, the facts must be considered in a light most favorable to the non-moving party. Cillo v. City of Greenwoo be considered when ruling on a motion for summary judgment. Jaramillo v. Colo. Judicial Dep’t, 427 F.3d 1303, 1314 (10th Cir.2005) (citation omitted) (<HOLDING>); World of Sleep, Inc. v. La-Z-Boy Chair Co.,",300217,48480,4,case_hold_mc,holding that hearsay evidence is not acceptable in opposing a summary judgment motion,holding that a grant of summary judgment in favor of one party creates a final judgment allowing appellate review of denial of opposing partys summary judgment motion,holding that hearsay in affidavit which would be inadmissible in evidence at trial could not be considered on motion for summary judgment,holding that a court may not consider hearsay contained in an affidavit when ruling on a summary judgment motion,holding that hearsay ev idence is not acceptable in opposing a summary judgment motion
354,"If a statement does not contain any expressly exculpatory material, the Government need not produce that statement to the defense. To hold otherwise would impose an insuperable burden on the Government to determine what facially non-exculpatory evidence might possibly be favorable to the accused by inferential reasoning. We are confident that the Supreme Court did not intend the Brady holding to sweep so broadly. United States v. Comosona, 848 F.2d 1110, 1115 (10th Cir.1988); see also Harris v. Kuba, 486 F.3d 1010, 1016 (7th Cir.2007) {“Brady does not require that police officers or prosecutors explore multiple potential inferences to discern whether evidence that is not favorable to a defendant could become favorable.”); United States v. Marrero, 904 F.2d 251, 261 (5th Cir.1990) (<HOLDING>). The Court finds that just such inferential",301073,48622,4,case_hold_mc,holding that the presentation of a new theory does not constitute the presentation of a new issue on which a jury trial should be granted as of right under  rule 38b,holding that there is no constitutional duty to do a better investigation and that a decision not to conduct a more thorough investigation does not invade an accuseds rights,holding that the burden is on the plaintiff,holding that the burden is upon the state under the applicable federal rules of evidence,holding that brady does not place any burden upon the government to conduct a defendants investigation or assist in the presentation of the defenses case
355,"CURIAM: Carlo Junior Seneeharles appeals his conviction and sentence for possession of a firearm by a convicted felon, in violation of 18 U.S.C. §§ 922(g)(1) and 924(e). He raises three issues on appeal, which we address in turn. After review, we affirm Sen-echarles’s con earm and ammunition had traveled through interstate commerce before the offense was committed, the Government established a minimal nexus between Senecharles’s firearm and ammunition and interstate commerce, and the statute was constitutional as-applied to him. See United States v. Jordan, 635 F.3d 1181, 1189 (11th Cir. 2011) (<HOLDING>). B. Armed Career Criminal Act Senecharles also",301926,48753,0,case_hold_mc,holding  922g is not unconstitutional as applied to a defendant who possessed a firearm only intrastate when the government demonstrated that the firearm moved in interstate commerce,recognizing scarborough holding that commerce nexus satisfied upon showing that possessed firearm had traveled at some time in interstate commerce,holding that a defendant possessed a firearm in connection with a crime when the firearm was kept in a car across the street from where the defendant was selling drugs,holding that the government was required to prove that the defendant lacked a license to possess a firearm but not that the defendant possessed the firearm for any duration of time,holding that to apply the firearm enhancement the firearm need only reflect the context of the defendants possession and the defendants ability to use the firearm to promote the controlled substance offense
356,"We have jurisdiction under 28 U.S.C. § 1291, and we affirm. Cabrera contends that the district court did not adequately explain the reaso tantively unreasonable. We review for abuse of discretion. See Gall v. United States, 552 U.S. 38, 51, 128 S.Ct. 586, 169. L.Ed.2d 445 (2007). The district1 court did not abuse its discretion. The sentence is substantively reasonable in light of the totality of the circumstances and the 18 U.S.C. § 3553(a) factors, including not only Cabrera’s state prison sentence and efforts towards rehabilitation, but also his rejection of the fast-track plea agreement and his criminal history, which is entirely distinct from the offense at issue here. See Gall, 552 U.S. at 51, 128 S.Ct. 586; cf. United States v. Defterios, 343 F.3d 1020, 1023-24 (9th Cir.2003) (<HOLDING>). AFFIRMED. ** This disposition is not",302592,48853,0,case_hold_mc,recognizing that delay in indictment may sometimes be a basis for a sentencing departure but holding that district court erred when it decreased sentence based on a delay in an indictment where the offenses were separate crimes distinct in time place and victims,holding trial court erred in denying defendants motion for arrest of judgment where indictment was insufficient,holding that district court erred in dismissing the indictment based on sufficiency of evidence,recognizing that an indictment may be dismissed in part,holding that an indictment gave sufficient notice when the indictment charged the elements of the offense
357,"begins to run at the time of the alleged breach and not after the conclusion of the appeals. Allison, 209 F.Supp.2d at 60. In Allison, a law student at Howard University brought a breach of contract claim related to his expulsion. After learning of his expulsion on May 22, 1996, the student filed multiple appeals and made numerous requests for readmission but did not file his lawsuit until June 17, 1999. Id. The Court held that the statute of limitations began to run at the time the expulsion decision was “made and communicated” to the student and that the “pendency of a grievance, or some other method of collateral review, does not toll the running of the limitations period.” Id., citing Delaware State College v. Ricks, 449 U.S. 250, 258, 101 S.Ct. 498, 66 L.Ed.2d 431 (1980) (<HOLDING>). Plaintiff argues that defendants are relying",303442,48990,1,case_hold_mc,holding that the date on which the plaintiff learned of the defendants denial of tenure not the date on which the plaintiff became unemployed was when the statute of limitations began to run,holding that the statute of limitations for an employment discrimination lawsuit by a college professor who did not receive tenure began when the college made the tenure decision and communicated that decision to the plaintiff,holding that the only alleged discrimination occurred  and the filing limitations periods therefore commenced  at the time the adverse employment action was made and communicated to the plaintiff,holding that the limitations period for a discrimination charge based on tenure denial begins when aggrieved person receives notice of denial not on the last day of employment,holding that the statute teacher tenure act does not allow termination on the basis of a regulation which neither forbids nor commands action
358,"and admitted evidence in deciding whether the district court abused its discretion in precluding an -alternative perpetrator defense). a. S.H. Trial testimony reveals S.H. visited the home Meisel shared with Thomas, Thomas regularly slept during the day, and Meisel left his computer on with a slots program running. Given this extremely limited evidence, we have no doubt the district court acted within its discretion in refusing to admit the evidence for the purpose of arguing S.H. is the person who committed the child pornography crimes set out in the indictment. If mere proximity and potential access were sufficient to argue an alternative perpetrator committed the crime, this court can hardly envision a criminal trial that would not involve such a defense. But see id. at 1220-22 (<HOLDING>). b. W.R. Evidence implicating W.R. as the",304293,49135,3,case_hold_mc,holding that the district court did not abuse its discretion in limiting testimony to only one witness where additional witnesses would have provided the same testimony,holding that the trial court must apply the provisions of the statute and specifically determine whether the perpetrator of domestic abuse had rebutted the presumption against an award of joint custody,holding unconstitutional a state evidentiary rule automatically excluding alternative perpetrator evidence when the prosecution case was strong,holding the district court did not abuse its discretion in limiting alternative perpetrator evidence where the record demonstrated the supposed alternative perpetrator was near the victim no more than ten minutes before the crime,holding that if the trial court would have had no discretion to deny summary judgment on an alternative ground the appellate court can on that alternative ground sustain the order granting summary judgment
359,"since she testified live at trial. See CP at 778. The city also argues this case is analogous to Noltie, where we held gruesome photographs were properly admitted so long as they were relevant and accurate. Noltie, 116 Wn.2d at 852. We do not see the comparison, since in this case, the city admits the most gruesome and repetitive aspect of the 911 tape was not accurate. See Revised Opening Br. of Resp’t/Cross-Appellant at 44. ¶20 The use of the caller’s assertion, repeated no less than five times during the call, that someone had been decapitated appears calculated to inflame the passions of the jury, especially since it was conceded to be untrue. CP at 782-84; Revised Opening Br. of Resp’t/Cross-Appellant at 44; see also State v. Pendergrass, 179 Mont. 106, 111-12, 586 P.2d 691 (1978) (<HOLDING>). Although the city claims the 911 tape could",305145,49270,1,case_hold_mc,holding district court abused its discretion in admitting state court findings of fact,holding trial court abused its discretion in admitting rape victims 911 call because the emotional and nearly incoherent outpourings of the victim in the immediate aftermath of a violent crime necessarily induced a feeling of outrage against the defendant,holding admissible testimony of the victims daughter regarding a telephone call from the defendant to the victim hours before the victims death and the victims emotions following the telephone call where defendant claimed accident,holding the trial court had abused its discretion in admitting several photographs of a murder victims body,holding that the issue was more appropriately framed as whether the trial court abused its discretion by admitting the evidence at trial
360,"parties to the charge indicating the finding. The Commission's letter of determination shall be the final determination of the Commission.” 2 . The Florida Omnibus Aids Act, Fla. Stat. § 760.50, prohibits employers from discharging an employee or otherwise discriminating against any employee on the basis of knowledge or a belief that the employee has HIV. 3 . The Florida Civil Rights Act, Fla. Stat. § 760.01 et seq., prohibits employers from discharging or otherwise discriminating against any employee with a ""handicap” because of the employee’s ""handicap.” 4 . We reject BT Foods’ position that Byrd failed to preserve this issue by later stipulating to admission of the entire EEOC file, including the determination letters. See Sheffield v. Superior Ins. Co., 800 So.2d 197 (Fla. 2001) (<HOLDING>). However, because the trial court's ruling was",306005,49416,0,case_hold_mc,holding that once a trial court makes an unequivocal ruling admitting evidence over a movants motion in limine the movants subsequent introduction of that evidence does not constitute a waiver of the error for appellate review,holding grant or denial of motion in limine is preliminary ruling and normally preserves nothing for appellate review,holding that a party failed to preserve error by not pursuing a ruling at trial where the courts motion in limine ruling invited the party to attempt to admit the evidence during trial,holding that for error to be preserved on appeal with regard to admission of evidence in violation of a ruling on a motion in limine that the evidence is inadmissible an objection should be made at the time the evidence is offered,holding that a definitive ruling in limine preserves an issue for appellate review without the need for later objection
361,"product as a treatment for depression; Unigen and Univera further point out that Univera is in fact prohibited from doing so by FDA regulation. The question is, then, does Univera infringe Claim 16 of the '308 patent by marketing and selling, products containing 6-MBOA as a treatment for stress? In other words, is treating “stress” the same as treating “depression” as used in Claim 16? The answer depends on how the court construes the term “depression” as used in Claim 16. Several considerations are important in addressing this question. First, on a motion for a preliminary injunction in a patent infringement dispute, a court is not required to engage in a comprehensive and final claim construction See Sofamor Danek Group, Inc. v. DePuy-Motech, Inc., 74 F.3d 1216, 1221 (Fed.Cir.1996) (<HOLDING>). Further, when construing a claim term: ... a",306864,49551,2,case_hold_mc,holding that courts interpret indemnity provisions same as written contracts,holding a state court has an inescapable obligation to interpret and apply the federal statute,holding that trial courts have no obligation to conclusively and finally interpret claims when considering a preliminary injunction,recognizing that the rules of statutory construction apply when we interpret constitutional provisions,holding that insurance obligation was primary to indemnity obligation
362,"Peay, Ky., 411 S.W.2d 473 (1967); Ingersoll-Rand Co. v. Rice, n rule, stating the rule was limited to criminal cases. After the court’s ruling, Goodman used his three peremptory challenges to strike two black jurors and one white. A third black juror was seated to hear the case. It appears that after the conclusion of the case and before submission (there having been seated thirteen jurors), the single black juror was removed from the panel by lot, thus leaving the decision in the hands of twelve white jurors. To create the issue presented for our conside 349, 30 L.Ed.2d 296 (19716) (recognizing prospective application of a new rule where, inter alia, inequities might arise from retroactive application); Johnson v. New Jersey, 384 U.S. 719, 86 S.Ct. 1772, 16 L.Ed.2d 882 (1966) (<HOLDING>); Linkletter v. Walker, 381 U.S. 618, 85 S.Ct.",307723,49690,2,case_hold_mc,holding that reasonable reliance upon the old rule is an important factor supporting prospective application of the new rule,holding that the exclusionary rule does not apply to proceedings other than criminal trials,holding a court may apply a new rule in the criminal case before it but return to the old rule as to all other cases arising on facts predating the pronouncement,holding that a new rule for the conduct of criminal prosecutions is to be applied retroactively to all cases  pending on direct review  with no exception for cases in which the new rule constitutes a clear break with the past,holding that when the supreme court applies a rule of federal law to the parties before it that rule is the controlling interpretation of federal law and must be given full retroactive effect in all cases still open on direct review and as to all events regardless of whether such events predate or postdate our announcement of the rule
363,"Certification Regarding requirements for certification, a settlement class must meet the re quirements for certification under Federal Rule of Civil Procedure 23. Amchem Prods. v. Windsor, 521 U.S. 591, 620, 117 S.Ct. 2231, 138 L.Ed.2d 689 (1997). Thus, the named plaintiffs must meet the prerequisites of Rule 23(a) and at least one of the subsections of Rule 23(b). Gunnells v. Healthplan Servs., Inc., 348 F.3d 417, 423 (4th Cir.2003). The practice in this circuit is “to give Rule 23 a liberal rather than a restrictive construction, adopting a standard of flexibility in application [that] will in the particular case best serve the ends of justice for affected parties and promote judicial efficiencies.” Id. at 424 (quoting In re A.H. Robins, Co., Inc., 880 F.2d 709, 740 (4th Cir.1989) (<HOLDING>)). In the instant case, plaintiffs seek",308575,49831,3,case_hold_mc,holding rule 54b certification invalid because unaccompanied by any statement of reasons and factors underlying trial courts decision to grant certification,holding that while it is not appropriate to consider the merits in determining certification the admissibility of all evidence which has relevance to the merits is not barred if it is relevant to the purpose of refuting or supporting the existence of a class,holding that rule 54b certification order should contain specific findings setting forth reasons for certification,holding that it was proper in determining certification to consider whether certification would foster the settlement of the case with advantage to the parties and with great savings in judicial time and services,holding need certification filed after information returned was timely because the statute includes no deadline for filing a certification  and no court has imposed one
364,"has not undertaken any consumer surveys and the record contains no sworn consumer testimony. Similarly, with respect to trade dress infringement, the evidence presented by Hi-Tech does not clearly demonstrate that its trade dresses are distinctive or have acquired secondary meaning. See AmBrit, Inc. v. Kraft, Inc., 812 F.2d 1531, 1540 (11th Cir.1986) (recognizing that extensive sales and advertising alone do not necessarily establish secondary meaning). B. Irreparable Harm Even assuming that Hi-Tech had established a likelihood of success on the merits of its claims, the Court nevertheless concludes that Hi-Tech is not entitled to a preliminary injunction because it has not demonstrated a substantial threat of irreparable harm. See Siegel v. LePore, 234 F.3d 1163, 1176 (11th Cir.2000) (<HOLDING>). In its brief, Hi-Tech argued that irreparable",309426,49967,4,case_hold_mc,holding that evidence of specific competitive injury establishes irreparable injury warranting injunctive relief,holding that a court may issue injunctive relief only when the movant demonstrates four factors substantial likelihood of success on the merits irreparable harm no substantial injury to the other party and furtherance of the public interest,holding that injunctive relief may be warranted where there is a particularly strong likelihood of success on the merits even if there is a relatively slight showing of irreparable injury,holding that the movant had to establish both of the first two factors ie likelihood of success and irreparable harm to receive a preliminary injunction,holding that even when likelihood of success has been established the absence of irreparable injury standing alone makes preliminary injunctive relief improper
365,"by § 1681a(r)(5), and there was no “credit transaction” within the meaning of § 1681b(a)(3)(A). PCA, therefore, had no purpose specified as permissible under the statute to obtain Pintos’s credit report. In reaching the opposite conclusion, the district court relied on our decision in Has-bun. Hasbun presented the question of whether a government agency looking to enforce a child support judgment could obtain a credit report on a judgment debt- or under § 1681b(a)(3)(A). 323 F.3d at 802-03. The court determined that debt collection was generally a permissible purpose for obtaining credit reports under § 1681b(a)(3)(A), and that the government, which stood in the shoes of the judgment creditor, could, like any other creditor, obtain credit reports for debt collection. Id. at 803-04, 805 (<HOLDING>). Relying on Hasbun, the district court",310287,50095,2,case_hold_mc,holding that  1681ba3a applies only if the con sumer initiates a credit transaction,holding that amtrak is an agency of the government  for purposes of the constitutional obligations of government,holding that the government agency was engaged in the collection of an account under 15 usc  1681ba3a and therefore had a permissible purpose for obtaining the credit report,holding that it was not an abuse of discretion for the trial court to exclude an agency finding of no discrimination on the ground that the report would suggest to the jury that it should reach the same conclusion as the agency,holding in the context of a fcra violation that a jury could find that a consumers credit score was negatively influenced by the failure to list a debt as disputed because evidence was presented that when a credit reporting agency received notice of a dispute it records the dispute in the credit report and does not include the derogatory information in assessing the credit score
366,"over the area in common with a co-occupant who later objects to the use of evidence so obtained.” Id. at 1518. The Court, however, also held that, as between a wife’s consent to a search of the family residence and her husband’s refusal to consent, ""a physically present co-occupant’s stated refusal to permit entry prevails, rendering the warrantless search unreasonable and invalid as to him.” Id. at 1519. Comments, Model Civ. Jury Instr. 9th Cir. 9.13 (2007). 13 . See also Cal. Penal Code § 3067(d) (in the context of parole searches, noting ""[i]t is not the intent of the Legislature to authorize law enforcement officers to conduct searches for the sole purpose of harassment.”). 14 . But see Owen v. City of Independence, 445 U.S. 622, 650-52, 657, 100 S.Ct. 1398, 63 L.Ed.2d 673 (1980) (<HOLDING>); see also Gibson v. Cty. of Washoe, Nev., 290",311141,50227,3,case_hold_mc,holding that defendants are not entitled to qualified immunity,holding immunity from liability is not jurisdictional,recognizing a claim for civil liability against municipalities  under  1983,holding individual officers entitlement to qualified immunity does not immunize municipalities from monell liability,holding that qualified immunity is not merely immunity from damages but also immunity from suit
367,"Const, amend. XIV, § 1 (“nor shall any State deprive any person of life, liberty, or property, without due process of law; nor deny to any person within its jurisdiction the equal protection of the laws”) (emphasis added). Thus, the Fourteenth Amendment protects all persons, whether they can prove membership in a specially protected class or not. The Court does not, in so holding, suggest that membership in a particular class of persons is irrelevant to a determination of whether a constitutional violation has occurred. Courts must evaluate discrimination based on membership in an identified suspect class such as race, alien-age, or national origin, with the most strict scrutiny. See City of Cleburne v. Cleburne Living Center, 473 U.S. 432, 440, 105 S.Ct. 3249, 87 L.Ed.2d 313 (1985) (<HOLDING>). In contrast, the Eighth Circuit has held that",312000,50374,3,case_hold_mc,holding that the government interest in preventing crime is compelling,holding on summary judgment that a regulation is narrowly tailored to serve a significant government interest,recognizing the compelling interest in highway safety,holding that such classifications are permissible only when suitably tailored to serve a compelling state interest,holding grandparent visitation statute serves compelling state interest in maintaining grandparentgrandchild relationship where grandparents had raised child for period of time but agreeing with trial court that something more than childs best interest must be established to serve compelling state interest
368,"not find that Plaintiff has demonstrated the existence of any material issue of fact with regard to Defendants’ safety reasons for the denial of Mr. Satawa’s permit application such that the safety reasons given by Mr. Hoepfner should be discredited. “As a general matter, it is clear that a State’s interest in protecting the ‘safety and convenience’ of persons using a public forum is a valid governmental objective.” Heffron v. Int’l Soc’y for Krishna Consciousness, Inc., 452 U.S. 640, 650, 101 S.Ct. 2559, 2565, 69 L.Ed.2d 298 (1981); Schenck v. Pro-Choice Network of W.N.Y., 519 U.S. 357, 376, 117 S.Ct. 855, 866, 137 L.Ed.2d 1 (1997); Long Beach Area Peace Network v. City of Long Beach, 574 F.3d 1011, 1022 (9th Cir.2009), cert. denied, — U.S. —, 130 S.Ct. 1569, 176 L.Ed.2d 110 (2010) (<HOLDING>). As this Court previously observed, “even",312859,50512,3,case_hold_mc,holding a state has a substantial interest in regulating the practice of law within the state,recognizing the public interest exception,holding pennsylvania statute regulating subrogation is a law regulating insurance,recognizing a somewhat greater governmental interest in regulating expressive activity on city streets because of the public safety concerns raised by vehicular traffic,recognizing governmental interest in rehabilitation
369,"Bus. Mach. Corp. v. Liberty Mut. Fire Ins. Co., 303 F.3d 419, 424 (2d Cir.2002) (quoting Continental Cas. Co. v. Rapid-Am. Corp., 80 N.Y.2d 640, 648, 593 N.Y.S.2d 966, 609 N.E.2d 506 (1993)). Accord Automobile Ins. Co. of Hartford v. Cook, 7 N.Y.3d 131, 137, 818 N.Y.S.2d 176, 850 N.E.2d 1152(2006). 94 . Maryland Cas. Co. v. Continental Cas. Co., 332 F.3d 145, 160 (2d Cir.2003) (quoting Continental, 80 N.Y.2d at 648, 593 N.Y.S.2d 966, 609 N.E.2d 506). Accord Feldman Law Grp. P.C. v. Liberty Mut. Ins. Co., 819 F.Supp.2d 247, 256-57 (S.D.N.Y.2011) (noting that New York law permits consideration of facts extrinsic to the four comers of the complaint in determining a duty to defend); Fitzpatrick v. American Honda Motor Co., Inc., 78 N.Y.2d 61, 67, 571 N.Y.S.2d 672, 575 N.E.2d 90 (1991) (<HOLDING>). 95 . See Auriemma v. Biltmore Theatre, LLC,",313713,50654,4,case_hold_mc,holding despite authority for the general proposition that the duty to defend is determined based on the allegations of the complaint that an insurer had no duty to defend where the underlying claim was covered by the policy based on the facts pleaded in complaint but other facts not appearing in the complaint excluded coverage,holding that once a plaintiff has pled facts in the complaint indicating that the statute of limitations is a complete or partial bar to an action it is incumbent upon the plaintiff to plead either in the complaint or in amendments to it facts establishing an exception to the affirmative defense,holding that the insurer had no duty to defend the insured because the allegations of the initial complaint did not allege facts which would bring the case within the coverage of the title insurance policy,holding that when the insurer takes the position that the policy does not cover the complaint the insurer must 1 defend the suit under a reservation of rights or 2 seek a declaratory judgment that there is no coverage if the insurer fails to take either of these actions it will be estopped from later raising policy defenses to coverage,holding that rather than mechanically applying only the four corners of the complaint rule  the sounder approach is to require the insurer to provide a defense when it has actual knowledge of facts establishing a reasonable possibility of coverage
370,"impact’ upon the duration of his custody.” Bourke v. Hawk-Sawyer, 269 F.3d 1072, 1074 (D.C.Cir.2001) (quoting Razzoli v. Federal Bureau of Prisons, 230 F.3d 371, 373 (D.C.Cir.2000)) (“habeas is indeed exclusive even when a non-habeas claim would have a merely probabilistic impact on the duration of custody.”). In Razzoli, the Circuit Court held that a prisoner could not assert a claim under the Privacy Act because his only recourse was to seek relief through a habeas petition. 230 F.3d at 376. As in this case, the prisoner’s Privacy Act claim in Razzoli alleged that the Bureau of Prisons and the Parole Commission had “violated 5 U.S.C. § 552a(e)(5) by maintaining in their files and using a false record, [a] report of [a] drug possession incident, even though the .C.Cir.1988) (<HOLDING>). In this case, as in Razzoli and Bourke,",314568,50798,2,case_hold_mc,holding that inclusion of a general release was merely a suggestion of how to terminate the lawsuit and that acceptance was not qualified on use of the specific release and party was willing to discuss the terms of a release,holding that where the capital defendants future dangerousness is at issue and state law prohibits the defendants release on parole due process requires that the sentencing jury be informed that the defendant is parole ineligible,holding that federal prisoners claim was properly filed as an action for habeas although he was not laying claim to an immediate release or release in the near future he is however maintaining that he is being deprived of the chance to secure his release  by unlawfully being declared ineligible for parole consideration,holding that habeas petition challenging the state boards decision to defer his scheduled parole release date was rendered moot by prisoners release from custody on parole and subsequent incarceration for violating his parole,holding that release discharges only persons named in or sufficiently described by terms of release
371,"Suggesting an Initial Written Warning."" At the end of that list, Policy 210 warns, ""Repeated violations of any of the above examples or other more serious offenses will result in more extreme disciplinary action, up to and including termination of employment."" Policy 210 then provides thirteen ""Examples of Misconduct Suggesting Termination."" The misconduct section of Policy 210 states, ""Misconduct, depending on its seriousness, will generally be addressed by means of written warning ... or other discipline up to and including termination."" Thus, the misconduct provisions of Policy 210 indicate that NCR retains some discretion as to when and whether to provide a written warning before terminating an employee. See Sanderson v. First See. Leasing Co., 844 P.2d 308, 306 (Utah 1992) (<HOLDING>). €89 With respect to performance issues,",315413,50937,1,case_hold_mc,holding failure to follow progressive discipline policy does not constitute pretext when employer reserves right to fire atwill employees without notice,holding that the statement in the employers progressive discipline policy that in situations where employee behavior warrants immediate termination the stages of this process do not need to be followed granted the employer unbounded discretion to discharge employees without following the guidelines,holding no pretext for not following progressive discipline where policy contemplated immediate termination for certain offenses,holding the employer breached the duty owed to its employee by erroneously advising the employee he would continue to have coverage for 30 days following his termination of employment under the employers group policy,holding failure to follow progressive discipline does not demonstrate pretext when use of the policy is entirely discretionary
372,"exchange or giving away of [controlled substances] ... ****** (b) Property subject to forfeiture under this act may be seized by any law enforcement officer upon process issued by any district court having jurisdiction over the property. Seizure by a law enforcement officer may be made without process if: ****** (3) there is probable cause to believe that the property was used in violation of this act K.S.A. 65-4135(a)(4) and (b)(3). Once property is seized pursuant to subsection (b)(3), proceedings pursuant to K.S.A. 65-4171 must be implemented promptly. K.S.A. 65-4135(c). The court notes that K.S.A. 65-4135 is virtually identical to the federal forfeiture statute, 21 U.S.C. § 881. See State ex rel. Love v. One 1967 Chevrolet El Camino, 247 Kan. 469, 473, 799 P.2d 1043 (1990) (<HOLDING>). Regarding the federal statute, courts have",316261,51066,0,case_hold_mc,recognizing that the two statutes are nearly identical,holding that trial judge is legally correct in dismissing declaratory action when two actions are substantially the same issues were identical and the identical action was still pending,holding that though mississippi law governs the amount of the fee award here because the factors considered under state and federal law are nearly identical both state and federal cases are instructive,holding these two statutes are not criminal offenses and only affect sentencing,holding that substantive aspects of claims under federal discrimination statutes and fcra are identical
373,"other than article 42.12, section 5 of the same code. Therein, the legislature stated that matters involving conviction and punishment had to be appealed immediately after the defendant was placed on probation. Tex.Code Crim. Proc. Ann. art. 42.12, § 23(b) (Vernon Supp.1999). Once probation is revoked, however, the complainant “may appeal the revocation.” Id. From this it follows that when the legislature said the accused “may appeal the revocation” it meant that he can only appeal matters relating to the revocation itself. See, e.g., Keith v. State, 916 S.W.2d 602, 608 (Tex.App.—Amarillo 1996, no pet.) (concluding that the time to appeal the conditions of one’s probation is at the time the complainant is granted probation); Standley v. State, 517 S.W.2d 538, 541 (Tex.Crim.App.1975) (<HOLDING>). And, whether one was granted an opportunity",317111,51201,4,case_hold_mc,holding where party fails to challenge specificity of pleading it waives right to claim that pleading fails to meet legal requirements,holding right to be fundamental,holding that a defendant who fails to object to trial error forfeits his right to appellate review unless he can establish fundamental error,holding that plain error review applies when a party fails to raise a claim before the district court,holding that absent fundamental error one who fails to appeal when placed on probation waives his right to review
374,"United States, 780 F.2d 198, 199 & n. 2 (2d Cir.1985). While civilians were also allowed in the club, this did not vitiate the benefit provided to appellant through the club by virtue of his military service. Appellant was subject to military discipline and control while at the club. As the district court noted, the uncontradict-ed evidence in this case shows that the club is under the operational control of the Fort Riley base commander. The commander has the authority to suspend, ter- mínate or deny privileges of servicemen to participate in such activities if he deems it in the best interests of the activity, the installation, or the Army. Numerous Army regulations govern the establishment and operation of nonappropriated fund instru-mentalities such as the club. See also id. at 199 (<HOLDING>). We conclude that this case more closely",317968,51333,3,case_hold_mc,holding that universitys amendment of regulation made moot a challenge to regulations,holding that a conviction for receiving stolen property based on possession must be vacated because it involved the same act constituting theft based on retaining property,holding that courts must defer to executive branch regulations implementing statutes so long as agencys regulation is based on a permissible construction of the statute,holding based on army regulations that club constituting nonappropriated fund instrumentality was under military regulation and control,holding that the challenge to a university regulation was moot because the regulation had been substantially amended
375,"regulatory and dictionary definitions of “nominal”). The plaintiff asserts that the Secretary’s approval of the Maine HMP exceeds the Secretary’s statutory authority in violation of the APA. See Compl. ¶¶ 7, 59. Additionally, the plaintiff argues that the Secretary abused his discretion in approving “nominal” copayments that exceed the Secretary’s own regulatory definition of what constitutes a “nominal” copayment. See 5 U.S.C. § 706(2)(A), (C); Compl. ¶¶ 4-5, 23, 55-58; PL’s Mot. for Summ. J. at 28. Specifically, the plaintiff claims that it was an abuse of discretion for the Secretary to approve the HMP because it includes unlawfully high copayments. See PL’s Mot. for Summ. J. at 28 (quoting Union of Concerned Scientists v. Nuclear Regulatory Comm’n, 711 F.2d 370, 381 (D.C.Cir.1983)) (<HOLDING>). In this case, the defendants argue that the",318824,51473,1,case_hold_mc,recognizing that deference to an agencys interpretation of the written law is appropriate only when that interpretation is within the written laws language,holding that when an agencys interpretation of its own rules flies in the face of the language of the rules themselves it is owed no deference,holding that deference is owed to an agencys interpretation of its own categorical exclusion regulations so long as that interpretation is not plainly erroneous or inconsistent with the regulation,holding that deference is owed to state agencys interpretation of state law,holding that an agencys interpretation of its own regulations is entitled to deference
376,"and Defendants, therefore, terminated her employment without notice and an opportunity to be heard. A § 1983 claim for deprivation of procedural due process has three elements: “(1) a deprivation of a constitutionally-protected liberty or property interest; (2) state action; and (3) constitutionally-inadequate process.” Grayden v. Rhodes, 345 F.3d 1225, 1232 (11th Cir.2003). Thus, the Due Process Clause protects one’s job only where one has a property right in that job. Cleveland Bd. of Educ. v. Loudermill, 470 U.S. 532, 541, 105 S.Ct. 1487, 84 L.Ed.2d 494 (1985). Defendants do not dispute that Plaintiff was a non-probationary employee in Alabama’s classified service and, therefore, had a property interest in her position. See Ex parte Moulton, 116 So.3d 1119, 1133-35 (Ala.2013) (<HOLDING>) (quoting Bd. of Regents v. Roth, 408 U.S. 564,",319684,51606,4,case_hold_mc,recognizing that plaintiff can bring action under due process clause of state constitution,holding that the due process clause protects only those liberty interests created by the state,holding that a state agency created under state law was a state actor,holding that whether children are legitimate for purposes of entitlement to insurance benefits is determined by state law,holding that the federal due process clause protects a state employee who under state law has a legitimate claim of entitlement to state employment
377,"the guerillas knocked on the door of the house that Mendez was staying in. He escaped out a back window and ran away. As he ran, they shot him. Fortunately, his wound was a nonfatal one to his left arm. Mendez fled El Salvador for the United States to avoid being killed. 2. Despite concluding that Mendez was credible and had “articulated a social group which is visible within Salvadoran society as affiliation with the army during the civil war period,” the Board concluded that Mendez’s description of these events were “too vague” to establish that he was “individually targeted.” This conclusion is not backed by “substantial evidence,” because no reasonable fact-finder could conclude that Mendez was not individually targeted. Ruano v. Ashcroft, 301 F.3d 1155, 1159-61 (9th Cir. 2002) (<HOLDING>). A reasonable fact-finder would have to",320539,51737,3,case_hold_mc,holding that a plaintiff who did not show that he was paid at a lower rate than similarly situated employees could not survive summary judgment,holding that potential class members are similarly situated to the named plaintiffs if they are similarly situated with respect to their job requirements and pay provisions,holding that fourth element of a prima facie case is satisfied when the employees who were more favorably treated were situated similarly to the plaintiff,holding that a similarly situated petitioner was perse cuted when he was repeatedly threatened with death  and hunted down albeit unsuccessfully by men with pistols who were out to harm him,holding that employee who violated a different policy of the store than plaintiff was not similarly situated
378,"of the Forfeiture Action The first question presented on this appeal is whether administrative forfeiture actions brought within the 120-day time period sufficiently comply with the letter of the law, as provided in § 924(d)(1), when the judicial proceedings are not brought also within the permissible 120 days. Section 924(d)(1) provides, in part: “Any action or proceeding for the forfeiture of firearms or ammunition shall be commenced within one hundred a 738, 741 (S.D.Tex.1998), aff'd, 54 Fed. Appx. 405, 2002 WL 31688616, at *1 (5th Cir. Oct.28, 2002) (concluding that the statute required “either an administrative forfeiture proceeding or a judicial forfeiture action within 120 days of a seizure”); United States v. Fourteen Various Firearms, 889 F.Supp. 875, 877 (E.D.Va.1995) (<HOLDING>); United States v. Twelve Miscellaneous",321390,51875,2,case_hold_mc,holding in pertinent part that this court lacked jurisdiction to hear the appeal,holding that the appellate court had jurisdiction to hear the interlocutory appeal on a restraining order and the district court retained jurisdiction to proceed with the trial,holding that the district court lacked jurisdiction to hear the case because both the administrative and the judicial forfeiture actions were not commenced within the 120day timeframe,holding the appellate court lacked jurisdiction to hear an appeal where the circuit court had the power to remand the agency decision for further proceedings,holding that the lower court lacked jurisdiction to hear the case because it was filed without proper authority
379,"and not to whether one or more conspiracies existed.” Broce, 781 F.2d at 796 (citing Launius v. United States, 575 F.2d 770 (9th Cir.1978)). 9 . We emphasize, however, that none of our cases interpreting Menna has been faced with the question of whether, consistent with Menna, a double jeopardy claim may be waived by the kind of deliberate relinquishment of a known right which the Supreme Court first described in Johnson v. Zerbst, 304 U.S. 458, 58 S.Ct. 1019, 82 L.Ed. 1461 (1938). See United States v. Broce, 781 F.2d 792, 802 (10th Cir.1986) (Seymour, J., concurring in part and dissenting in part) (suggesting that a ""deliberate decision to relinquish a legal claim"" within the meaning of Johnson v. Zerbst should constitute a waiver of a double jeopardy claim); Launius, 575 F.2d at 772 (<HOLDING>). For example, we have never been faced with a",322236,52002,4,case_hold_mc,holding that the waiver in two previous contracts was insufficient to support waiver of the contract at issue in that appeal,holding that the word waiver is not required to waive a right even when a statute requires clear and unmistakable evidence of waiver,holding that the constitutional protection against double jeopardy may be waived pursuant to a bargainedfor plea,holding that a defendant and his attorney are a single entity with respect to double jeopardy waiver,holding that when the court in menna suggested that a double jeopardy claim may be waived it is clear that the court was referring not to waiver conclusively presumed from a guilty plea but to waiver as defined in johnson v zerbst
380,"commentary to section 4A1.2 defines “prior sentence” as “a sentence imposed pri- or to sentencing on the instant offense, other than a sentence for conduct that is part of the instant offense.” U.S.S.G. § 4A1.2, comment. (n.l). Here, Appellant’s state court sentence was imposed in April of 1993, prior to his August 30, 1993, sentencing on the instant offense. Whether his conduct in selling cocaine qualifies as conduct that was part of the instant offense presents an issue of first impression in this circuit. Other circuit courts of appeal that have considered the issue have decided the appropriate inquiry is whether the “prior sentence” and the instant offense involve conduct that is severable into two distinct offenses. See, e.g., U.S. v. Beddow, 957 F.2d 1330, 1338-39 (6th Cir.1992) (<HOLDING>); U.S. v. Banashefski, 928 F.2d 349 (10th",323096,52148,3,case_hold_mc,recognizing money laundering as a predicate act under rico,recognizing that deadly weapon finding may be made even when weapon used is unknown,holding that venue did not he in virginia for money laundering that occurred in florida de spite the fact that the money was embezzled in virginia,holding that defendants state conviction for carrying a concealed weapon was not part of the instant federal money laundering offense even though the concealed weapon was found at the time of defendants arrest for attempting to carry out money laundering scheme,holding that rule 3702d12 does not apply to convictions for possession of firearm and carrying concealed weapon when unrelated to commission of any additional substantive offenses
381,"pill bottles, and that drug users “usually” buy one piece of crack cocaine, rather than more than one “individual sale-type pieces.” The investigator’s testimony, however, was an insufficient basis upon which to predicate Hicks’s conviction. Storing drugs in a pill bottle for quick disposal, and possessing an unidentified number of sales-size pieces of the drug, without more, equally supports the hypothesis that the person found with the drugs was a user rather than a dealer. See, e.g., Bethea v. State, 220 Ga. App. 800, 801-802 (1) (470 SE2d 328) (1996) (possession of rocks of cocaine, without more, was insufficient to support inference that defendant intended to distribute the cocaine); Anderson v. State, 215 Ga. App. 426, 427-428 (1) (451 SE2d 103) (1994) (physical precedent only) (<HOLDING>). Decided October 6, 2008. Ronald R. Parker,",323951,52285,2,case_hold_mc,holding the large quantity of drugs sufficient evidence of intent to distribute,holding that there was sufficient evidence of intent to sell or deliver where the defendant was in possession of one large cocaine rock and eight smaller rocks,holding there was insufficient evidence to prove intent to distribute where the defendant dropped a plastic bag containing loose white rocks of cocaine and there was no other indicia of the defendants intent such as the drugs being packaged in smaller baggies,holding that defendants collective possession of plastic baggies beepers and scales  in conjunction with other evasive action  was sufficient evidence for jury to find conspiracy to distribute and possess cocaine beyond reasonable doubt,holding no unfair prejudice from admission of conviction for possession of 50 to 200 pounds of marijuana with intent to distribute as evidence of intent to distribute cocaine
382,"De Santamaria v. United States Att’y Gen., 525 F.3d 999, 1008-10 (11th Cir.2008) (finding persecution where alien received numerous death threats, was dragged by her hair out of her vehicle, and was later kidnapped and beaten); Delgado v. United States Att’y Gen., 487 F.3d 855, 859-61 (11th Cir.2007) (per curiam) (finding persecution based on cumulative effect of two beatings, continued threatening phone calls, and two instances of the alien’s car being vandalized with political graffiti); Niftaliev v. United States Att’y Gen., 504 F.3d 1211 (11th Cir.2007) (finding that the cumulative effect of numerous beatings, arrests, searches, and interrogations, culminating in a fifteen-day, food-deprived detention compelled a finding of past persecution). Notwithstanding the (8th Cir.2004) (<HOLDING>); Dandan v. Ashcroft, 339 F.3d 567, 573-74 (7th",324808,52419,1,case_hold_mc,holding that harassment threats and one beating did not constitute persecution,holding that two beatings which were four years apart lasted only a few hours each and did not result in serious injury did not constitute persecution,holding that court was not compelled to find past persecution or a wellfounded fear of persecution where the petitioner was arrested detained for four hours and experienced some physical mistreatment,holding that a chiropractor was not in custody for miranda purposes despite an ensuing interview which lasted nearly seven hours,holding that two arrests and repeated beatings constituted persecution
383,"residents in ICF/MR units to receive “active treatment,” as is required by 42 U.S.C. § 1396d(d)(2) and 42 C.F.R. § 483.440. Moreover, neither the Complaint nor the Consent Decree sought to require STS to consider all residents for community placement. Finally, neither the Complaint nor the Consent Decree sought to enjoin STS from issuing DNR orders. Each of the above remedies is sought by plaintiffs in the instant case. Thus, in the instant case there is manifest evidence that the statutory structure of CRI-PA prevented the Justice Department from pursuing all of the causes of action and types of relief which are available to the plaintiffs. For this reason, plaintiffs’ claims are not barred under res judicata. See Burka v. New York City Transit Auth., 32 F.3d 654, 658 (2nd Cir.1994) (<HOLDING>). B. Absence of Privity Literal privity need",325665,52543,0,case_hold_mc,holding that res judicata is not applicable to a claim for relief that was unavailable in the earlier action,holding that res judicata does not bar those claims that arose after the original pleading is filed in the earlier proceeding,holding that res judicata applies in deportation proceedings,holding that res judicata did not preclude the subsequent filing of an action which was a permissive claim in a prior action,holding that the doctrine of res judicata is applicable to defenses that could have been raised in a prior action
384,"620, 622 (La.App.1967) (same). Takings of temporary easements are measured differently. A landowner must be compensated for the loss of use of property taken by a temporary easement and any impairment of access to the property during the period of construction. Miczek v. Commonwealth, 32 Mass.App. Ct. 105, 108, 586 N.E.2d 1004, 1005 (1992) (involving temporary slope easement). Some courts have held that the damages are equal to the rental value of the property for the period of occupation. 4 Nichols at § 12E.01. This is commonly measured by the rental value of the property as a whole. See Paddock v. Town of Durham, 110 N.H. 106, 108, 261 A.2d 438, 441 (1970); 4A Nichols at § 14.2462. Cf. Kimball Laundry Co. v. United States, 338 U.S. 1, 8, 69 S.Ct. 1434, 1439, 93 L.Ed. 1765 (1949) (<HOLDING>). E. Miscellaneous Damages are to be measured",326522,52683,0,case_hold_mc,holding that the proper measure of compensation in a temporary taking is the rental value that probably could have been obtained,holding that fair market value was proper measure of damages for stock brokers breach of margin agreement caused by sale of plaintiffs shares without authorization noting that generally speaking fair market value is proper measure of damages for breach of contract relating to sale of goods which have an ascertamable value on the market,holding failure to raise issue of improper measure of damages in trial court waived review of complaints that proper measure of damages was not submitted to jury and that plaintiff failed to present evidence on the proper measure,holding that the proper measure of damages to repair defects for a building contract that has not been substantially performed is the contractually agreed upon measure of damages,holding that the proper measure of damages was the present value of all unaccrued payments that the plaintiff would have received if the contract had been performed
385,"are also supported by the evidence. The witness paid elose attention to the burglar. She was not frightened by him, but instead focused upon his face in an attempt to determine who he was. Cf. State v. LeClair, 118 N.H. 214, 220, 385 A.2d 831, 834 (1978) (implying that the fact that the witness was “scared” and acted “like he was in shock” at the time of the robbery would have lessened the degree of attention he paid to the features of the suspect). Her identification of the defendant should not be discounted simply because she is not a police officer specially trained to observe details. Further, her description of the burglar, although lacking in some details, substantially agreed with the defendant’s appearance. See State v. Heald, 120 N.H. 319, 323, 414 A.2d 1288, 1290 (1980) (<HOLDING>); see also State v. Allard, 123 N.H. 209, 214,",327377,52829,3,case_hold_mc,holding that selfinterested witnesses can be reliable when they provide detailed testimony that is corroborated by other witnesses or facts,holding that material for witnesses need not be produced to defendant where the witnesses were not called as government witnesses at trial,holding that the government had established necessity for wiretaps despite its use of three cooperating witnesses because those witnesses were able to give agents only limited information not including the names of all members of the conspiracy,holding that the descriptions given by three witnesses were sufficiently accurate despite the fact that they varied in detail,holding where the plaintiff presented evidence which demonstrates that the terms alleged by the defendants to be indefinite were in fact sufficiently well delineated to all parties the entry of judgment notwithstanding the verdict in favor of the defendants was inappropriate despite the fact that the defendants contested the plaintiffs evidence concerning the manner in which the relevant contractual language should be construed
386,"could be reached was made. A juror responded, “No, sir, we haven’t been able so far. Judge, we stand 11 to 1.” Gidley, supra, at 114, 95 So. 330. With this knowledge the judge proceeded to give a modified “Allen charge” which contained patently coercive language. At one point the judge stated, “The business of the courts cannot be disposed of by mistrials.” Gidley, supra at 114, 95 So. 330. In the case at bar, the court gave no “Allen charge” and did not admonish the jury to reach a verdict. The judge’s inquiry in this case was made for the purpose of determining the practicability of allowing the jury, which had requested a review of some of the testimony, more time for deliberation. We find no reversible error here. See also, Orr v. State, 269 Ala. 176, 111 So.2d 639 (Ala.1959) (<HOLDING>); Ex Parte Morris, 465 So.2d 1180, 1183-84",328232,52976,1,case_hold_mc,holding that party who noted issue and made several broad conclusory statements on appeal waived argument for failure to develop,holding that several coercive statements made in combination required reversal,holding that a statement that the jurors were not required to reach a verdict but should try to do so was not coercive,holding that allen charge given by court was coercive and required a new trial,holding that failure to give explanation of allegations required reversal
387,"944, 565 N.E.2d 215, 218-19 (1990). As the Court already has discussed, none of Cottrell’s diverse co-Defendants in this case have been fraudulently joined to defeat diversity. To the extent there is any question about the citizenship of the Allen Cassens Trust, the Albert Cassens Trust, Albert Cassens, Mark Shashek, Marysville Releasing, Inc., Bankhead Transportation Equipment Company, and Bankhead Enterprises, Inc., for diversity purposes, it would have been apparent to Cottrell upon service of the Younts’ operative complaint that those Defendants were due to be dismissed from the case under the “seller’s exception” to 735 ILCS 5/2-621, at least with respect to the Younts’ products liability claims. See Caterpillar, Inc. v. Usinor Industeel, 393 F.Supp.2d 659, 684-85 (N.D.Ill.2005) (<HOLDING>); Link v. Venture Stores, Inc., 286 Ill.App.3d",329083,53127,0,case_hold_mc,holding that section 2621 does not apply to claims for breach of warranty,holding that warranty claim accrued at tender where 180 day warranty on computer not a warranty for future performance as it involved a remedy only,holding that fifra preempts breach of warranty claims based on labeling,holding that passenger cannot maintain action for breach of implied warranty to provide safe passage,holding plaintiff had to commence his breach of implied warranty action under the dtpa within two years because tjhis special statute of limitations denies plaintiffs alternative proposal of entitlement to recover for breach of the common law implied warranty
388,"“insurer” technically is considered part of the “business of insurance” is not material. Barnett Bank, at -, 116 S.Ct. at 1111 (“The word 'relates’ is highly general, and this Court has interpreted it broadly in other pre-emption contexts.”). Thus, for example, the Internal Revenue Service is not part of the “business of insurance,” and yet we have held that a Treasury Regulation, which resulted in a tax on insurance companies, rendered the MeCarran-Ferguson Act “inapplicable by its own terms.” See Hanover Ins. Co. v. Commissioner, 598 F.2d 1211, 1219 (1st Cir.), cert. denied, 444 U.S. 915, 100 S.Ct. 229, 62 L.Ed.2d 169 (1979); see also Texas Employers’ Ins. Ass’n v. Jackson, 820 F.2d 1406, 1414-15 (5th Cir.1987), cert. denied, 490 U.S. 1035, 109 S.Ct. 1932, 104 L.Ed.2d 404 (1989) (<HOLDING>). Therefore we conclude that Congress expressly",329942,53254,3,case_hold_mc,holding that legislature clearly intended that workers compensation act and unemployment security act be construed together thus prohibiting worker from receiving both unemployment compensation and workers compensation payments for same period,holding that rule 6e did not extend the period in which a workers compensation carrier was required to pay a compensation award under the longshore and harbor workers compensation act where the act required payment within ten days of filing of the order as opposed to within ten days of service of notice provided for in the rule,holding that the trial courts authority to initiate workers compensation benefits before the final adjudication was not divested by the legislature and was consistent with the stated purpose of the workers compensation act,holding that the longshore and harbor workers compensation act specifically relates to business of insurance,holding that an injured workers initial election to seek state compensation does not implicate the exclusivity provision to preclude the worker from later seeking compensation under the longshore act
389,"with the Federal Energy Regulatory Commission and learned that the federal license ""will not change upon renewal."" 4 . The position statement included an Administrator's Memorandum, dated June 19, 1986, indicating how regional offices should handle approval of permits for hydropower purposes. The memorandum indicates that when dealing with a hydropower application coming within FERC jurisdiction, departmental staff need to be aware of FERC licensing conditions for the facility in question. An attachment to the memorandum shows standard conditions of approval for a state water rights permit and the language of one of such conditions is that which was incorporated into the license at issue in this case. The memorandum notes that an applicant ""can request Department action on 0-41 (1969) (<HOLDING>). 7 . It was also after the enactment of I.C. §",330799,53391,3,case_hold_mc,holding that simply because claimants had diverted the entire run of the water at issue did not give them the ability to claim a right to all the water when they could not and had not put it to beneficial use,holding that until the state issues a certificate of appropriation any right to use the water remains inchoate,holding that a water right is a property right created by a person appropriating unappropriated water and applying it to a beneficial use,holding that the legislative assembly intended the water right certificate not the permit even when followed by a beneficial use to mark the point at which a water right becomes vested,recognizing the right to use water to generate power
390,"8117 (one year); Ga.Code.Ann. § 9-2-61 (six months); 735 Ill.Comp.Stat. 5/13-217 (one year); Ohio Rev.Code Ann. § 2305.19 (one year); Tenn.Code.Ann. § 28-1-105 (one year); N.Y.C.P.L.R. § 205(a) (McKinney 1990) (six months); W.Va.Code § 55-2-18 (one year). A plaintiff should not be permitted to extend the re-filing period beyond the limitations period fixed by section 16.064 by filing one or more discretionary appeals which are later dismissed. Therefore, if presented with the facts of this case, it is likely that the Texas Court of Appeals would hold that a dismissal becomes “final” after it is affirmed on appeal, not after discretionary appeals, such as petitions for rehearing or a writ of certiorari, are denied. Cf. Click v. Ballentine Produce, Inc., 397 F.2d 590, 594 (8th Cir.1968) (<HOLDING>); Lehman Bros. v. Hughes Hubbard & Reed,",331660,53525,0,case_hold_mc,holding that filing of petition for writ of certiorari did not prevent judgment from becoming final for purposes of limitations period of missouri savings statute which provided that plaintiff who suffers nonsuit in wrongful death action may commence new action within one year thereafter,holding new mexico statute of limitations for filing a  1983 action is three years,holding it is settled that the supreme court may consider questions raised on the first appeal after which the court denied a petition for a writ of certiorari as well as those that were before the court of appeals upon the second appeal after which the court granted a petition for a writ of certiorari internal quotation marks omitted,recognizing the right to petition for writ of certiorari as a form of appellate review,holding that the oneyear period begins to run after the time for filing a petition for a writ of certiorari has expired
391,"“[t]he inquiry [whether a duty of care exists] involves a weighing of the relationship of the parties, the nature of the risk, and the public interest in the proposed solution.” Goldberg v. Housing Auth. of Newark, 38 N.J. 578, 583, 186 A.2d 291 (1962). We have also made clear that, [i]n most eases, the justice of imposing such a duty [of care] is so clear that the cause of action in negligence is assumed to exist simply on the basis of the actor’s creation of an unreasonable risk of foreseeable harm resulting in injury. In fact, however, more is needed, “more” being the value judgment, based on an analysis of public policy, that the actor owed the injured party a duty of reasonable care. [Kelly v. Gwinnell, 96 N.J. 538, 544, 476 A.2d 1219 (1984) (citation omitted) (emphasis supplied) (<HOLDING>).] It is beyond question that “[a] cause of",332514,53660,3,case_hold_mc,holding that provisions in a subcontract incorporating a prime contract for a limited purpose are limited only to those that are applicable,holding that the tort threshold requirement njsa 39670n is not applicable if the injury to a qualified claimant is caused by a hit and run motorist,holding a sentence is not limited to period of incarceration,holding limited by njsa 2a1557,holding a writ was appropriate when the authorization was not limited as to time and not limited to specific healthcare providers
392,"of his mental illness. Both the ADA and the appellant’s counsel spent considerable time discussing insanity and mental illness. During voir dire, the ADA admitted the appellant was mentally ill. The record reflects that the appellant’s only-defense to the State’s murder allegation was the insanity defense. Accordingly, the appellant was entitled to question the veni-re on how they might give effect to mitigating evidence of insanity, mental illness, mental defect, and other elements of the anticipated defense. See Shipley v. State, 790 S.W.2d 604, 609 (Tex.Crim.App.1990). The appellant should have been allowed to question the prospective jurors about their feelings on punishment and whether they could consider probation. See Mathis v. State, 576 S.W.2d 835, 839 (Tex.Crim.App.1979) (<HOLDING>). Although the majority acknowledges that",333371,53809,0,case_hold_mc,holding the trial court abused its discretion by refusing to allow a question to prospective jurors on their feelings against recommending probation as punishment in a murder case,holding the trial court abused its discretion by refusing to allow a question seeking to determine bias or prejudice in favor of the victim because she was a nun,holding trial judge was at the very limit of his discretion in refusing to remove prospective jurors for cause,holding trial court abused its discretion by refusing to allow questions regarding victims status as a child,holding trial court abused its discretion by refusing to conduct hearing and render decision on motion
393,"6 . 29 U.S.C. § 1144(b). 7 . 29 U.S.C. § 1144(a). See Kentucky Ass'n of Health Plans, Inc. v. Miller, 538 U.S. 329, 341-42, 123 S.Ct. 1471, 155 L.Ed.2d 468 (2003) (defining elements required to satisfy the clause). 8 . Jordan v. Northrop Grumman Corp. Welfare Plan, 370 F.3d 869, 875-76 (9th Cir.2004). We review the district court’s choice of the standard of review de novo. Id. To the extent the plaintiffs question the district court’s ability to renew Reliance’s summary judgment motion, we note that the plaintiffs faced the complete dismissal of their complaint when Reliance first made its motion and briefed all relevant issues. In these circumstances, renewal of the motion was not inappropriate. 9 . See Pegram v. Herdrich, 530 U.S. 211, 223, 120 S.Ct. 2143, 147 L.Ed.2d 164 (2000) (<HOLDING>). 10 . See Sandy v. Reliance Standard Life Ins.",334222,53933,0,case_hold_mc,holding that an agreement may provide elements of a plan by setting out rules under which beneficiaries will be entitled to care,holding that nonsignatory settlor and trust beneficiaries could be compelled to arbitrate under account agreement between trustee and merrill lynch which contained an arbitration clause because agreement was the underlying basis for all the claims of the beneficiaries and there would have been no claims without the agreement,holding that the proceeds of a pension plan could be garnished after they had been paid out to the beneficiaries,holding that beneficiaries of an alleged will may recover reasonable expenses and attorneys fees when defending a will in good faith,recognizing that there may be multiple beneficiaries of federal programs
394,"Statement. They were, however, obtained prior to this Court’s actual approval of the Amended Disclosure Statement, which occurred on December 19, 2008 (i.e. at the joint hearing on approval of the Amended Disclosure Statement and the Amended Plan). Although typically a disclosure statement should be approved before the proponent solicits votes for the plan, here the premature solicitation was harmless and, as noted by the Bankruptcy Court for the Northern District of Georgia, a harmless failure to comply with § 1125’s solicitation requirements “is not necessarily fatal to the success of a Chapter 11 reorganization.” In re N.W. Recreational Activities, Inc., 8 B.R. 10, 12 (Bankr.D.Ga.1980); see also First Am. Bank of N.Y. v. Century Glove, Inc., 81 B.R. 274, 278-80 (D.Del.1988) (<HOLDING>). Pursuant to 11 U.S.C. § 105(d)(2)(B)(vi),",335079,54078,4,case_hold_mc,holding that order denying confirmation of plan became final when upon being notified that the debtors did not intend to seek confirmation of an alternate plan the court dismissed their case,holding such agreements to be per se illegal,holding that per se statutory rule is not permissible under fourth amendment,holding hearing in chambers was not per se a violation of due process,holding that a plan proponents failure to obtain court approval of solicitation materials is not per se fatal to the confirmation process
395,"his failure to appear personally at the hearing. This distinguishes this case from cases where a party never appears in an action, and a default judgment is granted at trial. See, e.g., Ladson v. BPM Corp., 2004 S.D. 74, ¶¶ 22-25, 681 N.W.2d 863, 869 (upholding a default judgment granted to the plaintiff at trial where the defendant corporation never answered the complaint or otherwise appeared in the action by counsel as required by law and as repeatedly instructed by the circuit court). 6 . Accord Bloch v. Bentfield, 1 Ariz.App. 412, 403 P.2d 559, 564 (1965) (""When a case is regularly called for trial, the trial may proceed although one party does not appear and this is not a hearing as by default.”); Heidary v. Yadollahi, 99 Cal.App.4th 857, 121 Cal. Rptr.2d 695, 699 (2002) (<HOLDING>); Ohio Valley Radiology Assocs., Inc. v. Ohio",335928,54208,4,case_hold_mc,holding that despite failure to appear for trial default could not be entered without notice to defendant,holding that trial court must make entry of default prior to entry of default judgment and court may not make entry of default when there is no default in law or in fact,holding that default judgment was not warranted where the defendant answered late but answered,holding that the trial court was without authority to set aside entry of default on motion to set aside default judgment,holding 1 that where a defendant who previously answered does not appear for trial a plaintiffs only remedy is to make a motion with the court to continue with that trial 2 that entry of default is not authorized and 3 that the hearing held under such circumstances is uncontested as distinguished from a default hearing 1 quoting warden v lamb 98 calapp 738 277 p 867 868 1929
396,"its life or limb is endangered, or its health is likely to be injured, or its morals likely to be impaired, or does any act likely to impair the health or morals of any such child, shall be fined not more than five hundred dollars or imprisoned not more than ten years or both. The 1993 version did not contain subsection (2), which was part of the statute in effect in 1996 at the time of petitioner's crime. See Note 1, supra. To the extent that the Connecticut Supreme Court found the 1993 version of § 53-21 to have two distinct purposes, that finding would be even more pronounced under the 1996 version, which added the second subsection involving contact with the intimate parts of a child under the age of sixteen. 15 . See also State v. Burton, 258 Conn. 153, 163, 778 A.2d 955 (2001) (<HOLDING>). 16 . In State v. Smith, 73 Conn.App. 809,",336779,54353,1,case_hold_mc,holding that the florida offense of attempted lewd assault on a child under the age of sixteen is a crime of violence even though the offense might be accomplished without use of physical force,holding that the trial judge erred in instructing the jury on the physical endangerment portion of the statute when the defendant was charged only with the risk of injury to a child by doing an act likely to impair the morals of a child under the age of sixteen,holding that where defendant charged with wilfully or unlawfully committing certain acts likely to impair the morals of a minor child contrary to general statutes  5321    specific intent is not an element of the crime defined,holding that the deliberate touching of the private parts of a child under the age of sixteen in a sexual and indecent manner was conduct proscribed by the second prong of subsection 1,holding an unborn child is a child for purposes of prosecuting chemical endangerment of a child
397,"the litigation in the form cast or in the plaintiffs chosen forum”). [¶ 9] If this Court were to retain jurisdiction only over those claims which arguably are barred by the relevant statutes of limitations and dismiss the remaining causes of action, this would force Sander-son to proceed in a manner akin to an improper splitting of his cause of action. See Freed v. Unruh, 1998 ND 34, ¶ 10, 575 N.W.2d 433 (allowing plaintiff to proceed with lawsuit would be analogous to an improper splitting of cause of action); Farmers Ins. Exchange v. Arlt, 61 N.W.2d 429, 434 (N.D.1953) (stating when there is a single cause of action, although there may be different kinds of damages, only one suit can be brought); Jacobson v. Mutual Ben. Health & Accident Ass’n, 73 N.D. 108, 11 N.W.2d 442 (1943) (<HOLDING>). Cf. Choice Fin. Group v. Schellpfeffer, 2005",337634,54511,1,case_hold_mc,holding that attorneys claim for professional services against person sui juris or against property of such person must rest upon contract of employment express or implied made with person sought to be charged or with his agent,holding a person who has availed himself of part of single claim or obligation in action or defense is thereafter estopped from enforcing the remainder of it,holding that a motion to intervene is not dispositive of a claim or defense of a party,holding that in class action the claim or defense of the representative party must be typical of the claim or defense of each member of the class,holding that the rule of splitting of causes of action as related to res judicata does not permit the owner of a single or entire cause of action or an entire indivisible demand to divide or split that cause of action and that all damages from a single wrongful act must be claimed in one action
398,"the magistrate may not have had the authority to enter the order under Ind.Code § 33-24-5-8, Father does not argue on appeal that the order was defective because it contained the signature of the magistrate only and the record does not indicate that either party argued below that die order was defective for failing to contain the judge's signature or another indication the order was approved by the trial court. Accordingly, the parties have waived any challenge to the validity of the appealed order by failing to make any objection or call the court’s attention to the issue. See Tapia v. State, 753 N.E.2d 581, 588 (Ind.2001) (noting that Tapia claimed that a magistrate who issued several orders in his c ; see also Sullivan v. City of Evansville, 728 N.E.2d 182, 187-191 (Ind.Ct.App.2000) (<HOLDING>). 3 . Father cites to “Ind.Code § 35-16-15-7.”",338489,54658,3,case_hold_mc,holding that appellant failed to preserve error in court reporters failure to make record of hearing by failing to object,holding that a defendant waived a sentencing issue by failing to object in district court,holding appellant waived argument by failing to assert it at suppression hearing,holding that appellant by failing to object to commissioners authority before or at the administrative hearing waived any challenge,holding appellant waived his challenge to statute as vague as applied because he did not specifically object at trial
399,"applied in employment discrimination cases, although the burden of production shifts to the defendant after the plaintiff makes out a pri-ma facie case, the ""ultimate burden of persuading the trier of fact ... remains at all times with the plaintiff”). 21 . Cf. Zurich Ins. Co. v. Ont. (Human Rights Comm’n), [1992] 2 S.C.R. 321, ¶ 119 (Can.) (referring to ""the rule of evidence that the burden of proof should lie on the person most likely to be in possession of the relevant facts”); McInerney v. MacDonald, [1992] 2 S.C.R. 138, ¶ 30 (Can.) (""The burden of proof should fall on the party who is in the best position to obtain the facts.”). 22 . See Schaible Elec. Ltd. v. Melloul-Blamey Constr., Inc., [2004] 35 C.L.R. (3d) 141, ¶¶ 105-26 (Ont.) (standing merely for R. 653, 655-56 (Ont.) (<HOLDING>). 23 . In oral argument before this Court,",339350,54802,4,case_hold_mc,holding that seller was entitled to recover contract price of goods where buyer failed to make effective rejection under the ucc,holding merely that to the extent a breaching party claims that the appropriate measure of damages is the difference between the contract price and the market price it holds the burden of proving that there is in fact an available market for the goods in issue,holding that where buyer had opportunity to inspect goods and failed to inform seller in timely manner of defects buyer deemed to have accepted goods pursuant to  672606,holding that title revested in seller under california law when buyer revoked his acceptance of goods,holding merely that to the extent a breaching buyer wishes to invoke the presumption that a nonbreaching seller will resell the contractedfor goods in the open market it holds the burden of proving that there is in fact an available market for those goods
400,"to the County. 2. Plaintiffs’ substantive due process challenge also fails. When, as here, plaintiffs “rely on substantive due process to challenge governmental action that does not impinge on fundamental rights,” courts “merely look to see whether the government could have had a legitimate reason for acting as it did.” Halverson, 42 F.3d at 1262 (internal quotation marks omitted). The County has put forward a rational justification for the retroactive nature of the Ordinance—ensuring compliance with Clark County Code § 8.04.040(B)(3)’s requirement that the gambling permitted by Class A Slot Machine Licenses remains merely “incidental” to the licensee’s primary business purpose. See Pension Benefit Guar. Corp. v. R.A. Gray & Co., 467 U.S. 717, 730, 104 S.Ct. 2709, 81 L.Ed.2d 601 (1984) (<HOLDING>). 3. The Ordinance does not violate the Equal",340201,54950,2,case_hold_mc,holding that the act is retroactive,holding retroactive application,holding that retroactive aspects of legislation must satisfy due process a burden met simply by showing that the retroactive application of the legislation is itself justified by a rational legislative purpose,holding no retroactive application,recognizing a presumption against retroactive legislation
