question_id,question,evidence_char_pos,evidence_word_pos,correct_option_index,type,option_0,option_1,option_2,option_3,option_4
1,"Aug. 23, 2010). 3 The Superior Court Rules make the Federal Rules of Civil Procedure 26 through 37 applicable for the purposes of discovery in all civil cases. See SUPER. Ct. R. 39. 4 We note that the Superior Court held the Molloys to the wrong standard, requiring them to prove personal jurisdiction by a preponderance of the evidence without holding an evidentiary hearing. Instead, as we stated above, the Superior Court should only have required the Molloys to make a prima facie showing supported by competent evidence. Additionally, the trial court, after reciting the undisputed facts presented by both parties’ submissions, focused on what contacts the defendants lacked, instead of analyzing and considering what contacts BCBSAhad with the Virgin Islands. See Metcalfe, 566 F.3d at 332 (<HOLDING>). Notwithstanding these errors, because our",0,1,4,case_hold_mc,holding that proper focus is reasonableness of inquiry not frivolousness,holding that the courts analysis should focus on the nature of the abuse injuries inflicted and the effect of both,holding that the conspiracy theory of personal jurisdiction requires that the outofstate coconspirator was or should have been aware of the acts performed in the forum state in furtherance of the conspiracy,holding that in determining whether a crime is a continuing offense the court must focus on the nature of the substantive offense and not on the specific characteristics of the conduct in the case at issue,holding that the proper focus should be on whether the outofstate defendant engaged in any act that might provide the court with jurisdiction
2,"of undisputed facts as admitted, however, the court implicitly chose to base its decision on all of the evidentiary materials in the record on summary judgment. See Tipton v. Bergrohr GMBH-Siegen, 965 F.2d 994, 998 (11th Cir.1992) (“In opposing summary judgment, the nonmoving party may avail itself of all facts and justifiable inferences in the record taken as a whole.”); Tippens v. Celotex Corp., 805 F.2d 949, 952 (11th Cir.1986) (“The District Court shall consider all evidence in the record when reviewing a motion for summary judgment— pleadings, depositions, interrogatories, affidavits, etc. — and can only grant summary judgment if everything in the record ... demonstrates that no genuine issue of material fact exists.”) (internal quotation marks omitted); Holtz, 258 F.3d at 73 (<HOLDING>) (internal quotation marks and citations",857,135,0,case_hold_mc,holding that while a court is not required to consider what the parties fail to point out in their local rule 561 statements it may in its discretion opt to conduct an assiduous review of the record even where one of the parties has failed to file such a statement,holding that in its review of the irs exercise of discretion the court is limited to a review of the administrative record,holding parties to an exculpatory clause where the parties intent is clear,holding that an appellate court has discretion to consider an issue not argued by the parties,holding that parties can stipulate that they were both parties to a contract and thus the real parties in interest even when one party did not sign the contract
3,"L.Ed.2d at 1035-86). Unfortunately, the adjective ""readily"" is subject to differing interpretations, and there has been disagreement regarding the meaning of ""readily mobile."" Decisions of the Indiana Court of Appeals are not consistent regarding whether automobiles under police observation or control are readily mobile so as to be subject to warrantless search under the automobile exception. E.g., compare, v. State, T5 N.E.2d 1207, 1211 (Ind.Ct.App.2002) (legally parked automobile surrounded by police officers held not inherently mobile to qualify for automobile exeeption), transfer denied, and Edwards v. State, 768 N.E.2d 506, 508-09 (Ind.Ct.App.2002) (impounded vehicle no longer ""inherently mobile""), trams. not sought, with Johnson v. State, 766 N.E2d 426, 483 (Ind.Ct.App. 2002) (<HOLDING>), trans. demied, and Justice v. State, 765",1707,265,1,case_hold_mc,holding that even a driver not listed as an authorized driver for a rental car could nevertheless have an expectation of privacy if given permission to use the car by an authorized driver,holding that ready mobility existed when a car was capable of being driven even after the driver was arrested and despite the absence of other potential drivers,holding that ocga  40520 as safeharbor provision requires a defendant to produce a drivers license that was valid at the time the vehicle was being driven,holding warrantless search of vehicle was improper where car was not stopped on a highway but was parked at a residence with no occupants inside or near the vehicle and capable of being driven away by the turn of an ignition key,holding detention lawful when police referred driver to secondary to check ownership of the vehicle after the driver admitted that the car did not belong to him and the registration revealed that the car was owned by another
4,"provider in the course of treatment. In cases involving successive tortfeasors whose separate causal contributions to the plaintiff’s harm can be measured, the doctrine of joint and several liability applies only to the enhanced portion of the injury. See Keeton et al. § 52, at 352 (discussing distinction between original tortfeasor’s liability, which encompasses entire injury, and treating physician’s liability, which extends only to negligent treatment); Restatement (Second) of Torts § 433A cmt. c. 17. Even though the original tortfeasor may be held hable for both the original and the enhanced injury, the imposition of entire liability is only temporary. The original tortfeasor, whose duty is of a different character and who is not in pari delicto with a successive 35, 42 (1985) (<HOLDING>). Thus liability for the enhanced injury may be",2560,385,4,case_hold_mc,recognizing the right under federal maritime law to contribution or indemnity from another tortfeasor,holding that contribution will lie where no statute precludes recovery from the joint tortfeasor against whom contribution is sought,holding original tortfeasor had no right to indemnification because it was not an innocent party,recognizing a right to contribution,holding original tortfeasor had no right to indemnification because claim properly was for contribution
5,"all of the circumstances, to apprise interested parties of the pendency of the settlement proposed and to afford them an opportunity to present their objections. See, e.g., Mullane v. Central Hanover Bank & Trust Co., 339 U.S. 306, 314, 70 S.Ct. 652, 94 L.Ed. 865 (1950) (“An elementary and fundamental requirement of due process in any proceeding which is to be accorded finality is notice reasonably calculated under all the circumstances, to apprise interested parties of the pendency of the action and afford them an opportunity present their objections.”); Mars s case clearly satisfies all of the necessary requirements. The Class Notice indicates the nature of the pending litigation. Stipulation of Settlement, Ex. F-2, at 4-7. The Class Notice indicates that any 00, 503 (10th Cir.1975) (<HOLDING>). 117. Though the Court will address all of the",3417,518,1,case_hold_mc,holding that notice of judgment was insufficient,holding that notice apprised class members sufficiently of information that notice was intended under the rule to convey,holding that notice to the attorney of record constitutes notice to the petitioner,holding that notice to supervisor is notice to city,holding that entry of settlement decree without notice to putative class members violated the due process rights of the class members
6,"have read the Supreme Court’s discretionary function cases as denying protection to actions that are unauthorized because they are unconstitutional, proscribed by statute, or exceed the scope of an official’s authority.” Thames Shipyard & Repair Co. v. United States, 350 F.3d 247, 254-55 (1st Cir.2003) (col lecting cases). However, we have not resolved whether the discretionary function exception extends to actions that are otherwise outside the scope of an official’s actual federal authority, and we need not do so here. Nor do we address whether Desrosiers had implied federal authority to participate in the arrest to the limited extent of swearing out the criminal complaint, receiving the arrest warrant, and assisting Wing in the execution of that warrant. See, e.g., id. at 260 (<HOLDING>). Assuming, arguendo, that the USPS is not",4278,655,0,case_hold_mc,holding that the discretionary function exception applied where the coast guard had implied statutory authority to order the evacuation of a sinking ship,holding that the coast guards forcible evacuation of a sinking sea vessel constituted a seizure of the persons therein,holding that the discretionary function does not apply where the decisionmaker lacks authority,holding that the discretionary function exception may apply in the absence of a conscious decision ,recognizing a discretionary function exception to that waiver
7,"supervisory official may be liable because he or she created a policy or custom under which unconstitutional practices occurred, or allowed such a policy or custom to continue. [4] [A] supervisory official may be personally liable if he or she was grossly negligent in managing subordinates who caused the unlawful condition or event. [5] [Supervisory liability may be imposed where an official demonstrates “gross negligence” or “deliberate indifference” to the constitutional rights of inmates by failing to act on information indicating that unconstitutional practices are taking place. Wright, 21 F.3d at 501; see Colon v. Coughlin, 58 F.3d 865, 873 (2d Cir.1995); Williams v. Smith, 781 F.2d 319, 323-24 (2d Cir.1986) (citations omitted); McCann v. Coughlin, 698 F.2d 112, 125 (2d Cir.1983) (<HOLDING>). A review of the plaintiffs complaint reveals",5128,787,3,case_hold_mc,holding that a defendant is not entitled to relief from default judgment because notice to an attorney of filing of motions and orders is constructive notice to the client even when the client did not have actual notice,holding that a defendant is entitled to credit only for periods in which defendant is in actual or constructive control of jail or prison officials,holding that because the hospital had no actual or constructive notice that the parties were separated at the time services were rendered the separation exception did not apply,holding that defendant coughlin had actual or constructive notice of unconstitutional procedures and therefore could not escape personal responsibility,holding trial court and appellate court erred in requiring defendant to show he had meritorious defense when record established that defendant had filed answer but had no actual or constructive notice of trial setting
8,"for the offenses on different days and under different cause numbers. Kennedy contends that, because the offenses were originally brought in the same indictment, they should have counted as one sentence for criminal-history purposes, but he fails to provide any legal authority either supporting his assertion or even addressing the district court’s implicit determination that the offenses being originally charged in one indictment did not alter the result under the guideline provision governing whether prior sentences are counted separately or as a single sentence. Accordingly, Kennedy cannot demonstrate counsel’s failure to object to the criminal-history calculation on prior felony offenses constituted deficient performance. E.g., McCoy v. Lynaugh, 874 F.2d 954, 968 (5th Cir.1989) (<HOLDING>). As for Kennedy’s claim that counsel was",5988,918,4,case_hold_mc,holding that appellate counsel could not be found to have rendered ineffective assistance for failing to raise issues that are without merit,holding that counsel was not deficient in failing to present a meritless argument,holding that an attorney is not ineffective for failing to make a meritless objection,holding counsel was not deficient for declining to make a meritless argument,holding that counsel was not deficient for failing to make an objection that lacked merit
9,"F.3d 257, 262 (4th Cir. 1999) (stating that differential diagnosis “has widespread acceptance in the medical community, has been subject to peer review, and does not frequently lead to incorrect results”) (citation omitted); Heller, supra, 167 F.3d at 154-55 (noting that “differential diagnosis consists of a testable hypothesis, has been peer reviewed, contains standards for controlling its operation, is generally accepted, and is used outside of the judicial context”) (internal quotation marks omitted). Several state courts also have accepted differential diagnosis as a reliable form of expert testimony. See, e.g., Carlson v. Okerstrom, 267 Neb. 397, 675 N.W.2d 89, 105-07 (2004) (finding rehable differential diagnosis testimony admissible); Easum v. Miller, 92 P.3d 794, 804 (Wyo.2004) (<HOLDING>). Accordingly, because of the widespread",6839,1040,0,case_hold_mc,holding doctors differential diagnosis testimony admissible,holding future dangerousness expert testimony to be admissible,holding ehildvictims testimony at pretrial investigation admissible under residual exception in addition to doctors testimony under medical treatment exception,holding that even in separate trial other crimes evidence would not have been admissible and identification testimony would have been admissible,holding that federal rule of evidence 8034 the hearsay exception for statements made for medical diagnosis or treatment does not apply to statements made by doctors
10,"does not justify a warrant-less blood draw from a driver who refuses to consent... or objects to the blood draw .... Consent to a search must be voluntary.""); State v. Wulff, 337 P.3d 575, 581 (Idaho 2014) (same); Byars v. State, 336 P.3d 939, 946 (Nev. 2014) (""The implied consent provision . . . does not allow a driver to withdraw consent, thus a driver's so-called consent cannot be considered voluntary. Accordingly, we conclude that [the implied consent provision] is unconstitutional.""); State v. Fierro, 853 N.W.2d 235, 243 (S.D. 2014) (ruling that a Fourth Amendment totality of the circumstances analysis must be performed to determine whether consent to a blood draw taken pursuant to state implied consent law was voluntary); Aviles v. State, 443 S.W.3d 291, 294 (Tex. Ct. App. 2014) (<HOLDING>). 5 People v. Hyde, 393 P.3d 962, 966 (Colo.",7694,1162,2,case_hold_mc,holding that the implied consent law allows law enforcement officers to obtain blood in circumstances in which a warrant or actual consent may otherwise be required,holding that the implied consent statutes are irrelevant when the defendant gives actual consent to a blood or breath test,holding that implied consent and blood draw statutes are not permissible exceptions to the warrant requirement and stating that to hold otherwise flies in the face of mcneelys repeated mandate that courts must consider the totality of the circumstances of each case,recognizing that consent is an exception to the warrant requirement and that voluntariness of consent depends on the totality of the circumstances,holding that independent of the implied consent law the fourth amendment requires an arrestees consent to be voluntary to justify a warrantless blood draw
11,"Sept. 3, 1998)(variance is not material “where the allegations and proof substantially correspond, the variance is not of a character which could have misled the defendant at trial and is not such as to deprive the accused of his right to be protected against another prosecution for the same offense”). A material variance is sometimes referred to as a “fatal variance.” We have not been consistent in requiring materiality, but have sometimes reversed upon a finding of variance without exploring the further question of materiality. Compare Rowan v. State, 57 Tex.Crim. 625, 124 S.W. 668 (1910)(variance is not material unless it could mislead defense or expose defendant to danger of subsequent prosecution for same offense); Plessinger v. State, 536 S.W.2d 380 (Tex.Crim.App.1976)(<HOLDING>) with Pedrosa v. State, 155 Tex.Crim. 155, 232",8552,1304,4,case_hold_mc,holding that a defendant must demonstrate that he would not have pled guilty but for the error,holding that heightened evidentiary standard of proof is not required where the sentencing enhancement is based entirely on the extent of the conspiracy to which the defendant pled guilty,holding that where a defendant is misled and induced to plead by his counsels mistaken advice then he may be allowed to withdraw his plea,holding variance between enhancement allegation and proof renders evidence legally insufficient only if variance is material,holding variance in style of case pled for enhancement not material where defendant not surprised or misled to his prejudice
12,"relation to the grant of relief from the automatic stay. 28 . In following the analytic framework of Hernandez, I recognize that the case may hold implicitly that the fact that a debt is nondis-chargeable under § 523(a)(8) and that, outside the ba (concluding that a plan to fully pay a student loan obligation while paying all other unsecured claims a dividend of 3% unfairly discriminated against the class of other unsecured creditors) and In re Thibodeau, 248 B.R. 699 (Bankr.D.Mass.2000) (applying four-prong test of In re Leser, 939 F.2d 669 (8th Cir.1991) to conclude that a 36-month plan unfairly discriminated where it proposed to fully pay student loan debt while providing only a 27% dividend on other general unsecured claims) with In re Dodds, 140 B.R. 542 (Bankr.D.Mont.1992) (<HOLDING>) and In re Boggan, 125 B.R. 533",9401,1435,1,case_hold_mc,holding that unsecured creditor could not appeal decision determining priority among secured creditors because it would not affect the payment of his claims,holding that plan proposing and payment of nondischargeable student loan in full outside plan according to its terms for 54 months and 79 payment to unsecured creditors over 36 months did not discriminate unfairly among unsecured class,holding that plan did not unfairly discriminate against unsecured noteholder class receiving 327 percent recovery while awarding general unsecured creditors a 100 percent recovery because differing treatment was justified,holding that the fresh start was a legitimate interest to discriminate in a plan whereby the debtor proposed to pay the student loan in full while paying 15 of the other unsecured claims,holding that a 56month chapter 13 plan that proposed to pay 17 of the anticipated dividend to student loan creditors while making no distribution to other unsecured creditors unfairly discriminates and could not be confirmed
13,"that Dina told him about the allegations, the court must have believed that James did not obtain the information illegally. We find both parties’ reasoning to be flawed. The Fourth Amendment has no application in this context. James Pannunzio committed the illegal act without the assistance or appeal of the government. See United States v. Jacobsen (1984), 466 U.S. 109, 113-114, 104 S.Ct. 1652, 1656, 80 L.Ed.2d 85, 94. See, also, State v. Ford (Oct. 9, 1987), Lucas App. No. L-86- 338, unreported, 1987 WL 18126 (explaining that even though evidence is secured illegally by a private person and turned over to the police, possession by the police does not invoke the exclusionary rule); and Walter v. United States (1980), 447 U.S. 649, 657, 100 S.Ct. 2395, 2402, 65 L.Ed.2d 410, 418 (<HOLDING>). Davies’ reliance on Perkins and Nix is",10240,1573,2,case_hold_mc,holding that where defendant consented to search of his car and stood by as agent conducted a thorough and systematic search which included removal of vehicles back seat and raising of cars rear quarter panel defendants failure to object to search indicated search was within scope of consent,holding that officers executing a search warrant for contraband have the authority to detain the occupants of the premises while a proper search is conducted,holding that a significant expansion by police of the search that had been conducted previously by a private party must be characterized as a separate search,holding that search of backpack constituted a search of defendants person and was not authorized by search warrant for premises,holding that contraband would have been inevitably discovered where agents conducted a warrantless search while obtaining a search warrant and later conducted a second legal search in which agents discovered contraband
14,"by testimony from Alan W. Pullen, president of Community. 5 . Hudson v. Inman, 179 S.C. 399, 184 S.E. 102 (1936). 6 . Community argues again on appeal that this issue is moot. A case becomes moot when judgment, if rendered, will have no practical legal effect upon the existing controversy. Mathis v. South Carolina State Highway Dep't, 260 S.C. 344, 195 S.E.2d 713 (1973), cited in Arnold v. Association of Citadel Men, 337 S.C. 265, 523 S.E.2d 757 (1999). This is true when some event occurs making it impossible for the reviewing court to grant effectual relief. Id. However, a foreclosure sale that was improperly conducted so as to prejudice interested parties is void and, therefore, the sale may be set aside by the reviewing court. Howell v. Gibson, 208 S.C. 19, 37 S.E.2d 271 (1946) (<HOLDING>) (citation omitted); Farr v. Sims, 9 S.C. Eq.",11086,1714,0,case_hold_mc,holding a mistake or surprise in connection with the sale is grounds for setting it aside provided the mistake is harmful and not a mistake of law or one due to the negligence of the party complaining,holding breach of best execution duty is a material misrepresentation in connection with the purchase or sale of the securities,holding that it is unlawful for a person to omit material facts in connection with the offer or sale of a security,holding that common law grounds such as manifest disregard of law and gross mistake were not valid grounds for vacatur of arbitration award as hall street forecloses any common law grounds for vacatur,holding that the role of the courts is limited to ascertaining whether there exists one of the specific grounds for the vacation of an award as provided in  10 of the arbitration act and that the court should not review the arbitration proceeding for errors of law or fact
15,"evidence of Joseph Grendi’s activities that the plaintiffs have presented, there is clearly evidence from which a reasonable jury could conclude that Joseph Grendi exercised actual control over JWP’s procedures and activities. Joseph Grendi next argues that he may not be subject to control person liability based on the activities of McGinn and McQuade because the class plaintiffs have failed to allege that McGinn and McQuade committed primary violations of the securities laws. This argument is more persuasive. While the class plaintiffs need not name McGinn and McQuade as defendants in order to recover under § 20, they must at least allege that McGinn and McQuade committed primary violations. See In re Citisource, Inc. Securities Litigation, 694 F.Supp. 1069, 1072, 1077 (S.D.N.Y.1988) (<HOLDING>). The class plaintiffs’ complaint is, however,",11941,1861,1,case_hold_mc,holding that the presence of conclusory terms in a complaint does not insulate it from dismissal when the facts alleged cannot support the charges contained in the complaint,holding that plaintiff need not name alleged primary violators as defendants but describing detailed allegations of their wrongdoing contained in complaint,holding that a court need not accept as true conclusory allegations which are contradicted by documents referred to in the complaint,recognizing that one of those conditions for a district judge to grant leave to amend the complaint may properly be that claims contained in the original complaint but not included in the amended complaint be considered dismissed with prejudice ,holding that a complaint that included only allegations of intentional wrongdoing also set forth grounds for liability based on unintentional wrongdoing
16,"91 L.Ed. 451 (1947); see Fed.R.Civ.P. 26(b)(3)(A)(ii). “[T]he purpose of the work product privilege is to protect the integrity of the adversary process.” Parrott v. Wilson, 707 F.2d 1262, 1271 (11th Cir.1983); see also Admiral Ins. Co. v. U.S. Dist. Ct., Dist. of Az., 881 F.2d 1486, 1494 (9th Cir.1989) (“The conditional protections afforded by the work-product rule prevent exploitation of a party’s efforts in preparing for litigation.”). Not surprisingly, it does not apply to foster a distortion of the adversary process by protecting illegal actions by an attorney. Because its purpose “is to protect the integrity of the adversary process[,] ... it would be improper to allow an attorney to exploit the privilege for ends that are antithetical to that process.” Parrott, 707 F.2d at 1271 (<HOLDING>) (citing Moody v. I.R.S., 654 F.2d 795, 800",12801,1991,0,case_hold_mc,holding an attorneys unethical conduct in secretly recording conversations with witnesses vitiated the work product protection as to those recordings,holding that the party asserting work product protection has the burden of establishing that the doctrine applies,holding that the burden of proof lies on the party asserting the protection of the work product doctrine,holding that opinion work product is entitled to nearly absolute protection with limited exceptions,holding that the protection of the work product rule continues after litigation has terminated
17,"CURIAM. AFFIRMED. See Robinson v. Sun Bank & Trust Co., 685 So.2d 1325 (Fla. 2d DCA 1996) (<HOLDING>). THOMPSON, TORPY and LAWSON, JJ.,",13658,2128,4,case_hold_mc,holding that the court did not have jurisdiction to hear an appeal after an untimely filing of a notice of appeal,holding that an untimely postjudgment motion does not toll the time for filing a notice of appeal and that this court has no jurisdiction over an untimely filed appeal,holding that appeal of order became moot when order was complied with and court of appeals was notified and that court of appeals erred in issuing advisory opinion on merits of appeal,holding that the case must be dismissed for lack of appellate jurisdiction where notice of appeal was untimely,holding that the appellate court must accept appeals referees finding of untimeliness and affirm unemployment appeals commissions order dismissing claimants appeal as untimely where it appeared that claimant did not appeal decision within twenty days and did not dispute that notice of appeal was untimely
18,"of state law disputes between instate defendants. See Gibbs, 383 U.S. at 726, 86 S.Ct. 1130 (“Needless decisions of state law should be avoided both as a matter of comity and to promote justice between parties, by procuring for them a surer-footed reading of applicable law.”); see also Baggett v. First Nat’l Bank, 117 F.3d 1342, 1353 (11th Cir.1997) (“State courts, not federal courts, should be the final arbiters of state law.”); Hudson v. Cent. Ga. Health Servs., No. 5:04-cv-301, 2005 WL 4145745, at *10 (M.D.Ga. Jan. 13, 2005) (“[I]t is preferable for the courts of Georgia to make rulings on issues of Georgia law rather than to have federal courts do so, even when those federal courts are in Georgia.”).; cf. Pintando v. Miami-Dade Hous. Agency, 501 F.3d 1241, 1243-44 (11th Cir.2007) (<HOLDING>). The convenience and fairness factors do not",13800,2152,3,case_hold_mc,holding that the federal district courts dismissal of the plaintiffs federal claims deprived the court of its jurisdiction over the remaining state law claims arising from the same incident,holding that a federal court litigant who is forced into state court under pullman may reserve a right to return to federal court in that the plaintiff can preserve the right to the federal forum for federal claims by informing the state court of his or her intention to return following litigation of the state claims in the state court,holding that just because a claim implicates a federal issue or involves construction of federal law does not necessarily give rise to a federal question and confer removal jurisdiction on a federal court,holding that in nonremoved cases the district court must dismiss a federal question case if the plaintiff later drops its federal claims,holding that federal express despite the use of the word federal in its name is not a federal agency and therefore cannot be sued in this court
19,"that the two-level increase is a misapplication of the Guidelines because § 2B1.1(b)(12)(A) applies only when it is the fraudulent offense itself that carries the risk of death or serious bodily injury. Rizzo contends that the increase was applied based on his attempt to elude apprehension and did not relate to his theft of mail offense. Rizzo argues that trial counsel’s failure to make these objections fell below objective standards of practice and that prejudice resulted. Rizzo’s argument that counsel was ineffective for failing to object to the application of both § 3C1.2 and § 2Bl.l(b)(12)(A) has no merit because the enhancements were based on two separate instances of flight, one on July 25, and one on August 10. See United States v. Gillyard, 261 F.3d 506, 509-12 (5th Cir.2001) (<HOLDING>). The Government concedes that §",14658,2294,3,case_hold_mc,holding that there was no prejudice when evidence complained of would have been admissible against defendant in separate trial,holding that there was no legal separation where there was no evidence  that the orders at issue mandated or acknowledged separate existences,recognizing that separate ratings can be assigned for separate periods of time based on facts found,holding that there was no double counting in applying  3c12 and  3a12b because they were based on separate acts,holding that the defendants sentences were properly enhanced under  3a12b because they assaulted an officer employed by the mississippi bureau of narcotics and during the assault made statements including they are the police lets kill them
20,"2009) (citations omitted) (quoting Impresa Construzioni Geom. Domenico Garufi, 238 F.3d at 1332-33); accord Advanced Data Concepts, Inc. v. United States, 216 F.3d 1054, 1058 (Fed. Cir. 2000) (“The arbitrary and capricious standard ... requires a reviewing court to sustain an agency action evincing rational reasoning and consideration of relevant factors.”); see also Citizens to Preserve Overton Park, Inc., 401 U.S. at 416, 91 S.Ct. 814 (“The court is not empowered to substitute its judgment for that of the agency.”). In addition to showing “a significant error in the procurement process,” a protestor must show “that the error prejudiced it.” Data Gen. Corp. v. Johnson, 78 F.3d 1556, 1562 (Fed. Cir. 1996); see also Bannum, Inc. v. United States, 404 F.3d 1346, 1351 (Fed. Cir. 2005) (<HOLDING>). “To establish prejudice ..., a protester must",15503,2431,1,case_hold_mc,holding that a bid award may be set aside if either 1 the procurement officials decision lacked a rational basis or 2 the procurement procedure involved a violation of regulation or procedure,holding that if the procuring agencys decision lacked a rational basis or was made in violation of the applicable statutes regulations or procedures the court must then determine as a factual matter if the bid protester was prejudiced by that conduct,holding a bid award may be set aside if either 1 the procurement officials decision lacked a rational basis or 2 if the procurement procedure involved a violation of regulation or procedure,holding that a protester must show that the governments error in a bid evaluation was so significant that the government had no reasonable basis for its best value determination,holding that in bid protest cases  a bid award may be set aside if either 1 the procurement officials decision lacked a rational basis or 2 the procurement procedure involved a violation of regulation or procedure 
21,"to bear any and all costs, expenses, responsibilities, burdens, damages, and the like, relating to matters inherent to sales effected (directly or indirectly) by OAM in the United States of America, pursuant to the laws and rules of that country.” 1 App. in Supp. of Defs. ’ and Intervenor’s Mot. for Summ. J. Exs. A.22 at Art. 4, ¶ D (May 17, 1993 Agreement among Fiat Auto, American Finance S.p.A., and OAM); and A.23 at Art. 4, ¶ D (English translation) (emphasis added). Maserati II and MNA assert that there must be a showing of intent by the purchasing company to assume the old corporation’s liabilities in whole or in part in order to show an implied assumption, and Majestic has not done so. They rely on Ladjevardian v. Laidlaw-Coggeshall, Inc., 431 F.Supp. 834, 839-40 (S.D.N.Y.1977) (<HOLDING>). Maserati II and MNA assert that the OAM-MAI",16361,2566,1,case_hold_mc,holding that seller carried insurance for benefit of buyer and held proceeds in trust for buyer when seller agreed to maintain insurance until possession date but bam burned before buyer took possession,holding that conduct or representations relied upon by the party asserting liability must indicate an intention on the part of the buyer to pay the debts of the seller,holding that an agreement on the one side to sell and on the other to buy does not constitute a conspiracy even if the buyer intends to resell the drugs so long as the buyer and seller do not have an agreement to further distribute the drugs,holding that a seller could enforce an arbitration provision against a buyer even though only the buyer had signed the provision,holding an arbitration clause contained in confirmations sent to buyer by seller was part of parties course of dealing and therefore part of the contract after buyer had repeated opportunities to object to the clause and had failed to do so
22,"150, 155, 907 P.2d 536, 541 (App.1995) (relying on Principles as authoritative in a different context). Section 7.22 of Principles provides, in relevant part: (a) The fair value of shares under [corporate transactions giving rise to appraisal rights] should be the value of the eligible holder’s proportionate interest in the corporation, without any discount for minority status or, absent extraordinary circumstances, lack of marketability. Subject to Subsections (b) and (e), fair value should be determined using the customary valuation concepts and techniques generally employed in the relevant securities and financial markets for similar businesses in the context of the transaction giving rise to appraisal. (Emphasis added.) See also Weinberger v. UOP, Inc., 457 A2d 701, 713 (Del.1983) (<HOLDING>). ¶ 31 Both parties here cite a rule of law",17219,2712,0,case_hold_mc,holding that determining corporate value may be done by including proof of value by any techniques or methods which are generally considered acceptable in the financial community and otherwise admissible in court,holding the aggregate value of the land and its improvements is the controlling value,holding determination of property value in case to decide if assessed value was excessive is not a liquidated demand where only evidence of property value was the conclusory allegation of value in plaintiffs unsworn petition,holding that calculations done by applying product rule were generally accepted in relevant scientific community,holding in an equitable distribution case that the trial court should make specific findings regarding the value of a spouses professional practice and the existence and value of its goodwill and should clearly indicate the evidence on which its valuations are based preferably noting the valuation method or methods on which it relied internal quotation marks omitted
23,"that, upon a proper objection, “the trial judge must conduct a Neil inquiry,” and “that the proper remedy in all cases where the trial court errs in failing to hold a Neil inquiry is to reverse and remand for a new trial.” Id. at 1322. A rule mandating reversal whenever the trial court fails to require the party exercising the challenge to articulate a race or gender-neutral reason in response to a sufficient objection has some appeal, given the fact that, in Melbourne, the court stated that the trial court’s task is to determine the “genuineness” of the reason for the challenge, 679 So.2d at 764; and it is difficult to discern precisely how one would go about determining the genuineness of a reason that was never given. But see Plaza v. State, 699 So.2d 289, 290 (Fla. 3d DCA 1997) (<HOLDING>), review dismissed, 717 So.2d 58 (Fla.1998).",18076,2841,2,case_hold_mc,holding that a criminal defendant can bring a third party challenge to the peremptory striking of jurors based on race whether or not he is of the same race as the jurors who are struck,holding that it is impermissible to use a peremptory challenge to exclude a potential juror based on race,holding that if a race or genderneutral reason for a peremptory challenge is apparent from the record the trial court may deny an objection to the challenge without requiring the party exercising the challenge to articulate a race or genderneutral reason,holding that where the defense peremptorily challenged a prospective juror and the prosecutor merely stated that she would challenge that strike the states objection was sufficient to allow inquiry into whether the juror was being challenged for nonracial reasons where the trial court clearly understood that the objection was that the challenge had been exercised because of the prospective jurors race,holding lack of factual basis for preemptory challenge renders avowed reason for challenge a pretext
24,"of the kind defined in [26 U.S.C.] § 5845 ... involves the substantial risk of violence necessary to label the possession a crime of violence,” United States v. Dunn, 946 F.2d 615, 621 (9th Cir.1991), and Defendant’s sawed-off shotgun is of the type described in § 5845(a). The district court therefore should have applied the Career Offender Guideline only to Count 4, possession of an unregistered sawed-off shotgun. Instead, the district court erred by imposing a Career Offender sentence on all counts. If a district court incorrectly applies the Sentencing Guidelines and its error is not harmless, then we vacate the sentence and remand for resentencing. United States v. Cantrell, 433 F.3d 1269, 1279 (9th Cir.2006); see also United States v. Menyweather, 447 F.3d 625, 634 (9th Cir.2006) (<HOLDING>). Here, we cannot say with certainty that",18931,2990,1,case_hold_mc,recognizing that any error would be harmless to the government in this case because the district court couldand wouldimpose the same sentence again under the nowadvisory guidelines regime,holding that any error was harmless because under the unusual circumstances present in this thirdtime appeal we recognize that the district court could  and would  impose the same sentence again,holding a constitutional booker error harmless on the ground that because the district court stated its sentence would be the same even if the guidelines were only advisory  we know with certainty beyond a reasonable doubt what the district court would do upon remand,holding any possible error in a guidelines calculation harmless where this court was confident  that the district court could  and would  impose the same sentence again under the nowadvisory guidelines regime,holding that booker constitutional error was harmless beyond a reasonable doubt because on remand the district court would have given defendant the same sentence
25,"indorsers, and other persons conditionally liable also receive benefits from payment of the debt. If called on to pay, guarantors and the like would have been creditors; the “benefit” to them is that extinguishing the primary debt means that they receive a larger percentage of their claim than they would have had they paid and been converted to general creditors of the bankrupt. Cases under the 1898 Act routinely held that unless a person escapes an obligation to pay and so reaps a larger portion of his claim than do other creditors, he has not received a statutory “benefit”. E.g., Mayes v. Palmer, 208 F. 97 (8th Cir.1913); Walker v. Wilkinson, 296 F. 850 (5th Cir.1924); Mansfield Lumber Co. v. Sternberg, 38 F.2d 614 (8th Cir.1930). See also Bonded Financial, 838 F.2d at 895-96 (<HOLDING>). The Liquidator has not identified, and we",19786,3127,1,case_hold_mc,holding that subparagraphs a and b are mutually exclusive and thus any travel between work and home even if it is also for a dual purpose must be analyzed exclusively under paragraph a,holding that transferee and beneficiary are mutually exclusive categories,holding trial court is sole and exclusive judge of witnesses credibility,holding that the remedies are exclusive,recognizing that  1983 and  2254 proceedings are mutually exclusive so that if a claim can be properly raised in one of those proceedings it cannot be raised in the other type of proceeding
26,"App. 34, 587 S.E.2d 470. Here, MedAmerica does not assert that there was an indemnity clause in their contract with the State, instead seeking indemnity based on implication. A right of indemnity implied-in-fact stems from the existence of a binding contract between two parties that necessarily implies the right. The implication is derived from the relationship between the parties, circumstances of the parties’ conduct, and that the creation of the indemnitor/indemnitee relationship is derivative of the contracting parties’ intended agreement. Id. at 38, 587 S.E.2d at 474. In order to establish such a right to indemnity, this Court has required a plaintiff to show special circumstances from which such an agreement might be implied. See, e.g., McDonald, 91 N.C. App. 13, 370 S.E.2d 680 (<HOLDING>). Indemnity implied-in-law is a quasi contract,",20636,3270,4,case_hold_mc,holding that plaintiff stated a claim for breach of contract when it alleged the government failed to purchase insurance for plaintiff as agreed by contract,recognizing that the elements of a claim for breach of contract are 1 existence of a valid contract and 2 breach of the terms of that contract,holding that jurys verdict for the defendant in a breach of contract action did not establish the absence of breach because the jury was instructed that it could find for the defendant if it concluded that the defendant had not breached the contract or if the defendant proved an affirmative defense,holding that the plaintiff had not stated a claim for inducement to breach a contract where she had not alleged facts sufficient to show the existence of an enforceable underlying contract,holding that a defendant had submitted sufficient evidence to establish the existence of an impliedinfact contract for indemnity with respect to attorneys fees where another defendant had orally agreed to provide him with an attorney in the event he was sued by plaintiff for breach of contract
27,"offerings) and due diligence binders (“DDBs”) (for purported real estate offerings).” This distinction between securities offerings and real estate is máintainéd throughout the Com plaint. (Complaint, ¶¶ 538, 554, 585, and 609). Just because the TIC investments involved real estate does not obviate the possibility that they were structured in such a way that they meet the definition of securities under federal law. Indeed, the Trustee acknowledges having filed lawsuits in other jurisdictions in which this very assertion is made. Whatever the case, the structure and characterization of the TIC investments is not something the Court is prepared to address in the context of a motion to dismiss. Cf., San Francisco Residence Club, Inc. v. Amado, 773 F.Supp.2d 822, 829 (N.D.Cal.2011) (<HOLDING>). The Trustee is correct that alternative",21496,3402,2,case_hold_mc,holding that an investment contract with a fixed return can still be security,holding as an investment for future development,holding that whether a tic investment could be characterized as a security was a factbased inquiry,holding that the costs of computerized research should be characterized not as taxable costs but as attorneys fees,holding that the trustee could not avoid a security interest under section 549 when that security interest was authorized by the bankruptcy court
28,"proper, and that we should affirm those rulings. It is important to note that the majority opinion would have the effect óf heightening the plaintiff’s proof requirements in race discrimination cases, and would push our State’s law outside the national mainstream, to the detriment of those who seek redress for discrimination based on race. Although this case involves “reverse discrimination” against a white plaintiff, the primary impact of the decision will be on those individuals and groups who have historically suffered the most from discrimination in our State. The United States Supreme Court has continually cautioned lower courts against attempting to impose heightened burdens on plaintiffs in race discrimination cases. See Desert Palace, Inc., 539 U.S. at 101, 156 L. Ed. 2d at 95 (<HOLDING>). I do not believe this Court should increase",22344,3531,1,case_hold_mc,holding that no federal nexus is required,holding that no heightened showing is required,recognizing that opinion work product subject to discovery upon heightened showing of compelling need,recognizing chat iqbal may have heightened the requirements for showing a supervisors personal involvement with respect to certain constitutional violations,holding that where no factual dispute is raised no hearing is required
29,"cases such as this. In analogous situations where clearer statements of law or references to the record are necessary to facilitate meaningful appellate review, this Court has announced supervisory rules regulating important procedural matters. For example, in Vadino v. A. Valey Engineers, 903 F.2d 253 (3d Cir.1990), we reviewed a grant of summary judgment whose reasoning was not apparent from the reco Quality Prefabrication, Inc. v. Daniel J. Keating Co., 675 F.2d 77, 81 (3d Cir.1982) (ruling that “a dismissal of a complaint with prejudice as a Rule 37 sanction must be accompanied by some articulation on the record of the court’s resolution of the factual, legal, and discretionary issues presented”); and Allis-Chalmers Corp. v. Philadelphia Elec. Co., 521 F.2d 360, 364 (3d Cir.1975) (<HOLDING>). “It is essential ... that a reviewing court",23203,3665,4,case_hold_mc,holding rule 54b certification invalid because unaccompanied by any statement of reasons and factors underlying trial courts decision to grant certification,holding that it had jurisdiction to review denial of motions under rules 59 and 60 that were filed and denied after the entry of judgment under rule 54b,holding that rule 54b certification order should contain specific findings setting forth reasons for certification,holding that dismissal of some but not all claims or parties not immediately appealable absent rule 54b certification,holding that entry of final judgment on a claim in a multiparty action pursuant to rule 54b should clearly articulate the reasons and factors underlying the decision to grant 54b certification
30,"(Black, J., concurring)). We are also troubled because, given that there was nothing about the officers’ appearance or conduct that revealed that they were engaged in the performance of their duties, Davis lacked fair notice that mere spoken words, which did not disturb the peace, could nonetheless constitute the crime of obstructing the officer’s performance of duty. See Cantwell, 310 U.S. at 311, 60 S.Ct. at 906. “It is an elemental requirement of our constitutional jurisprudence that laws be reasonably intelligible, providing citizens with fair notice as to what conduct is legal and what conduct is illegal.” Rodney A. Smolla, Smolla and Nimmer on Freedom of Speech § 6:13 (1996) (citing Papachristou v. City of Jacksonville, 405 U.S. 156, 162, 92 S.Ct. 839, 843, 31 L.Ed.2d 110 (1972) (<HOLDING>)). We reiterate that we recognize the need to",24061,3799,2,case_hold_mc,holding where plan language can be interpreted both to grant discretion and not to grant discretion plan does not unambiguously grant discretion,recognizing the medicare statutes broad delegation of authority,holding unconstitutional vagrancy statutes that were purposely designed to grant police broad discretion,holding unconstitutional ordinance that gave executive director excessive discretion in deciding whether the grant of a permit would be detrimental to the public,holding that district courts discretion is extremely broad
31,"244 (2d Cir.2006) (remanding where district court made “anomalous and incomplete” factfindings); United States v. Pena, 961 F.2d 333, 337 (2d Cir.1992) (remanding where record did not allow the panel to determine whether the defendant had a reasonable expectation of privacy in the car being searched); United States v. Gorski, 852 F.2d 692, 696 (2d Cir.1988) (remanding where there was no evidence that it was inevitable that an inventory search would be conducted). 5 . See United States v. Matsushita, 794 F.2d 46, 49 (2d Cir.1986) (remanding where it was unclear whether the district court's probable cause finding referred to the initial seizure or the defendant's eventual arrest at the police station). 6 . See Smith v. Maryland, 442 U.S. 735, 742-44, 99 S.Ct. 2577, 61 L.Ed.2d 220 (1979) (<HOLDING>); United States v. Miller, 425 U.S. 435, 443,",24920,3937,3,case_hold_mc,holding that a telephone companys white pages lack the requisite originality for copyright protection where the telephone company merely published basic subscriber information  name town and telephone number  and arranged it alphabetically based on surnames,holding that defendant lacked reasonable expectation of privacy in phone and fax numbers dialed,holding that the defendant had a reasonable expectation of privacy in a telephone booth,holding that a customer has no reasonable expectation of privacy in dialed telephone numbers which were conveyed to the telephone company,holding that telephone users have no expectation of privacy in dialed telephone numbers because they voluntarily expose such information to the service provider
32,"remote and even imaginary and cannot be squared with the reality that the opinions of IPRA and their investigations are frequently scrutinized in the public forum.” Pl.’s Sur-Reply Br. at 4. The Court does agree that there is some danger that compelling disclosure of the draft summary reports could impede the candor of IPRA pre-decisional discussions in the future. See Guzman, 2011 WL 55979, at *4 (positing that “requiring the production of communications among IPRA investigators and their supervisors constitutes an intrusion that would seriously hinder the frank discussion that governmental decisions deserve”). That IPRA investigative files are often sought in excessive force cases only increases the risk that disclosure could chill future deliberations. Cf. Evans, 231 F.R.D. at 317 (<HOLDING>). But the extent of the impact on IPRA",25779,4076,1,case_hold_mc,holding that this court is not bound by decisions of the appellate division or the third circuit even where those decisions concern the same parties and legal issues,holding that disclosing prepardon discussions would not hinder future pardon decisions because most pardon decisions are never the subject of or relevant to any litigation,holding that decisions by prior panels are binding,holding that this courts review of board decisions is limited to final orders or final decisions,holding that traditional allocation of burden of proof to the party challenging the decisions applies to decisions under the tca
33,"are alleged to establish this claim. Id. And, although the Government had considerable leeway to make or withhold payments to affect contract completion, only payment to Plaintiff (or withholding payment altogether) would achieve Contract completion in this case. Id. at 10. The Government failed to do either. Id. B. The Court’s Resolution. The June 30, 2009 Memorandum Opinion and Final Order considered Plaintiffs argu ment that notification of default or imminent default was “superfluous and unnecessary.” United Surety, 87 Fed.Cl. at 589. The court rejected this argument, as a matter of law. Id. at 591. Instead, the court held that the Government owed no duty to a surety until notice is received. Id. (citing Fireman’s Fund Ins. Co. v. United States, 909 F.2d 495, 499 (Fed.Cir.1990) (<HOLDING>)) (emphasis added). Plaintiff also argues that",26630,4206,1,case_hold_mc,holding that obligee can recover from surety attorneys fees that are provided for in obligees subcontract so long as the total recovery against the surety does not exceed the penal amount of the bond,recognizing that the gjovernment as obligee owes no equitable duty to a surety  unless the surety notifies the government that the principal has defaulted under the bond  notice by the surety is essential before any governmental duty exists,holding that a performance bond surety was allowed to sue the government based on the doctrine of equitable subrogation,holding that a surety has standing to sue for a progress payment released by the government after notification by the surety of unpaid subcontractors,holding that there is no privity of contract between the government and a surety since the government is not a party to the agreement between the surety and the contractor the government never undertakes an obligation to the surety
34,"claim. Hall avers that the review procedures only allow United to consult with a health care professional. Thus, he concludes that the structure and organization of the plan prove that United did not have the right to demand an IME when reviewing an appeal after termination of benefits. The Court rejects Hall’s suggested interpretation of the plan. When interpreting the plan at issue, the Court is to “tak[e] all the provisions as a part of an integrated Agreement and view[ ] the provisions in the light of ERISA’s integrated statutory scheme.” Bickley, 461 F.3d at 1329. Thus, Hall’s suggestion that the Court should only look to one part of the plan is unreasonable, as the Court must look at the entire plan. See also Babikian v. Paul Revere Life Ins. Co., 63 F.3d 837, 840 (9th Cir.1995) (<HOLDING>). Looking at the language addressing",27487,4340,0,case_hold_mc,holding that an erisa insurance policy is governed by a uniform body of federal common law which requires policy language to be interpreted in an ordinary and popular sense as would a person of average intelligence and experience,holding that an arbitration award involving the appellants challenge to the failure of the insurance company to ensure that he had read and understood a signed waiver and to attach the waiver to the insurance policy as contrary to public policy is not reviewable by the courts because there is no challenge to a provision or term of the policy the appellant never claimed that the waiver or policy language itself was contrary to the public policy of this commonwealth,holding that policy terms must be read in their ordinary and popular sense,holding that federal common law of erisa preempts state law in the interpretation of erisa benefit plans,holding that absent follow form language provision that excess policy would continue as underlying policy did not impose coverage as provided in underlying policy
35,"1624. As to the second prong of the Lopez test, the Government emphasizes that Courts have determined that Section 2250(a) is a valid exercise of legislative power under the Commerce Clause, as “[t]he express language of SORNA dictates that violations under SORNA, for failing to register, require either that the person is convicted of a violation of a federal law or, if otherwise required to register under SORNA, travel in interstate or foreign commerce.” Government’s Omnibus Response, Docket No. 35, quoting United States v. Elliott, 2007 WL 4365599 at *3 (S.D.Fla., December 13, 2007); see also, United States v. Thomas, 534 F.Supp.2d 912, 918 (N.D.Iowa 2008)(“See-tion 2250 falls squarely within the second Lopez category.”); United States v. Mason, 510 F.Supp.2d 923, 932 (M.D.Fla.2007) (<HOLDING>). As explained by the Court, in United States",28337,4484,3,case_hold_mc,holding if a plaintiffs claim is concerned with rights created within the contractual relationship it falls within the tucker act,holding that strict limitations set forth in section 1252e preclude judicial review of any constitutional or statutory claims related to the underlying expedited removal order,holding that it is generally sufficient that an indictment set forth the offense in the words of the statute itself,holding that section 2250a is facially constitutional because it falls within the second category set forth in lopez,holding that plea in bar may be based only on grounds set forth in statute
36,"was merely a voidable act. They rely on Sikes v. Global Marine, Inc., 881 F.2d 176 (5th Cir.1989), rehearing denied by 888 F.2d 1388 (5th Cir.1989), in which the Fifth Circuit found that the filing of a complaint in violation of the stay was voidable but not void. Id. at 178-79. The court reasoned that provisions of the Bankruptcy Code such as section 362(d), by giving courts the power to grant retroactive relief from a stay, indicated Congressional intent that acts in violation of a stay be simply voidable. Id. Spring Meadows, however, urges us to adopt the rule of the Ninth Circuit that any act committed in violation of an automatic stay is void. Hillis Motors, Inc. v. Hawaii Auto. Dealers Ass’n, 997 F.2d 581, 586 (9th Cir.1993); In re Schwartz, 954 F.2d 569, 571-72 (9th Cir.1992) (<HOLDING>). The circuit court found such acts void even",29196,4617,1,case_hold_mc,recognizing that any action taken in violation of the automatic bankruptcy stay is void and without effect,holding that violations of the automatic stay are void and rejecting the reasoning of sikes,holding judgment in violation of automatic stay void,holding that the automatic stay did not bar the filing of a proof of claim where the debtor actively litigated a separate action during the pending bankruptcy proceeding because to permit the automatic stay provision to be used as a trump card played after an unfavorable result was reached  would be inconsistent with the underlying purpose of the automatic stay,holding that an action taken in violation of the automatic stay is void ab initio
37,"control over an object.” United States v. Critton, 43 F.3d 1089, 1096 (6th Cir.), cert. denied, 514 U.S. 1121, 115 S.Ct. 1987, 131 L.Ed.2d 873 (1995). See also United States v. Kincaide, 145 F.3d 771, 782 (6th Cir.1998). Constructive possession may be proved by circumstantial evidence. See United States v. Craven, 478 F.2d 1329, 1333 (6th Cir.), cert. denied, 414 U.S. 866, 94 S.Ct. 54, 38 L.Ed.2d 85 (1973). The government does not offer any evidence that Curtis and Needum owned or possessed narcotics collectively or that Needum had ever entered Curtis’s apartment to obtain crack. There is also no evidence that Needum had any intent to exercise control over this particular bag of crack. Unlimited access to a particular area, however, is sometimes enough. Cf. Kincaide, 145 F.3d at 782 (<HOLDING>). The fact that Needum frequently sold crack",30053,4765,4,case_hold_mc,holding when drugs are found on premises exclusive control provides significant proof of constructive possession,holding that constructive possession exists where one knowingly has the power and the intention at a given time to exercise dominion and control over an object either directly or through others,holding that proof of the discovery of illegal drugs in plain view in the presence or two or more joint occupants of the premises is sufficient to support a conviction for constructive possession,holding evidence establishing the intent of the defendants to distribute drugs also permits the inference they intended to exercise dominion over them to demonstrate constructive possession,holding that proof that the person has dominion over the premises where the firearm is located is sufficient to establish constructive possession citation omitted
38,"carrying it during and in relation to such a crime, with additional penalties attaching if the firearm was brandished or discharged. See 18 U.S.C. § 924(c)(1)(A). Whether the defendant was accountable for one firearm or ten, however, is completely irrelevant to the commission of the § 924(c) offense. Thus, because § 924(c) pertains to particular unlawful uses of a firearm while § 2K2.1(b)(l) pertains to the number of firearms involved, these two enhancements punish different types of conduct. We therefore conclude that enhancing a defendant’s offense level based on the number of weapons involved in the offense underlying his § 924(c) conviction does not constitute impermissible double counting under the Guidelines. Accord United States v. Terrell, 608 F.3d 679, 683-84 (10th Cir. 2010) (<HOLDING>). But see United States v. Vincent, 20 F.3d",30909,4905,3,case_hold_mc,holding that trading drugs for a gun violates the in furtherance of prong of  924c,holding that evidence is sufficient for  924c conviction where it shows weapons proximity to drugs and its accessibility,holding that an enhancement for an express threat of death may not be applied to the sentence for robbery when the threat is related to the use of the firearm and the defendant has a  924c sentence for the same firearm,holding that because the number of weapons involved in the underlying offense to a  924c conviction is a separate type of offense conduct than that punished by  924c itself the district court did not engage in doublecounting  when it applied an  increase under  2k21bla in conjunction with the sentence for violating  924c,holding without discussion that the district court erred by applying the numberofweapons enhancement to an offense underlying the defendants  924c conviction
39,"v. Brehm, 74 Cal. App. 286, 240 R 529, 532 (Cal. Ct. App. 1925) (“[T]o acquire title to water by adverse possession .... [i]t is not necessary that a claimant should use the water all the hours of each day, or every day in the year for the prescribed statutory period, in order to establish uninterrupted or continuous use; it is only necessary that he shall have used it continuously during such portions of the day or year as is required for the beneficial use to which it is applied.”). We recognize that the record contains some evidence that Golden Resorts or the prior title owner may have, at various points, simultaneously occupied the land with Ridgway or otherwise regularly used the land. See Fairdealing Apostolic Church, Inc. v. Casinger, 353 S.W.3d 396, 396 (Mo. Ct. App. 2011) (<HOLDING>). For instance, in their respective affidavits,",31766,5038,2,case_hold_mc,holding that animal husbandry operations were included in the definition of farm even if the animals do not touch the ground graze on the land or feed from crops grown on the land and holding that land used to support buildings used in the production of agricultural products is a productive use of the land,holding that the inclusion of the terms use and possess in a state law prohibiting the possession storage use manufacture or sale of fireworks in counties exceeding a certain population do not render the states exercise of police power unduly oppressive or unconstitutional,holding the exclusivity element is satisfied by showing that others do not jointly possess or use the land,holding that a petitioner in a judicial review from the land use board of appeals had constitutional standing because the land use decision would affect her use and enjoyment of a nearby estuary that she used for passive recreation,holding land for speculation is a legitimate commercial use grazing on land so classified subject to a special use permit
40,"against state officials to conform their official conduct in the future to the Constitution or federal law. See Idaho v. Coeur d’Alene Tribe of Idaho, 521 U.S. 261, 268-69, 117 S.Ct. 2028, 138 L.Ed.2d 438 (1997). Furthermore, such prospective injunctive relief is not barred by the Eleventh Amendment if the future consequences of the injunction required payment of money from the state’s treasury, so long as the payment has “an ancillary effect on the state treasury.” Edelman, 415 U.S. at 668, 94 S.Ct. 1347. In most cases in which Ex parte Young has applied, the primary relief ordered by the court has been injunctive, requiring future compliance by state officials with the Constitution or federal law. See, e.g., Papasan v. Allain, 478 U.S. 265, 106 S.Ct. 2932, 92 L.Ed.2d 209 (1986)(<HOLDING>); Edelman v. Jordan, 415 U.S. 651, 94 S.Ct.",32623,5184,4,case_hold_mc,holding that a request for injunctive relief was merely incidental to a prayer for damages where it was designed to facilitate and ensure the satisfaction of any monetary relief the court might award,holding that the medicaid act provision allowing reduction of funds to noncompliant states is not a detailed remedial scheme sufficient to show congresss intent to preempt an action under ex parte young,holding that title ii ada suits and rehabilitation act suits for prospective injunctive relief may be brought under ex parte young against state officers in their official capacities,holding that a court may award injunctive relief against a state officer,holding that ex parte young permitted injunctive relief in equal protection challenge to states distribution of public school land funds because the expenditure of state funds that might accompany the injunction did not amount to an award for monetary liability
41,"See White v. Illinois, 502 U.S. 346, 358, 112 S.Ct. 736, 116 L.Ed.2d 848 (1992) (“There is ... no basis for importing the ‘necessity requirement’ announced in [Craig and Coy ] into the much different context of out-of-court declarations _”). I would hold, therefore, that the Nevada Supreme Court’s failure to insist upon alternative procedures for procuring Autumn’s contemporaneous testimony did not involve an unreasonable application of Roberts, Craig, or Coy. Setting aside Bockting’s assertions of legal error, I must decide whether the Nevada Supreme Court’s unavailability finding “was based on an unreasonable determination of the facts in light of the evidence presented in the State court proceeding.” 28 U.S.C. § 2254(d)(2); see also Taylor v. Maddox, 366 F.3d 992, 999 (9th Cir.2004) (<HOLDING>). Under this deferential standard of review, I",33474,5324,1,case_hold_mc,holding that clearly erroneous standard of review governs district courts factual findings based on state record documentary evidence and inferences from other facts,holding that subsection 2254d2 applies  to situations where petitioner challenges the state courts findings based entirely on the state record,holding that the state police is a state agency,holding that the law of the state of incorporation applies,holding that the trial courts putting its findings on the record at the conclusion of the states case was sufficient to satisfy  152538 because that section does not specifically limit the time within which the court must state the findings
42,"employed statistical method used in a variety of séttings — that randomly perturbed the lines of an initial districting plan to generate successive new plans. Id. at 13-15. The computer algorithm then eliminated from the 150,000 plan sample all “unreasonable” districting plans — plans with noncontiguous districts, plans with population deviations exceeding 0.1 percent, plans that were not reasonably compact under common statistical measures of compactness, plans that did not minimize the number of county and VTD splits, and plans that did not comply with the' Voting Rights Act — yielding the 24,518-plan ensemble. id. at 15-17. The criteria Dr. Mattingly used to eliminate “unreason able” plans from his sample reflect traditional redistricting criteria, see Harris, 136 S.Ct. at 1306 (<HOLDING>), and nearly all non-partisan criteria adopted",34335,5456,4,case_hold_mc,holding that an apportionment plan with a maximum population deviation under 10 falls within the category of minor deviations  from mathematical equality among state legislative districts that are insufficient to make out a prima facie case of invidious discrimination under the fourteenth amendment notwithstanding that the plain language of the constitution references no such statistical threshold,holding that bail revocation serves to maintain  the integrity of the judicial process and the authority of the courts and protect  the public from potentially dangerous persons,holding that the state as well as the defendant has a right to rely on compliance with rule 16,holding that equitable considerations did not toll the statute of limitations under the tort claims act where plaintiffs conduct was not in strict compliance with congressional waiver of immunity,recognizing compactness contiguity maintaining integrity of political subdivisions and potentially compliance with the voting rights act as legitimate considerations for deviations from population equality in state redistricting plans
43,"this Court has recognized and applied the law of war as including that part of the law of nations which prescribes, for the conduct of war, the status, rights and duties of enemy nations as well as of enemy individuals.”). In 1996, Congress enacted the War Crimes Act, which defined “war crime” in reference to the Geneva Conventions as well as other international agreements. See 18 U.S.C. § 2441(c). The War Crimes Act provides severe penalties for commission of war crimes, including the death penalty. See § 2441(a). Based on the Geneva Conventions and their incorporation into the War Crimes Act of 1996, the Court holds that there is a customary international law norm against attacks against civilians as war crimes. See In re Agent Orange, at 112-13. See also Kadic, 70 F.3d at 242-43 (<HOLDING>); Sarei, 221 F.Supp.2d at 1139-40 (“Courts have",35191,5584,3,case_hold_mc,recognizing attempt and conspiracy as inchoate crimes,holding intoxication is only a defense to specific intent crimes and not general intent crimes,recognizing that dui manslaughter and vehicular homicide are two separate crimes neither being a lesser included offense of the other but holding that a single death cannot support convictions for both crimes,recognizing an atca claim for war crimes,holding that under the crimes code conspiracy and the completed substantive offense are separate crimes
44,"to a statutory or regulatory violation so long as these objections are in connection with a procurement or proposed procurement”). To possess standing to bring a bid protest, a plaintiff must be an “interested party”—i.e., an actual or prospective bidder (or offeror) who possesses a direct economic interest in the procurement. Sys. Application & Techs., Inc., 691 F.3d at 1382 (citing Weeks Marine, Inc. v. United States, 575 F.3d 1352, 1359 (Fed. Cir. 2009)); see also Orion Tech., Inc. v. United States, 704 F.3d 1344, 1348 (Fed. Cir. 2013). An offeror has a direct economic interest if it suffered a competitive injury or prejudice as a result of an alleged error in the procurement process. Myers Investigative & Sec. Servs., Inc. v. United States, 275 F.3d 1366, 1370 (Fed. Cir. 2002) (<HOLDING>); see also Weeks Marine, Inc., 575 F.3d at",36049,5728,3,case_hold_mc,holding that actual prejudice is not a necessary element of an insurers untimely notice defense,recognizing that allegation of state action is a necessary element of a  1983 claim,holding that an assertion of prejudice is not a showing of prejudice,holding that prejudice or injury is a necessary element of standing,holding that an antitrust injury is a necessary element of a  2 claim
45,"coercion ... with the exercise or enjoyment by any individual or individuals of rights secured by the Constitution or laws of the United States, or of the rights secured by the Constitution or laws of [California].” Cal. Gov’t -Code § 52.1. To prevail on a § 52.1 claim, a plaintiff must therefore prove (1) a violation of a constitutional or statutory right (2) by intimidation, threats or coercion. Venegas v. Cnty. of Los Angeles, 153 Cal.App.4th 1230, 1242, 63 Cal.Rptr.3d 741, 750 (2007). Defendants take the position that a California Civil Code § 52.1 claim can only survive if the plaintiff proves “threats, intimidation, or coercion” separate and apart from whatever constitutional violation is at issue in the case. See Rodriguez v. City of Fresno, 819 F.Supp.2d 937, 953 (E.D.Cal.2011) (<HOLDING>). Defendants argue that Plaintiffs failed to",36901,5869,3,case_hold_mc,holding that where the plaintiffs evidence supported a finding that the defendants had applied force to restrain him the jury must determine not only whether the officers were justified in using force at all but if so whether the degree of force actually used was reasonable,holding that an officers use of force against a plaintiff was objectively reasonable considering the force the plaintiff herself exercised in resisting police custody,holding force to be an element of pre1994 amendment  111 which may be satisfied by proof of force or threat of force,holding that under  521 the coercive force applied against a plaintiff must result in an interference with a separate constitutional or statutory right and it is not sufficient that the right interfered with is the right to be free of the force or threat of force that was applied,holding that plaintiff could not pursue section 521 claim on the basis of allegations that defendants used force to interfere with his right to be free from bodily restraint or harm
46,"under Section 1692g(a)(5), the request had to be in writing. As Welker argues, the Ninth Circuit in Camacho v. Bridgeport Fin. Inc. observed that the FDCPA “assigns lesser rights to debtors who orally dispute a debt and greater rights to debtors who dispute it in writing.” 430 F.3d 1078, 1082 (9th Cir.2005). “The plain meaning of § 1692g is that debtors can trigger the rights under subsection (a)(3) by either an oral or written ‘dispute,’ while debtors can trigger the rights under subsections (a)(4) and (a)(5) only through written dispute.” Id. (emphasis added). The Ninth Circuit in Camacho, however, was only faced with the question of whether adding the “in writing” requirement to where it was not statutorily required violated the FDCPA. Id. The court concluded that it did. Id. (<HOLDING>). Nonetheless, by extension, Camacho’s",37760,6007,1,case_hold_mc,holding that collection notice was potentially misleading because least sophisticated consumer could conclude that total amount stated as due was due at any time when in fact it was increasing,holding that the defendants collection notice violated  1692g insofar as it stated that disputes under subsection a3 had to be in writing,holding that a debt collectors violation of the overshadowing rule was a circumvention of  1692g,holding therefore that although defendants failure to provide plaintiff with sufficient notice of termination and a pretermination hearing violated his right to procedural due process defendants motion for summary judgment should be granted insofar as it seeks to bar plaintiff from recovering more than a nominal amount,holding that if congress had intended to obligate every subsequent debt collector beyond the first to provide validation notice it would have explicitly called for it in 15 usc section 1692g
47,"504 N.W.2d 838, 841 (N.D. 1993). [¶ 6] Objections to jury instructions in criminal proceedings are governed by N.D.R.Crim.P. 30. A party must object to an instruction, or the failure to give an instruction, on the record. N.D.R.Crim.P. 30; State v. Jennewein, 2015 ND 192, ¶ 9, 867 N.W.2d 665; State v. Johnson, 2009 ND 76, ¶ 10, 764 N.W.2d 696; State v. Olander, 1998 ND 50, ¶ 9, 575 N.W.2d 658. Mayland not only failed to object to the jury instructions excluding a jury determination on whether Mayland had previous convictions under N.D.C.C. § 39-08-01, he requested and stipulated to the exclusion. In light of the stipulation, it would have been reversible error to provide an instruction requiring a jury determination on prior convictions. State v. Saul, 434 N.W.2d 572, 575 (N.D. 1989) (<HOLDING>). Therefore, Mayland failed to preserve the",38606,6143,2,case_hold_mc,holding that defendant could stipulate to prior dwi convictions,holding that when a defendant admits prior convictions at a habitual offender hearing he waives any complaints about the validity of the prior convictions,holding that when a defendant stipulates to prior convictions in prosecutions for aggravated offenses under ndcc  390801 submission of prior convictions to a jury constitutes reversible error,holding that application of career offender enhancement falls within exception for prior convictions where facts are undisputed making it unnecessary for district court to engage in further fact finding about prior convictions,holding that stipulation of the appellants undisputed prior convictions was harmless error and reasoning that blakely v washington which does not require a jury determination of prior convictions provides implicit support for the conclusion that a harmless error analysis is appropriate
48,"statement when asked whether he prayed to God for the shooting. Petitioner only asserted that his answer during the interrogation was involuntary because it was obtained after three hours of questioning during which time Petitioner remained largely silent. The sole issue presented was whether Petitioner invoked his right to remain silent based on the circumstances surrounding the interrogation. An evidentiary hearing was not necessary to resolve that issue. Thompkins v. Berghuis, 05-70188, 2011 WL 835927 at *2 (E.D.Mich. Mar. 8, 2011). Thus, even if the procedural argument is not a new “claim,” the contention that it relates to was not raised before the district court on the original habeas petition and therefore was waived. Cf. Lancaster v. Metrish, 683 F.3d 740, 753 (6th Cir.2012) (<HOLDING>). We affirm the district court’s judgment and,",39462,6285,2,case_hold_mc,holding that the defendant waived an argument by failing to raise it in his appellants brief,holding that a party waives an objection by failing to request a ruling on the admissibility of the evidence before the district court,holding that a party in a habeas case waives an argument by failing to raise it before the district court,holding that a defendant waived an argument under section 2  610b by failing to raise it in the trial court,holding that appellant waived argument by failing to raise argument before workers compensation board and failing to list or brief issue in administrative appeal to superior court
49,"in a 3-2 decision does not settle the intent issue, because Honkanen did not consider the difference between intent to injure or inflict pain and intent to correct. Additionally, Honkanen’s rationale may be outdated in light of the 2001 amendments to NRS 48.061, which expand the use of bad-act evidence in domestic violence cases, 2001 Nev. Stat., ch. 360, § 1, at 169; see NRS 33.018(1)(a) (defining “domestic violence” to include battery on an accused’s minor child), and Bigpond, which recognizes that character evidence can be admissible so long as it has a credible, non- propensity purpose, such as explaining the relationship dynamics between a domestic-violence victim and the accused. 128 Nev. at 111, 270 P.3d at 1246; see also Harris v. State, 195 P.3d 161, 182 (Alaska Ct. App. 2008) (<HOLDING>). Cherry, J., concurring in part and dissenting",40320,6418,2,case_hold_mc,holding that admission of rule 404b evidence was proper,holding that a new trial was the remedy for erroneous admission of rule 404b evidence,recognizing that the holding in harvey v state 604 p2d 586 590 alaska 1979 a case similar to honkanen had been abrogated by the amendment of alaskas rule 404b to allow admission of prior incidents of domestic violence as an exception to the general rule against admitting such evidence,recognizing general rule,recognizing this as the general rule
50,"awarding bridge-the-gap, rather than permanent alimony. “Permanent periodic alimony is used to provide the needs and the necessities of life to a former spouse as they have been established during the marriage of the parties.” Rosecan v. Springer, 845 So.2d 927, 928 (Fla. 4th DCA 2003). In determining whether a party is entitled to permanent alimony, the trial court must consider the duration of the parties’ marriage. See Martinez v. Martinez, 761 So.2d 433, 436 (Fla. 3d DCA 2000), overruled in part on other grounds by Zold v. Zold, 911 So.2d 1222, 1234 (Fla.2005). Here, the parties were married for nineteen years. It is well settled, and the trial court properly found, that a nineteen-year marriage qualifies as a long-term marriage. See Cruz v. Cruz, 574 So.2d 1117 (Fla. 3d DCA 1990) (<HOLDING>); Kvittem v. Kvittem, 365 So.2d 791 (Fla. 4th",41182,6558,4,case_hold_mc,holding husband could not have marriage annulled because wife was pregnant by him at time of marriage,holding that the law to be applied in determining the validity of  an outofstate marriage is the law of the state in which the marriage occurred,recognizing the common enterprise theory of marriage,recognizing that basis for deportation was aliens misrepresentation about his marriage not the validity of his marriage,recognizing seventeenyear marriage as long term
51,"Alabama, 843 F.Supp. 1427, 1434 (M.D.Ala.1994) (a statute affecting not only the insurance industry, but also other non-insured health care plans and agreements failed the common sense test). The Court finds that the Any Willing Provider Statute fails the common sense test because it is not specifically directed towards the insurance industry, but, rather, it expressly applies to entities outside the insurance industry, such as employers and Taft-Hartley trusts. See La.Rev.Stat.Ann. § 40:2202(3)(a)-(b) (West 1987); Hayden, 843 F.Supp. at 1434 (“[although [the statute at issue there] may have a substantial effect on the insurance industry, the law affects other health care plans and agreements even though they are not a part of an insurance contract”); cf. Stuart Circle, 995 F.2d at 504 (<HOLDING>). Because Louisiana’s Any Willing Provider",42041,6700,4,case_hold_mc,holding analytically analogous statute failed the commonsense view where although the statute may have a substantial effect on the insurance industry the law affects other healthcare plans and agreements even though they are not part of an insurance agreement,holding that a probate courts jurisdiction is limited to that expressly conferred or which is necessarily implied from those expressly conferred,holding that section 624155 is not a statute which regulates the insurance industry because the statute does not meet the three prong test enunciated in union labor life ins co v pireno 458 us 119 129 102 sct 3002 73 led2d 647 1982 in so holding the court reasoned that although section 624155 is directed toward the insurance industry and applies only to the insurance industry the statute transfers or spreads no policyholder risk and the statute is not an integral part of the policy relationship between the insurer and the insured see also american intl group inc v siemens bldg techs inc 881 so2d 7 12 fladistctapp2004 holding that section 624155 is not a law  regulating insurance to which mccarranferguson might apply citing anschultz 850 f2d 1467,holding that a federal statute 12 usc  92 which expressly permits national banks to sell insurance in small towns is a statute which specifically relates to the business of insurance and preempts a state statute which prohibits banks from selling insurance,holding that virginias statute was expressly limited to entities within the insurance industry
52,"to resolve identification issues sufficiently supported the reliability of his application to the facts in this case, and his express observations and reasoning on the record reinforce this conclusion. Interestingly enough, the reliability of Detective Caffey’s methodology finds further support in the fact that Pierce’s own expert, Taylor-Austin, relied on similar experience-based credentials and the same gang-membership identifiers in assessing the conduct of the Appellants. Indeed, Taylor-Austin confirmed that clothing in a specific color, Philadelphia Phillies memo rabilia, and terminology such as “Pira” were factors suggestive of Blood gang membership, and reached a conclusion regarding the evidence in this case based, in part, on these facts. See id. at 151, 119 S.Ct. at 1176 (<HOLDING>). The only cognizable difference between the",42898,6829,2,case_hold_mc,holding that expert testimony may be admissible even if not generally accepted in the relevant scientific community provided that it qualifies in some other way as reliable under federal rule of evidence 702,holding that product rule method of dna statistical evidence is now generally accepted in the relevant scientific community,recognizing that it may be appropriate to ask an expert relying on experience whether his preparation is of a kind that others in the field would recognize as acceptable and whether his  method is generally accepted in the relevant  community,holding that whether the witnesss area of expertise was technical scientific or more generally experiencebased the court in its gatekeeping function must make certain that an expert whether basing testimony upon professional studies or personal experience employs in the courtroom the same level of intellectual rigor that characterizes the practice of an expert in the relevant field,recognizing that an expert may rely on an article because it is the expert who determines based on study and experience whether the article is reliable
53,"he was able to identify petitioner at trial because of the photographic array is meritless. In fact, Rodriguez testified that petitioner’s face was “burned” into his mind at the time of the incident because he was so angry about being robbed, not as petitioner contends, that he memorized petitioner’s face from the photo array. Accordingly, this argument is rejected. As already discussed, Rodriguez had an unobstructed, well-illuminated view of petitioner during the robbery that lasted for approximately 15 seconds. This view allowed Rodriguez to provide officers with a detailed, mostly accurate description of petitioner, to identify the defendant with a high degree of certainty; and the two month lag between the incident and initial confrontation is not fatal. See Wong, 40 F.3d at 1360 (<HOLDING>). Accordingly, the Appellate Division’s",43752,6951,4,case_hold_mc,holding that a five month delay was unreasonable,holding that a five month delay is unreasonable,holding that a thirtyone month delay was sufficient to trigger the barker test,holding that a 13 month delay was unreasonable,holding that a thirtyone month delay could be outweighed by other indicia of reliability
54,"Cal. Civ.Code § 2924c(e). 9 .Debtors’ original chapter 13 plan proposed paying 0% to the unsecured creditors (not including Advanta and Household). The Debtors then amended their plan to provide 100% to the general unsecured creditors (not including Advanta and Household). After the Court’s ruling at the hearing on the issue presented herein, the Debtors amended their plan to provide 8% to the general unsecured creditors, including Advanta and Household. 10 . Kathleen P. March and Jennifer Hilde-brandt, Lien Stripping: When You Can and When You Can't — The Law Now and What the Future May Hold, 24 Cal. Bankr.J. 317 (1998). 11 . See supra, footnote 5. 12 . Id. 13 . Id. 14 . 11 U.S.C. §§ 524(a)(1), (2). See also, Cennamo v. United States (In re Cennamo), 147 B.R. 540 (Bankr.C.D.Cal.1992) (<HOLDING>); accord In re Isom, 901 F.2d 744 (9th",44604,7081,1,case_hold_mc,holding that the debtors belated filing was not a reasonable effort to satisfy the requirements of the tax law relying significantly on the debtors delinquency in failing to file his tax returns until after the irs assessment thus defeating the main purpose of the selfreporting requirement of our tax system,holding that operates as a charge of debtors in personam tax liability not debtors in rem tax liability,holding that discharged debtor is protected only from in personam liability not in rem liability on lien given as security for mortgage loan,recognizing certificates of assessment as adequate evidence of tax liability,holding that a binding settlement on a tax liability must follow the requirements of the tax code which include the execution of a closing agreement
55,"small pieces of the Walkway, or access to the Walkway, built upon it. See Def.-Int. Reply at p. 14 (noting that the second of two issues remaining for the Court to decide, given that the public trust doctrine gov erns a large portion of the land at issue, is “whether the state acted rationally in determining that access across the perpendicular paths and scattered small portions of the Walkway constructed on uplands is ‘reasonably necessary’ to protect that public’s right of access to the remaining 88.7 percent of the Walkway that is situated on tidelands”). Plaintiffs’ taking claims with respect to this small portion of the property at issue are governed by the reasonableness test enunciated in Matthews. See Matthews v. Bay Head Improvement Ass’n, 95 N.J. 306, 326, 471 A.2d 355 (1984) (<HOLDING>), cert. denied, 469 U.S. 821, 105 S.Ct. 93, 83",45456,7225,1,case_hold_mc,holding that public use of a beach was presumed to have originated by permission and to have continued as a license until some act  of the public or public official asserted the use to be exercised as a matter of right rather than privilege,holding that in order to exercise its rights under the public trust doctrine the public must be given both access to and use of privatelyowned dry sand areas as reasonably necessary,holding that the borough of deals dedication of a portion of a beach for use by its residents only was immaterial given the public trust doctrines requirement that the public be afforded the right to enjoy all dry sand beaches owned by a municipality,holding that under the public standing doctrine it is only necessary that the relator shall be a citizen and as such interested in the execution of the laws,recognizing that public utilities affect the public interest in that they render essential public services to a large number of the general public
56,"may be held personally liable for his or her tortious acts, even if committed within the scope of the agent’s employment with the principal, an agent is not liable for tortious interference with a contract of which his or her principal is a party.”) (citations omitted); Salit v. Ruden, McClosky, Smith, Schuster & Russell, P.A., 742 So.2d 381, 386 (Fla. 4th DCA 1999) (“For the interference to be unjustified, the defendant must be a third party, external to the business relationship” or an agent who “acts solely with ulterior purposes, without an honest belief that his actions would benefit the employer, and the employee’s conduct concerning the contract or business relationship is not in the employer’s best interest.”); Babson Bros. Co. v. Allison, 337 So.2d 848 (Fla. 1st DCA 1976) (<HOLDING>). This principle is fatal to Crossland’s",46317,7369,2,case_hold_mc,holding that a corporation could be served by delivering a copy of the subpoena to an officer or managing or general agent of the corporation and that the agent could be an individual a partnership or another corporation,holding that claims of corporation vest in corporation,holding that employee of one familyowned corporation who was assigned to terminate a contract of another corporation owned by the same family could not as a matter of law be held liable for tortious interference with the contract,holding that corporation and sole owner of corporation were separate legal entities and corporation was not party to contract signed by owner in individual capacity,holding individual who signed contract on behalf of a corporation is individually liable where he knew corporation was not incorporated at the time the contract was executed
57,"suggests that one of the Structure Owners authorized carnival companies to operate on the lots during the decades before Overflow Owner’s arrival. The evidence is silent on whether all of the most recent carnivals were authorized only by Overflow Owner or possibly, at times, by other premises owners. On this mixed evidence, Structure Owners’ role in permitting recurring carnival operations cannot be described as mere acquiescence or failure to enforce restrictions being violated by others. There is at least some evidence that some or all Structure Owners violated the applicable restriction through their own affirmative conduct in authorizing carnival operations on the premises before Overflow Owner held any ownership interest in the property. Cf. Friedman, 2013 WL 6175318, at *4-5 (<HOLDING>). Because one’s own violation of a restriction",47167,7507,1,case_hold_mc,holding there is no duty to third parties on the part of a premises owner who could not have foreseen the criminal acts of third parties,holding that property owner who violated restrictive covenant multiple times over several years waived enforcement of same restriction against third parties as matter of law,holding that a restrictive covenant with worldwide restrictions on competition is not reasonable,holding that a restrictive covenant with a tenyear term was unenforceable,recognizing the courts right to modify the parties obligations under a restrictive covenant in light of current developments and the parties initial expectations
58,"The Second Circuit has observed that “[a]n explanation for a particular challenge need not necessarily be pigeon-holed as wholly acceptable or wholly unacceptable.” Alvarado II, 923 F.2d at 256. Where the acceptability of the explanation is doubtful, the Batson inquiry is not at an end. United States v. Alvarado, 951 F.2d 22, 26 (2d Cir. 1991) (“Alvarado III ”). In deciding the ultimate issue of discriminatory intent, the judicial officer is entitled to assess each explanation in light of all the other evidence relevant to prosecutorial intent. The officer may think a dubious explanation undermines the bona fides of other explanations or may think that the sound explanations dispel the doubt raised by a questionable one. Id. See also, Howard v. Senkowski 986 F.2d 24, 30 (2d Cir.1993) (<HOLDING>); Alvarado II, 923 F.2d at 256. As discussed",48023,7636,3,case_hold_mc,holding that confrontation clause issues are subject to harmless error analysis,holding trial errors are subject to a harmless error analysis,holding evidentiary rulings are subject to harmless error analysis,holding that batson challenges are subject to dualmotivation analysis,holding that challenges to an arrest warrant are not jurisdictional
59,"insurer provides a notice of disclaimer ‘as soon as is reasonably possible after it first learns of the accident or of grounds for disclaimer of liability.’” Adams v. Perry’s Place, 168 A.D.2d 932, 564 N.Y.S.2d 1019 (4th Dep’t 1990) (internal citation omitted); see also Zappone v. Home Ins. Co., 55 N.Y.2d 131, 135-36, 447 N.Y.S.2d 911, 432 N.E.2d 783 (1982) (noting that Insurance Law § 3420(d) “was enacted to avoid prejudice to the insured, [and] the injured claimant ... [who] could be harmed by delay in learning of the carrier’s position” (internal citation omitted)). If an insurer breaches its duty to disclaim coverage in a timely manner, it may not rely upon exclusions to deny coverage. Worcester Ins. Co. v. Bettenhauser, 95 N.Y.2d 185, 189, 712 N.Y.S.2d 433, 734 N.E.2d 745 (2000) (<HOLDING>). Notably, however, an insurer has no duty to",48880,7774,3,case_hold_mc,holding that if an insurer denies coverage based on an assertion that the underlying claim is excluded from coverage there is a presumption that the insurer did not suffer prejudice because prompt notice would have merely resulted in an earlier denial of coverage,holding that a denial of coverage based on a reasonable interpretation of the policy is not bad faith even if incorrect,holding named driver exclusion eliminating liability coverage as well as um coverage did not contravene um statute because statute required um coverage only if the claimant otherwise qualifies for liability coverage under the policy,holding that a disclaimer of liability is required when denial of coverage is based upon an exclusion set forth in a policy without which the claim would be covered citing zappone 55 ny2d at 134 138 447 nys2d 911 432 ne2d 783,holding location of named driver exclusion in endorsement did not make it ambiguous exclusion applied to all coverage afforded by the policy including the um coverage
60,"candidate for nomination shall file a petition for nomination.... The petition shall be sworn to before an officer authorized to administer an oath by the candidate and by not less than two (2) registered voters from the district or circuit from which he seeks nomination. Subsection (3) states in part: The petition for nomination shall be in the form prescribed by the State Board of Elections. The petition shall include a declaration sworn to by the equiring the voters to swear that they are registered voters in that circuit and interpret subsection (3) as requiring only the candidate to swear that he meets the requirements of the office. Additionally, we view subsection (2) as containing both mandatory and directory provisions. See Skaggs v. Fyffe, 266 Ky. 337, 98 S.W.2d 884 (1936) (<HOLDING>). We believe the legislature clearly intended",49738,7916,0,case_hold_mc,holding that failure to follow mandatory provision of statute renders the act void whereas failure to follow directory provision does not,holding that a claimants failure to lose weight does not constitute a refusal to follow the treatment,holding that failure to follow gaap without more is insufficient to establish scienter,holding that the failure to follow rule 252b3a was jurisdictional,holding that a tortfeasor seeking contribution and indemnification is required to follow the 120day notice provision in the cda and not the 60day notice provision
61,"reputation as protected by the Pennsylvania Constitution. Id. at 3-4. The court addressed the juveniles’ assertion that SORNA infringed upon their fundamental right to reputation under the Pennsylvania Constitution pursuant to both a substantive due process analysis and the irrebuttable presumption doctrine, finding these claims interrelated. Id. at 11. Like the York County Court, the Monroe County Court concluded that SORNA unconstitutionally utilized an irrebuttable presumption. It observed that, while the adjudication of delinquency involves a hearing on the facts of the crime, no proceeding addresses the juvenile’s likelihood of reoffense, upon which registration is based. B.B. at 32-36 (relying upon Clayton and D.C. v. School District of Philadelphia, 879 A.2d 408 (Pa.Cmwlth.2005) (<HOLDING>)). The court opined that the limited provision",50595,8055,3,case_hold_mc,holding that a students private school tuition should be reimbursed where parent did not unilaterally place student in private school because the school district tacitly consented to the private school attendance before proposing a different placement,holding that schools have no duty under the due process clause to protect students from assaults by other students even where the school knew or should have known of the danger presented,holding district court lacked authority to order placement at a school not approved by the state,holding that an unconstitutional irrebuttable presumption existed where school district automatically excluded from regular classrooms students returning from juvenile delinquency placement or criminal conviction,holding that school district policy requiring that students obtain the review and approval of school officials prior to distributing any written material violated free speech rights of students
62,"with NASD’s Motion to Dismiss Lugosch definitively reinforced Amodeo II’s ruling that documents submitted in connection with a motion for summary judgment are judicial documents for presumption-of-access purposes, 435 F.3d at 123, a principle that district courts have faithfully applied. See, e.g., Prescient, 487 F.Supp.2d at 374; Allen v. City of New York, 420 F.Supp.2d 295, 302 (S.D.N.Y.2006). Other courts in this Circuit have found the presumption applicable in other contexts, as well. See, e.g., In re San Francisco Chronicle, 07-00256-MISC (TCP), 2007 WL 2713859, at *3 (E.D.N.Y. Sept. 14, 2007) (noting that presumption applies to “search warrant materials after an investigation is over”) (citing In re Newsday, Inc., 895 F.2d 74, 76 (2d Cir.1990)); Sattar, 471 F.Supp.2d at 386 (<HOLDING>). It appears, however, that the post-Lugosch",51456,8177,1,case_hold_mc,recognizing that sentencing facts are based on the evidence and testimony presented at sentencing under a preponderance of the evidence standard,holding that letter and report filed in conjunction with defendants sentencing submission are judicial because they supported her argument at sentencing,holding defendants failure to object to the drug quantity assessment in the presentence report at sentencing was a waiver of the issue on appeal,holding that the right applies at capital sentencing in particular,holding that the sentencing judge could consider the defendants subsequent arrest even though the charges were dismissed during sentencing
63,"reasonably necessary. We affirm. Jurisdiction in the district court was proper based upon 18 U.S.C. § 3231. Jurisdiction in this court is proper based upon 28 U.S.C. § 1291. The notice of appeal was timely filed pursuant to Fed. ít.App. P. 4(b). Background In the underlying criminal matter, defendant was indicted on August 22, 1995, on one count of possession of materials involving the sexual exploitation of a minor, in violation of 18 U.S.C. § 2252(a)(4)(B). The indictment was based on three sexually explicit photographs, found in defendant’s home, which he had taken of his twelve-year-old stepdaughter. Defendant was tried before a jury and found guilty. On appeal, this court vacated the conviction based upon an evidentiary issue. United States v. Heidebur, 122 F.3d 577 (8th Cir.1997) (<HOLDING>). On remand, defendant pled guilty. On January",52309,8305,0,case_hold_mc,holding that district courts admission of evidence that defendant had sexually molested his stepdaughter was improper because it showed propensity and was not probative of his knowing possession of the photographs,holding improper admission of hearsay evidence is reversible error only when the admission causes prejudice,recognizing trial courts discretion in weighing the allegedlyimproper prejudicial aspects of photographs of victims against the photographs probative value,holding that evidence of violent crimes and other illegal activities of defendants gang was not unduly prejudicial because defendant was not directly implicated and the evidence was probative of elements of the crimes that the defendant was charged with,holding that district courts findings were not clearly erroneous where there was  sufficient evidence  that the defendants waiver of his rights was knowing and intelligent
64,"noted at 152 N.C. App. 477, 2002 WL 1914015, at *7, 2002 N.C. App. LEXIS 2144, at *19-20 (Aug. 20, 2002) (unpublished opinion); Hart v. Pharaoh, 1961 OK 45, 359 P.2d 1074, 1079; Berg v. Wilson, 353 S.W.3d 166, 180 (Tex. App. 2011); Hidden Meadows Dev. Co. v. Mills, 590 P.2d 1244, 1248 (Utah 1979); Zweber v. Melar Ltd., 2004 WI App 185, ¶ 10, 276 Wis. 2d 156, 687 N.W.2d 818. But see Cal. Civ. Proc. Code § 405.32 (requiring cancellation of lis pendens notice if the filer failed to prove his claim at trial); Del. Code Ann. tit. 25, § 1608 (granting discretion to cancel lis pendens if the filer is not likely to prevail); Mich. Comp. Laws § 600.2731 (permitting courts to cancel lis pendens in certain circumstances during litigation); Sloane v. Davis, 433 So. 2d 374, 375 (La. Ct. App. 1983) (<HOLDING>); Inv’rs Title Ins. Co. v. Herzig, 2010 ND 169,",53170,8441,3,case_hold_mc,holding that identification of appellant in notice of appeal is a jurisdictional requirement and that the failure to name a party in a notice to appeal constitutes a failure of that party to appeal,holding that notice of administrative forfeiture sent to prisoner did not require actual notice to the property owner only notice reasonably calculated to apprise a party of the pendency of the action,holding that statute permitting cancellation of lis pendens  at any time  allowed cancellation during pendency of appeal emphasis omitted quoting nd cent code  280508,holding that appeal did not prevent cancellation of lis pendens under statute reading in part that lis pendens shall be canceled  w hen judgment is rendered in the action or proceeding against the party who filed the notice of the pendency thereof     quoting la code civ proc ann art 3753,holding that a notice of appeal filed in an adversary proceeding could not appeal the main proceeding
65,"communication need not itself contain a misrepresentation, Schmuck v. United States, 489 U.S. 705, 712-15, 109 S.Ct. 1443, 103 L.Ed.2d 734 (1989), it must be “incidental to an essential part of the scheme.” Pereira v. United States, 347 U.S. 1, 8, 74 S.Ct. 358, 98 L.Ed. 435 (1954). The district court found, and we agree, that Kaye has not alleged a situation in which anyone was misled or fraudulently induced to engage in activity to their detriment. Although Kaye’s allegations, if true, may amount to questionable conduct on the part of Defendants, “[n]ot all conduct that strikes a court as sharp dealing or unethical conduct is a ‘scheme or artifice to defraud’ ” as those terms are used in the mail and wire fraud statutes. Reynolds v. East Dyer Dev., 882 F.2d 1249, 1252 (7th Cir.1989) (<HOLDING>). Kaye’s allegation of wire fraud is supported",54031,8597,1,case_hold_mc,holding that a buyer could not rely on a sellers mere expression of opinion,holding that sellers failure to disclose known soil conditions was not a scheme to defraud where seller did not affirmatively lie to buyer,holding that failure to disclose that the defendant was involved on both the sellers and buyers side of transactions constitutes a concealment of a material fact sufficient to support a charge of fraud,holding that the prosecution must disclose to the defense all exculpatory evidence known to the state or in its possession,holding that the failure to disclose evidence known to the defense cannot form the basis of a brady violation
66,"of the goods is dispelled by the time any sales are consummated.” Dorr-Oliver, Inc. v. Fluid-Quip, Inc., 94 F.3d 376, 382 (7th Cir.1996). For example, in Grotrian, Helfferich, Schulz, Th. Steinweg Nachf. v. Steinway & Sons, 523 F.2d 1331, 1342 (2d Cir.1975), the defendant produced “Grotrian-Steinweg” pianos and the plaintiff produced the world-renowned “Steinway” pianos. The court explained: The issue here is not the possibility that a purchaser would buy a Grotrian-Steinweg thinking it was actually a Steinway or that Grotrian had some connection with Steinway and Sons. The harm to Steinway, rather, is the likelihood that a consumer, hearing the “Grotrian-Steinweg” name and thinking it had some connection with “Steinway”, would consider it on that basis. The “Grotrian 3 (2d Cir.2010) (<HOLDING>); Universal Commc’n Sys., Inc. v. Lycos, Inc.,",54890,8742,0,case_hold_mc,recognizing the underlying principles of nominative fair use,holding that the nominative fair use factors replace the traditional sleekcraft factors for likelihood of confusion where nominative fair use is at issue,recognizing nominative fair use as an affirmative defense to trademark infringement,holding that nominative fair use is an affirmative defense to a prima facie case of likelihood of confusion similar to the fair use defense,holding that nominative fair use involves questions of fact whose resolution is inappropriate on a motion to dismiss
67,"reference to representation before the Court that could reasonably be said to have induced the appellant to miss the filing deadline. See Butler v. Derwinski, 960 F.2d 139, 141 (Fed.Cir.1992) (“[although often effecting a seemingly harsh result, courts cannot disregard jurisdictional requirements[,] established by Congress[,] out of sympathy for particular litigants”), overruled in part on other grounds by Bailey, 160 F.3d at 1368; see also Baldwin Cty. Welcome Ctr. v. Brown, 466 U.S. 147, 152, 104 S.Ct. 1723, 80 L.Ed.2d 196 (1984) (per curiam) (“[procedural requirements established by Congress for gaming access to the federal courts are not to be disregarded by courts out of a vague sympathy for particular litigants”); cf. Gilbert v. Secretary of HHS, 51 F.3d 254, 257 (Fed.Cir.1995) (<HOLDING>). The appellant further asserts that errors",55749,8873,1,case_hold_mc,recognizing doctrine,holding that equitabletolling doctrine cannot apply where attorney misread statute,holding that even if the court were to apply the apex doctrine the doctrine would not preclude the deposition of two corporate executives in that case,holding that the doctrine of promissory estoppel did not apply where promise was supported by bargained for consideration,holding that the doctrine does not apply in such circumstancesi
68,"393 N.W.2d 286, 290-91 (S.D.1986). • GILBERTSON, Chief Justice, (dissenting).. [¶ 26.] I respectfully dissent. I would reverse the lower court on Issue 2. I would hold the trial court erred when it granted partial summary judgment to 01-esens, holding City’s operation of food service at the municipal bar was an ultra vires act. [¶27.] An express grant of authority from the legislature “includes those incidental or implied powers that are necessary to enable a municipality to perform the function authorized.” City of Rapid City v. Rensch, 77 S.D. 242, 246, 90 N.W.2d 380, 383 (1958) (citation omitted). A municipality is vested with discretion as to how it exercises specific powers conferred upon it by the legislature, as long as the methods employed are n , 59 N.W.2d 732, 734 (1953) (<HOLDING>). Actions taken under a municipality’s implied",56605,9003,0,case_hold_mc,holding municipality had implied authority to enter into a long term contract to establish a golf course although state statute did not specifically grant authority to establish golf courses as public parks,holding grant of authority to an agency to adopt rules necessary to carry out this chapter clearly vested in the agency authority to interpret a statute,holding that the governments attorney had the implicit authority to bind the government although the contracting officer had the express authority,holding that plaintiff had no authority or statutory right for actions proper course was to report actions to proper legal authority,holding the court has the inherent authority to enter an order of confidentiality
69,"meaning); cf. Shames v. Coontz, 882 F.Supp. 1173, 1174 (D.Mass.1995) (Lasker, J.) (deciding that plaintiffs will likely prevail on secondary significance claim where mark was used for 16 years with “apparent considerable success” and “broad ... and pervasive” advertising) (emphasis added). Advertising of a mark can be probative of secondary meaning. See Boston Beer, 9 F.3d at 182. “[W]hile secondary me BS, 1998 WL 428092, at *8 (D.Mass. May 26, 1998) (Alexander, M.J.) (suggesting that evidence of trademark advertising is relevant to determining secondary meaning only insofar as it indicates that the public associates an advertised mark with a particular source) (citing Aro-matique, Inc. v. Gold Seal, Inc., 28 F.3d 863, 872 (8th Cir.1994)); Stratus Computers, 1987 WL 7748 at *3-4, (<HOLDING>). Here, Lyons does not offer adequate evidence",57461,9142,1,case_hold_mc,holding that a failure to mark 13 of products is certainly not adequate marking,holding that mark had not acquired secondary meaning even with advertisements costing 4400000 over five years because it did not lead consumers to associate plaintiffs mark with its products,holding that inconsistent advertising of an alleged protected trademark for five years did not establish secondary meaning,holding limited use of a mark did not constitute prior use in commerce sufficient to establish rights in the mark,holding plaintiff failed to establish selfrealization acquired secondary meaning because members of the american hinduyoga community believed the mark was a spiritual state of mind and did not automatically associate a selfrealization product with plaintiff
70,"conducting a review for harm — even if the error is not preserved. See Baker v. Hansen, 679 S.W.2d 480, 481 (Tex.1984). Second, we apply fundamental-error review when an important public interest or public policy is at stake. See, e.g., Ramsey, 205 S.W.2d at 983. “Pub . 1350, 25 L.Ed.2d 594, on remand, 457 S.W.2d 275 (Tex.1970). Substantively, public-interest-based fundamental error is rare, implicated only when our most significant state public interests are at stake. The meaning of the “public interest” that is adversely affected must be extremely circumscribed, or the exception would swallow the rule. Thus, it cannot be enough to allege that an error violates a party’s constitutional rights. See Texas Dep’t of Protective & Regulatory Servs. v. Sherry, 46 S.W.3d 857, 861 (Tex.2001) (<HOLDING>) (citing Dreyer v. Greene, 871 S.W.2d 697, 698",58316,9272,3,case_hold_mc,holding that by fading to timely raise the issue before the trial court the defendant had waived the right to raise the issue on appeal that the trial court failed to consider less severe sanctions,holding that defendant failed to raise a constitutional issue at trial and thus waived appellate review of that issue,holding that because appellant had waived review of constitutional challenge to sentencing statute by failing to raise it at the first opportunity the trial court correctly proceeded to examine whether the appellants trial counsel was ineffective for failing to raise constitutional challenges to the sentencing statutes,holding that constitutional claim that paternity suit should not be barred by statute of limitations is waived by failing to raise the issue before the trial court,holding that appellant waived issue by failing to raise it in opening brief
71,"at twelve after a two-point reduction for acceptance of responsibility. With a criminal history category of III, Scirotto’s sentencing guideline range was fifteen to twenty-one months’ imprisonment. The court rejected Scirotto’s plea for a noncustodial sentence and sentenced him to the guideline minimum term of fifteen months’ imprisonment and a $100 assessment. Scirotto filed a timely notice of appeal with a new attorney. He urges us not to enforce the appellate waiver, contending former counsel was ineffective during the guilty plea for failing to preserve for appeal the issue of sentencing guideline selection. II. The District Court had jurisdiction under 18 U.S.C. § 3231. We have jurisdiction under 28 U.S.C. § 1291. See United States v. Gwinnett, 483 F.3d 200, 203 (3d Cir.2007) (<HOLDING>). Our review of the validity and applicability",59175,9408,3,case_hold_mc,holding that a waiver of right to appeal contained in a plea agreement is enforceable,holding that a plea agreement with a waiver of direct appeal rights does not include a waiver of collateral remedies because the government could have included a waiver of collateral rights in the plea agreement and chose not to do so,holding that the court had no jurisdiction over an alleged breach of a plea agreement,holding the court of appeals had subject matter jurisdiction notwithstanding a defendants waiver of appellate rights in a plea agreement,holding that a lack of a waiver of sovereign immunity deprives federal courts of subject matter jurisdiction
72,"owner); Tucker v. Hankey, 173 Kan. 593, 250 P.2d 784, 788 (Kan. 1952) (“To constitute adverse possession of land, it is not absolutely necessary that there should be [enclosure, buildings, or cultivation. ...”). With respect to agricultural lands whose primary purpose is cattle grazing, courts have consistently held that the actual, physical, and hostile possession elements of an adverse possession claim may be satisfied simply upon a showing that the individual who claims to have adversely possessed the land has had his cattle graze on the disputed parcel. See, e.g., Thornburg v. Haecker, 243 Neb. 693, 502 N.W.2d 434, 438 (Neb. 1993); Davis v. Parke, 135 Ore. App. 283, 898 P.2d 804, 806 (Or. Ct. App. 1995); Overson v. Cowley, 136 Ariz. 60, 664 P.2d 210, 217-18 (Ariz. Ct. App. 1982) (<HOLDING>). As the Wyoming Supreme Court, in summarizing",60032,9540,4,case_hold_mc,holding that the phrase possession or custody in  5225b requires actual and not merely constructive possession,holding that a past arrest for possession without more is simply not enough to provide reasonable articulable suspicion that the person is currently in possession,holding that k no wing possession can be demonstrated by proof of either actual or constructive possession,holding that failure to follow gaap without more is insufficient to establish scienter,holding cattle grazing without more sufficient to establish actual possession element
73,"decision contained numerous citations to both federal precedent and state court decisions which were based on federal due process principles. In the FAR petition, Davis specifically noted the factual underpinnings of his claim: “[T]he prosecutors suppressed the fact that Frame ... refused to be interviewed by the defendants because of threats by Delinsky....” Pet’r’s Mem.Ex. A at 24. Davis focused his argument in the FAR petition, however, on the failure of the trial justice to hold an evidentiary hearing regarding this and other suppression claims. See id. at 25. Davis characterized his claims as “allegations of constitutional violations,” “allegations of constitutional dimensions,” and as a “Due Process” violation contrary to United States v. Dansker, 565 F.2d 1262 (3d Cir.1977) (<HOLDING>), cert. dismissed, 434 U.S. 1052, 98 S.Ct. 905,",60890,9680,3,case_hold_mc,holding that there was a genuine issue of material fact precluding summary judgment,holding nonmoving partys affidavit created genuine issue of material fact as to the existence of an employment relationship,holding that plaintiff failed to show genuine issue of material fact on equitable estoppel claim,holding that where affidavits raise a genuine issue of material fact as to a brady claim an evidentiary hearing should be conducted,holding that due process requires an evidentiary hearing when parties submissions in contempt proceedings raise disputed issue of material fact
74,"who inspected the property for termites and provided a termite bond and report. This appeal, however, involves only the validity of the preliminary injunction against the Blaylocks' foreclosure. 3 . The sales contract provided: ""9. NECESSITY OF INSPECTION: Purchaser acknowledges and agrees that Alabama law imposes a duty on Purchaser to thoroughly inspect a property, for defects or otherwise, in accordance with the terms of this contract and prior to the sale....” 4 . The narrow ""health or safety"" exception to the general no-duty-to-disclose rule is also inapplicable to this case because the Carys, failed to make a sufficient showing that the water damage to the house (i.e., wood rot and fungus growth) posed a direct threat to their health or safety. Cf. Fennell, 529 So.2d at 1004 (<HOLDING>). Moreover, the other two narrow exceptions to",61747,9809,4,case_hold_mc,holding that where no evidence was designated to show that a car buyer knew that a sale violated the rights of the dealership that owned the car the buyers were buyers in the ordinary course of business for purposes of indcode  26112019,holding that even though the contract limited the buyers remedies to specific performance or a refund of earnest money they were entitled to damages in the amount of the difference between the contract price and the fair market value of the property where the seller thwarted the buyers right to specific performance by selling the property to another at a higher price,holding that defendant staying in abandoned house had no legitimate expectation of privacy in the house despite having a key to the house and the ability to let people in and out of it,holding that the evidence was sufficient to preclude inference where he tried to enter the house drunk and was staying at the neighboring house,holding that a duty to disclose a health hazard arose where the buyers of a house made a sufficient showing that a defect in the furnace serving the house would have if not remedied caused the release of carbon monoxide resulting in the buyers possible injury or death
75,"decided that § 80A.01(b), as a derivative of § 17(a)(2), “does not require scienter, but supports a negligence based theory of recovery.” Sprangers, 394 N.W.2d at 503. Although the Minnesota cases on § 80A.01 subsequent to Sprangers may appear at first glance to be in conflict because the subparts of the statute are not always referenced, the Minnesota Supreme Court cited to Sprangers with approval when ruling on a securities case involving an unsuitability claim. Minneapolis Employees Retirement Fund v. Allison-Williams Co., 519 N.W.2d 176, 179 (Minn.1994) (citing Sprangers’s holding that a “seller of stock may be liable for misrepresentation [under § 80A.01(b) ] irrespective of scienter”). That court also referenced § 80A.01(a) in Foley v. Allard, 427 N.W.2d 647, 650 (Minn.1988) (<HOLDING>). Sprangers is the state’s most thorough",62603,9946,0,case_hold_mc,holding that this subpart does require scienter,holding that 20 of individual defendants holdings raised an inference of scienter,holding that this rule does not require the creation of an inventory of documents to be produced,holding that this court does not necessarily require the claim to be specifically raised in an eeoc charge provided that it satisfies this scopeofinvestigation test,holding the pslra standard for pleading scienter is more stringent than the second circuits standard prior to the act and that motive and opportunity is not an independent basis to show defendants had scienter
76,"injury is not covered by the policy, and Allstate is under neither a duty to defend nor a duty to indemnify Drumheller in the state court action brought by Katzenmoyer against Drumheller. When Drumheller struck the sewer manhole on the trail, he was clearly not operating the ATV on the residence premises. Thus, the only issue is whether the trail on which Drumheller was operating the ATV was used “in connection with the residence premises.” Drumheller did not use the trail in connection with his premises. Even though the trail begins less than 800 yards from his driveway and he used the trail almost everyday for recreational purposes, Drum-heller did not use the trail “in connection with” his premises. See Illinois Farmers Ins. Co. v. Coppa, 494 N.W.2d 503, 506 (Minn.Ct.App.1993) (<HOLDING>); see also Hudnell v. Allstate Ins. Co., 190",63453,10076,0,case_hold_mc,holding that a neighbors adjoining hayfield was not used in connection with the residence premises and therefore coverage for bodily injury arising out of an accident involving an atv was excluded under insurance policy,holding a limitation on damages arising out of bodily injury to one person involved in an accident applies to all claims arising from the death of that person,holding as unambiguous under iowa law the insurance policys exclusion of coverage to any obligation of the insured to indemnify another because of damages arising out of  a bodily injury to any employee of the insured arising out of and in the course of his employment by the insured,holding that an unpaved public street a short distance from the policyholders home was not part of the insured premises because it was not used in connection with the residence premises,holding that homeowners policy excluded coverage because atv accident on private roadway in homeowners association occurred away from the insured premises
77,"that when “‘an agency’s failure to state its reasoning or to adopt an intelligible deci-sional standard is ... glaring ... we can declare with confidence that the agency action was arbitrary and capricious’ ” (quoting Checkosky v. SEC, 23 F.3d 452, 463 (D.C. Cir. 1994))). At the very least, the agency must have reviewed relevant data and articulated a satisfactory explanation establishing a “ ‘rational connection between the facts found and the choice made,’” Ark Initiative, 816 F.3d at 127 (quoting Motor Vehicle Mfrs. Ass’n of the U.S., Inc. v. State Farm Mut. Auto. Ins. Co., 463 U.S. 29, 43, 103 S.Ct. 2856, 77 L.Ed.2d 443 (1983)); Am. Trucking Ass’ns, Inc., 724 F.3d at 249 (same); see also EPA v. EME Homer City Generation, L.P., - U.S. -, 134 S.Ct. 1584, 1602, 188 L.Ed.2d 775 (2014) (<HOLDING>). “[C]onclusory statements will not do; an",64306,10217,0,case_hold_mc,holding that agency retained discretion to alter its course under a regulation provided it gave a reasonable explanation for doing so,holding that the plan administrator abused its discretion when it ignored contrary evidence without explanation,holding that even though the government retained discretion as to how to mark or fence dropoffs it did not retain discretion whether to do so,holding that a 103day delay in payment did not amount to bad faith because the carrier gave a reasonable explanation for the delay in payment it was continuing its investigation,holding that when an agency has not reached an issue the proper course is to remand to the agency to address it in the first instance
78,"See In re Allawas, No. 07-06058-hb, slip op. (Bankr.D.S.C. Mar. 3, 2008) (denying confirmation, despite the use of exempt social security income, for lack of good faith where debtor proposed to retain an expensive motorcycle as a second vehicle). Moreover, the Plan provides for inconsistent treatment of similarly situated creditors in that it would allow an apparently undersecured mortgage creditor to receive a full cure of its undersecured claim while other unsecured creditors receive a de minimis payment. Though Debtor may have acquired the home during more prosperous times, it is apparent that the expense associated with the home led to Debtor’s current need to seek relief in this Court to cure a debt that he can no longer afford. See In re Rice, 72 B.R. 311, 313 (D.Del.1987) (<HOLDING>); In re Leone, 292 B.R. 243, 245",65162,10361,0,case_hold_mc,holding a debtor should not be able to retain a home the spoils of an imprudent purchase to the detriment of unsecured creditors,holding that because creditors claim was unsecured after application of section 506a and because section 1325a5 does not apply to unsecured claims creditors lien could properly be avoided,holding that the debtor could retain exempt property because it was not property of the estate,holding that the purpose of the bankruptcy codes avoidance provisions is to prevent a debtor from making transfers that diminish the bankruptcy estate to the detriment of creditors,holding that postconfirmation attempt to equitably subordinate claim of one general unsecured creditor in a class of general unsecured creditors was a violation of  1123a4
79,"States v. Mercado, 610 F.3d 841, 846 (3d Cir.2010). Section 924(c) prohibits the use or carrying of a firearm during and in relation to a crime of violence. 18 U.S.C. § 924(c) (providing that “any person who, during and in relation to any crime of violence ... uses or carries a firearm, or who, in furtherance of any such crime, possesses a firearm, shall” be subject to an additional sentence depending on the specific facts of the underlying crime). Bag’s testimony and the video surveillance footage were clearly sufficient to show that Hill’s companion carried and made use of a firearm during and in relation to the MetroPCS robbery when he entered the store, brandished the weapon at Bag, and demanded that Bag open the register. United States v. Price, 76 F.3d 626, 528 (3d Cir.1996) (<HOLDING>). Moreover, the jury could have permissibly",66002,10499,2,case_hold_mc,holding that carries a firearm includes one who knowingly possesses and conveys a firearm in a vehicle,holding that fact that robbers issued explicit threats while brandishing and pointing their firearms menacingly was not sufficient to constitute otherwise use of the firearm,holding that  use certainly includes brandishing  a firearm quotation marks omitted,holding that compliance with rule 3 is both a mandatory and jurisdictional prerequisite to appeal internal quotation marks omitted,holding defendants minimum sentence could not be increased for brandishing a firearm where based on jury instructions jury convicted defendant of the lesser offense of carrying rather than brandishing the firearm
80,"for relief. See Timson, 518 F.3d at 874. However, Rosa generally challenges the dismissal of his case for failure to state a claim, and his second amended complaint was the operative complaint before the district court when it dismissed his case. See Krinsk, 654 F.3d at 1202. Thus, construing Rosa’s brief liberally, we conclude that he has sufficiently challenged the dismissal of his second amended complaint. See Timson, 518 F.3d at 874. Further, the appellees suggest that Rosa is barred from challenging the magistrate’s order that instructed him to file an amended complaint. However, because the magistrate’s order was not the final judgment in the case, it appears that we may review Rosa’s arguments regarding the order. See Barfield v. Brierton, 883 F.2d 923, 930-31 (11th Cir.1989) (<HOLDING>). Additionally, although Rosa complied with the",66855,10643,1,case_hold_mc,holding that the final judgment was entered without jurisdiction while a nonfinal appeal was still pending,holding that when reviewing a final judgment we generally also have jurisdiction to review all prior nonfinal orders and rulings which produced the judgment,recognizing that both final and nonfinal orders may be the subject of motions for reconsideration,holding that a notice of appeal that specifies the final judgment brings up for review all of the previous rulings and orders that led up to that final judgment,recognizing that nonfinal orders may be revised at any time before a final judgment is entered
81,"irrelevant, a respondent’s awareness that his conduct will violate an ethical proscription is not itself material.”). Simply because an attorney’s conduct is intentional or dishonest does not by itself establish a dishonest or selfish motive. See In re Alcorn, 202 Ariz. 62, 74, ¶ 42, 41 P.3d 600, 612 (2002) (respondent violated his ethical duty of candor toward the tribunal, but selfish motive was not an aggravating factor). ¶ 43 In the past, we have held that dishonest or selfish motive is an aggravating factor when an attorney received some financial gain or made misrepresentations to cover his or her negligence. These previous holdings of dishonest or selfish motive involved private attorneys, not public sector lawyers. See, e.g., Arrick, 180 Ariz. at 143, 882 P.2d at 950 (<HOLDING>); Shannon, 179 Ariz. at 69, 876 P.2d at 565",67714,10778,2,case_hold_mc,holding that even where a client was more sophisticated in business matters than the lawyer himself the lawyer should have assumed the client was relying on the lawyer for the legal aspects of the loan from the client to the lawyer to the same extent that the client would rely on the lawyer for advice were the client making the loan to a third person,holding that an attorney may only undertake to represent a new client against a former client  where there is no confidential information received from the former client that is in any way relevant to representation of the current client,holding that lawyer who made deliberate misrepresentations to his client to conceal his negligence and improperly retained a fee from that client had a dishonest or selfish motive,holding that an attorneys filing a notice of appearance on behalf of his or her client constitute a waiver of service of process by the client,holding client is not liable for actions of attorney who misled client as to the status of case
82,"401 F.3d at 1228 n. 2 (“[W]hen an appellant fails to offer argument on an issue, that issue is abandoned.”). To avoid removal under the Convention Against Torture, “[t]he burden of proof is on the applicant ... to establish that it is more likely than not that he or she would be tortured if removed to the proposed country of removal.” 8 C.F.R. § 208.16(c)(2). As under the INA, this burden of proof for the applicant is higher than the burden imposed on an applicant for asylum. Therefore, an applicant like Prado, who cannot show that he has a well-founded fear of persecution, also cannot show that it is more likely than not that he would be tortured. Al Najjar, 257 F.3d at 1303; Zheng, 451 F.3d at 1292; Forgue v. United States Att’y Gen., 401 F.3d 1282, 1288 n. 4 (11th Cir.2005) (<HOLDING>). Substantial evidence supports the BIA’s",68561,10916,4,case_hold_mc,holding that when the asylum withholding of removal and cat claims are based on the same factual predicate a credibility ruling necessarily forecloses relief in each,holding that if an applicant fails to meet the standard for asylum he a fortiori fails to meet the requirements for withholding of removal and relief under the cat,recognizing that withholding of removal and cat claims necessarily fail if the applicant is unable to show the objective likelihood of persecution needed to make out an asylum claim and the factual predicate for the claims is the same,recognizing that withholding of removal claims must fail if petitioner is unable to show the objective likelihood of persecution needed to make out an asylum claim and the claims are based on the same factual predicate,holding that where a petitioner fails to establish a claim for asylum on the merits his claims for withholding of removal under the ina and cat also necessarily fail
83,"their brief to this court: “[W]hether probation officers should be involved with police so that they are regarded as law enforcement by the community, and therefore negatively impacting the position of probation officer, is a significant public concern. Without respectful input by those in the field, the provision of governmental services could become ... inefficient, and even counterproductive.” In addition, the officers note that the memorandum called their employer’s attention to the fact that by law probation officers serve in the position of “intake officers” and should not be associated with activities of law enforcement because it affects their neutrality. We conclude that there is much merit to the officers’ arguments, cf. Fikes v. City of Daphne, 79 F.3d 1079 (11th Cir.1996) (<HOLDING>), and that the officers have satisfied the",69408,11066,2,case_hold_mc,holding the government has an affirmative duty to disclose exculpatory evidence to a criminal defendant,holding that if a direct supervisor who had the responsibility to stop harassment knew of and failed to act against it the plaintiff has no further obligation to bring it to the employers attention,holding that attempts to disclose government employee misconduct has been held to further governmental efficiency meeting the governmental employers responsibility to provide effective services,holding that employers knowledge of employees injury followed by the employers failure to provide the necessary medical services sufficient to impose liability upon the employer for medical services selected by the employee,holding that a single decision by a final policymaker within the area of his responsibility can impose liability on the responsible governmental entity
84,"or erected by the government rather than a private organization. The discriminating characteristic that allowed the Christmas tree display and prohibited the menorah was solely that the former was a secular symbol and the latter a religious one. The distinction was made on the basis of what was said, not who was speaking. 11 . The Court explained: It is axiomatic that the government may not regulate speech based on its substantive content or the message it conveys. Other principles follow from this precept. In the realm of private speech or expression, government regulation may not favor one speaker over another. Discrimination against speech bec L.Ed.2d 640 (1990). 16 . Cf. County of Allegheny v. ACLU Greater Pittsburgh Chapter, 492 U.S. 573, 109 S.Ct. 3086, 106 L.Ed.2d 472 (1989) (<HOLDING>). In Allegheny, the Court evaluated the effect",70263,11197,4,case_hold_mc,holding that display of unattended menorah in city hall park quite close to seat of government violated establishment clause because its combination alongside a secular holiday display did not cause a viewer to see the exhibit as a whole or as a unitary symbol,holding inter alia that the display of a creche at a country courthouse violated the establishment clause but noting that there is an obvious distinction between a creche display and references to god in the motto and the pledge,holding that the display of a creche as a part of a public christmas display depicts the historical origins of this traditional event long recognized as a national holiday,holding that county violated establishment clause by giving roman catholic group preferential access to display standalone creche depicting birth of jesus on main staircase of its seat of government because reasonable observer would believe countys action was meant to support and promote christianity,holding that the display of a privately sponsored creche on the staircase of the courthouse violated the establishment clause because the display actually favored sectarian religious expression
85,"in the context of alleged violations of § 2517(5) relating to the state interceptions, see Section XII. 6. at 66-67, infra. 7 . In the state criminal proceeding, State of Florida v. Robert Gainer Jernigan, Jay Travis Jernigan, John Dennis Cason, Rudolph Lutz, Case No. 80-5687-CF, Circuit Court of the Fifteenth Judicial Circuit, Palm Beach County, Florida, the Defendants’ Motion to Suppress the communications intercepted by the state wiretap were denied. See Order of October 30, 1981, Exhibit “F” to Government’s Response to Defendants’ Motion to Suppress Wiretap Evidence (docket entry No. 700). 8 . The foregoing conclusion disposes of the contention that the contents of page 21C vitiate the showing of necessity under § 2518(3)(c). Although unrelated to the issues created by mi 701-03 (<HOLDING>). This Court adopts the view espoused in Marion",71120,11335,2,case_hold_mc,holding noneconomic harm satisfies article iii standing requirements,holding that alien need not receive actual notice for due process requirements to be satisfied,holding that the requirements of title iii apply and must be satisfied,holding that rule 23a requirements must be satisfied as if class were to litigate its claims,holding that the requirements of article iii are consistent with the establishment by congress of nonarticle iii courts to enforce federal criminal laws in clause 17 federal enclaves
86,"Fourth Amendment warrant requirement — the evidence here, and the logical inferences therefrom, demonstrate that the police would have obtained Heath’s currency during a valid search conducted pursuant to a well-established exception to the warrant requirement, namely, a search incident to a lawful arrest. See United States v. Allen, 986 F.2d 1354, 1357 (10th Cir.1993) (“[E]ven assuming that the [pat-down search of the defendant was conducted] prior to [the discovery of] the cocaine [on his companion], [the defendant] could ... have been searched seconds later, once the cocaine provided probable cause to arrest.... Therefore, the search was incident to a lawful arrest regardless of the exact sequence of events (emphases added); United States v. Romero, 692 F.2d 699, 704 (10th Cir.1982) (<HOLDING>) (emphasis added); see also United States v.",71979,11470,3,case_hold_mc,holding that the odor of marijuana gave officers probable cause to believe members of a group possessed marijuana and therefore a search of each person present was proper,holding that the arresting officer lacked probable cause to arrest defendant a rear seat passenger of a car for possession of marijuana based on the discovery of two marijuana seeds in the front of the vehicle,holding that the facts that the vehicle described in the tip was parked outside the home that allen gave inconsistent answers to officers questioning and that in addition the defendant fit the physical description of the suspect were sufficient to support the officers reasonable inference that the defendant was actually the suspect and therefore that there was probable cause to arrest him,recognizing without inquiring whether the officers would necessarily have arrested the defendant that the discovery of the marijuana in the van provided probable cause to arrest the defendant and upon arrest the officers unquestionably would have searched the defendant and discovered the marijuana in his pocket,holding that officers had objective probable cause to search the pocket of a jacket found on the seat of the defendants truck where the discovery of marijuana in two different locations in the truck combined with the defendants possession of marijuana reasonably led officers to believe that other caches would be found elsewhere in the vehicle
87,"29, 1997). Accordingly, all claims against the Waterbury Police Department are dismissed pursuant to 28 U.S.C. § 1915A(b)(l). F. Defendants Slavin and the City of Waterbury Defendant Slavin is a Waterbury police officer against whom two claims are asserted. First, Nicholson alleges that defendant Slavin used excessive force and conducted an illegal search of his personal effects when he arrested Nicholson in February 1999. The court has construed the brief reference to the City of Waterbury as relating to this claim. Second, he alleges that defendant Slavin made a false report charging him with robbery and provided that false information to the prosecutor. The limitations period for filing a section 1983 action is three years. See Lounsbury v. Jeffries, 25 F.3d 131, 134 (2d Cir.1994) (<HOLDING>). Nicholson alleges that defendant Slavin used",72838,11600,1,case_hold_mc,holding that the statute of limitations for  1983 claims is the most closely analogous state limitations period for general personal injury claims,holding that in connecticut the general threeyear personal injury statute of limitations period set forth in connecticut general statutes  52577 is the appropriate limitations period for civil rights actions asserted under 42 usc  1983,holding that if state law provides multiple statutes of limitations for personal injury actions the general or residual statute for personal injury actions should be used for 1983 actions,holding that civil rights claims at least those arising under 42 usc  1983 were subject to the applicable states personal injury statute of limitations,holding that connecticuts threeyear limitations period for tort suits set forth in conn genstat  52577 is the appropriate limitations period for civil rights actions under  1983
88,"police encountered the defendant in front of a location known for drug trafficking. Id. Arnold appeared startled when he saw the police and hurried into a nightclub. Id. Police followed him into the club and saw Arnold attempting to hide a matchbox behind a machine. Id. The police testified Arnold had a prior arrest for cocaine and that matchboxes are commonly used to carry drugs. Id. While noting Arnold’s location, his actions upon seeing the police, and police knowledge of Arnold’s association with drugs, the court highlighted his concealment of the matchbox in concluding there was probable cause: Most importantly, the officer’s suspicions [about drugs in the matchbox] were confirmed when he saw appellant trying to hide or dispose of the matchbox behind the game machine. U 1982) (<HOLDING>). Conclusion In the present case, the facts",73697,11733,1,case_hold_mc,holding that the defendants entry into the foyer of a fraternity house was an entry into a dwelling,holding that in every warrantless entry into private residence state has burden to demonstrate that exigencies of situation made entry imperative,holding that the police officers had probable cause to make a warrantless entry,holding in an impliedconsent case that a warrantless police entry was unlawful in part because the police did not request entry,holding that as part of showing that a warrantless entry was imperative the government must demonstrate that a warrant could not have been obtained in time even by telephone under the procedure authorized by fedrcrimp 41c2
89,"and conclusions contained in the OIPs was in manifest disregard of the law and therefore requires that the award be vacated. It is incorrect. Rule 408 of the Federal Rules of Evidence provides for exclusion of otherwise admissible evidence where: 1) that evidence is of a specific character, namely “of furnishing or offering or promising to furnish, or accepting or offering or promising to accept, a valuable consideration in compromising or attempting to compromise a claim which was disputed as to either validity or amount ... [or] of conduct or statements made in compromise ^negotiations;” and 2) if that evidence is offered “to prove liability for or invalidity of the claim or its amount.” See Fed. R.Evid. 408; see also Starter Corp. v. Converse, Inc., 170 F.3d 286, 293 (2d Cir.1999) (<HOLDING>). First, the discussion and conclusions",74550,11870,3,case_hold_mc,holding that an insurer lacked standing to raise the issue of the intent of the parties to the settlement agreement to which it was not a party,holding that a settlement agreement is not a court order and therefore a violation of the settlement agreement would not subject a party to contempt,holding that if governmental entity agrees to settle lawsuit from which it is not immune it cannot claim immunity from suit for breach of settlement agreement,holding that rule 408 exclusion does not apply to evidence of a settlement agreement if it is offered for another purpose ie for a purpose other than to prove or disprove the validity of the claims that the agreement was meant to settle,holding that where one party had received a written agreement and conformed his conduct to that agreement for an extended period of time but failed to sign the agreement he was equitably estopped from denying the validity of the agreement
90,"applicability of the Edwards rule to apply to interrogative conduct by a non-law enforcement commander; see United States v. Brabant, 29 M.J. 259, 263 (C.M.A.1989) (concluding that Sergeant Brabant’s commanding officer’s order that Sgt Brabant attend a meeting following his invocation of counsel created the ""functional equivalent of a ‘reinitiation of interrogation’”); see also United States v. Mitchell, 51 M.J. 234, 237 (C.A.A.F.1999) (extending applicability of Edwards to question, ""Was it worth it” by Petty Officer Mitchell’s leading chief petty officer who was there as part of official command brig visit). The CMA has also created an overseas exception to the Edwards rule. United States v. Vidal, 23 M.J. 319 (C.M.A.1987); see United States v. Coleman, 26 M.J. 451, 453 (C.M.A.1988) (<HOLDING>). 10 . Upon remand, the U.S. Army Court of",75402,12008,4,case_hold_mc,holding that an ambiguous mention of an attorney is not a request for counsel,holding suspect must unambiguously request counsel before applying rule established in edwards that police questioning must cease once suspect requests counsel during interview,holding that in determining whether there exists a valid waiver of the right to counsel in the criminal setting the court may consider a defendants lack of good faith in working with appointed counsel including an unreasonable refusal to cooperate with counsel or an unreasonable request for substitution of appointed counsel and the timeliness of defendants request for new counsel particularly when a defendant makes an untimely request for new counsel  under circumstances which are likely to result in a continuance,holding that a suspect must unambiguously request counsel,holding that a request for counsel made to foreign authorities is insufficient to trigger edwards rule even if army cid agents were aware of specialist colemans prior request for counsel made to german police
91,"Appeals’ explanation of the issue in T.C. v. Mac.M., 96 So.3d 115, 117 (Ala.Civ.App.2011), also is helpful: “This court has explained the circumstances under which a juvenile court’s order or judgment is sufficiently final to support an appeal: “ ‘Although a juvenile court’s orders in a dependency case are, in one sense, never “final” because the court retains jurisdiction to modify its orders upon a showing of changed circumstances, see C.L. v. D.H., 916 So.2d 622 (Ala.Civ.App.2005); Committee Comments, Rule 4, Ala. R.App. P., this court has always treated formal dependency adjudications as final and appealable judgments despite the fact that they are scheduled for further review by the juvenile court.’ “D.P. v. Limestone Cnty. Dep’t of Human Res., 28 So.3d 759, 762 (Ala.Civ.App.2009) (<HOLDING>).” Fully in keeping with the “well established”",76258,12140,4,case_hold_mc,holding that an order denying a motion for reconsideration constituted a final order because at the time the order was entered all nonsuited claims had been adjudicated and were no longer a bar to finality,holding that an order remanding an arbitration award is not a final appealable order when the order does not also vacate the arbitration award,holding that because trial courts order did not dispose of the defendants counterclaim that order was not a final judgment that would support an appeal,holding that order awarding maternal grandmother primary physical custody of a child in a dependency case was a final appealable order as opposed to a pendente lite order,holding that an order finding with regard to the father that reasonable efforts at reunification were no longer required of the department of human resources was a permanency order that was sufficiently final to support an appeal that order also expressly left in place previous awards of legal custody incident to dependency findings
92,"limitations was equitably tolled fails because he did not raise this argument before the district court. See Hinton v. Pac. Enters., 5 F.3d 391, 395 (9th Cir.1993) (<HOLDING>). Grace’s remaining contentions lack merit.",77120,12273,3,case_hold_mc,holding that the burden to allege facts sufficient to establish jurisdiction resides with plaintiff,holding that the plaintiff bears the burden when relying on the discovery rule,recognizing the validity of the doctrine but holding no equitable tolling on the facts presented,holding that plaintiff bears the burden to timely allege facts supporting equitable tolling,holding that the burden is on the plaintiff to allege facts sufficient to establish jurisdiction
93,"chance to work out a problem.’” (alteration in original) (quoting Brenneman v. Famous Dave’s of Am., Inc., 507 F.3d 1139, 1144 (8th Cir. 2007)); Aryain v. Wal-Mart Stores Texas LP, 534 F.3d 473, 482 (5th Cir. 2008) (concluding employee could not recover because she “assumed the worst and made no effort to allow Wal-Mart the opportunity to remedy the problems she identified”); Barker v. YMCA of Racine, 18 Fed.Appx. 394, 399 (7th Cir. 2001) (“Employees who quit without giving their employer a reasonable chance to resolve a problem have not been constructively discharged. Here, Ms. Barker did not try to resolve her work problems—she merely walked away from her job without notice .... ” (Citation omitted.)); Yearous v. Niobrara Cty. Mem’l Hosp., 128 F.3d 1351, 1357 (10th Cir. 1997) (<HOLDING>); Kilgore v. Thompson & Brock Mgmt., Inc., 93",77345,12307,0,case_hold_mc,holding no constructive discharge when plaintiffs only waited brief time before resigning and unreasonably refused to explore any option short of resignation,holding that in order to sustain an action for constructive discharge the plaintiff must show that the conduct resulting in the resignation violated a virginia public policy embodied in an existing statute,holding claim accrued when employee tendered letter of resignation not when resignation became effective,holding that constructive discharge may qualify as a tangible employment action depriving employer of right to assert affirmative defense when a supervisors official act precipitates the constructive discharge,recognizing that a constructive discharge claim and a hostile work environment claim are not equivalent because a constructive discharge claim imposes a higher standard
94,"and only uncontroverted factual allegations are accepted as true.... ” Id. (internal citations omitted). Both the movant and the pleader are permitted to use affidavits and other pleading materials to support and oppose the motion to dismiss for lack of subject matter jurisdiction. See Makarova v. United States, 201 F.3d 110, 113 (2d Cir.2000) (citation omitted). “Furthermore, ‘jurisdiction must be shown affirmatively, and that showing is not made by drawing from the pleadings inferences favorable to the party asserting it.’ ” Gunst v. Seaga, No. 05 Civ. 2626, 2007 WL 1032265, *2 (S.D.N.Y. Mar. 30, 2007) (quoting Shipping Financial Services Corp. v. Drakos, 140 F.3d 129, 131 (2d Cir.1998)); see also State Employees Bargaining Agent Coal. v. Rowland, 494 F.3d 71, 77 n. 4 (2d Cir. 2007) (<HOLDING>). A motion to dismiss for failure to state a",78197,12446,4,case_hold_mc,holding that the court can look beyond the face of the pleadings in order to find predicate jurisdictional facts when deciding a motion to dismiss for lack of subject matter jurisdiction,holding that a court may review any evidence such as affidavits and testimony to resolve factual disputes concerning the existence of jurisdiction,holding that in ruling on a rule 12b1 motion the court may consider exhibits outside the pleadings to resolve factual disputes regarding jurisdiction,holding that if the resolution of a factual issue is necessary for a ruling on a motionto dismiss the court must go beyond the pleadings and resolve any disputed issues of fact,holding that in a motion to dismiss for lack of subject matter jurisdiction a court may resolve disputed factual issues by reference to evidence outside the pleadings including affidavits
95,"the [retroactive] amendments ... for the corresponding guideline provisions that were applied when the defendant was sentenced and ... leave all other guideline application decisions unaffected.” USSG § 1B1.10(b)(1) (emphasis added); see United States v. McBride, 283 F.3d 612, 615 (3d Cir.2002) (“only the retroactive amendment is to be considered at a resentencing under § 3582”). Thus, in Barner’s case, the District Court was limited to ascertaining Barner’s Guidelines range had Amendment 706 been in place during his initial sentencing. The District Court lacked authority to reconsider its initial criminal history calculation or any other component of Barner’s initial sentence that was not affected by a retroactive amendment. Cf. United States v. Mateo, 560 F.3d 152, 156 (3d Cir.2009) (<HOLDING>). Accordingly, the District Court did not err",79055,12584,1,case_hold_mc,holding that application of career offender enhancement falls within exception for prior convictions where facts are undisputed making it unnecessary for district court to engage in further fact finding about prior convictions,holding that the district court lacked authority to revisit the application of the career offender enhancement in a  3582 motion because that enhancement was not affected by a retroactive amendment,holding retroactive application,holding that reduced career offender status was nonetheless based the career offender guidelines,holding that the defendants substantial rights were not affected by a sentencing guidelines enhancement even in the absence of a specific finding by the district court because the evidence amply supported the enhancement
96,"firmness in fear of immediate bodily harm. State v. Roberts, 270 N.C. 655, 658, 155 S.E.2d 303, 305 (1967) (quotation marks and citations omitted). In this case, based on the underlying factual scenario giving rise to Defendant’s charges, we believe an assault with a deadly weapon was involved in the commission of the crime of resisting an officer. Specifically, Defendant’s actions of stating that he wasn’t going with the officers, running into the bedroom where he stood within arm’s reach of a loaded revolver, and resisting while being handcuffed and removed from the bedroom were an “unequivocal appearance of an attempt, with force and violence, to do some immediate physical injury to” the officers. Id.; see also State v. Barksdale, 181 N.C. App. 302, 307, 638 S.E.2d 579, 583 (2007) (<HOLDING>) (citation omitted). In sum, the trial court",79914,12712,4,case_hold_mc,holding that an unloaded gun used in the commission of an aggravated assault is a deadly weapon,holding that an obstructionofjustice enhancement was appropriate based on the defendants assault on a witness after trial and rejecting the defendants argument that because the assault occurred after trial it could not impact the prosecution of his case,holding that resisting arrest is lesser offense of assault on an officer,holding that consent is not a defense to the charge of second degree assault where the assault occurred in the context of a prison fight between inmates,holding that we are not persuaded by defendants contention that an assault did not take place because he never made physical contact with the weapon in light of the evidence showing that the gun was only inches from defendants outstretched hand and that defendant was actively forcefully and to some degree successfully resisting the officers attempt to arrest him we do not believe in light of our states definition of assault that defendants failure to physically touch the weapon precludes the commission of an assault with the firearm
97,"the Bolivarian Circles would pursue and attack him if he returned to Venezuela after a five year absence. Although Lubo argued that the Bolivarian Circles maintained a list with the names of approximately 3.5 million opponents of Chavez on the Internet, Lubo did not demonstrate that assailants targeted people on the list or that they would have a reason to target him specifically. Also, the fact that Lubo’s father remains politically active in Venezuela and has been physically harmed only once in 2005 during an attack that Lubo could not establish was related to political activity, and the fact that Lubo’s sister lives in Venezuela without incident suggest that Lubo’s fear of future persecution is not reasonable. See Ruiz v. United States Att’y Gen., 440 F.3d 1247, 1259 (11th Cir.2006) (<HOLDING>). B. Withholding of Removal Since we are",80771,12851,0,case_hold_mc,holding that record did not compel finding of asylum on grounds of a future fear of persecution in part because the petitioners child and parents remained in columbia unharmed,holding that absent past persecution an alien can demonstrate eligibility for asylum based on a wellfounded fear of future persecution by demonstrating that he or she subjectively fears persecution and that this fear is objectively reasonable,holding that to qualify for asylum the fear of future persecution must be based on reasonably specific information showing a real threat to individual persecution not mere assertions of fear of possible persecution or speculative conclusions quoting mapouya 487 f3d at 412,holding that to establish asylum eligibility based on future persecution an applicant must show that he or she subjectively fears persecution and that this fear is objectively reasonable,holding that ability of applicants family to remain unharmed cuts against finding of wellfounded fear
98,"See Lorber 675 F.2d at 1067. The court noted that the classification of the surcharge as a non-tax fee was “a close question,” but concluded that because the surcharge was triggered by “voluntary” choice, the surcharge was possessed more of the character of a service fee than that of a tax. See id. The Lorber court also held that extending priority status to the surcharge was contrary to the trend of then-recent amendments to § 64 of the old Bankruptcy Act, which tended toward the erosion of the preferred status of taxes. See id., 675 F.2d at 1067-68. The court explained that, following the grant by Congress of priority status to claims for taxes, the federal government and its state and local counterparts began to increase the types and levels of taxation. See id. (citing S. REP. NO. (<HOLDING>). Even courts in the Ninth Circuit, purporting",81626,12990,4,case_hold_mc,holding that reimbursement claims were excise taxes under lorber,holding that ohios reimbursement claims met the lorber criteria but were not excise taxes because they were not universally applicable to similarly situated entities and in addition disadvantaged private creditors with like claims,holding west virginias reimbursement claims were excise taxes under lorber suburban ii and the chateaugay district court decision,holding reimbursement claims were excise taxes under the lorber test without addressing the bankruptcy codes central policy of equal distribution,holding that michigan reimbursement claims were excise taxes under both lorber and suburban ii
99,"the Court does not have subject matter jurisdiction over the case and the matter must be dismissed according to Federal Rule of Civil Procedure 12(b)(1). Lack of subject matter jurisdiction may be asserted at any time, either in a pleading or a motion. Fed.R.Civ.P. 12(b)(1); Television Reception Corp. v. Dunbar, 426 F.2d 174, 177 (6th Cir.1970). When subject matter jurisdiction is challenged, the plaintiff has the burden of proving jurisdiction in order to survive the motion. Michigan Southern R.R. Co. v. Branch & St. Joseph Counties Rail Users Ass’n., Inc., 287 F.3d 568, 573 (6th Cir.2002); see also Moir v. Greater Cleveland Reg’l Transit Auth., 895 F.2d 266, 269 (6th Cir.1990). In most circumstances, the failure to commence an action w s Bd. of Educ., 360 F.3d 604, 607 (6th Cir.2004) (<HOLDING>). Complaints for refunds of taxes and penalties",82486,13137,3,case_hold_mc,holding that this time requirement is mandatory and jurisdictional,holding that exhaustion is mandatory and jurisdictional,holding 30day limit to be mandatory and jurisdictional,holding that the 30day notice of appeal requirement is mandatory and jurisdictional,holding that the 30day deadline to file a notice of appeal with the bia was not jurisdictional
100,"over everything contained anywhere in it.” Leach, 296 Md. at 596, 463 A.2d 872. While executing a valid search warrant, the police found phencyclidine (PCP) in a closed container in a bedroom closet. The Court held that this evidence was insufficient to support the defendant’s conviction, because “fe]ven though [the defendant] had ready access to the apartment, it cannot be reasonably inferred that he exercised restraining or directing influence over PCP in a closed container on the bedroom dresser or over paraphernalia in the bedroom closet.” Id. (emphasis added) Taylor also discussed several decisions of this Court, but in none of these were the illegal substances out in the open or in the plain view of the accused. See, e.g., Tucker v. State, 19 Md.App. 39, 45, 308 A.2d 696 (1973) (<HOLDING>); Barksdale v. State, 15 Md.App. 469, 475, 291",83348,13277,3,case_hold_mc,holding that a visitor to a hotel room for purposes of distributing drugs failed to establish a reasonable expectation of privacy in the room,holding evidence insufficient to establish defendant had physical or constructive possession of heroin when no drugs were found on his person and the only drugs discovered on the premises which he shared with the codefendant were secreted out of plain view,holding that the defendants allegations that his codefendant admitted that the defendant had no role in the robbery and that the codefendant had not testified on the defendants behalf because he had been coerced by the state were sufficient to state a prima facie claim of newly discovered evidence,holding evidence insufficient to establish defendant had physical or constructive pos session when the drugs that were discovered in a hotel room that he shared with a codefendant were secreted and out of plain view,holding that defendant had reasonable expectation of privacy in a hotel room rented by relatives when he had a key to the room and permission to use the room at will
101,"and section 2 of the Act gives effect to the aim of both statutory provisions. It recognizes the legislature’s intent to protect persons involved in the design and construction of buildings from potentially unlimited liability (see La Salle National Bank v. Edward M. Cohon & Associates, Ltd., 177 Ill. App. 3d 464, 469 (1988)) while also allowing a reasonable time for a surviving spouse or next of kin to bring an action for the pecuniary losses sustained due to the decedent’s death (Mio, 306 Ill. App. 3d at 825). Nevertheless, in support of her position, plaintiff cites several cases in which courts have applied the construction statute of repose (735 ILCS 5/13 — 214(b) (West 1998)) to wrongful death actions. See, e.g., Herriott v. Allied Signal, Inc., 998 F.2d 487, 491 (7th Cir. 1993) (<HOLDING>); Risch v. Paul J. Krez Co., 287 Ill. App. 3d",84207,13418,4,case_hold_mc,holding that plaintiffs failure to prove decedents death was caused by the wrongful acts of the defendant precludes any recovery of wrongful death damages under mississippis wrongful death statute,holding 10year statute of repose violated state constitutional right to remedy in personal injury and wrongful death suits,recognizing cause of action for wrongful death,holding 10year statute of repose violates state constitutions guarantee of open courts in case involving defective machine,holding wrongful death action barred by 10year construction statute of repose
102,"the marital home during the minority of the children of the marriage. Section 61.075(l)(h), reads in relevant part: [T]he court must begin with the premise that the distribution should be equal, unless there is a justification for an unequal distribution based on all relevant factors, including: (h) The desirability of retaining the marital home as a residence for any dependent child of the marriage, or any other party, when it would be equitable to do so, it is in the best interest of the child or that party, and it is financially feasible for the parties to maintain the residence until the child is emancipated or until exclusive possession is otherwise terminated by a court of competent jurisdiction. (emphasis added). See Castillo v. Castillo, 626 So.2d 1035, 1037 (Fla. 3d DCA 1993) (<HOLDING>); Gallardo v. Gallardo, 593 So.2d 522, 524",85066,13564,4,case_hold_mc,holding that a wife with a child from a prior relationship was not entitled to use and possession of the family home,holding an award of possession of the marital home is an incident of support,holding that a wife is not liable simply by virtue of the marital relationship for her husbands fraudulent acts,holding trial court had no authority to award portion of the marital property to wifes children from another marriage even though money they received by way of social security benefits were commingled with the marital estate and used in part for the aequisition of marital property,holding that the objective of maintaining the marital residence for the best interest of the minor children is properly accomplished not by granting exclusive ownership of the home to the wife but by granting the wife exclusive use and possession of the marital residence during the minority of the children
103,"does not logically support the inference that his decision to direct Collins to fire plaintiff was racially motivated. The evidence showed that Garr believed coworker reports of sexual harassment, warned plaintiff verbally and in writing, and fired him upon determining that McCauley’s complaint was credible. Moreover, there was no evidence that defendant had labeled plaintiff as a troublemaker because of his complaints, or that there was any connection between those complaints and his discharge. Thus, even if the allegations of sexual harassment were false, plaintiff failed to demonstrate that it was his race, and not the allegations of sexual harassment, that motivated defendant’s decision to discharge him. See Elrod v. Sears, Roebuck and Co., 939 F2d 1466, 1470-71 (11th Cir 1991) (<HOLDING>). Plaintiff’s subjective perception that he was",85922,13705,1,case_hold_mc,holding that a plaintiff has not demonstrated that the employers reason for terminating him was pretextual if the employer reasonably believed the complaint of sexual harassment lodged against the plaintiff and acted on it in good faith,holding that where the employer fired the plaintiff upon a good faith belief that he sexually harassed coworkers the plaintiff could not prove pretext by challenging the harassment allegations,holding that a plaintiff may rely on the same evidence to prove both pretext and discrimination,holding that the test for good faith is the actual belief of the party and not the reasonableness of that belief,holding that plaintiff failed to establish pretext where plaintiff was terminated after the employer conducted an investigation into a subordinates allegations of misconduct on the part of the plaintiff and believed the allegations to be true even though plaintiff presented evidence in the lawsuit that the allegations may have been false
104,"met constitutional requirements. 3. Plaintiffs Claim Challenging Constitutionality of Louisiana Fi Fa Procedures (a) Constitutionality of Procedures Used A close reading of the plaintiffs’ complaint reveals that they are challenging the constitutionality of the Louisiana statutory scheme in so far as it allows creditors to pursue a writ of fi fa before the underlying judgment is final without judicial approval. Due process requires, at a minimum, “that deprivation of life, liberty or property by adjudication be preceded by notice and opportunity for hearing appropriate to the case.” Mullane v. Central Hanover Bank & Trust Co., 339 U.S. 306, 313, 70 S.Ct. 652, 656-57, 94 L.Ed. 865 (1950); see also Mennonite Board of Missions v. Adams, 462 U.S. 791, 103 S.Ct. 2706, 77 L.Ed.2d 180 (1983) (<HOLDING>). Although there are no cases directly",86780,13834,1,case_hold_mc,holding that actual notice fulfills a notice requirement that an applicable federal regulation be conspicuously posted because actual notice is the best notice,holding that notice by mail or other means as certain to insure actual notice is minimum constitutional precondition,holding that notice to supervisor is notice to city,holding that if persons identity is known under mullane due process requires notice by such means as is certain to ensure actual notice,holding that actual notice by mail in conjunction with published notice was best possible notice satisfying rule 23c
105,"Roscitis cannot recover anything above that amount from ICSOP. This frustrates the Legislature’s purpose in passing § 27-2-2.4, which was to “give an aggrieved and injured party the right to proceed directly against an insurer in those circumstances in which the tortfeasor has sought protection under the applicable provisions of the United States Bankruptcy Code.” D'Amico v. Johnston Partners, 866 A.2d 1222, 1229 (R.I.2005). ICSOP counters, however, by noting that the Rhode Island Legislature limited recovery under § 27-7-2.4 to “insurance coverage available for the tort complained of’ (emphasis added). Thus, ICSOP argues, it was clearly not the Legislature’s intent to expand the scope of coverage available under an insurance policy. Cf. Barber v. Canela, 570 A.2d 670, 671 (R.I. 1990) (<HOLDING>) (emphasis added). Yet IC-SOP contends that",87632,13967,0,case_hold_mc,holding that a related direct action statute ri gen laws  2772 is designed only to provide a remedy to the injured party and not to enlarge the liability of the insurer beyond the limits stated in the policy,holding that an injured third party does not have the right to bring a direct action against a tortfeasors liability insurer,holding that when an insurer files suit to cancel a policy the entire liability of the insurer both on the policy and under the statute is put in issue,holding that an insurer which insures a tortfeasor under a liability policy has no obligation of good faith and fair dealing to an injured third party even where the injured third party also carries a separate policy with the insurer,holding assignable to injured party insureds claim against insurer for judgment in excess of policy limits
106,"is demonstrated by the fact that Judge Marx had previously heard ""half a dozen"" cases in Box Elder County under color of authority as a temporary justice court judge without objection. See Menzies, 845 P.2d at 226 (requiring ""public acquiescence"" in acts of de facto official); Vance, 671 P.2d at 131 n. 5 (defining a de facto officer as one who acts ""under such cireumstances of reputation or acquiescence as were calculated to induce people, without inquiry, to submit to or invoke his action"" (internal quotation marks omitted)). Nevertheless, Mr. Pett argues that he did not personally acquiesce to Judge Marx's appointment and instead ""objected to [Judge] Marx's authority to act as a justice court judge in this case as soon as [Judge] Marx was appointed."" Cf. Menzies, 845 P.2d at 228 (<HOLDING>); Vance, 671 P.2d at 1831 & n. 6 (noting that",88489,14096,3,case_hold_mc,holding that a court reporter was a de facto official where she assumed authority  under col or of a valid appointment and the public acquiesced in her authority,holding that the county attorney had de facto authority and noting that the objection to the county attorneys authority was first made on appeal,holding that where defense counsel made a timely objection and it was overruled by the trial court a further request for a mistrial was unnecessary and futile since the reasons for the objection were apparent and the trial courts denial of the objection indicated its belief the jury could properly hear the matter which was the subject of the objection,holding that a court reporter had de facto authority and noting that the objection to the reporters qualifications was first made after the jury rendered its verdict,recognizing that a trial court has the authority before accepting a verdict and before discharging a jury to send the jury back to correct a mistake in its verdict but concluding that jury had been discharged because jury was allowed to return to court on following day and was allowed to deliberate same issue it previously had decided
107,"for this court to certify issues of state law to the Maryland Court of Appeals that the Fourth Circuit specifically declined to certify in that case. 9 . E.g., Insurance Co. of North America v. Forty-Eight Insulations, Inc., 633 F.2d 1212 (6th Cir.1980). 10 . E.g., American Home Products Corp. v. Liberty Mutual Ins. Co., 748 F.2d 760 (2d Cir.1984). 11 . E.g., Eagle-Picher Industries, Inc. v. Liberty Mutual Ins. Co., 682 F.2d 12 (1st Cir.1982). 12 . E.g., Keene Corp. v. Insurance Co. of North America, 667 F.2d 1034 (D.C.Cir.1982). 13 . Some courts adopting the injury-in-fact trigger consider it to be the time when an injury first comes into being, and expert testimony is required to pinpoint this date. See, e.g., Uniroyal v. Home Ins. Co., 707 F.Supp. 1368, 1387-90 (E.D.N.Y.1988) (<HOLDING>). 14 .The insurer argued that the last policy",89344,14240,4,case_hold_mc,holding that a job offer which required a claimant to make a daily round trip commute of 232 miles was unreasonable even though the claimant would be provided with a motel room because this would require the claimant to be away from home at least four nights a week,holding that risk is measured at the point when the attorneys time was committed to the case,recognizing the same point,holding inter alia that the issue of whether a naval yard worker was exposed to a manufacturers product was for the jury,holding that coverage was triggered only at that point in time one week after each claimant was exposed to the toxic product
108,"bodily injury without attempting to cause (or actually causing) serious bodily injury, which would support a conviction for REAP, but not for aggravated assault. See, e.g., Commonwealth v. Vogelsong, 90 A.3d 717 (Pa.Super.2014) (affirming REAP conviction of defendant who twice let her horse wander unattended on busy roadway and consciously disregarded substantial risk of injury posed to passing motorists). Additionally, unlike aggravated assault, REAP requires the element of actual danger of death or serious bodily injury. An individual could attempt to cause serious bodily injury to another person without placing that person in actual danger, which would support a conviction for aggravated assault but not REAP. See, e.g., Commonwealth v. Lopez, 439 Pa.Super. 625, 654 A.2d 1150 (1995) (<HOLDING>). Each offense requires proof of an element",90197,14383,2,case_hold_mc,holding that a person is seized when a reasonable person would have believed that he was not free to leave,holding that debt orhusband could exempt his interest in home even though he lived elsewhere and even though the home was a residence only for his children and codebtor wife from whom he was separated,holding defendant who discharged firearm into empty residence could be convicted of aggravated assault if he acted with intent to cause serious bodily injury to person he believed was in residence even though that person was elsewhere,holding that specific intent is not element of assault resulting in serious bodily injury,holding residence means legal residence for will probate
109,"that strict scrutiny apply. The question is “whether the [government action] imposes any burden on the free exercise of appellant’s religion.” Sherbert v. Verner, 374 U.S. 398, 403, 83 S.Ct. 1790, 10 L.Ed.2d 965 (1963). We need not ask whether Bronx Household is “substantially burdened” because the government action here, in specifically targeting religious conduct, is not neutral and not generally applicable. See, e.g., Thomas v. Review Bd., 450 U.S. 707, 718, 101 S.Ct. 1425, 67 L.Ed.2d 624 (1981); Sherbert, 374 U.S. at 403, 83 S.Ct. 1790; Tenafly Eruv Assoc. v. Borough of Tenafly, 309 F.3d 144, 170 (3d Cir.2002) (“[T]here is no substantial burden requirement when government discriminates against religious conduct.”); Brown v. Borough of Mahaffey, 35 F.3d 846, 849-50 (3d Cir.1994) (<HOLDING>). As the district court found, “the unopposed",91054,14510,1,case_hold_mc,holding that an individual is immune from antitrust liability for exercising first amendment right to petition the government,holding that requiring plaintiffs to show a substantial burden from nonneutral government actions would make petty harassment of religious institutions and exercise immune from the protection of the first amendment,holding that religious exercise is any exercise of religion whether or not compelled by or central to a system of religious belief and that the use building or conversion of real property for the purpose of religious exercise shall be considered  religious exercise,holding that the defendant countys two denials of variance permits under the circumstances had to a significantly great extent lessened the prospect of the religious institution being able to construct a temple in the future thus imposing a substantial burden on the religious institutions religious exercise,recognizing a religious institutions right to free exercise of religion
110,"“ ‘however inartfully pleaded,’ must be held to ‘less stringent standards than formal pleadings drafted by lawyers’ and can only be dismissed for failure to state a claim if it appears ‘beyond doubt that the plaintiff can prove no set of facts in support of his claim which would entitle him to relief.’” Estelle v. Gamble, 429 U.S. 97, 106, 97 S.Ct. 285, 50 L.Ed.2d 251 (1976) (quoting Conley v. Gibson, 355 U.S. 41, 45-46, 78 S.Ct. 99, 2 L.Ed.2d 80 (1957)), reh’g denied, 429 U.S. 1066, 97 S.Ct. 798, 50 L.Ed.2d 785 (1977); see also Haines v. Kerner, 404 U.S. 519, 520-21, 92 S.Ct. 594, 30 L.Ed.2d 652, reh’g denied, 405 U.S. 948, 92 S.Ct. 963, 30 L.Ed.2d 819 (1972); McDowell v. Delaware State Police, 88 F.3d 188, 189 (3d Cir.1996); United States v. Day, 969 F.2d 39, 42 (3d Cir.1992) (<HOLDING>); Lewis v. Attorney General of United States,",91910,14642,4,case_hold_mc,holding that pro se pleadings are held to less stringent standards than those drafted by lawyers,holding that allegations of pro se complaint are held to less stringent standards than formal pleadings drafted by lawyers,holding that allegations in a pro se complaint are to be held to less stringent standards than formal pleadings drafted by lawyers,holding that the complaint submitted by a pro se plaintiff must be held to less stringent standards than formal pleadings drafted by lawyers,holding pro se petition cannot be held to same standard as pleadings drafted by attorneys
111,"P.3d 1154 (“An officer’s warrantless entry into a person’s home is the exact type of intrusion against which the language of the Fourth Amendment to the United States Constitution and Article II, Section 10 of the New Mexico Constitution is directed.”). In this case, the agents had a warrant from Mississippi for Defendant’s arrest, and based upon that warrant, the agents could have entered Defendant’s home in order to arrest him. See State v. Vargas, 2008-NMSC-019, ¶ 10, 143 N.M. 692, 181 P.3d 684 (stating that in light of the evidence showing that the officers had reason to believe the defendant was inside the apartment, the warrant for the defendant’s arrest authorized the officers’ entry into the defendant’s apartment); State v. Krout, 100 N.M. 661, 662, 674 P.2d 1121, 1122 (1984) (<HOLDING>). However, the agents did not need to enter",92762,14793,0,case_hold_mc,recognizing that for fourth amendment purposes an arrest warrant supported by probable cause carries with it limited authority to enter a dwelling in which a suspect lives when there is reason to believe that the suspect is within,holding that arrest warrant can support entry into suspects residence when there is reason to believe the suspect is within,holding a warrantless arrest by a law officer is reasonable under the fourth amendment where there is probable cause to believe that a criminal offense has been or is being committed,holding that police officers had probable cause to arrest a suspect where the facts suggest a fair probability that the suspect has committed a crime,holding that an arrest warrant can authorize entry into a dwelling only where the officials executing the warrant have reasonable or probable cause to believe the person named in the warrant is within
112,"of the damages incurred by the insured. Ark. Code Ann. § 23-89-209(a)(3) (Repl. 1999). In Clampit v. State Farm Mut. Auto. Ins. Co., 309 Ark. 107, 828 S.W.2d 593 (1992), this court stated that underinsured coverage applies when the tortfeasor has at least the amount of insurance required by law, but not enough to fully compensate the victim. Furthermore, the Underinsured motorist coverage statute estabhshes the public policy of the State of Arkansas with regard to UIM coverage. Majors v. American Premier Ins. Co., 334 Ark. 628, 977 S.W.2d 897 (1998). Although Underinsured motorist coverage is statutorily prescribed, this court has upheld prior exclusions under the current and prior versions of the statute. Chamberlin v. State Farm Mut. Auto. Ins. Co., 343 Ark. 392, 36 S.W.3d 281 (2001) (<HOLDING>); Clampit v. State Farm, supra. Where an",93618,14934,4,case_hold_mc,holding similar agreement void on public policy grounds,holding nearly identical exclusion did not violate public policy noting there is no clear legislative pronouncement of public policy requiring umuim coverage for a named driver exclusion,holding exhaustion clauses to be void as against hawaiis public policy,holding that prospective waivers of claims are void as against public policy,holding that state farms unambiguous ownedbutnotinsured exclusion was valid and not void as against public policy
113,"omitted). The BIA did not abuse its discretion in denying Lin’s motion to reopen proceedings based on his failure to abide by the time limitations for such motions. Lin filed his motion in April 2006, more than one year after the BIA’s issuance of its final decision in March 2005, and long after the ninety-day deadline for the filing of motions to reopen had passed. 8 U.S.C. § 1229a(c)(7)(C); 8 C.F.R. § 1003.2(c)(2). Although Lin argues in his brief to this Court that the arrest warrant he submitted to the BIA constituted evidence of changed country conditions, this Court lacks jurisdiction to consider this issue in light of the Government’s argument that he failed to administratively exhaust it before the BIA. Cf. Lin Zhong v. U.S. Dep’t of Justice, 461 F.3d 101 (2d Cir.2006) (<HOLDING>). It is possible that the warrant provided new",94473,15071,2,case_hold_mc,holding that issue exhaustion is not jurisdictional and thus waived if not raised by the government,recognizing that issue exhaustion is a mandatory although not jurisdictional requirement,holding that under 8 usc  1252d1 issue exhaustion while mandatory is not a jurisdictional requirement and consequently a failure to exhaust may be waived by the government,holding that exhaustion is mandatory and jurisdictional,holding that issue exhaustion is mandatory even if not a statutory jurisdictional requirement
114,"the payment of professional fees from a bankruptcy estate, regardless of whether an objection has been filed. See In re Metro Transportation Co., 78 B.R. 416, 420 (Bankr.E.D.Pa.1987); In re Pettibone Corp., 74 B.R. 293 (Bankr.N.D.Ill.1987). 5. “In determining whether a particular expense is chargeable to the debtor’s estate, the court must distinguish between ‘overhead’ expenses, which are not reimbursable, and ‘out-of-pocket’ expenses, which are. In re Thacker, 48 B.R. 161, 164 (Bankr.N.D.Ill.1985). Overhead expenses are those day-to-day operating costs which are incurred regardless of whom the law firm represents.- Id. ... Out of pocket expenses are those expenses which can clearly be traced to a particular client....” In re Island Helicopter Corp., 53 B.R. 71 (Bankr.E.D.N.Y.1985) (<HOLDING>). Counsel’s justification for charging the",95325,15215,4,case_hold_mc,holding that where trial counsel was not ineffective appellate counsel was not ineffective for failing to raise claim of ineffectiveness of trial counsel,holding that taxi cab did not park for an appreciable length of time when it merely stopped to let out passengers,holding that the speedy trial clock for state charges did not begin to run when the defendant was taken into custody by federal authorities on federal charges but rather when he was indicted for the state charges,holding that although plaintiff was liable for medical services rendered he was not bound by the amount of the charges listed in the admission contract as he was entitled to question the reasonableness of the charges,holding that out of pocket expenses reimbursable to creditors committee counsel include photocopy charges but not costs of meals secretarial overtime and cab fare where the necessity for them was not established
115,"without authority to grant JNOV judgments). Accordingly, we hold that the trial court’s grant of a JNOV in this case was improper. Nevertheless, trial courts do maintain the authority to order new trials for eviden-tiary insufficiency in criminal cases; a power which is the functional equivalent of granting a JNOV in a civil case. Therefore, when a jury returns a guilty verdict and the trial court grants the defendant’s motion for new trial based upon insufficiency of the evidence under Texas Rule of Appellate Procedure 30(b)(9), double jeopardy prevents the trial court from entering any other judgment than an acquittal. Tex.R.App. P. 30(b)(9); Moore v. State, 749 S.W.2d 54, 58 (Tex.Cr.App.1988); see also Burks v. United States, 437 U.S. 1, 11, 98 S.Ct. 2141, 2147, 57 L.Ed.2d 1 (1978) (<HOLDING>). Therefore, a trial court’s JNOV ruling after",96179,15339,0,case_hold_mc,holding that the jeopardy clause bars retrial when the prosecution failed to supply sufficient evidence to merit conviction,holding that prosecutorial misconduct bars retrial after conviction overturned because of perjured testimony only where this stringent standard met,holding that where the evidence offered by the state and admitted by the trial court  whether erroneously or not  would have been sufficient to sustain a guilty verdict the double jeopardy clause does not preclude retrial,holding that the double jeopardy clause bars retrial when the commonwealth intentionally undertakes to prejudice the defendant to the point of the denial of a fair trial,holding that retrial did not violate the double jeopardy clause where reversal based on trial error distinguishing reversal for insufficient evidence
116,"Detecting no reaso ent of sentence and we remand, leaving the trial court to reconsider its entire sentencing plan. Justice Dougherty joins the opinion. Chief Justice Saylor and Justice Donohue join the opinion with respect to Parts I, II, and 111(B) except with respect to footnote 29. Justice Baer joins the opinion with respect to Part II(C). Justice Todd joins • the opinion with respect to Parts I, II, and III(B). Justice Baer files a concurring and dissenting opinion. Justice Donohue files a concurring and dissenting opinion in which Chief Justice Saylor joins and in which Justice Todd joins with respect to Part II. 1 . See 65 Pa.C.S. § 1103(a) (conflict of interest), deemed unconstitutional in part by Shaulis v. Penna. State Ethics Comm'n, 574 Pa. 680, 833 A.2d 123 (2003) (<HOLDING>); see also 65 Pa.C.S. § 1102 (defining",97039,15477,0,case_hold_mc,holding subsection 1103g unconstitutional to the extent that it regulates the conduct of former government employees who are also attorneys,holding that interests of plaintiffs former employees of defendant company in combating discriminatory policies were coextensive with the interest of all former and present employees subjected to the discriminatory policy,holding that whether error in failing to ask a question about bias in favor of law enforcement testimony requires reversal hinges on such factors as the importance of the government agents testimony to the case as a whole the extent to which the question concerning the venire persons attitude toward government agents is covered in other questions  the extent to which the credibility of the government agentwitness is put into issue and the extent to which the testimony of the government agent is corroborated by nonagent witnesses internal quotation marks and citation omitted,holding that where an spa does not mention former employees but only current employees and a complaint only alleges that former employees were solicited there is no breach of a nonsolicitation clause,holding section 742031 unconstitutional to the extent that it prohibited attorneys fees to a father in a paternity action
117,"of a fiduciary relationship.”). As for whether the breach must be material to the transaction, we need not address this argument because the case at hand satisfied any such requirement. The very reason bribes were paid to the adjusters was to obtain favorable results in settlements. The insurance companies, acting as reasonable entities, were bound to have considered the fact that their employees had a financial interest in settling cases to be important information with respect to those settlements. See United States v. Dinome, 86 F.3d 277, 280 (2d Cir.1996) (affirming jury instruction charging that a representation was material if “a reasonable person might have considered [it] important in making a decision”); see also United States v. Rodolitz, 786 F.2d 77, 80-81 (2d Cir.1986) (<HOLDING>). Appellants next contend that the government",97882,15618,3,case_hold_mc,holding the appellant needed to prove by a preponderance of the evidence that her husbands death fell within the terms of the insurance policy,holding that unless the collision resulted in a total loss the measure of recovery is the difference between the fair market value of the vehicle in the condition in which it was immediately prior to the collision and its value thereafter,recognizing that enhancement requires control over a participant in the scheme not only control over the scheme itself,holding in a case involving falsified insurance claims that the government needed to prove only that defendant employed a deceptive scheme intending to prevent the insurer from determining for itself a fair value of recovery,holding in the context of the criminal false claims act that to prove falsity the government only had to prove that the statement was known to be untrue at the time the defendant made it
118,"¶ 11 The measure of delay extends from the defendant’s date of conviction or entry of a guilty plea on the new charges to the date the court holds the revocation hearing. Commonwealth v. explanation for the delay, the court should not attribute the delay to the defendant; instead, the court should analyze whether the delay prejudiced the defendant. Woods, supra. ¶ 13 To demonstrate a violation of his right to a speedy probation revocation hearing, a defendant must allege and prove the delay in holding the revocation hearing prejudiced him. Woods, supra at 1229; Clark, supra at 125; Bischof, supra at 9. There is no per se rule of prejudice for technical violations of the Rules of Criminal Procedure. Commonwealth v. Marchesano, 519 Pa. 1, 7-8, 544 A.2d 1333, 1336-37 (1988) (<HOLDING>). “[T]he controlling consideration at a",98737,15750,4,case_hold_mc,holding that upon revocation of probation a court must grant credit for time served on probation and community control towards any newly imposed term of imprisonment and probation so that the total period of control probation and imprisonment does not exceed the statutory maximum,holding that standard for revocation of probation is preponderance of the evidence,holding that where defendant admitted to two violations of probation and was sentenced therefor court could not enter second order of revocation and resentence defendant on third charge of violation of probation which was pending at time defendants probation was first revoked,holding that revocation of probation is merely an extension of a sentencing proceeding,holding defendant cannot establish prejudice merely by alleging court held probation revocation hearing after defendants period of probation expired
119,"that the district court’s mention of having considered the “entire lengthy record” indicates that the court, in concluding that amendment would be both untimely and futile, relied in part upon the overall history of the dispute, including the ease CBS had previously initiated in Florida. Whether the court meant to encompass that history within the reason for its decision is not clear,- however; the “lengthy record” in question may well refer only to the present litigation, which alone had been going on for more than three years at the time. In either event, the district court erred; the prolonged nature of a case does not itself affect whether the plaintiff may amend its complaint. See, e.g., Security Ins. Co. of Hartford v. Kevin Tucker & Assoc., Inc., 64 F.3d 1001 (6th Cir.1995) (<HOLDING>); Buder v. Merrill Lynch, Pierce, Fenner &",99576,15889,3,case_hold_mc,holding that a district court abuses its discretion in denying a motion to amend when the opposing partys case for prejudice is stated  only in the most conclusory of terms and no particular witnesses or documents are identified to support the argument that a delay would prejudice a party,holding that district court had not abused its discretion in denying plaintiffs motion to amend complaint,holding district court abused discretion in denying leave to amend complaint to add count when no prejudice resulted from two and onehalf year delay and facts underlying new and old counts were similar,holding district court abused discretion in denying leave to amend complaint to add claim when party opposing motion made no showing of prejudice from delay,holding that the district court abused its discretion in denying leave to amend after a delay of eight months
120,"Communications Co., 971 F.Supp. 302, 305-06 (W.D.Tenn.1997). Plaintiffs rebanee on these cases is misplaced for several reasons. None of these cases analyzed whether a court could ignore a federal consumer-protection regulation simply because a tariff was filed with the FCC. The MCI case dealt with whether federal courts have jurisdiction to hear billing-dispute cases arising out of long-distance contracts where the long-distance provider had filed tariffs with the FCC. The issue was one of jurisdiction and the case did not at all address the applicability of federal regulations. In Wegoland, the issue was whether plaintiffs could attack long-distance rates on the theory that the providers had engaged in fraud. Although the Second Circuit broadly reaffirmed the “filed tariff’ doctrine (<HOLDING>), the court did not discuss whether federal",100428,16030,2,case_hold_mc,holding that the respondents statelaw claims are barred by the filed rate doctrine,holding that under the filed rate doctrine a question regarding reasonable rates should be addressed to the department of insurance and that the rate plaintiff was charged is conclusively presumed reasonable under the filed rate doctrine,holding that suits against longdistance companies for unreasonable rates were barred if the defendant had filed a rate tariff with the fcc,holding that the filed rate doctrine barred private right of action for consumer fraud,holding that filed rate doctrine did not apply because pharmaceutical companies do not file rates with any agency
121,"on the secured creditor’s position.” Boodrow, 126 F.3d at 49 n. 6 (quoting Joann Henderson, The Gaglia-Lowry Brief: A Quantum Leap from Strip Down to Chapter 7, 8 Bankr.Dev.J. 131, 137 (1991)). 11 . Since the debtors have failed to either redeem or reaffirm, the Bank concludes that cause has been shown to modify the automatic stay. As discussed above, however, I am addressing the § 521 issue on its own merits and not in support of a claim for modification under § 362(d)(1). In any event, it is unclear whether a violation of § 521(2) would necessarily constitute cause for modification under § 362(d)(1). See Boodrow, 126 F.3d at 48 (""It is not clear to us that violation of § 521(2) would automatically require a bankruptcy court to lift the automatic stay.”); Lowry, 882 F.2d at 1546 (<HOLDING>); but see Johnson, 89 F.3d at 252 (""If the",101285,16158,2,case_hold_mc,holding that if the application for a warrant contains probable cause apart from the improper information then the warrant is lawful and the independent source doctrine applies providing that the officers were not prompted to obtain the warrant by what they observed during the initial entry,holding that a similar denial was not superseded because the appellant did not seek a stay of the trial courts order,holding that noncompliance with  5212 did not warrant relief from the automatic stay so that the creditor could repossess the collateral,holding that the warrant application at issue did not specifically mention the presence of criminal activity at defendants residence but that the executing officers reasonably relied on the warrant,holding that an appeal was not moot because the amendment to the ordinance at bar did not give the petitioner the relief sought so that the petitioners claim and injury remain viable
122,"against them. The Tiberts appeal. II [¶ 8] On appeal, the Tiberts argue the trial court erred in finding there was no justiciable controversy because the perpetual easement between Minto and Minto Grain rendered the Tiberts’ issue moot. The Tiberts contend the easement granted by Minto Grain to the City of Minto is not equivalent to an easement held in trust for the public for purposes of a public street. [¶ 9] When a trial court dismisses a case for mootness, we review the factual findings under the clearly erroneous standard set forth in Rule 52(a), North Dakota Rules of Civil Procedure. See Syversen v. Hess, 2003 ND 118, ¶ 9, 665 N.W.2d 23. However, a trial court’s legal conclusion of mootness is reviewed de novo. See Minnesota Humane Soc’y v. Clark, 184 F.3d 795, 797 (8th Cir.1999) (<HOLDING>); State v. Utvick, 2004 ND 36, ¶ 31, 675 N.W.2d",102136,16307,4,case_hold_mc,holding that we review a district courts interpretation of a statute de novo,holding that we review constitutional challenges de novo,holding that we review issues of statutory interpretation de novo,holding we review claim construction de novo on appeal,holding we review a dismissal for mootness de novo 
123,"right.” Appellant is not seeking to get the property back “as a benefit of survivorship over” his late father and Appellee. This observation, however, raises the possible alternative basis for the trial court’s finding. The court’s order states that Appellant’s quitclaim deed operated to “convey all of his interest” in the townhouse; thus, he is not entitled to any portion of the property that would otherwise pass to him as a beneficiary of his father’s estate. Any right Appellant has to take an interest in the property as a beneficiary did not, however, exist at the time Appellant executed the quitclaim deed. A quitclaim deed conveys only that interest in a property held by the grantor at the time of the conveyance. See, e.g., Blitch v. Sapp, 142 Fla. 166, 194 So. 328, 330 (1940) (<HOLDING>). In other words, “[t]he possibility that a",102998,16457,3,case_hold_mc,holding that a beneficiary under a deed of trust was entitled to reformation of the grantors deed,holding that when a grantor delivered a deed to one of the cograntees therein telling her to keep it in a box and to deliver it to the proper parties at his death the title passed at that time irrespective of the place where the deed was kept,recognizing that the right to seek reformation of a deed is limited to the original parties to the deed and their successors in title,holding a quitclaim deed yields only such interest in land as the grantor had at the time of the making of such deed,holding that because the purchase price typically is not included in the deed this term of the contract of sale is not merged with the deed
124,"Spencer’s paternal grandmother, which resulted in denying the minor child the benefits of access and contact with other members of his extended family. In our view, such findings provide adequate support for the trial court’s initial conclusion that defendant had shown that “a substantial change in circumstance [s]” had occurred during the period following the original custody decree and that the change had affected the welfare of the minor child. In addition to noting that a substantial change in circumstances had adversely affected the welfare of the minor child, the order also includes language indicating that the trial court considered changes in circumstances that could positively affect the circumstances of the minor child. See Pulliam, 348 N.C. at 620, 501 S.E.2d at 900 (<HOLDING>). In finding of fact number nine (finding 9),",103851,16601,3,case_hold_mc,holding the teenage childrens preference to live in fathers home was sufficient evidence to support a change in physical custody in a modification of a split physical custody arrangement even though the party seeking the change failed to demonstrate a change in circumstances,holding that a subsequent petition may be filed upon a showing of a change in circumstances,holding interference with visitation of the noncustodial parent   that negatively impacts    the welfare of the child can constitute a substantial change of circumstances sufficient to warrant a change of custody,holding that a showing of a change in circumstances that is or is likely to be beneficial to the child may also warrant a change in custody,holding court cannot change custody without showing that change is in best interests of child
125,"the family court, [appellate courts] review[ ] factual and legal issues de novo.” Simmons v. Simmons, 392 S.C. 412, 414, 709 S.E.2d 666, 667 (2011). “[WJhile retaining the authority to make our own findings of fact, we recognize the superior position of the family court judge in making credibility determinations.” Lewis v. Lewis, 392 S.C. 381, 392, 709 S.E.2d 650, 655 (2011). “Stated differently, de novo review neither relieves an appellant of demonstrating error nor requires us to ignore the findings of the family court.” Id. at 388-89, 709 S.E.2d at 654 (emphasis removed). Further, a finding of contempt rests within the sound discretion of the family court. DiMarco v. DiMarco, 393 S.C. 604, 607, 713 S.E.2d 631, 633 (2011). “Such a finding should not be disturbe .E.2d 620, 623 (2001) (<HOLDING>); Lewis, 392 S.C. at 388-89, 709 S.E.2d at 654",104702,16734,2,case_hold_mc,holding that error will not be presumed from a silent record and that without the relevant transcript there is insufficient evidence to review the alleged error and the appellant carries the burden of demonstrating the alleged error in the record,holding that an appellant bears the burden of demonstrating error on appeal,holding the appellant carries the burden of demonstrating error in the family courts findings of fact,holding that it is the duty of the appellant to overcome the presumption of the correctness of the trial courts judgment by demonstrating some reversible error,holding that the party asserting notice error has the burden of demonstrating prejudice
126,"an agency should receive for its interpretation of a statute in Chevron U.S.A., Inc. v. Natural Resources Defense Council Inc., 467 U.S. 837, 104 S.Ct. 2778, 81 L.Ed.2d 694 (1984). If the “intent of the Congress is clear, that is the end of the matter; for the court, as well as the agency, must give effect to the unambiguously expressed intent of Congress.” Id. at 842-43, 104 S.Ct. at 2781. When the statute is silent or ambiguous, the court must determine whether the agency’s interpretation is grounded in a permissible construction of the statute. Id. at 843, 104 S.Ct. at 2782. In interpreting § 401, the Forest Service is not entitled to any agency deference because the EPA, not the Forest Service, administers the CWA. Baptist Hosp. East. v. Sullivan, 823 F.Supp. 424, 427 (W.D.Ky.1993) (<HOLDING>). An agency that interprets a statute other",105562,16876,2,case_hold_mc,holding regulations entitled to chevron deference,holding that chevron deference is due only when the agency acts pursuant to delegated authority,holding that a precondition to chevron deference is congressional delegation of administrative authority,holding that with respect to domestic bridges the general bridge authority act was clearly intended to end piecemeal congressional supervision of bridge construction by delegation of congressional authority to an expert administrative agency,recognizing the delegation of authority to the united states attorneys
127,"Employment Comm’n, 754 S.W.2d 149, 151 (Tex.1988). “The rule is generally accepted that appellate courts do not decide cases where no actual controversy exists between the parties at the time of the hearing.” City of W. Univ. Place v. Martin, 132 Tex. 354, 356, 123 S.W.2d 638, 639 (1939). Unless an exception to this general rule exists, it would be proper to dismiss this appeal as moot. 2. Exceptions to the Rule There are exceptions allowing an appellate court to review a case after it becomes moot. Texas courts have recognized three exceptions to the mootness doctrine: (1) the capable-of-repetition-yet-evading-review exception; (2) the collateral consequences exception; and (3) the public interest exception. See Fed. Deposit Ins. Corp. v. Nueces County, 886 S.W.2d 766, 767 (Tex.1994) (<HOLDING>); Nat’l Cafe Servs., Ltd. v. Podaras, 148",106420,17020,1,case_hold_mc,recognizing two exceptions to eleventh amendment bar,recognizing first two exceptions,recognizing constitutionally mandated exceptions to that statutory principle,recognizing three exceptions to atwill doctrine,recognizing exceptions to immunity
128,"jury, Appellants’ 1st Br. at 36. They specifically suggest the Northern District of Ohio because that district “is more liberal in interpreting minority cases.” Id. Counsel for the defendants conceded at oral argument that the Smiths’ status as plaintiffs did not preclude them from seeking a change of venue pursuant to 28 U.S.C. § 1404(a). As this Court explained in Philip Carey Manufacturing Co. v. Taylor, 286 F.2d 782 (6th Cir.1961), “[t]he right to a transfer under [28 U.S.C. § 1404(a) ] is available to a plaintiff as well as a defendant. A plaintiff is not bound by his choice of forums, if he later discovers that there are good reasons for transfer.” Id. at 784; accord 15 Charles Alan Wright, Arthur R. Miller & Edward H. Cooper, Federal Practice & Procedure § 3844 (3d ed.1989) (<HOLDING>). Although the Smiths were not precluded from",107275,17154,3,case_hold_mc,holding that in reviewing a district courts decision on a motion for summary judgment de novo the decision can be affirmed on any ground that finds support in the record including an alternate ground,recognizing that the district courts decision to termi nate parental rights will be upheld by this court if it is supported by substantial evidence,recognizing that federal district courts have the authority to grant a remedy if the refusal to file a substantial assistance motion was based on an unconstitutional motive,recognizing the very substantial authority including this courts decision in taylor for the proposition that a motion  may be made by the plaintiff,holding that plaintiff failed to adequately brief an issue where he failed to cite any legal authority for the proposition
129,"damage award in this case was fashioned for a compensatory purpose or that it is unconstitutionally disproportionate to the character of Travelers’ bad faith behavior or the award of compensatory damages. We also reject Grossi’s position that the trial court erred or abused its discretion in awarding interest on the $300,000.00 UIM claim, rather than the entire arbitration award. We, however, agree with Travelers that the trial court erred as a matter of law in awarding Gros-si’s expert witness fee expenses as recoverable costs under section 8371. Accordingly, we direct the trial court to mold the costs portion of its verdict to reflect an award of $2,729.66. In all other respects the trial court’s verdict and judgment is affirmed. Judgment affirmed in part and vacated in p 002) (<HOLDING>). We do so here. 2 . A loss reserve is an",108130,17299,1,case_hold_mc,holding appeal from order denying posttrial motions was proper since prothonotary entered judgment prior to appellate disposition,holding that in the interest of judicial economy considering appeal from order denying posttrial motions and ordering entry of judgment in favor of plaintiff even though judgment was not actually entered,holding that although an order dismissing appellants motion for posttrial relief was not reduced to judgment in the interests of judicial economy the supreme court could regard as done that which ought to have been done and proceed with the appeal,holding that the trial courts written order was not the entry of a sentence sufficient to support a determination that a judgment of conviction was entered,holding premature notice of appeal was treated as entered on date of entry of final judgment
130,"rule. Thus, each strand reconstitutes identical DNA molecules. When the cell divides, these two identical chromosomes enter newly-created “daughter” cells. Each new cell has the identical genetic composition as the original cell. All cells contain the same chromosomal composition. No two individuals, except identical twins, have the same nucleotide sequences throughout their DNA. DNA testing conducted on cells from various parts of the same body, whether blood, skin, semen, saliva, or hair will yield the same results. As in this case, DNA analysis can help identify donors of genetic material, such as blood. 2. Restriction Fragment Length Polymorphism, (RFLP) At present, the most widely accepted DNA test is the RFLP analysis. See, e.g., Fishback v. People, 851 P.2d 884, 892 (Colo.1993) (<HOLDING>); State v. Moore, 268 Mont. 20, 885 P.2d 457,",108979,17440,1,case_hold_mc,holding that no private right of action exists,holding that no serious dispute exists as to whether the techniques involved in rflp analysis are generally accepted,recognizing that whether a duty exists is a question of law for the courts,recognizing that statutory right to partition in kind exists where mineral rights are involved,holding that no standing exists to litigate an abstract dispute over the commissions reasoning
131,"of the offense.” Nothing prevented the jury from considering any circumstances of the offense as mitigation. 4. Victim Impact Statement ¶ 125 The trial court instructed the jury it could consider Gina’s victim impact statement “to the extent that it rebuts mitigation.” Forde asserts that the instruction was erroneous because Gina’s statement did not rebut any mitigation evidence, and the instruction therefore permitted the jury to consider the statement as an improper non-statutory aggravator. Because Forde did not object to this instruction, we review for fundamental error. ¶ 126 Victim impact evidence “rebuts” mitigation by informing the sentencer about the specific harm caused by the defendant. Cf Payne v. Tennessee, 501 U.S. 808, 825, 111 S.Ct. 2597, 115 L.Ed.2d 720 (1991) (<HOLDING>) (citation and internal quotation marks",109838,17572,1,case_hold_mc,holding the harmed victim need not be the victim of the offense of conviction,holding that victim impact evidence properly reminds the sentencer that just as the murderer should be considered as an individual so too the victim is an individual whose death represents a unique loss to society and in particular to his family,holding that the death of a victim may not be considered an aggravating factor in a homicide sentencing,holding that the victim impact and victim vulnerability aggravators were not overbroad and explaining that though the concepts of victim impact and victim vulnerability may well be relevant in every case evidence of victim vulnerability and victim impact in a particular case is inherently individualized,holding statute requiring that murderer be deemed to have predeceased victim thereby entitling victim to all joint tenancy property was not an unconstitutional forfeiture
132,"420, 112 S.Ct. 773. Note that because the Supreme Court stated that lien stripping would not be permitted in chapter 7 with an “allowed claim,” the implication arises that if the claim becomes disallowed, the lien can be stripped under Section 506(d). 22 . Id. at 418, 112 S.Ct. 773 (stating that the “liens ride through” principle was established before the passage of the 1978 Act, and existed under the Bankruptcy Act of 1898). The Supreme Court acknowledged that liens ride through bankruptcy in several cases. See Long v. Bullard, 117 U.S. 617, 6 S.Ct. 917, 29 L.Ed. 1004 (1886). Farrey v. Sanderfoot, 500 U.S. 291, 111 S.Ct. 1825, 114 L.Ed.2d 337 (1991); Johnson v. Home State Bank, 501 U.S. 78, 111 S.Ct. 2150, 115 L.Ed.2d 66 (1991). 23 . In re Shandrew, 210 B.R. 829 (Bankr. E.D.Cal.1997) (<HOLDING>); accord In re Nevería, 194 B.R. 547",110683,17700,3,case_hold_mc,holding that an allowed wholly unsecured consensual junior lien may not be stripped off in a chapter 7 case,holding that a wholly unsecured junior mortgage lien can be avoided under nobelman,holding that a debtors right to strip off a wholly unsecured lien is conditioned on the debtors obtaining confirmation of and performing under a chapter 13 plan that meets all of the statutory requirements rather than on a debtors discharge,holding that a wholly unsecured junior mortgage on chapter 13 debtors residence could not be stripped down into an unsecured claim by debtors plan,holding that a socalled chapter 20 debtor may strip off a wholly unsecured junior lien
133,"revision of testimony creates an issue of fact where none existed before. Otherwise, any party could head off a summary judgment motion by supplanting previous depositions ad hoc with a new affidavit, and no case would ever be appropriate for summary judgment. Wilson v. Westinghouse Elec. Corp., 838 F.2d 286, 289 (8th Cir.1988) (internal citations and quotation marks omitted). Bass v. City of Sioux Falls, 232 F.3d 615, 618 (8th Cir.1999). The court has considerable experience with this issue: This court has with some frequency considered the question of whether eleventh-horn’ affidavits that contradict deposition testimony can generate a genuine issue of material fact precluding summary judgment. See Loeckle v. State Farm Automobile Ins. Co., 59 F.Supp.2d 838, 856-58 (N.D.Iowa 1999) (<HOLDING>); Longstreth v. Copple, C97-4100-MWB, slip op.",111534,17847,4,case_hold_mc,holding that the court could not conclude that the plaintiffs deposition testimony was so contradictory of the statements contained in plaintiffs affidavit as to foreclose the affidavits use for summary judgment purposes,holding that facts alleged in an employees affidavit were insufficient to raise an issue of fact for the purposes of defeating a summary judgment where the affidavit contradicted the employees earlier deposition statements,holding that plaintiffs affidavit submitted at summary judgment stage and contradicting earlier deposition testimony should not be considered,holding that subsequent affidavit contradicting prior sworn testimony does not create genuine issue of fact,holding that plaintiffs affidavit failed to fall within the exception stated in camfield tires inc v michelin tire corp 719 f2d 1361 8th cir1983 that an affidavit contradicting the prior deposition testimony of the affiant but containing an adequate explanation for the disparity may create a genuine issue of fact because plaintiffs deposition testimony was so contradictory from the statements contained in her affidavit
134,"does not emphasize the need for honesty. See id. at 290, 523 S.E.2d at 671. Finally, as in Hinnant, the child’s statements lack inherent reliability because of the nature of Rockwell-Flick’s leading questions. See id. Indeed, almost none of the child’s statements about the defendant were spontaneous, but rather responded to direct questions such as whether anyone had ever touched or kissed her. Second, although the child testified, unlike the minor child in Hinnant, we cannot treat Rockwell-Flick’s testimony as corroborative testimony since the trial court explicitly ruled that it was substantive evidence. Consistent with that ruling, the trial court did not limit the jury’s consideration of her testimony as corroborative. See State v. Quarg, 334 N.C. 92, 101-02, 431 S.E.2d 1, 5 (1993) (<HOLDING>). In this case, there was no physical evidence",112392,17976,3,case_hold_mc,holding that trial court is not required to give limiting instruction when defendant did not object at first opportunity because evidence admitted for all purposes,recognizing that upon request the trial court may provide a limiting instruction to the jury,holding that failure to give a limiting instruction for 404b evidence is not plain error,holding that a trial court errs when it fails to give a limiting instruction properly requested by a party,holding that failure to give a properly requested chicone instruction cannot be harmless error
135,"strength, the majority tells us, “is no less a [constitutional] violation than any other invidious method.” Maj. Op. at 871. But the use of different voting mechanisms has little to do with the type of “invidious discrimination” that the Equal Protection Clause was designed to prevent. That is why I believe that many of the broad statements in the majority opinion, although eloquent, are ultimately hollow. E.g., Maj. Op. at 879-80 (“Violations of the Equal Protection Clause are no less deserving of protection because they are accomplished with a modern machine than with outdated prejudices.”). However unpleasant the prospect, human error remains a part of the democratic process, and no constitutional rule is going to change that fact. See Powell v. Power, 436 F.2d 84, 88 (2d Cir.1970) (<HOLDING>). What does have more potential to reduce the",113253,18110,0,case_hold_mc,holding that neither the equal protection and due process clauses of the fourteenth amendment nor article i  2 of the constitution guarantee against errors in the administration of an election,holding the exclusion did not violate the equal protection clause of the wyoming constitution or the fourteenth amendment to the united states constitution,holding that neither the due process clause nor the equal protection clause of the fourteenth amendment require the appointment of counsel on a petition for discretionary review to a state supreme court,holding that due process and equal protection clauses of fourteenth amendment are not confined to protection of citizens rather they apply to all persons within the territorial jurisdiction,holding that the due process clause contained in the colorado constitution encompasses a guarantee of equal protection
136,"has “jurisdiction to render judgment on an action by an interested party objecting to ... a proposed award or the award of a contract or any alleged violation of statute or regulation in connection with a procurement or a proposed procurement.” 28 U.S.C. § 1491(b)(1) (2012). A party is an “interested party” with standing to bring suit under 28 U.S.C. § 1491(b)(1) if the party “is an actual or prospective bidder whose direct economic interest would be affected by the award of the contract.” Orion Tech., Inc. v. United States, 704 F.3d 1344, 1348 (Fed.Cir.2013). A bidder has a direct economic interest if the alleged errors in the procurement caused it to suffer a competitive injury or prejudice. Myers Investigative & Sec. Servs., Inc. v. United States, 275 F.3d 1366, 1370 (Fed.Cir.2002) (<HOLDING>). In a post-award bid' protest, the protestor",114112,18248,0,case_hold_mc,holding that prejudice or injury is a necessary element of standing,holding that actual prejudice is not a necessary element of an insurers untimely notice defense,recognizing that allegation of state action is a necessary element of a  1983 claim,holding that an antitrust injury is a necessary element of a  2 claim,holding that an assertion of prejudice is not a showing of prejudice
137,"of the public record. In 1981, the General Assembly amended the definition of ""public records,” to include the following language: ""Provided, that compilations, lists, or other aggregations of information of a personal nature where the public disclosure thereof would’ constitute a clearly unwarranted invasion of personal privacy, are hereby determined to be confidential and shall not be considered to be ‘public records’ within the terms of this Act, and shall not be supplied to private individuals or organizations.” See Act of Mar. 23, 1981, No. 608, § 3, 1981 Ark. Acts 1345, 1346 (1981). But that language was deleted in 1985. See Act of Mar. 21, 1985, No. 468, § 3, 1985 Ark. Acts 917, 918 (1985). 2 . See, e.g., Office of Lieutenant Governor v. Mohn, 67 A.3d 123, 132 (Pa.Commw.Ct.2013) (<HOLDING>); Governor’s Office of Admin, v. Purcell, 35",114971,18389,3,case_hold_mc,holding that a defendants use of a persons name and social security number without permission constituted the use of a means of identification without lawful authority,holding that basic identification data such as name age current address and social security number is not generally subject to miranda,holding that although the social security number in the information and the social security numbers in the previous convictions did not match the rest of the identifying information  the first and last name and date of birth  did match and was sufficient to establish the defendants identity particularly in light of the fact that the defendant did not claim he was not the individual named in the previous convictions,recognizing the  holy trinity of personal information ie persons name social security number and date of birth that are reasonably likely to result in identity theft and fraud and concluding that sufficient proof had not been presented to add home address to the holy trinity,holding a social security number is not private
138,"purpose of this Memorandum is to explain why the Court declined to do these things. As disclosed by plaintiff in its ex parte motion, the sale of decoding devices like those defendants are claimed to have offered and sold is prohibited by federal criminal statute, see 47 U.S.C. § 553(b), as well as by Illinois criminal statute, see 720 ILCS 5/16-10(a)(4). Under the circumstances, information disclosing defendants’ purchases and sales of the devices, the revenues obtained from those sales, the assets they now have that may have been derived from those sales, and the locations where they keep their records and other descrambling devices is, without question, information that might tend to incriminate the defendants. See, e.g., FTC v. H.N. Singer, Inc., 668 F.2d 1107, 1114 (9th Cir.1982) (<HOLDING>); SEC v. Rehtorik, 755 F.Supp. 1018, 1019",115830,18530,4,case_hold_mc,holding that the fifth amendment did not apply to tribal government,holding the same with respect to violations of the fifth amendment,holding that abrogating the right to sell endangered eagles feathers did not implicate the fifth amendment,holding that the statement ill take the fifth was an assertion of the fifth amendment privilege,recognizing that preliminary injunction requiring defendant to disclose records might implicate fifth amendment
139,"certain provisions are met. Fla. Stat. § 624.155 (1999). Before the adoption of section 624.155, Florida courts refused to recognize a cause of action by an insured against his insurer alleging the insurer, in bad faith, refused to settle his claim; i.e., a “first party” bad faith cause of action. Opperman v. Nationwide Mut. Fire Ins. Co., 515 So.2d 263, 265-67 (Fla.Dist.Ct.App.1987). While “first party” bad faith claims were not permitted, if an insured could allege an independent tort, such as fraud or intentional infliction of emotional distress, he could proceed against the insurer on those claims and receive punitive damages. Greene v. Well Care HMO, Inc., 778 So.2d 1037, 1042 (Fla.Dist.Ct.App.2001); see also Griffith v. Shamrock Village, Inc., 94 So.2d 854, 858 (Fla.1957) (<HOLDING>). GEICO essentially argued during its motion",116685,18667,0,case_hold_mc,holding that while punitive damages are normally not recoverable for breach of contract where acts constituting a breach of contract also amount to a cause of action in tort there may be recovery of exemplary damages  however the breach must be attended by some intentional wrong insult abuse or gross negligence which amounts to an independent tort,holding that there must be a tort distinguishable from or independent of the breach of contract in order for a party to bring a valid claim in tort based on a breach in a contractual relationship,holding that generally punitive damages are not available for a breach of contract,holding that the failure to act in good faith  does not amount to an independent tort the breach of the implied duty under the ucc gives rise only to a cause of action for breach of contract,holding that absent an independent tort a plaintiff alleging a breach of contract may only seek to recover the damages flowing from the breach
140,"court held that these facts demonstrated that Lloyds “purposefully availed” itself of the privilege of acting in Tennessee, the cause of action arose from Lloyds’ activities within the state, and the acts had a substantial connection with Tennessee. 1. Purposeful Availment Purposeful availment is essential to a finding of personal jurisdiction. Calphalon, 228 F.3d at 721. Purposeful availment exists where the defendant’s contacts with the forum state “proximately result from actions by the defendant himself that create a ‘substantial connection’ with the forum state.” Burger King Corp. v. Rudzewicz, 471 U.S. 462, 475, 105 S.Ct. 2174, 85 L.Ed.2d 528 (1985). It protects a defendant from being haled into a jurisdiction for random, fortuitous, or attenuated c , 1265-66 (6th Cir.1996) (<HOLDING>). Further, all of Lloyds’ communications were",117536,18799,3,case_hold_mc,recognizing that the ohio longarm statute does not extend to the limits of due process and focusing the inquiry on whether defendant established sufficient business contacts with ohio,holding personal jurisdiction did not exist over the londonbased international amateur athletic federation iaaf despite the fact that its member organization in the usa had minimum contacts with ohio where the plaintiffs contract claim did not arise out of iaafs contacts with ohio,holding that standing alone defendants 4 million in sales in the forum state over a sevenyear period may not have been sufficient to support the exercise of general jurisdiction but that the numerous other contacts with the forum in the case including advertising relationships with dealers and more than 150 visits tipped the balance and led the court to conclude that there were sufficient contacts to allow the exercise of general jurisdiction,holding that the defendants contacts with ohio were sufficient to support the exercise of jurisdiction where defendant consciously reached out from texas to ohio to subscribe to compuserve and sold his software over compuserves ohiobased system,holding that a maryland court could not exercise jurisdiction over an ohio lawyer when a maryland client initiated five of seven contacts with the lawyer the parties created the attorneyclient relationship in ohio and the attorneyclient relationship involved only events in and the law of ohio
141,"the crime charged. If the evidence is cumulative, the trial court should more closely scrutinize its prejudicial effect. If the evidence is necessary to prove an element of the charge, the trial judge may have erred in not sustaining the defendant’s motion for a directed verdict of acquittal. Moreover, a defendant may have a valid objection, under federal rule 611(b), that the government’s cross-examination exceeds the scope of the direct. These added considerations are necessary not only to limit the impact of rule 404(b) on rule 608(b), but also to limit the prejudicial effect of allowing the government to have the last say through evidence of a defendant’s prior misconduct. Smith Grading & Paving, 760 F.2d at 581; see also United States v. Horton, 847 F.2d 313, 324-25 (6th Cir.1988) (<HOLDING>). The purpose of Rule 608(b) is to prevent",118390,18927,3,case_hold_mc,holding that proponent of 404b evidence must identify a proper 404b purpose for admission  that is at issue in  the case,holding that evidence of threats or intimidation of a witness is admissible under rule 404b to show consciousness of guilt,holding that a new trial was the remedy for erroneous admission of rule 404b evidence,holding that rule 404b evidence is admissible in rebuttal,holding that admission of rule 404b evidence was proper
142,"prepared prior to that date, completed by Dr. Miller on March 11, 2004, stated plaintiff should not “lift, sit, [or] stand for any length of time,” and described plaintiffs prognosis as “poor to guarded,” (BA 266), that form was completed nine months prior to the FCE and over 16 months prior to the termination of plaintiffs LTD benefits. The September 19, 2005 note from Dr. Miller, received after defendant terminated plaintiffs benefits, (BA 19), provides no information about Dr. Miller’s then current relationship with plaintiff, if any, or the basis for his opinion. A plan administrator need not accord special deference to conclusory medical opinions even if offered by a treating physician. See Jordan, 370 F.3d at 875; see also Magallanes v. Bowen, 881 F.2d 747, 751 (9th Cir.1989) (<HOLDING>) (internal quotation and citation omitted).",119247,19067,3,case_hold_mc,holding that use of social security benefits satisfied child support obligation,holding that the weight given to a treating physicians opinion is limited if the opinion consists only of conclusory statements,holding that the weight given a treating physicians opinion is limited if the opinion consists only of conclusory statements,holding in context of application for social security benefits factfinder need not accept a treating physicians opinion which is brief and conclusory in form with little in the way of clinical findings to support its conclusion,holding that a treating physicians opinion may be rejected if it is brief conclusory and unsupported by medical evidence
143,"debtor ""cannot be viewed as 'the debtor' as that reference appears for the second time in the second sentence in subsection 554.9402(7) (Iowa stats.]."" Id. at 27. This reasoning assumes two debtors though factually there is only one. The reasoning is therefore fundamentally flawed. 6 First Agri does not contend that it was actually misled by the debtors' change of name. It cites several ninth circuit cases for the proposition that a conclusion that a financing statement is ""seriously misleading"" does not require a finding that a creditor had actually been misled. In Re Thomas, Inc., 466 F.2d 51 (9th Cir. 1972); In Re Pacific Trencher & Equipment, Inc., 735 F.2d 362 (9th Cir. 1984). Respondents suggest that this is not a ease of a name change, but is rather a change in iden 1970) (<HOLDING>); In Re McCauley's Reprographics, Inc., 638",120101,19203,2,case_hold_mc,holding that motor vehicle to be retained by chapter 13 debtor should be valued at the price the debtor could get for it in a free and open market ie its fair market value,recognizing implied duty to market,holding brawns super market an insufficient listing where the debtor was wendall p brawn,holding that a contract for an exclusive agency to market a product contains an implied promise to use all reasonable efforts to market the product,holding that oral listing agreement did not preclude recovery of a commission
144,"that: a low evidentiary threshold is particularly appropriate in the veterans context because in the early stages of the application process, the veteran is almost always unassisted by legal counsel. See 38 U.S.C. § 5904(c)(1) (attorneys and agents prevented from charging for services rendered pri- or to date of final decision from BVA). Since significant if not essential evidence regarding the merits of a claim often resides in the DVA’s files, it would be fundamentally unfair to erect a steep evidentiary hurdle in front of an unassisted veteran before allowing the veteran to receive assistance from the DVA. The low threshold is also appropriate in light of the uniquely pro-claimant nature of the veterans compensation system. See Hodge v. West, 155 F.3d 1356, 1362-64 (Fed.Cir.1998) (<HOLDING>); Hayre v. West, 188 F.3d 1327, 1333-34",120952,19346,3,case_hold_mc,holding that a claim that is constitutional in name only does not create jurisdiction over an appeal from the veterans court,recognizing nonadversarial and proclaimant character of veterans benefits adjudication,holding that a plantshutdown benefit is not an optional form of benefit,recognizing that the veterans benefit system is uniquely proclaimant,holding that the interpretation of a veterans filings is a factual inquiry
145,"Kodak Co., 98 F.Supp.2d 141, 147 (D.Mass.2000) (internal quotations omitted)); see also Arruda v. Sears, Roebuck & Co., 310 F.3d 13, 18-19 (1st Cir.2002). 123 . See id. at 46-47 (citing 5 Charles Alan Wright & Arthur R. Miller, Federal Practice and Procedure § 1298, at 625-26 (2d ed.1990)). 124 . Karvelas, 360 F.3d at 228. 125 . See Cal. Gov't Code §§ 12651(a)(1) & (2); Del.Code Ann. tit. 6, §§ 1201(a)(1) & (2); D.C.Code §§ 2-308-14(a)(1) & (2); Fla. Stat. §§ 68.082(2)(a) & (b); Haw.Rev.Stat. §§ 661-21(a)(1) & (2); 740 Ill. Comp. Stat.175/3(a)(1) & (2); Mass. Gen. Laws ch. 12, §§ 5B(1) & (2); Nev.Rev.Stat. §§ 357.040(1)(a) & (b); Tenn.Code Ann. §§ 71-5-182(a)(1)(A) & (B); Tex. Hum. Res.Code Ann. § 36.002; Va.Code Ann. §§ 8.01-216.3(A)(1) & (2). 126 . Cf. Karvelas, 360 F.3d at 227-28 (<HOLDING>). 127 .Id. at 232. 128 . See id. at 225",121803,19480,1,case_hold_mc,holding that heightened pleading standards do not apply to defamation actions,holding that the federal false claims act is an antifraud statute to which rule 9bs heightened pleading requirements apply,holding that the group pleading doctrine survives the pslra as to rule 9bs particularity requirements but does not apply to the pslras scienter requirements,holding that rule 9bs heightened pleading requirement applies to allegations of mail and wire fraud used as predicate acts for a rico claim,holding that a court may not apply a heightened pleading standard more stringent than the usual pleading requirements of rule 8 in civil rights cases alleging municipal liability under  1983
146,"about the safety threat posed by people congregating around the corner. (Tr. at 18) (“On that corner of 174 and University, there is a 24-hour bodega that a lot of people hang out there, so I didn’t want to make the car stop at that location, just for tactics and safety reasons.”) Cf. United States v. Brown, 273 F.3d 747, 748 (7th Cir.2001) (“A nighttime traffic stop, especially in an area where crime is not a stranger, is more fraught with potential danger to an officer than would be a stop during the light of day.”). Therefore, Officer Fogarty was justifiably concerned that “the weapon’s undetected presence pose[d] a danger to the police or to the public.” Jones, 154 F.Supp.2d at 629; accord United States v. Simmons, No. 02 Cr. 314, 2003 WL 145261, at *6 (E.D.N.Y. Jan. 9, 2003) (<HOLDING>). Indeed, the inherent danger posed to police",122654,19628,1,case_hold_mc,holding that statements by defendant and apartment manager that defendant lived in the apartment where drugs were found demonstrated his control over the apartment even though no documents personal effects or keys were found,holding that exception applies to statement by handcuffed defendant as to location of a gun in an apartment even where most of the other adults in the apartment were handcuffed because even assuming the executing officers believed that the residence was secure  the circumstances were still sufficiently dangerous,holding that police seizure of weapon in plain view even though appellant was handcuffed and under the control of the officers was lawful because there were other occupants in the house who were not handcuffed and who would have had access to the weapon,holding that exception applies to statement by handcuffed parolee concerning whereabouts of a gun in an apartment where parole officers had specific information from a third party that a gun was likely present in the apartment,holding that the exception applies to statement by handcuffed defendant giving location of a gun in an apartment where officers found loose ammunition iri a closet and other members of the household including children were present
147,"of the alleged wrongful conduct by defendants as of May 18, 1999, the South Carolina claims should have been filed by May 18,2002. f. Tennessee Tennessee applies its general three year statute of limitations to claims under the Tennessee Trade Practices Act (Tenn.Code § 47-25-101 et seq.). See Tenn.Code § 28-3-105 (“The following actions shall be commenced within three (3) years from the accruing of the cause of action ... (3) Civil actions based upon the alleged violation of any federal or state statute creating monetary liability for personal services rendered, or liquidated damages or other recovery therefore, when no other time of limitation is fixed by the statute creating such liability.”); see also Leech v. Levi Strauss & Co., 1980 WL 4696, at *3 (Tenn. Ch. Ct. Sept. 25,1980) (<HOLDING>). Under Tennessee law, the cause of action",123508,19777,4,case_hold_mc,holding that an action for consequential damages to property whether the action is brought in contract or in tort is an action for injury to property within the threeyear statute of limitations,holding that there must be a causal connection between the alleged antitrust violation and the antitrust injury for there to be antitrust standing,holding that a plaintiff must show antitrust injury in order to bring an antitrust lawsuit,holding that an antitrust injury is a necessary element of a  2 claim,holding that a private antitrust action for injury sounds in tort and is subject to a three year statute of limitations
148,"stepped into a “sticky,” “slimy” substance on the floor behind her seat. She also saw other drippings and debris on the floor and that upon being helped up her hands, knees and dress were dirty. The court noted that “an inference arises that a dangerous condition existed.” Bozza, supra 42 N.J. at 358, 200 A.2d 777. Accordingly, the Court found that even without an inference of constructive notice, and “[alb-sent an explanation by defendants, a jury could find from the condition of the premises and the nature of the business that defendants did not exercise due care in operating the cafeteria ...” Bozza, supra 42 N.J. at 359, 200 A.2d 777, See Torda v. Grand Union Co., 59 N.J.Super. 41, 157 A.2d 133 (App.Div.1959); Wollerman v. Grand Union Stores, Inc., 47 N.J. 426, 221 A.2d 513 (1966)(<HOLDING>); Craggan v. IKEA USA, 332 N.J.Super. 53, 752",124362,19916,4,case_hold_mc,holding that in order to establish standing a plaintiff must show 1 it has suffered an injury in fact  2 the injury is fairly traceable to the challenged action of the defendant and 3 it is likely as opposed to merely speculative that the injury will be redressed by a favorable decision,holding that movant must demonstrate that irreparable injury is likely in the absence of an injunction,holding that a plaintiff must demonstrate that in the absence of an injunction irreparable injury is likely and not merely a possibility,holding that an antitrust injury is a necessary element of a  2 claim,holding that an operator must do what is reasonably necessary to protect the customer from the risk of injury a particular mode of operation is likely to generate
149,"first, that under New Jersey law a plaintiff assumes the risk of voluntarily participating in a sporting activities, citing Meistrich v. Casino Arena Attractions, Inc., 31 N.J. 44, 155 A.2d 90 (1959) and Pona v. Blvd. Arena, 35 N.J.Super. 148, 113 A.2d 529 (App.Div.1955), and that Buglioli voluntarily participated in a “cat and mouse game.” These cases provide no defense. First, the court knows of no decision after New Jersey adopted its comparative negligence statute interposing “assumption of risk” as a complete defense in a negligence action. To the contrary, a recent case arising from a contact sport accident formulated an appropriate rule by adjusting the standard of care, not by finding “assumption of risk.” See, e.g., Crawn v. Campo, 257 N.J.Super. 374, 608 A.2d 465 (1992) (<HOLDING>). Second, the court finds no New Jersey case",125220,20062,3,case_hold_mc,holding prison official must have acted with reckless disregard for the inmates safety,holding no evidence of reckless disregard for safety of others when officer entered intersection without stopping and witness did not hear brakes being applied,holding that an unlawful act committed with the intent to injure or in a grossly negligent manner that proximately causes death is involuntary manslaughter and that criminal liability is imposed in the latter instance because although the defendants acts are not inherently wrong the defendant has acted or failed to act with awareness of the risk to safety and in wilful disregard of the safety of others,holding in actions arising from a contact sport accident plaintiff must show defendant acted in reckless disregard of the safety of others or intentionally,holding that cjulpable negligence is negligence of a gross and flagrant character which evinces a reckless disregard for the safety of others
150,"district court judges were responsible for appointing magistrate judges, removing them from office, and maintaining plenary authority over what matters were delegated to the magistrate judges once they were appointed. Id. at 937-39, 111 S.Ct. 2661. The Supreme Court held that because the entire process of magistrate ad judication “takes place under the district court’s total control and jurisdiction,” there was no danger that the structural protections of Article III would be violated. Id. at 937, 111 S.Ct. 2661. Prior to Peretz, the Ninth Circuit used similar reasoning to uphold the constitutionality of the Magistrates Act in Pacemaker Diagnostic Clinic of Am., Inc., 725 F.2d at 540. See also Technical Automation Servs. Corp. v. Liberty Surplus Ins. Corp., 673 F.3d 399 (5th Cir.2012) (<HOLDING>). When the structural protections under Article",126073,20199,2,case_hold_mc,holding that circuit court should defer to supreme courts interpretation of the act,holding that a condition was precedent to performance because the contract language did not explicitly state that it was precedent to formation,holding that the supreme courts holding in stem did not extend to magistrate judges when fifth circuit precedent which was not overruled concluded that the magistrate act was constitutional,holding that a threejudge panel may depart from circuit precedent that has not been expressly overruled when an intervening en banc or supreme court decision has undercut the theory or reasoning underlying the prior circuit precedent in such a way that the cases are clearly irreconcilable,holding that an intervening supreme court case can overturn circuit precedent
151,"expect to incur liability in excess of the SIR amount. Ger-ling’s election not to exercise its right to offer Dorsey a defense left Dorsey to its own devices and thus free to agree to any reasonable, noneollusive consent judgment. The distinction between the rejection of a duty to defend and the rejection of a right to offer a defense is not, under the facts of this case, sufficient to effect a release for Gerling. See Red Giant Oil Co. v. Lawlor, 528 N.W.2d 524 (Iowa 1995), and Auto-Owners Ins. Co. v. St. Paul Fire & Marine Ins. Co., 547 So.2d 148 (Fla.Dist.Ct.App.1989)(both holding that an agreement to proceed only against available insurance proceeds is not a release of the insurer). F. Gerling’s Argument Concerning “Proper lusia Ready Mix[, Inc.], 436 So.2d 868, 871 [(Ala.1983)](<HOLDING>); Truitt Oil & Gas Co. v. Ranger Ins. Co., [231",126934,20330,2,case_hold_mc,holding that unintended damage to a pipeline caused by the defective coating supplied by insureds subsidiary was caused by an occurrence within the meaning of the liability policy,holding that an insurer has no obligation to pay diminished value in addition to repairs,holding that an insurer was obligated to pay for damages and a loss in value to a water treatment plant caused by the insureds defective product,holding that insureds demand to insurer was liquidated when insurer did not point to any evidence at trial in support of its contention that damages were disputed,holding that to prevail on strict liability claim for a defective product plaintiff must show the product was defective when it left the defendants possession and control
152,"of FOIA litigation. The first focuses on the sufficiency of the factual basis or, in other words, the Vaughn index. At this stage an agency may show that a generalized Vaughn index, one that presents the withheld documents in groupings rather than individually, is appropriate. See Bevis, 801 F.2d at 1389 (Exemption 7(A)); see also In re Department of Justice, 999 F.2d 1302, 1309 (8th Cir.1993) (describing the necessary showing to justify a generalized Exemption 7(A) index). The second stage confronts dispositive motions, e.g., at summary judgment. This refers to a court’s assessment of whether the exercise of the Exemption is legitimate. See United States Dep't of Justice v. Reporters Comm. for Freedom of the Press, 489 U.S. 749, 780, 109 S.Ct. 1468, 1485-86, 103 L.Ed.2d 774 (1988) (<HOLDING>). These two stages are somewhat different. An",127792,20475,4,case_hold_mc,holding that a third party has authority to consent to a search if the third party is a coinhabitant,holding that a draft rap constituted a final remedial design,holding that where a third partys conduct is closely related to the contractual relationship or the contractual dispute and where the third party enjoys financial benefit from the contract the forum selection clause applies to the third party,recognizing that a forum selection clause also applies to a nonsignatory third party where the third partys conduct is closely related to the contractual relationship or the contractual dispute and where the third party enjoys financial benefit from the contract,holding that exemption 7c categorically applies when a third party requestor seeks fbi rap sheets
153,"as the dissent seems to imply, for a court simply to state the legal standard borfectly. It must also apply that standard correctly. Here, after accdrately stating the standard for an evidentiary hearing, the postconviction court “conflated the requirements for a postbonviction evidentia-ry hearing with the requirements for a new trial” when it evaliiated the credibility of Caldwell’s witnesses without the benefit of an evidentiary hearing. Id. (emphases in original omitted). To be sure, a postconviction court has discretion to deny an evidentiary hearing on grounds that are unrelated to a recanting witness’s credibility — for example, when an alleged recantatioh does not actually contradict a witness’s trial testimony. Cf. Opsahl v. State (Opsahl II), 710 N.W.2d 776, 782 (Minn.2006) (<HOLDING>). In such a situation, a petitioner would not",128648,20612,1,case_hold_mc,holding that where movant alleged the names of uncalled witnesses and them anticipated testimony which would have been relevant mitigation evidence in the penalty phase but did not allege that trial counsel knew of the witnesses or that the witnesses were available to testify at trial the movant was not entitled to an evidentiary hearing on his postconviction relief motion because he did not allege facts sufficient to satisfy the standard applicable to his claim,holding that relief was unavailable in part because some recanting witnesses reversed any recantation they may have made and others claimed merely that they did not give a full explanation of their testimony at trial,holding that material for witnesses need not be produced to defendant where the witnesses were not called as government witnesses at trial,holding that neglect was not excusable where the defendants did not do all that they were required to do after they received the summons and complaint in that they did not contact a lawyer or make any other arrangements with respect to their defense,holding that bare conclusions of lay fact witnesses did not amount to any evidence at all and that the fact that they were admitted without objection added nothing to their probative force
154,"(Colo. 1982) (noting that strict prima facie case may be impossible at discovery stage). Decisions regarding discovery are best left to the trial court in its reasoned discretion; Standard Tallow Corp. v. Jowdy, 190 Conn. 48, 57, 459 A.2d 503 (1983); and employing the typical prima facie burden shifting could lead to endless minitrials to settle discovery matters in the underlying action. Accordingly, we reject a strict burden shifting approach and instead employ the test adopted by the Court of Appeals for the Second Circuit, which requires a showing of probable cause to believe that the privileged communications were made with the intent to perpetrate a civil fraud and that the communications were made in furtherance of that fraud. See United States v. Zolin, supra, 491 U.S. 563 n.7 (<HOLDING>); Matter of Mendel, 897 P.2d 68, 74 (Alaska",129506,20742,0,case_hold_mc,recognizing confusion caused by prima facie language,holding that unintended damage to a pipeline caused by the defective coating supplied by insureds subsidiary was caused by an occurrence within the meaning of the liability policy,holding that delay caused by or consented to by a defendant is not unreasonable,holding that eco nomic injury caused by contractual obligations that stemmed from compliance with a regulation were sufficiently caused by the regulation to support standing,holding under the policy language that diminution of market value is not a cause of loss but a measure of a loss caused by something else
155,"MCI's third-party action against Marcopolo. In MCI’s appeal of the special appearance ruling, we affirmed the trial court’s decision. See Motor Coach Indus., Inc. v. Marcopolo, S.A., 2007 WL 4157241 (Tex.App.-Waco Nov.21, 2007, no pet.). MCI's eighth issue contends that, if the trial court erred by granting Marcopolo's special appearance, its severance of MCI’s third-party action against Mar-copolo would have been erroneous and the judgment should be reversed. Because we affirmed the trial court's decision on Marco-polo's special appearance, we overrule MCI's eighth issue. 2 . Two Texas Supreme Court decisions have addressed the implied preemption of state common-law tort claims by federal motor vehicle safety standards: Hyundai Motor Co. v. Alvarado, 974 S.W.2d 1, 13 (Tex.1998) (<HOLDING>); and Great Dane Trailers, Inc. v. Estate of",130363,20881,3,case_hold_mc,holding that a state common law claim seeking to require automobile manufacturers to install airbags would frustrate the purposes of the federal safety standard regulations adopted under the federal motor vehicle safety act which did not require manufacturers to do so and therefore was preempted by conflict,holding that the safety act and fmvss 108 did not impliedly preempt commonlaw conspicuity tort based on inadequate lighting and reflectors on truck trailer,holding that the coast guards decision not to regulate propeller guards did not impliedly preempt petitioners tort claims,holding that the safety act and fmvss 208 did not expressly or impliedly preempt a tort claim based on the manufacturers failure to install lap belts,holding that claims were nothing more than a backdoor attempt to attack once again the manufacturers exercise of one of the restraint options under fmvss 208  it therefore frustrates the purpose and objective of the federal regulation and invokes implied preemption under the holding in geier 
156,"against its probative value.” Mora, 1997-NMSC-060, ¶55, 124 N.M. 346, 950 P.2d 789. We review the admission of photographs under the abuse of discretion standard. State v. Pettigrew, 116 N.M. 135, 139, 860 P.2d 777, 781 (Ct.App.1993). In this case, the photographs of Victim after death were used to show the nature of the injury, to explain the basis of the forensic pathologist’s opinion, and to illustrate the forensic pathologist’s testimony. It is well established that photographs may properly be admitted for such purposes, even if they are gruesome. See, e.g., Mora, 1997-NMSC-060, ¶¶ 54-55, 124 N.M. 346, 950 P.2d 789 (upholding the admission of photos of a child homicide victim on grounds they were illustrative); State v. Perea, 2001-NMCA-002, ¶ 22, 130 N.M. 46, 16 P.3d 1105 (<HOLDING>), aff'd in part and vacated in paH,",131215,21008,3,case_hold_mc,holding that the admission or exclusion of evidence is within discretion of the trial court and that such determinations will not be disturbed on appeal absent clear abuse of discretion,holding that the impact upon the victims is relevant to circumstances of the crime,holding that the admission of a photograph of a homicide victim for the purpose of identification was within the discretion of the district court and determining that a family photo excluded by the court as prejudicial that was inadvertently seen by two jurors was harmless error,holding that a potentially inflammatory photograph of a victims face was relevant and that its admission was well within the discretion of the district court,holding that the exclusion of marginally relevant evidence was within the courts discretion
157,"minutes; (2) see the assailant “well;” (3) provide a description of the assailant that is consistent with Respondent’s height, (see Ex. 24); (4) appear confident of his photographic identification of Respondent as the person driving the black pickup truck that was left at the parking lot; and (5) identify Respondent’s photograph nine days after the shooting occurred. After considering the relevant factors for each witness, the Court finds that each of the witness’s statement is independently reliable for purposes of determining probable cause. The Court further notes that any one of the three w weakness in Mexico’s ease against Respondent, but it does not “completely obliterate” evidence of probable cause, and such evidence could be properly excluded. See Garza, 180 Fed.Appx. at 523 (<HOLDING>); see also Barapind v. Enomoto, 400 F.3d 744,",132056,21145,3,case_hold_mc,holding that a witnesss testimony or an exhibit may not explicitly and directly contain an opinion as to a trial witnesss credibility,holding that a trial witnesss testimony as to the credibility of another witness was prejudicial error,holding that conviction on appeal is not admissible to impeach witnesss credibility,holding that it was not erroneous for committing court to refuse to admit an affidavit from a private investigator that provided evidence of a witnesss lack of credibility when the affidavit would not have explained away the witnesss testimony but only challenged its credibility,holding that under hubbard a trial courts error in excluding bias evidence would be harmless if either 1 despite the exclusion the jury nonetheless had an adequate opportunity to assess the witnesss credibility or 2 the witnesss credibility was not important to the outcome of the trial emphasis added
158,"no uncertain terms, Congress, for whatever reason, has chosen, through the anti-retaliation provision of Title VII, to protect “employees,” i.e., “individuals] employed by an employer,” and “applicants for employment,” but not to protect former employees. Because Robinson’s complaint alleges post-employment retaliation, the district court properly dismissed his complaint under Federal Rule of Civil Procedure 12(b)(6). Accordingly, we affirm. AFFIRMED. 1 . The Supreme Court vacated this court’s judgment in Polsby and remanded the case to this court ""for further consideration in light of the position asserted by the Acting Solicitor General in his brief for the United States filed March 5, 1993 Cir.1988); EEOC v. Cosmair, Inc., L'Oreal Hair Care Div., 821 F.2d 1085, 1088 (5th Cir.1987) (<HOLDING>); O'Brien v. Sky Chefs, Inc., 670 F.2d 864, 869",132913,21278,3,case_hold_mc,holding employee under fair labor standard acts antiretaliation provision includes former employees,holding that the adeas parallel provision prohibits retaliation against a federal employee who complains of age discrimination,holding that former employees subjective belief that he suffered an adverse employment action as a result of discrimination without more is not enough to survive former employers summary judgment motion,holding employees under adeas parallel retaliation provision includes former employees as long as the alleged discrimination is related to or arises out of the employment relationship,recognizing that an injury arises out of the employment relationship if it can be traced to the nature of employment or the workplace environment
159,"720 (1978), the court found that an article stating that the plaintiff paid agents of foreign governments to win contracts was not actionable under the UDTPA because it impugned the plaintiffs integrity, rather than the quality of his services as an executive. See also Republic Tobacco, L.P. v. N. Atl. Trading Co., 254 F.Supp.2d 985, 998 (N.D.Ill.2002). Unlike the statement in Crinkley, the statement at issue in this case impugns the quality of M & R’s business and services. Stating that M & R is bankrupt directly attacks the quality of M & R’s business and indirectly undermines the quality of M & R’s services — an insolvent company cannot reliably deliver on-going services. See also Zahran v. Nat’l Guardian Life Ins. Co., No. 90-C-907, 1993 WL 116738, at *3 (N.D.Ill. April 19, 1993) (<HOLDING>). Accordingly, we find that count four properly",133773,21406,4,case_hold_mc,holding denial of deserved rise in performance rating may be actionable,holding implied false certifications must be material to the governments payment decision in order to be actionable under the false claims act,holding statement that plaintiff was antisemitic not actionable,holding that accurate statements about past performance are not actionable under the securities laws,holding that a false statement about a credit rating is actionable under the udtpa
160,"judicial responsibility.” Sentencing discretion — the choice of a penalty within the range fixed by legislation — is part of the judiciary's responsibility. Id. at 583-84, 789 P.2d at 1084-85 (citations omitted). When disputes have arisen regarding the division of authority among the three branches of government in the development and administration of the criminal laws, we have acted to prevent one branch from intruding upon the domain of another branch. See, e.g., State v. Larson, 159 Ariz. 14, 17, 764 P.2d 749, 752 (App.1988) (trial court cannot intrude upon the prosecutor’s charging function by dismissing charges pursuant to misdemeanor compromise statute without the prosecutor’s statutorily-required recommendation); State v. Jones, 142 Ariz. 302, 305, 689 P.2d 561, 564 (App.1984) (<HOLDING>); see also State v. Prentiss, 163 Ariz. 81, 85,",134633,21549,3,case_hold_mc,holding that under the alabama death penalty statute because the judge did not consider the jurys recommendation the statute which forced the jury to sentence the defendant to death whenever aggravating circumstances existed was not unconstitutional,holding unconstitutional defendants sentence of death based upon the holding in roper supra and remanding for the montgomery circuit court to set aside the defendants death sentence and to sentence him to the only other sentence available  life in the penitentiary without the possibility of parole,holding that the sentence entered by the circuit court was illegal because the court had no authority to impose a sentence that exceeded the punishment fixed by the jury,holding that dui sentencing statute that permitted the trial court to impose an alternative sentence based upon the prosecutors recommendation was unconstitutional in violation of article 3 because the decision to mitigate a sentence properly belongs to the judge and not the prosecutor,holding that when a sentencing issue centers upon a courts statutory authority to impose a sentence rather than the courts exercise of discretion in fashioning the sentence the issue raised implicates the legality of the sentence imposed
161,"Typically, the following four policy considerations are cited: First, the potential of a claim interferes with a lawyer’s obligation of undivided loyalty. Second, allowing a claim creates a conflict of interest with the client and potential problems for the lawyer as a witness, which may require withdrawal or disqualification. Third, the lawyer’s independent judgment is adversely influenced by the risk of a claim, interfering with the lawyer’s counseling role. Fourth, the lawyer’s need to defend a contribution or indemnity claim may imperil the client’s confidences. MALLEN & SMITH, supra, at 898. Nonetheless, a significant number of well-reasoned decisions concur with the Supreme Judicial Court’s holding in Maddocks. See, e.g., Goran v. Glieberman, 659 N.E.2d 56, 61 (Ill.App.Ct. 1995) (<HOLDING>); Parler & Wobber v. Miles & Strockbridge, 756",135494,21679,1,case_hold_mc,holding that the plain meaning of the uim policy language was clear and not contrary to public policy,holding contribution claim against attorney not contrary to illinois public policy,holding that an arbitration award involving the appellants challenge to the failure of the insurance company to ensure that he had read and understood a signed waiver and to attach the waiver to the insurance policy as contrary to public policy is not reviewable by the courts because there is no challenge to a provision or term of the policy the appellant never claimed that the waiver or policy language itself was contrary to the public policy of this commonwealth,holding that for public policy reasons the mere filing of a bar complaint by a defendant against his attorney does not mandate removal of the attorney,recognizing a right to contribution
162,"and detachment from her family. She became increasingly more angry and had some — Defense Counsel: Your Honor, Pm going to object. The Court: I overrule your objection. Go ahead. Roseborough: Thank you. Had some very violent outbursts toward people in her family, her dad and her brothers. And she became more withdrawn. She had a lot of feelings of loneliness and detachment. She became so clinically depressed that I was concerned about her and referred her to a psychiatrist. The State argues Berry’s counsel did not address vouching, bolstering, or Kromah in her objection regarding Rosebor-ough’s testimony as to trauma symptoms and PTSD. Therefore, the State contends Berry’s argument on appeal is not preserved. See State v. Freiburger, 366 S.C. 125, 134, 620 S.E.2d 737, 741 (2005) (<HOLDING>). Berry maintains the specific ground of his",136354,21807,1,case_hold_mc,holding that an issue not raised in the trial court cannot be raised for the first time on appeal,holding an issue not preserved when one ground is raised to the trial court and another ground is raised on appeal,holding that the defendant may not state one ground at trial and another on appeal,holding to preserve an issue for appellate review the issue must have been raised to and ruled upon by trial court and a party may not argue one ground for objection at trial and another ground on appeal,holding that the trial court may not grant summary judgment on a ground not raised in the motion
163,"its inquiry on the alleged lack of independence and interestedness of the remaining seven directors. C. Independence “Independence is a fact-specific determination made in the context of a particular case.” Stewart, 845 A.2d at 1049. To satisfy Rales, plaintiffs must point to a relationship that is so substantial that “the non-interested director would be more willing to risk his or her reputation than risk the relationship with the interested director.” Id. at 1052. “This doubt may arise either because of financial ties, familial affinity, a particularly close or intimate personal or business affinity or because of evidence that in the past the relationship caused the director to act non-independently vis á vis an interested director.” Id. at 1051; see also Aronson, 473 A.2d at 816 (<HOLDING>). Plaintiffs argue that all seven Outside",137206,21944,3,case_hold_mc,holding defendant failed to rebut statutory presumption where evidence was not particular to the facts and circumstances of the case,holding that plaintiff failed to plead facts sufficient to allege affirmative misconduct on the part of the government,holding that plaintiffs need not plead facts rebutting the esop presumption,holding that to rebut presumption plaintiff need only allege specific facts not plead evidence,holding that a civilrights plaintiff need not plead facts relevant to a qualified immunity defense in order to state a claim
164,"challenging the convening authority’s denial of a government-funded forensic psychologist, failed, after the Government subsequently presented rebuttal testimony of a forensic psychiatrist, to revisit the earlier ruling or take some other action. A trial is fundamentally unfair where the government’s conduct is “so outrageous that due process principles would absolutely bar the government from invoking judicial processes to obtain a conviction.” United States v. Russell, 411 U.S. 423, 431-32, 93 S.Ct. 1637, 36 L.Ed.2d 366 (1973) (citation omitted). Appellant did not object to the testimony or qualifications of the Government’s rebuttal expert, and we therefore review the military judge’s failure to act for plain error. See United States v. Powell, 49 M.J. 460, 463-65 (C.A.A.F.1998) (<HOLDING>). As a threshold matter we note that Appellant",138059,22077,2,case_hold_mc,holding that litigant must object at trial to preserve error for review,recognizing under plain error review that the burden to show that substantial rights have been prejudiced is on the party that failed to raise the issue below and for an error to have affected substantial rights the error must have affected the outcome of the district court proceedings,holding that failure to object at trial should cause this court to review solely for plain error ie error that is clear or obvious and materially prejudicial to an appellants substantial rights,holding that an error is plain if it is clear or obvious,holding that a trial court does not commit plain error unless the error is clear under current law
165,"that such an agreement permits a court to force the EEOC into arbitration under the FAA. See Frank’s Nursery, 177 F.3d at 462 (observing that “courts may not treat the agreement of a private party to arbitrate her action as the agreement of the EEOC to arbitrate its action”); Kidder, Peabody, 156 F.3d at 301-02 (upholding the district court’s grant of the employer’s motion to dismiss the EEOC’s ADEA suit seeking solely monetary damages but not addressing the issue of compelling the EEOC to arbitrate because the employer did not seek to do so). Moreover, the Supreme Court has recognized implicitly that the EEOC, acting in its public role, is not bound by private arbitration agreements. See Gilmer v. Interstate/Johnson Lane Corp., 500 U.S. 20, 111 S.Ct. 1647, 114 L.Ed.2d 26 (1991) (<HOLDING>). Although a private arbitration agreement does",138916,22202,3,case_hold_mc,holding unconscionable an arbitration agreement requiring employees to arbitrate claims against the employer but not requiring the employer to arbitrate claims against the employees,holding that an employee who claims to have been terminated by her employer for having exercised her right to disability benefits raised a cognizable claim under  510 of erisa notwithstanding the fact that she received the benefits from her employer prior to termination,holding that attorneys fees under adea may not be recovered against a defendant who was not an employer of the plaintiff,holding that an employees private arbitration agreement with her employer precluded her from filing suit against the employer under the adea,holding that where an arbitration agreement between an employer and employee does not specifically provide for the handling of arbitration costs california courts should interpret the arbitration agreement  as providing  that the employer must bear the arbitration forum costs
166,"1997))). However, most courts have interpreted “conduct” to refer to the defendant’s underlying conduct giving rise to the plaintiff-relator’s cause of action. See, e.g., United States ex rel. Bergman v. Abbot Labs., 995 F.Supp.2d 357, 380, No. 09-4264, 2014 WL 348583, at *17-18 (E.D.Pa. Jan. 30, 2014) (noting a ease “allowing claims under the Texas statute to proceed without intervention if filed after the date of the amendment, but only as they pertain to fraudulent conduct occurring after the date of amendment” and dismissing a plaintiff-relator’s TMFPA claims as “ap-plie[d] to allegedly fraudulent conduct that occurred before May 4, 2007” (citing United States ex rel. Streck v. Allergan, Inc., 894 F.Supp.2d 584, 604 (E.D.Pa.2012))); Streck, 894 F.Supp.2d at 604-05 (E.D.Pa.2012) (<HOLDING>); United States v. HCA Health Servs. of",139771,22342,0,case_hold_mc,holding that the 2007 amendments to the tmfpa allow a plaintiffrelator to proceed without the state only with regard to fraudulent acts that occurred after the effective date of the amendment,holding that the commission on remand can set the effective date of a rate to be the effective date of the original commission activity,holding that the date of discrimination is the date on which a decision not to hire a plaintiff becomes effective,holding that wife could receive permanent total disability payments after the death of her husband where the husbands claim was pending before the effective date of the 2008 statutory amendments and was still pending at the time of his death even though husbands death occurred after the effective date of the 2008 statutory amendments as wifes status as a dependent was subject to determination as of the time of husbands injury,holding that the date of the federal indictment not the date of the state arrest was the triggering date for the speedytrial act
167,"the rule of completeness is served, such that omitted portions must relate to the subject matter of the portions the State has introduced. State v. Williams, 448 S.W.2d 865, 868-69 (Mo. 1970) (“Where a witness has been cross-examined as to a part of a conversation [with a defendant] the whole thereof, to the extent that it relates to the same subject matter and concerns the specific matter opened up, may be elicited on redirect examination”) (quotation omitted); State v. Perkins, 92 S.W.2d 634, 638 (Mo. 1936) (“[I]t is ... well settled that where declarations of the defendant are put in evidence against him he has a right to insist that the whole thereof bearing on the matter under investigation be presented to the jury.”) (emphasis added); State v. Sibley, 207 S.W. 806, 808 (Mo. 1918) (<HOLDING>); State v. Hodges, 575 S.W.2d 769, 774 (Mo.",140621,22471,1,case_hold_mc,holding that clear language in one portion of a later may cause ambiguity in another portion to dissipate,holding no error occurred in excluding portion of statement offered by defendant because the rejected portion of the conversation in no manner explains or modifies that portion of the conversation which came into evidence,holding that error if any in excluding portion of defendants statement to police was harmless because similar evidence was admitted through the testimony of another witness,holding that the portion of the retirementplan annuity paid for by the employer but not the portion paid for by the employee  is includable in the marital estate ,holding that because defendant initiated conversation leading to statement trial court did not err in admitting statement
168,"in the state courts of Arizona. The Supreme Court reversed the Arizona court judgment in favor of the trader, holding that no jurisdiction existed therefor. That holding appears based on two grounds: one, that Arizona had not accepted and assumed Public Law 280 jurisdiction; and two, that to allow “the exercise of state jurisdiction here would undermine the authority of the tribal courts over Reservation affairs and hence would infringe on the right of the Indians to govern themselves.” Id., 358 U.S. at 223, 79 S.Ct. at 272. Most of the succeeding litigation has been attempts to apply that test rather than focusing on the exceptions to Public Law 280 jurisdiction. See Washington v. Confederated Tribes of Colville Indian Reservation, 447 U.S. 134, 100 S.Ct. 2069, 65 L.Ed.2d 10 (1980) (<HOLDING>); White Mountain Apache Tribe v. Bracker, supra",141479,22616,4,case_hold_mc,holding that states have authority to tax sales of cigarettes to nonmembers of the tribe,holding that an express pass through statement is not necessary before an indian tribe may be required to collect cigarette taxes,holding that the essential purpose of use tax is the recoupment of lost sales tax revenue,holding property lien for nonpayment of sales tax was beyond boroughs authority to collect sales tax,holding that both the state and the tribe can tax cigarette sales to nonindians
169,"creditor had neither actual or constructive notice of the sales contract. However, as explained by the Fields Motor court in its opinion, the basis for this conclusion was that, under the law at that time, conditional sales contracts were in the nature of chattel mortgages, which were perfected merely by filing or lodging the appropriate documents with the clerk. Id. at 1004-1005. Thus, it was not surprising that the court concluded A., 946 S.W.2d 196, 198 (Ky.App.1996) (“[A]s to any property for which a certificate of title is required by KRS Chapter 186A, a security interest in that property may be perfected or discharged only by a notation in that vein on the certificate of title.”); Frank v. Second Nat’l Bank of Saginaw (In re Gilbert), 82 B.R. 456, 458 (Bankr.E.D.Mich.1988) (<HOLDING>). 8 . The dissent attempts to distinguish Baker",142338,22755,4,case_hold_mc,holding that the choice of law rules of pennsylvanias revised article 9 directs a trial court to apply the substantive local laws of the perfection state to determine whether  a security interest was perfected thus florida law controlled the perfection of a security interest,recognizing that in 1982 kentucky converted to a new title system for motor vehicles under which the secured creditor must perfect its security interest by noting the lien on the certificate of title to the motor vehicle,holding security interest enforceable at time of creation when state statutory law silent on perfection,holding that kansas law provides that perfection of a purchase money lien in a motor vehicle absent the filing of an nosi occurs when the electronic title and notation of the lenders lien thereon issues,recognizing kentucky as a state where actual notation of the secured partys lien on the certificate of title is a prerequisite for perfection of a security interest in a motor vehicle
170,"and the statute of limitations did not start to run, prior to that date. It was in January 2006 that Gottex alleges it first learned that Veras would be allocating the Settlement Expense among its investors on a pro rata basis and, as a result, Gottex would lose some of its principal investment. According to Gottex, prior to January 2006, it believed, based on representations made by Veras, that its portion of the Settlement Expense would not exceed the amount of its profits. Am. Compl. ¶¶ 97, 107-114. [14] However, in a securities fraud action, the injury occurs “at the time an investor enters ... a transaction as a result of material misrepresentations.” Lenz, 833 F.Supp. at 370; see also CSI Investment Partners II, L.P. v. Cendant Corp., 180 F.Supp.2d 444, 457-59 (S.D.NY.2001) (<HOLDING>). Gottex alleges that if it “had known of the",143193,22896,3,case_hold_mc,holding accrual of cause of action for purposes of statute of limitations occurs on the date on which the right to institute and maintain a suit first arises,holding that for a section 10b violation the sec must prove that the defendant in connection with the purchase or sale of securities made a materially false statement or omitted a material fact with scienter and that the plaintiffs reliance on the defendants action caused injury to the plaintiff,holding that section 10b violation occurs on date of alleged misrepresentation not the date of the sale or purchase of securities,holding that for statute of limitations purposes the injury in a section 10b action occurs at the time of plaintiffs entry into purchase agreement not on later date when plaintiffs failed to receive expected payment,holding that a purchase agreement for a foreign corporations stock is not subject to section 10b even if the closing occurred in the united states
171,"Progressive argues that reforming policies to provide UM/UIM coverage equal to the liability limits would undermine freedom of contract. We disagree. As this Court has explained, “although ... public policy generally supports freedom of contract, the necessity of meeting the statutory and regulatory requirements plainly conditions freedom of contract” in the context of UM/UIM insurance. Marckstadt, 2010-NMSC-001, ¶ 18, 147 N.M. 678, 228 P.3d 462 (citation omitted). We seek an approach to UM/UIM coverage that “best balances the interests in permitting private contractual relations between the parties, and honoring the broad intent of the [UM/UIM] statute.” Montano v. Allstate Indem. Co., 2004-NMSC-020, ¶¶ 18-19, 135 N.M. 681, 92 P.3d 1255 (internal quotation marks and citation omitted) (<HOLDING>). {24} In Montano, this Court struck that",144047,23040,0,case_hold_mc,holding that an insurance company should obtain written rejections of stacking in order to limit its liability based on an antistacking provision,holding that a closing protection letter offering to indemnify a mortgage company was not an insurance contract where although issued by an insurance company there was no distribution of the risk,holding that an insurance company may limit coverage only if the limitation does not contravene public policy,holding that when an insurance policy contains an antistacking clause the insurance company must obtain a written rejection of um coverage for each additional vehicle covered by a policy in order to clarify the insureds expectations and to make certain that the insured gets only what he or she has paid for,holding that notice and a hearing were required before the commissioner of insurance could require an insurance company to change its definition of at fault in order to secure approval of an increase in insurance rates
172,"§ 3553(a) factor is a matter committed to the sound discretion of the district court.” United States v. Clay, 483 F.3d 739, 743 (11th Cir. 2007) (quotation marks omitted). As a result, the district court did not abuse its discretion by imposing the upward variance. AFFIRMED. 1 . We note that the guidelines provide that an upward departure may be warranted if “the defendant’s criminal history category substantially underrepresents the seriousness of the defendants conduct.” U.S.S.G. § 4A1.3(a)(1). Calderon does not argue that if the nature of his criminal history was actually underrepresented the district court could not consider that as a factor supporting its imposition of an upward variance instead of a departure. See United States v. Moran, 778 F.3d 942, 983-84 (11th Cir. 2015)",144902,23165,1,case_hold_mc,holding that when a defendant qualifies as a career felon it is not necessary to ascertain the defendants criminal history category because the sentencing guidelines mandate a criminal history category of vi,holding that the district court did not abuse its discretion by imposing an upward variance after finding that the defendants criminal history category of i understated the seriousness of his criminal history,holding that defendants history of deportation and illegal reentry together with his serious criminal record justified the district courts upward variance,holding that a district court may depart upward based upon based criminal conduct when such conduct is not included in the computation of criminal history category,holding a court may consider a defendants criminal history even if that history is included in the defendants criminal history category
173,"and Kee-ton to find that a Texas court could properly exercise personal jurisdiction over a non-resident defendant in a defamation case for the distribution of allegedly defamatory printed material in Texas and elsewhere. Paul Gillrie Inst., Inc. v. Universal Computer Consulting, Ltd., 183 S.W.3d 755, 761 (Tex.App.-Houston [1st Dist.] 2005, no pet.). In that case, the Paul Gillrie Institute allegedly defamed a corporation with its headquarters and principal place of business in Texas and mailed the trade publication containing the article to subscribers across the country, including approximately fifty subscribers in Texas, some of whom were customers of the corporation. Id. at 760-61. I would hold that this case is similar to Calder a 875 (Tex.App.Houston [14th Dist.] 2004, no pet.) (<HOLDING>). Wilkerson argues that he did not purposefully",145700,23292,2,case_hold_mc,recognizing that the mere operation of a commercially interactive website is not by itself an adequate basis for the exercise of personal jurisdiction anywhere the site can be viewed,holding that postincident conduct does not establish the purposeful availment necessary to exercise personal jurisdiction,holding that single substantial act can support exercise of personal jurisdiction,holding that a trial courts decision on whether to exercise jurisdiction in a proceeding under the uniform child custody and jurisdiction enforcement act is reviewed for an abuse of discretion,holding that unlike subject matter jurisdiction personal jurisdiction may be waived
174,"forth in the Memorandum Opinion issued this date; IT IS HEREBY ORDERED that: 1. The Debtors’ Motion To Dismiss Appeal Filed By Regal Ware Inc. Of Order Approving Motion Of The Debtors For An Order (I) Approving Sale By The WearEver Debtors Of Substantially All Of Wear-Ever Debtors’ Assets Free And Clear Of All Liens, Claims, Encumbrances And Other Interests Pursuant To Sections 363(b), (f), And (m) Of The Bankruptcy Code, (II) Assuming And Assigning Certain Executory Contracts And Unexpired Leases, And (III) Granting Related Relief (D.I. 27) is GRANTED. 2. The above-captioned appeal is DISMISSED as moot. 1 . See Operating Tel. Co. Subsidiaries of Verizon Communications, Inc. v. NET2000 Communications, Inc. (In re NET2000 Communications, Inc.), 2004 WL 2346148, *2 (D.Del. Oct. 5, 2004) (<HOLDING>); Morgan v. Polaroid Corp. (In re Polaroid",146560,23422,1,case_hold_mc,holding that congress has made it clear in amending section 522 that a lien will be deemed to impair an exemption even when there is no equity in the property if the sum of all the liens on the property and the hypothetical value of the exemption without liens exceeds the value of the debtors interest in the property in the absence of liens,holding that validity of sale would be affected where settlement was approved and the debtors assets were transferred free and clear of all liens,holding that because the alleged settlement was never approved by the court under rule 9019 the settlement agreement was unenforceable,holding no implied assumption of liability under missouri law when asset purchase agreement expressly denied liability and bankruptcy court confirmed sale free and clear of all liens claims or other interests of all of the creditors of the seller,holding that sale of accounts receivable under section 363 was not free and clear of defenses such as recoupment but was free and clear of setoff rights unless the setoff was actually taken prepetition
175,"or development.” Id at 489-90. Applying this interpretation of what constitutes “internal tribal matters,” we held that the Penob-scot Nation’s operation of beano games was “fundamentally unlike” the listed internal tribal matters, was “not embraced within the general term” of “internal tribal matters”, and was, therefore, subject to enforcement under state law. Id. [¶ 16] In Great Northern Paper, we did not discuss the ejusdem generis approach taken in Stilphen. Instead, we adopted the non-exclusive, non-dispositive factors described in Akins v. Penobscot Nation, 130 F.3d 482, 486-87 (1st Cir.1997), and we reviewed legislative history, to aid in determining whether the disputed issue related to an internal tribal matter. Great N. Paper, 2001 ME 68, ¶ 48-50, 60, 770 A.2d at 588-89, 591 (<HOLDING>). The factors applied in Great Northern Paper",147416,23557,1,case_hold_mc,holding the fourteenth amendment does not apply to the actions of the federal government,holding that the maine freedom of access act does not apply pursuant to section 62061 to the tribes internal conduct of their government but does apply when the tribe communicates and interacts with other governments,holding that the ada does not contain a waiver of sovereign immunity and thus does not apply to the federal government,holding that the ada amendments act does not apply to preamendment conduct,holding that section 102 of the civil rights act of 1991 does not apply to preenactment conduct
176,"evidence was “fairly overwhelming” that Wilson acted knowingly and willfully, and certainly sufficient to support his convictions for theft of government funds. Tr. Trans., Doc. 106, p. 102-103. B. Aggravated Identity Theft and ■ “Means of Identification” Wilson further argues the evidence was insufficient to sustain his convictions for aggravated identity theft. He claims the use of the victims’ names on the refund checks, with no other identifying information, is not sufficient to identify a specific individual, and thus cannot constitute a “means of identification” under 18 U.S.C. § 1028A. We disagree. This issue is one of statutory interpretation. We must determine whether the use of someone’s name and forged signature on a United States Treasury check sufficiently iden Cir.2008) (<HOLDING>). While there can usually “be no plain error",148276,23688,2,case_hold_mc,holding that the statute qualifies as an exemption 3 statute,holding that a defendants use of a persons name and social security number without permission constituted the use of a means of identification without lawful authority,holding a forged signature constitutes the use of that persons name and thus qualifies as a means of identification under the statute,holding that a party failed to meet this burden when he presented no corroborating evidence by the persons who could have given testimony regarding the execution of the deed such as the person signing as witness to his signature and the notary public who subscribed as having notarized his signature or a handwriting expert in support of the contention that his signature to the deed was forged,holding that even with substantial mitigation disbarment was warranted for an attorney who had forged his chents signature on a will when the chent died without signing and then submitted this forged document into court
177,"of notice pleading.”). For instance, the heightened pleading requirement of Rule 9(b) “may be relaxed somewhat if the defendant controls information required for proper pleading.” ilure to provide further details regarding any alleged fraudulent concealment was the result of the defendants’ control of the relevant information. She does in her subsequent brief, however, attribute her failure to identify which of the defendants was her employer to the defendants’ superior knowledge; but even this justification, if extended to her allegation of fraudulent concealment, cannot save her Spartanly worded claim. In those cases where the defendant controls information required for proper pleading, “the complaint must still ‘adduce specific facts supporting a .2d 1223, 1240-41 (N.D.Ala.2001) (<HOLDING>). In fact, if the damages sought by Morrow are",149133,23818,3,case_hold_mc,holding that the flsa preempted plaintiffs wage and invasionofprivacy claims,holding flsa did not preempt state law fraud claim,holding flsa enforcement scheme preempted contract negligence and fraud claims,holding that the flsa preempted plaintiffs fraud claim,holding under flsa
178,"statutory considerations favored dismissal without prejudice. “[T]he district court’s judgment of how opposing considerations balance should not lightly be disturbed.” Taylor, 487 U.S. at 337, 108 S.Ct. 2413. We discern no reason to overturn the district court’s dismissal of the indictment without prejudice. AFFIRMED. 1 . In this appeal, Defendant does not dispute the propriety of trying him jointly with his codefendants. 2 . Although the Supreme Court has never held that a delay attributed to a codefendant must be reasonable in order to exclude that time from a defendant’s speedy trial clock, it has held that subsections of § 3161 may need to be analyzed together before properly excluding a period of delay. See Bloate v. United States, - U.S. -, 130 S.Ct. 1345, 176 L.Ed.2d 54 (2010) (<HOLDING>). Thus, our circuit’s precedent requiring that",149990,23942,0,case_hold_mc,holding that the time granted to prepare pretrial motions is not automatically excludable under  3161h1 but may be excluded only when a court grants a continuance based on appropriate findings under  3161h7,holding that where a defendant acquiesces in a continuance that time is excluded from the speedy trial calculation,holding that time excluded from a speedy trial clock for pretrial motion preparation is not automatically excluded under  3161h1 but may only be excluded when a court makes appropriate reasonableness findings under  3161h7,holding that motion challenging pretrial detention was excludable under act,holding that time granted for preparing pretrial motions is not automatically excludable under  3161h1 but is excludable only after the district court enters appropriate findings under  3161h7a
179,"548 U.S. at 518, 126 S.Ct. at 2667 (Scalia, J., joined by Chief Justice Roberts and Justices Thomas and Alito, concurring in part and dissenting in part) (concluding that “compliance with § 5 of the Voting Rights Act can be [a compelling state] interest ... [otherwise] a State could be placed in the impossible position of having to choose between compliance with § 5 and compliance with the Equal Protection Clause”). And we conclude that a plan will be narrowly tailored to achieve that interest when the race-based action taken was reasonably necessary under a constitutional reading and application of the Act. See Miller v. Johnson, 515 U.S. 900, 921, 115 S.Ct. 2475, 2490-91, 132 L.Ed.2d 762 (1995); see also Shaw v. Hunt, 517 U.S. 899, 916, 116 S.Ct. 1894, 1906, 135 L.Ed.2d 207 (1996) (<HOLDING>); United Jewish Orgs. of Williamsburgh, Inc. v.",150849,24079,1,case_hold_mc,holding that the appropriate remedy for a public trial violation was a new suppression hearing not a new trial because the remedy should be appropriate to the violation,holding that where the claimed interest is avoidance of liability under section 2 the legislative action must at a minimum remedy the anticipated violation or achieve compliance to be narrowly tailored,holding that liability may not be imposed on supervisory personnel under  1983 where at best the plaintiff has merely claimed that the appellants were aware of alleged violation but did not take appropriate action,holding that even if the minimum mandatory exceeds the statutory maximum the court must impose the minimum mandatory,holding that individual liability under  1983 must be based on personal involvement in the alleged constitutional violation
180,"case in Mitchell. < See id. As in Mitchell,: considering the deed as a whole, the parties clearly intended that the mineral rights in the land be reserved to the grantors. Id. at 274, 243 P.2d at 415; see also Gibson v. Pickett, 256 Ark. 1035, 512 S.W.2d 532, 537-88 (1974) (giving effect to a mineral reservation within a deed's habendum clause even though the deed failed to mention the reservation in its granting clause); Jones v. Am. Ass'n, 120 Ky. 413, 86 S.W. 1111, 1112 (1905) (""[Rleservations or exceptions are enforced, although contained in the habendum clause of the deed, as fully as if set out in the granting clause, when on the whole instrument the intention of the parties is sufficient ly expressed to be enforced.""); Price v. Johnson, 78 N.M. 123, 428 P.2d 978, 980-81 (1967) (<HOLDING>). T23 Based on Mitchell and other authorities",151708,24223,4,case_hold_mc,holding that claim construction is an issue of law for the court not a question of fact for the jury,recognizing that a clause in an insurance policy was susceptible to a construction in favor of the insured but that such a construction would be unreasonable absurd and produce results never intended or contemplated by the parties,holding that an insurance contract should be construed as a reasonable person in the position of the insured would have understood it and that if the language used in the policy is reasonably susceptible to different constructions it must be given the construction most favorable to the insured,holding that we view the evidence in the light most favorable to the prevailing party,recognizing that where a deed is susceptible to alternative construction the construction most favorable to the grantee will be adopted but still finding that in light of the modern rule the reservation in the habendum at issue was not void for repugnancy
181,"the state could have elected to charge Reynolds with both burglary and theft and, upon conviction, would have been entitled to a separate sentence on both charges. Reynolds cannot complain that it was improper to deny an instruction on theft that would have permitted the jury to consider the offense only as a lesser alternative to burglary. Reynolds’ conviction is REVERSED, and this case is REMANDED for a retrial in conformity with the views expressed herein. 1 . See Whitton v. State, 479 P.2d 302, 306-314 (Alaska 1970). 2 . See abo Catlett v. State, 585 P.2d 553, 558 (Alaska 1978) (citing Mead with approval in holding that offenses of grand larceny and theft from an airplane do not merge and are subject to separate punishment). 3 . Cf. State v. Occhipinti, 562 P.2d 348 (Alaska 1977) (<HOLDING>). 4 .Here, as in Mead, ""we are presented with",152566,24371,1,case_hold_mc,holding that as a matter of state law nonmutual offensive issue preclusion does not apply against the state,holding that when the state prosecutes and obtains a conviction on separate charges as to which the rule of merger does not apply the state is entitled as a matter of law to a conviction and a separate sentence on each charge,holding unanimity requirement not violated when charge stated two separate counts with two separate and distinct offenses in each case,holding the petitioners challenge of his conviction is not rendered moot by the expiration of the underlying sentence because collateral consequences flowing from the conviction give the petitioner a substantial stake in the judgment of conviction which survives the satisfaction of the sentence imposed on him,holding defendant who voluntarily dismissed his appeal of one conviction based on plea agreement for separate charges was not entitled to outoftime appeal
182,"have long recognized an inherent authority to suspend or disbar lawyers”); United States v. Seltzer, 227 F.3d 36, 36 (2d Cir.2000)(speaking of a district court’s power to discipline attorneys as part of its “inherent power to manage its own affairs”). The Supreme Court has explained that this power “derives from the lawyer’s role as an officer of the court which granted admission.” In re Snyder, 472 U.S. at 643, 105 S.Ct. 2874. Consistent with this derivation, the cases in which courts have found inherent power to discipline attorneys appear to be limited to those in which the attorney being disciplined violated a court order, disrupted a court proceeding, or otherwise abused the judicial process, and those involving suspension or censure. See, e.g., Seltzer, 221 F.3d at 42 (<HOLDING>). Such cases should not be read to mean that",153424,24519,3,case_hold_mc,holding that the recognition power is not limited to a determination of the government to be recognized but rather includes the power to take actions without which the power of recognition might be thwarted,recognizing inherent power of courts of appeals,recognizing the inherent power of the court to coerce compliance with its orders,holding that the inherent power of the district court includes the power  to santion attorneys for  violations of court orders or other conduct which interferes with the courts power to manage its calendar and the courtroom  ,recognizing the inherent power of the courts to issue warrants
183,"at the fringes, section 22-1115 applies clearly and directly to the activities in which the parties who brought this action wish to engage. The complaint they filed made precisely that admission: “[Pjlaintiffs wish peacefully to carry banners, placards, signs and devices which depict messages critical of foreign governments, and their acts and policies. They wish to do so on the public streets and sidewalks in the District of Columbia, within 500 feet of the official buildings of the foreign governments whose acts and policies they intend to criticize.” Complaint at 3-4, R.E. at 6-7. There is no ambiguity, therefore, in the statute’s application to the conduct primarily at issue. See Young v. American Mini Theatres, 427 U.S. 50, 58-59, 96 S.Ct. 2440, 2446-47, 49 L.Ed.2d 310 (1976) (<HOLDING>). Nor in any event is section 22-1115",154271,24657,3,case_hold_mc,holding that a formal summons and complaint were unnecessary because the motion before the court is not an independent action,holding that a plaintiff had standing to attack an entire ordinance including portions of the ordinance not applied to the plaintiff,holding that the challenge to the constitutionality of a 1996 fort lauderdale ordinance was moot where the ordinance had been amended in 1998,holding it unnecessary to consider vagueness challenge to an ordinance unquestionably applicable to the parties before the court,holding that the plaintiffs due process challenge to a city ordinance was barred because it was inextricably intertwined with a statecourt ruling that plaintiff lacked standing to challenge the ordinance
184,"1152 (""The doctrine of alter ego does not rest upon a particular creditor's dealings with or reliance on the control entity, nor does the doctrine require a showing of fraud on a particular creditor.”). 32 . 11 U.S.C. § 304 (1994). 33 . In re Koreag, 961 F.2d at 348. 34 . See H.R.Rep. No. 95-595, 2nd Sess., at 324-25 (1977). 35 . In re Culmer, 25 B.R. 621, 624 (Bankr.S.D.N.Y.1982). 36 . 11 U.S.C. § 304(c)(1)-(6) (1994). 37 . S.I. Acquisition, 817 F.2d at 1148; In re Davis, 191 B.R. 577, 586 (S.D.N.Y.1996) (compiling citations). 38 . S.I. Acquisition, 817 F.2d at 1147-48; Audio Data Corp. v. Monus, 789 S.W.2d 281, 286 (Tex.Ct.App.1990). 39 . Courts have noted, with curiosity, the different statutory language used in subsections (b)(1) and (b)(2). See, e.g., In re Koreag, 961 F.2d at 349 (<HOLDING>). 40 . 81 B.R. 267 (Bankr.S.D.N.Y.1988). 41 .",155118,24793,2,case_hold_mc,holding that because property was no longer property of the estate the court could not order turnover,recognizing that exempt property ceases to be property of the estate,recognizing that congress per mits injunctions to be issued under subsection b1 regarding property involved in the foreign proceeding but subsection b2 only authorizes turnover of property of the estate leading to the conclusion that the two sections must perform different functions,holding that funds held in escrow are property of the estate only to the extent of the debtors independent right to that property,holding that  determining the nature and extent of property of the estate is also a fundamental function of a bankruptcy court and therefore the turnover action is a core proceeding pursuant to 28 usc  157b2a
185,"and reimbursement claim based on the plan. Looking to FEHBA’s legislative history, the Court of Appeals for the Eighth Circuit concluded that the purpose of FEHBA was to establish health insurance for federal employees and that insurance carriers “help the government fulfill the basic task of establishing a health benefits program for federal employees.” Id. at 1233. The Jacks court concluded that OPM “has direct and extensive control over these benefit contracts under the FEHBA.” The court determined that even though the plan “allows the carrier the discretion to pursue subrogation,” that “does not foreclose the application of the federal officer removal statute” because “the subrogation provision is necessarily a product of the benefit payment pro F.Supp.2d 848 (W.D.Mo.2011) (<HOLDING>); Van Horn v. Arkansas Blue Cross and Blue",155978,24943,1,case_hold_mc,holding that health insurer contracted with fehba was not acting under a federal agency within the meaning of the federal officer removal statute,holding that the fact that the insurance carrier voluntarily entered into a mutually agreed upon contract with the opm to administer healthcare benefits to federally employed enrollees does not rise to the level of a relationship defined as acting under a federal officer ,holding that a health plan insurer contracting with a government agency under a federal benefits program is considered a person acting under a federal officer,holding that the special relationship exception does not apply to the relationship between a student and a school,holding that plaintiff stated a claim for breach of contract when it alleged the government failed to purchase insurance for plaintiff as agreed by contract
186,"is not enough to confer standing.” Id. Finally, the plaintiffs can meet their burden to show standing in a threat-of-prosecution situation by showing past prosecutions under the act in question. Id. at 1128. Because the gun rights plaintiffs could not establish the foregoing requirements, they did not meet their burden of showing they had Article III standing for their claim. Id. at 1129. With regard to ripeness, the court noted that the issue must be “fit for judicial decision” and that “the parties will suffer hardship if we decline to consider the issues.” Id. at 1132. Because the issues were not “purely legal” and because the plaintiffs had not been threatened with prosecution, the court found that the claims were not ripe for adjudication. Id.; see also Thomas, 220 F.3d at 1138-39 (<HOLDING>). In this case plaintiffs allege three",156826,25072,1,case_hold_mc,holding that petitioners did not possess a private right of action for injunctive and declaratory relief sought because only the citys housing official could enforce the citys housing maintenance code,holding that landlords who vowed not to follow an antidiscrimination housing statute did not have a justiciable claim for injunctive relief when they had not yet violated the statute and had certainly not been prosecuted for any violation,holding that college violated stay by not delivering transcript to chapter 7 debtor when debt had not yet been determined dischargeable,holding that owners notice substantially complied with federal requirements because the owner intended to demolish the housing units and noted that ajlthough the notice did not follow the statutory language it would have been misleading had it strictly followed the statute,holding that debt collector violated fdcpa when it held debtor liable for court costs that had not yet been awarded
187,"is a portion of the retirement benefits represented by the number of years of the marriage divided by the husband's [or wife's] employment. The wife [or h e Woodward formula, stating that ""the decision to give equal credit for each year of [Husband's] service in the plans is consistent with the approach set forth in [Woodward ]."" The court also reasoned that it was not able to apply ""strict] Woodward formulas because the benefits were converted to lump sums before the end of the marriage."" Finally, the court acknowledged that a significant portion of Husband's benefits accrued during the years the parties were married, and announced its intention to ""make some equitable adjustments to recognize that."" In so doing, the trial court was clearly acting within its discretion. See id. (<HOLDING>). 128 Contrary to Wife's argument, we determine",157679,25212,1,case_hold_mc,holding it is within the trial courts discretion to choose on a casebycase basis the method although expressly rejecting the reserved jurisdiction method,holding that the method used to distribute retirement benefits was properly a matter within the trial courts discretion,holding that it was within the trial courts discretion to refuse any additional discovery and that the courts refusal to allow additional discovery was not an abuse of discretion,holding that such a decision was within the trial courts discretion,recognizing this method
188,"that the pleader is entitled to relief....” Fed.R.Civ.P. 8(a)(2). In reviewing the complaint on a motion to dismiss, “no more [is required] from plaintifff’s] allegations of intent than what would satisfy Rule 8’s notice pleading minimum and Rule 9(b)’s requirement that motive and intent be pleaded generally.” Triad Assoc., Inc. v. Robinson, 10 F.3d 492, 497 (7th Cir.1993). Alvarado’s complaint stated an Eighth Amendment claim when he alleged that because of the prison officials’ deliberate indifference, he was being exposed to levels of ETS which aggravated his chronic asthma, thereby endangering his existing health, a claim recognized as an Eighth Amendment violation twenty-five years ago in Estelle v. Gamble, 429 U.S. 97, 97 S.Ct. 285, 50 L.Ed.2d 251 (1976). Id. at 104, 97 S.Ct. 285 (<HOLDING>). He also stated a valid claim as to his future",158534,25351,0,case_hold_mc,holding that in order to state a violation of the eighth amendment an inmate must demonstrate that prison officials showed deliberate indifference to serious medical needs,holding that an inmate stated a cause of action under the eighth amendment by alleging that prison officials had with deliberate indifference exposed him to levels of ets that posed an unreasonable risk of serious damage to his future health,holding that deliberate indifference to a serious medical need establishes an eighth amendment violation,holding that the eighth amendment protects prisoners only from deliberate indifference to their serious medical needs,holding that prisoner must allege acts or omissions evidencing deliberate indifference to serious medical needs
189,"Duke neither reported nor evaluated this diagnosis. Further, one month prior to the filing of this suit, Dr. Chen, a Duke cardiopulmonary radiolo error. II. Next, Duke argues that the trial court erred in denying its motion for JNOV because there was no competent evidence that “any of the treating physicians alleged to have been negligent was an agent of Duke.” A motion for JNOV is treated as a renewal of the motion for directed verdict. See Maintenance Equip. Co. v. Godley Builders, 107 N.C. App. 343, 353, 420 S.E.2d 199, 204 (1992); N.C. Gen. Stat. § 1A-1, Rule 50(b)(1) (1990). Thus, a movant cannot assert grounds on a motion for JNOV that were not previously raised in the directed verdict motion. See Lassiter v. English, 126 N.C. App. 489, 492-93, 485 S.E.2d 840, 842 (1997) (<HOLDING>). Because Duke never asserted this agency",159396,25488,3,case_hold_mc,holding that some evidence was presented to support the jurys verdict that defendant breached contract and therefore trial court did not err in denying defendants motion for directed verdict or jnov,holding that objection made at directed verdict stage and in motion for new trial were timely,holding party that filed motions for summary judgment directed verdict and jnov preserved complaint drat issue should not have been submitted to jury even though party submitted jury questions on same issue,holding that a party must have made a directed verdict motion at trial on the specific issue which is the basis of the jnov,holding that the trial court erred in granting the school boards posttrial motion for directed verdict because although the school board timely moved for a directed verdict during trial it did not serve its motion for directed verdict until the eleventh day after the verdict
190,"of lien from the lien and any action brought to recover the amount claimed. Unless otherwise prohibited by law, if no action is commenced to recover on a lien within the time specified in RCW 60.04.141, the surety shall be discharged from liability under the bond. RCW 60.04.161. The purpose of this provision “is to allow a party to file a bond to support transferring to the bond a lien against the property to allow the party supplying the bond to free up the property for conveyance.” Olson Eng’g, Inc. v. KeyBank, Nat’l Ass’n, 171 Wn. App. 57, 66, 286 P.3d 390 (2012). Thus, filing the bond does not destroy the lien entirely but instead transfers the lien from the real property to the bond. DBM Consulting Eng’rs, Inc. v. U.S. Fid. & Guar. Co., 142 Wn. App. 35, 42, 170 P.3d 592 (2007) (<HOLDING>). A. CalPortland’s Failure To Serve Process on",160243,25632,1,case_hold_mc,holding a lien is a claim against property  here a surety bond and breach of contract is a claim against a person thus the lien proceeding did not dispose of the breach of contract action,holding that the lien bond releases the property from the lien but the lien is then secured by the bond,holding state courts authority under iowa code section 59821 not the lien created there under prevented debtor from claiming the iowa homestead exemption and therefore the debtor could not avoid the lien because the lien did not impair an exemption to which the debtor would have been entitled but for the lien,holding that a lien cannot be estopped into existence where the borrowers promised to execute a lien in the manner mandated by the constitution and then failed to do so,holding that a chapter 13 debtor had standing to avoid a judgment lien to the extent of her exemption amount but not the entire judgment lien
191,"statutes as providing tax exemptions unless those exemptions are “clearly expressed”). See Chickasaw Nation v. United States, 534 U.S. 84, 94-95, 122 S.Ct. 528, 151 L.Ed.2d 474 (2001). As the Supreme Court has cautioned, canons serve as “guides,” not “mandatory rules.” Id. at 94, 122 S.Ct. 528. Moreover,’ “[sjpecific canons are often countered ... by some maxim pointing in a different direction.” Id. (quotation omitted) (“[T]he canon that assumes Congress' intends its statutes to benefit [Native American] tribes is offset by the canon that'warns'us against interpreting federal statutes -as providing tax exemptions unless those exemptions are clearly expressed.”); see N. Arapaho Tribe v. Burwell, No. 14-CV-247-SWS, 118 F.Supp.3d 1264, 1284, 2015 WL 4639324, at *15 (D.Wyo. July 2, 2015) (<HOLDING>). See generally Karl N. Llewellyn, Remarks on",161100,25785,4,case_hold_mc,holding indian tribes subject to gamblingrelated taxes from which states are exempt,holding that indian tribes lack tribal jurisdiction over crimes committed by nonmember indians within the tribes reservation,holding that federal legislation with respect to indian tribes  is not based upon impermissible racial classifications and noting that article i  8 of the constitution gives congress the power to regulate commerce  with the indian tribes,holding the americans with disabilities act not to abrogate tribal sovereign immunity and declaring congress abrogates tribal immunity only where the definitive language of the statute itself states an intent either to abolish indian tribes common law immunity or to subject tribes to suit under the act,holding that large employer mandate and related tax from the affordable care act apply to tribal nations despite congresss failure to specify tribes as large employers if congress wished to exempt indian tribes from this mandate that otherwise might be reasonably construed as applying to them it needed to do so explicitly
192,"hold that a court of appeals may not award a new trial on the basis of an erroneous eviden-tiary decision” in the absence of a post-verdict motion. Fuesting v. Zimmer, Inc., 448 F.3d 936, 939 (7th Cir.2006). Likewise, in Metcalf v. Bochco, 200 Fed.Appx. 635, 637 n. 1 (9th Cir.2006), the Ninth Circuit stated that Unitheim ""deals with the specific situation of a party’s failure to renew, post-verdict, a Rule 50 motion challenging the sufficiency of the evidence in a civil jury trial” and reasoned that ""Unitherm is inapposite” to Metcalf's case because the appellants did not ""challenge the sufficiency of the evidence on appeal.” 3 . Our circuit has repeatedly accepted such claims of retaliation for taking FMLA leave. See, e.g., Arban v. West Publ’g Corp., 345 F.3d 390, 403 (6th Cir.2003) (<HOLDING>); Wysong v. Dow Chemical Co., 503 F.3d 441,",161959,25913,3,case_hold_mc,holding that employers oral denial of plaintiffs request for fmla leave showed interference,holding that  825220c is a reasonable interpretation of the statutes prohibition on interference with and restraint of employees rights under the fmla  2615a1  and that the labor departments conclusion that employer use of the taking of fmla leave as a negative factor in employment actions  violates  the act is  a reasonable one,holding that an employee who did not present evidence that she could have returned to work prior to the expiration of her fmla leave allowance was not entitled to additional leave merely because her employer had not properly provided her with notice that the leave was designated as fmla leave,holding that there was sufficient evidence to support the jurys conclusion that west retaliated against arban for taking leave under the fmla,holding that employee who exceeded fmla leave was subject to immediate discharge on the very first workday that he was both absent from work and no longer protected by the fmla
193,"employee.” Lenoir v. Roll Coater, Inc., 13 F.3d 1130 (7th Cir.1994) citing Texas Dept. of Community Affairs v. Burdine, 450 U.S. 248, 101 S.Ct. 1089, 67 L.Ed.2d 207 (1981). In this case, the Defendants state that Turner was fired because management honestly believed that Turner had directed threats towards other employees. The testimony of Gibbons, Woodward and Overstreet supports that story. The Court finds that the Defendants’ explanation has a reasonable basis in fact. The Court also finds that Turner’s alleged conduct, if true, would be sufficient to warrant discharge. There is no question that if the Defendants honestly believed that Turner actually made threats of violence, that Turner could be rightfully discharged. See Lenoir v. Roll Coater, 13 F.3d 1130, 1133 (7th Cir.1994) (<HOLDING>). 3. Pretext. Because the Defendants’",162816,26056,1,case_hold_mc,holding that the employers failure to interact with the employee does not preclude the employee from losing on summary judgment because the employee must still prove that a reasonable accommodation could have been made,holding that if management honestly believed that the plaintiff employee possessed a weapon wielded at coworkers and made menacing comments then management had a reasonable explanation for discharging the plaintiff employee,holding that an employee could not establish pretext when the employer in good faith believed that the employee engaged in misconduct regardless whether the employee in fact engaged in the misconduct,holding that a partner in and accounting firm who brought an action under the age discrimination in employment act adea and the employee retirement income security act erisa was considered an employee because he was subject to the control of a management committee which acted in secrecy and had no bona fide ownership interest fiduciary relationship voting right or management control,holding that a plaintiff must comply with the notice of claim requirements in order to maintain an action against a government employee even if the plaintiff claims that the employee acted with fraud or malice
194,"77, 566 N.W.2d 229 (1997), and Hoffman v. Spartan Stores, Inc., 197 Mich.App. 289, 494 N.W.2d 811 (1992)).) Petitioner contends that the denial of a new trial violated his Sixth Amendment right to a trial by an impartial jury. The claim is without merit. The Supreme Court long has recognized the common-law rule prohibiting the admission of juror testimony to impeach a jury verdict. See Tanner v. United States, 483 U.S. 107, 117-18, 107 S.Ct. 2739, 97 L.Ed.2d 90 (1987) (citing history beginning in 1785). The Court has acknowledged, however, that certain kinds of external influences on the jury may implicate the guarantee of a fair trial by an impartial jury. See Tanner, 483 U.S. at 117-18, 126-27, 107 S.Ct. 2739; Turner v. Louisiana, 379 U.S. 466, 85 S.Ct. 546, 13 L.Ed.2d 424 (1965) (<HOLDING>); Remmer v. United States, 347 U.S. 227, 230,",163665,26187,4,case_hold_mc,holding jury trial waiver valid despite defendants argument that district court failed to clearly distinguish between jury trial bench trial and the use of stipulated facts,holding that the sixth amendments guarantee of a trial by jury requires the jury to base its verdict only on the evidence presented at trial,recognizing the right to waive a jury trial,holding that a trial judge cannot usurp the function of the jury as triers of fact if the amount awarded by their verdict is supported by sufficient evidence and is reached by a fair and impartial jury,holding that the regular association during trial between the jury and two deputy sheriffs who testified at trial undermined the defendants right to a fair trial by an impartial jury
195,"that competency bears upon the knowing waiver of constitutional rights. See Dist. Ct. R. vol. VII, doc. 40 at 14, 20. The court concluded the record supports the state court determinations that petitioner was competent. On appeal, respondent notes that the district court correctly recognized the state jurisdictional rule requiring petitioner to withdraw his guilty pleas. Respondent, however, does not actually assert procedural bar. Instead, he cites to recent Tenth Circuit authority, Walker v. Attorney General, 167 F.3d 1339, 1344 (10th Cir.1999), and proceeds to discuss the merits of this claim. See Appellee’s Br. at 8-9. Because respondent does not specifically argue procedural bar, we turn to the merits of petitioner’s claim. See Hooks v. Ward, 184 F.3d 1206, 1216-17 (10th Cir.1999) (<HOLDING>). The state trial court held two competency",164521,26331,1,case_hold_mc,holding that the oneyear bar contained in  2255 acts as an affirmative defense and not a jurisdictional bar,holding state is required to raise procedural bar as affirmative defense or it is waived,holding that the state may waive the affirmative defense of procedural default by failing to assert it,holding that the exclusivity of workers compensation is an affirmative statutory defense which must be timely raised or it is waived,holding that fair use is an affirmative defense
196,"a small purchase, rather than smaller genuine bills in defendant’s possession as a circumstance from which guilty knowledge could be inferred). These cases, however, reflect a concern with convicting an innocent bystander “passed” counterfeit bills without knowledge of their lack of authenticity. A rational jury could, on this evidence, have found beyond a reasonable doubt that he had the intent to defraud. The requisite fraudulent intent required by the statute, 18 U.S.C. § 472, may be inferred from surrounding circumstances or circumstantial evidence and thus need not be proven directly. See United States v. Tucker, 820 F.2d 234 (7th Cir.1987) (“The requisite fraudulent intent may be inferred from the surrounding circumstances.”); United States v. Sink, 586 F.2d 1041 (5th Cir.1978) (<HOLDING>); United States v. Carlson, 359 F.2d 592 (3d",165379,26462,0,case_hold_mc,holding that surrounding circumstances often supply inferences of knowledge which adequately prove intent,holding that trial court may consider circumstances surrounding making of agreement in determining whether agreement is ambiguous and noting that ambiguity exists when language of agreement in and of itself supports reasonable interpretation distinct from reasonable interpretation reached when language is read in light of surrounding circumstances,holding that to determine whether a statement was voluntary the court must consider the totality of all the surrounding circumstances  both the characteristics of the accused and the details of the interrogation and decide  whether a defendants will was overborne by the circumstances surrounding the giving of a confession,recognizing that the intent element is to be gleaned from all the surrounding facts and testimony and not solely from the subjective intent of the original shipper,holding that parties intent to create or extend agency relationship may be inferred from their conduct viewed in light of all circumstances surrounding transaction
197,"to initiate an adversary proceeding. As dictated by these Rules, Lawler should have filed a Complaint, paid the appropriate filing fee and secured the issuance of a Summons; he took none of these steps. See, Fuerst v. Anderson (In re Anderson), 5 B.R. 47 (Bankr.N.D.Ohio 1980) (objection to Discharge dismissed because although the pleading was denominated a complaint, no filing fee was paid and no summons sent); In re Ennis, 50 B.R. 119 (Bankr.Nev.1985) (request for an injunction is an adversary proceeding). As pled by Lawler, the allegations of professional malpractice were solely a defense to the claim filed by Guild. Agger v. Seaboard Allied Milling Cory. (In re Cushman Bakery), 526 F.2d 23, 35 (1st Cir.1975) cert. denied 425 U.S. 937, 96 S.Ct. 1670, 48 L.Ed.2d 178 (1976) (<HOLDING>) When Guild withdrew its claim, Lawler received",166236,26592,0,case_hold_mc,holding that a trustees objection to the allowance of a claim is manifestly not the institution of a proceeding that will entitle the trustee to recover on behalf of the estate,holding that a trustee in a proceeding under chapter x of the bankruptcy act did not have standing to assert on behalf of the holders of debentures issued by the bankrupt in reorganization various negligence claims against an indenture trustee,holding claimant waived right to jury trial on claims brought against it on behalf of bankruptcy estate when it submitted its proof of claim against the estate and subjected itself to the equitable powers of the bankruptcy court,holding that the bankruptcy code endows the bankruptcy trustee with the exclusive right to sue on behalf of the estate,holding that trustee and personnel liability policy only covered the trustees and not the school itself
198,"by the legislature. See Goldman, 151 N.H. at 773-74. II. Confidentiality Citing Goodrow v. Perrin, 119 N.H. 483, 485 (1979), and Whalen v. Roe, 429 U.S. 589 (1977), the respondent asserts that he “has a vested [constitutional] right to maintain the confidences he shared with his treatment team, which cannot be taken away by legislative fiat.” Although any such assertion is belied by his limited waivers of confidentiality discussed below with respect to his asserted contractual rights, we address this argument for guidance in other circumstances where such limited waivers may not exist. We have never recognized a constitutional right to the privacy of medical information on behalf of incarcerated persons and we decline to do so now. But cf. In re Caulk, 125 N.H. 226, 230 (1984) (<HOLDING>); Opinion of the Justices, 123 N.H. 554, 559",167086,26730,3,case_hold_mc,holding that constitutional right of privacy does not apply to medical records,recognizing stu dents right to be free of stateoccasioned damage to the students bodily integrity,recognizing that the right to be free of stateoccasioned damage to a persons bodily integrity is protected by the fourteenth amendment guarantee of due process,recognizing state constitutional right of individual privacy that    may be asserted to prevent unwanted infringements of bodily integrity,recognizing a constitutional right of privacy in mental health records
199,"U.S.S.G. Chapter 5, Part A (1993). Thus, any error by the district court in denying Oliver eligibility for relief under Amendment 505 was harmless. Nor would Amendment 706 affect his sentence. In Oliver’s § 3582 motion, he conceded that he was held accountable for 11.23 kilograms of cocaine base. Therefore, Oliver’s base offense level would remain unchanged even after Amendment 706 revised § 2Dl.l(c)(l) because he was held responsible for more than 4.5 kilograms of crack cocaine. In short, Oliver’s sentence was not based on a range subsequently lowered by Amendment 706 and the district court lacked authority to grant him a sentencing reduc tion under § 3582(c)(2) based on Amendment 706. See U.S.S.G. § lB1.10(a)(2)(B); see also United States v. Moore, 541 F.3d 1323, 1330 (11th Cir.2008) (<HOLDING>), cert denied, McFadden v. United States, —",167936,26868,3,case_hold_mc,holding that amendment 706 would not affect the guideline ranges for career offenders sentenced under  4b11,holding that the recent amendment to the crack cocaine guidelines does not qualify defendant for a sentencing reduction under  3582c2 because defendant was originally sentenced pursuant to the guideline range for career offenders,holding that a district court lacks authority under  3582c2 to reduce a defendants sentence when the defendant was sentenced under  4b11 as a career offender,holding that the district court lacked authority under  3582c2 to grant a sentencing reduction to defendants who were career offenders sentenced under ussg  4b11 because amendment 706 would not ultimately affect their guideline ranges,holding a reduction in defendants sentence as a career offender was not authorized under  3582c2 because amendment 706 did not lower his applicable guideline range under the careeroffender guidelines
200,"the protection of [a lesser standard of review] but are subject to de novo review.” In re Kretzinger, 103 F.3d 943, 946 (10th Cir.1996) (quotation omitted); see also Brue v. Gonzales, 464 F.3d 1227, 1232 (10th Cir.2006) (discussing vs., 470 F.3d 509, 513-14 (2d Cir.2006) (finding legal error when “[a]lthough the BIA cited the proper legal standard at the outset of its decision, it failed to apply this deferential standard of review when evaluating the IJ’s credibility finding”). B Under 8 C.F.R. § 1003.1(d)(3)©, the BIA cannot “engage in de novo review of findings of fact determined by an [IJ].” Instead, the BIA reviews those facts found by the IJ — including credibility determinations — only to determine whether they are clearly erroneous. Id.; see also RamirezPeyro, 477 F.3d at 641 (<HOLDING>). “A finding is ‘clearly erroneous’ when",168794,27005,3,case_hold_mc,recognizing that factual findings were clearly erroneous where the record before the court was simply devoid of any basis for the district courts conclusion,holding that the lower court is the factfinding body and that its findings of fact will not be set aside on appellate review unless they are clearly erroneous,holding that appellate court must defer to all implied factual findings supported by record,recognizing that the bia must defer to the factual findings of the ij unless they are clearly erroneous,holding that this court will only set aside district courts factual findings when they are clearly erroneous
201,"to the City’s administrative expenses in exercising its police power, including the costs associated with any incidental consequences of the franchised services. If after trial the district court determines that none of the franchise fees are reasonably related to the City’s administrative expenses, the court shall issue the appropriate order disallowing the franchise fees as contained in the ordinances. However, if the district court determines that all or part of the franchise fees are reasonably related to the City’s administrative expenses, the court shall enforce the ordinances up to an amount equal to the fees reasonably related to the City’s administrative expenses in exercising its police power. Cf. State ex rel. Turner v. Younker Bros., Inc., 210 N.W.2d 550, 565 (Iowa 1973) (<HOLDING>); Ehlers v. Iowa Warehouse Co., 188 N.W.2d 368,",169647,27144,1,case_hold_mc,holding that the meaning of allowed secured claim in  506a does not determine the meaning of allowed secured claim in  506d,holding a department store was not allowed to collect finance charges on its retail installment contracts and revolving charge accounts that were in excess of the interest rate allowed by statute however the store was allowed to assess finance charges in the amount allowed by statute,holding that ridethrough is allowed,holding that punitive damages are not allowed under the flsa,holding that the words allowed secured claim in  506d refer to a claim that is secured by a lien and allowed under  502
202,"n.3. The circumstances of this case are distinguishable from those in Bruton. Here, unlike Bruton, the statements at issue do not involve a custodial confession by Permanian, and the statements were admissible under the coconspirator hearsay exception. Permanian’s statements were also generally made under circumstances that indicate their reliability including that Permanian had personal knowledge of the incident, it was unlikely that Permanian’s statements were founded upon a faulty recollection, the statements were against Permanian’s penal interest given their context, and the statements did not contain any express factual assertion of defendant’s guilt but only an inference of guilt. See Dutton v. Evans, 400 U.S. 74, 87-89, 27 L. Ed. 2d 213, 226-27, 91 S. Ct. 210, 219-20 (1970) (<HOLDING>); Goodman, 81 Ill. 2d at 284-85 (finding",170506,27276,4,case_hold_mc,holding rule 16a1a does not include statements made by coconspirators even if those statements can be attributed to the defendant for purposes of the rule against hearsay,holding that the sixth amendment right of confrontation applies to all three phases of the capital trial and that the admission of  hearsay statements of codefendants in the penalty phase violated the confrontation clause,holding that the defendants sixth amendment confrontation clause rights were not violated by the admission of the child victims statements to her mother grandmother a detective and a forensic investigator,holding that the confrontation clause of the sixth amendment is not violated by the admission of hearsay statements under the coconspirator exception to the hearsay rule where the defendant was able to confront and crossexamine the witness who claimed that the statements at issue were made,holding that the sixth amendment confrontation clause was not violated by the admission of hearsay statements under a georgia statute permitting an exception for statements by coconspirators where there was sufficient indicia of reliability supporting the truth of the statements
203,"issue in question.” Bradley Ventures, Inc. v. Farm Bureau Mut. Ins. Co. of Ark., 371 Ark. 229, 264 S.W.3d 485, 490 (2007). UAMS maintains that collateral estoppel applies to Dodson I and II, barring both of Dodson’s pending claims, but our discussion is considerably narrower. First, I would set aside Dodson I because I am uncertain that the court’s relevant finding was “essential to the judgment.” Powell, 289 S.W.3d at 444. Second, I would set aside Count II, which is Dodson’s impliedeontract claim. Importantly, Count II is premised on UAMS’s conduct after Dodson II, i.e., sending Dodson bills for the embryo storage fees, and therefore cannot be precluded by the earlier chancery court decision. See Ripplin Shoals Land Co. v. U.S. Army Corps of Eng’rs, 440 F.3d 1038, 1044 (8th Cir.2006) (<HOLDING>); cf. id. at 1042 (“[R]es judicata does not",171357,27404,2,case_hold_mc,holding that an assignment does not modify the terms of the underlying contract,recognizing that a final judgment may provide for a particular standard upon which to modify a final judgment,holding that a prior judgment regarding a permit to modify an existing bridge does not preclude a plaintiff from challenging a decision on a new application describing and a different bridge design,holding that district court did not abuse its discretion in refusing to permit a design defect products liability expert to submit an untimely addendum stating a new claim of failure to warn after defense expert refuted the basis of original design defect opinion,holding untimeliness of motion to modify medical insurance payment did not preclude motion to modify maintenance
204,"results of a polygraph examination, the opinion of a polygraph examiner, or any reference to an offer to take, failure to take or taking of a polygraph examination, shall not be admitted into evidence. (b) Nothing in this section is intended to exclude from evidence statements made during a polygraph examination which are otherwise admissible. Under the plain language of this rule, the military judge’s ruling was correct. By adding this Rule, the 1991 amendment to the Manual for Courts-Martial restored the armed forces to the approach followed in the 1969 Manual. Cf. United States v. Gipson, 24 M.J. 246, 253 (C.M.A.1987)(2-1 decision holding that the trial judge has the discretion to admit the results of polygraph examinations); United States v. Williams, 39 M.J. 555, 558 (A.C.M.R.1994)(<HOLDING>). The concerns behind this rule include: that",172215,27545,3,case_hold_mc,holding ban violated the sherman act,holding that the governments use of classified evidence in detentionpendingdeportation proceedings violated detainees due process rights and inter alia justified his release,holding that the trial court properly excluded evidence that other persons had a motive to kill the victims because inter alia such evidence was speculative,holding that the absolute ban on polygraph evidence violated due process and the right to present evidence citing inter alia chambers v mississippi 410 us 284 93 sct 1038 35 led2d 297 1973,holding that suppression of evidence by the prosecution of evidence favorable to the defendant upon request violates the defendants right to due process where the evidence is material
205,"as: “bodily injury which ... involves a substantial risk of death, a substantial risk of serious permanent disfigurement, a substantial risk of protracted loss or impairment of the function of any part or organ of the body, or breaks, fractures, or burns of the second or third degree”. Colo. Rev. Stat. § 18-l-901(3)(p). Thus, Gonzalez contends the Colorado statute includes a different class of injuries (e.g., fractures) than the MPC. Although Gonzalez cites similar cases supporting his assertions, other case-law cuts against his position. Compare United States v. Calzada-Ortega, 551 Fed.Appx. 790, 792-93 (5th Cir. 2014) (concluding a similar Wisconsin statute was broader than the enumerated aggravated-assault offense), with United States v. Aluya, 590 Fed.Appx. 433, 434 (5th Cir. 2015) (<HOLDING>). Therefore, pursuant to our limited",173075,27680,0,case_hold_mc,holding on plainerror review an oklahoma statute for assault and battery was equivalent to the enumerated offense,holding that under maryland common law an assault is an attempted battery an actual battery or a combination of the two,holding that virginia domestic assault and battery statute did not qualify,holding that the oklahoma statute like the california statute did not qualify as an enumerated offense because it lacked the elements of substantial interference with the victims liberty and risk of bodily injury,holding that battery is an inherently included offense of aggravated battery
206,"no suggestion that the region to be considered is or should be confined by our State’s borders, id. at 329, 3 A.3d 1268 (Skillman, P.J.A.D., dissenting) (citing Saddle Brook, supra, 156 N.J. at 597, 722 A.2d 530), he criticized the majority for relying on Justice Blackmun’s concurrence when the United States Supreme Court’s majority had not suggested such a limitation on the relevant market area, id. at 330-32, 3 A.3d 1268. II. This matter comes to us as an appeal as of right, arising only through the dissent in the Appellate Division. R. 2:2-l(a)(2). As such, our review is confined to the issue which was the subject of the dissent, ibid., no other matter having been brought to us through a petition for certification, see State v. Allegro, 193 N.J. 352, 371 n. 9, 939 A.2d 754 (2008) (<HOLDING>); accord, Aversano v. Palisades Interstate",173926,27807,0,case_hold_mc,holding that a notice of appeal based on a dissent in the appellate division preserves for review only those issues on which the dissent was filed and certification must be sought separately as to all other issues,holding that disputed issues of fact cannot be resolved based on affidavits and must be decided based on evidentiary hearings the only admissible procedure for resolving such issues,holding that issues must be briefed to be preserved on appeal,holding that appellant did not limit his issues on appeal by gratuitously listing only some of those issues in his notice of appeal,holding that issues must be raised and ruled upon in the trial court to be preserved for appellate review
207,"2007, no pet.) (op. on reh’g); Nelson v. Regions Mortgage, Inc., 170 S.W.3d 858, 863 (Tex.App.-Dallas 2005, no pet.). It is well settled that the DJA is not a grant of jurisdiction; rather, it is a procedural device for deciding cases already within a court’s jurisdiction. Chenault v. Phillips, 914 S.W.2d 140, 141 (Tex.1996); City of Houston v. Buttitta, 274 S.W.3d 850, 853 (Tex.App.-Houston [1st Dist.] 2008, no pet.) (op. on reh’g). Here, York claims that the justice court’s order awarding the property to the State for the benefit of the Wise County Sheriffs Office is void allas 2003, no pet.); Davis v. Boone, 786 S.W.2d 85, 87 n. 3 (Tex.App.-San Antonio 1990, no writ). But see S. County Mut. Ins. Co. v. Powell, 736 S.W.2d 745, 749-50 (Tex.App.-Houston [14th Dist.] 1987, no writ) (<HOLDING>). To prevail on a collateral attack, the",174780,27952,3,case_hold_mc,holding that a judgment as to the title in a prior litigation was not subject to collateral attack,recognizing bankruptcy courts jurisdiction over such a collateral attack,holding that dormant judgment is voidable and therefore not subject to collateral attack,holding in dictum that extrinsic evidence should be permissible to show applicability of automatic stay in collateral attack against judgment,recognizing collateral attack on void order
208,"to incorporate the affidavit,” and that preprinted language like that used here is insufficient. 920 F.2d 1028, 1032-33 (D.C.Cir.1990). The government concedes that Maxwell is indistinguishable from this case, and that this panel is without authority to overturn that prior decision. Appellee's Br. at 27 n.7; see United States v. Kanchanalak, 192 F.3d 1037, 1038 n. 1 (D.C.Cir. 1999). Thus, although at least one court has taken a path different from that of Maxwell, see United States v. Bianco, 998 F.2d 1112, 1116-17 (2d Cir.1993), we cannot rely on the affidavit to constrain the language of the warrants. 3 . Pindell also contends that the plain view doctrine is inapplicable because the warrant applications did not list the notebooks even though the police knew of their re 38, 1543-44 (<HOLDING>). 6 . See United States v. Jones, 187 F.3d 210,",175630,28095,1,case_hold_mc,holding that probable cause to believe the equipment was stolen was required to justify officers search of stereo found in plain view,holding that the criminality of a knotted opaque party balloon found in plain view during a traffic stop was immediately apparent because the officer had probable cause to believe that the balloon contained an illegal substance,holding that a traffic stop is reasonable under the fourth amendment when police have probable cause to believe a traffic infraction has occurred,holding that the incriminating nature of an item was immediately apparent where the police officers had probable cause to believe that it contained evidence of a crime,holding that the search of a balloon was justified under the plain view exception where the contraband nature of the balloon  was immediately apparent to the officer who seized it
209,"defined to mean all state governmental entities, regardless of their nomenclature. “State” means the State of Georgia and any of its offices, agencies, authorities, departments, commissions, boards, divisions, instrumentalities, and institutions, but does not include counties, municipalities, school districts, other units of local government, hospital authorities, or housing and other local authorities. By its express terms, the act clarifies that the “State” includes state authorities and instrumentalities, but not local governmental entities, for purposes of waiving sovereign immunity. Our earlier cases distinguishing between instrumentalities of the state and state agencies are not dispositive since both instrumentalities and agencies are included in the act’s definit 2d 246) (1947) (<HOLDING>). 5 OCGA § 1-3-1 (a) (1990). 6 Webster’s Third",176489,28236,2,case_hold_mc,holding that state sovereign immunity bars state constitutional claims,recognizing that constitutional prohibition against retroactive laws is not violated without destruction or impairment of vested right,holding that state appropriation to ports authority violated constitutional prohibition against state debt and other constitutional provisions,recognizing defendants state and federal constitutional rights to testify,holding that in the absence of an adequate state remedy one whose constitutional rights are violated has a direct claim against the state under the state constitution
210,"was arrested for committing a felony or committing a nonfelony crime in which a firearm was used or displayed. f 17 A prosecutor may not use the fruits of an illegal search as evidence against a defendant at trial. State v. Marks, 114 Wn.2d 724, 730-31, 790 P.2d 138 (1990); State v. Maddox, 116 Wn. App. 796, 806, 67 P.3d 1135 (2003), aff’d, 152 Wn.2d 499, 98 P.3d 1199 (2004). And without the evidence obtained in the illegal search, the prosecution could not have proved that Nusbaum possessed or controlled the guns at the time of his arrest. See One 1958 Plymouth Sedan v. Pennsylvania, 380 U.S. 693, 696, 85 S. Ct. 1246, 14 L. Ed. 2d 170 (1965) (the exclusionary rule applies to civil forfeiture hearings); cf. Barlindal v. City of Bonney Lake, 84 Wn. App. 135, 141-42, 925 P.2d 1289 (1996) (<HOLDING>). Because the officers seized the weapons",177350,28354,1,case_hold_mc,holding admissible police officers testimony that firearms are commonly used in drug trafficking,holding that a city which brought an action for forfeiture of firearms recovered from a drug suspects residence was collaterally estopped from introducing evidence of drug possession thus it could not prove the firearms were used in drug transactions and could not forfeit them,holding prior drug deals admissible to prove knowledge of the drug trade,recognizing firearms as common tools of the drug trade,holding that evidence in first trial concerning firearms in which defendant was acquitted of drug and rico conspiracies could be used in second trial on firearms offenses because evidence was collateral to elements of offenses in second trial
211,"review. 2 . The record is inconsistent as to who placed the documents in the sealed envelope. In his March 16 letter to Target’s outside counsel Jeffrey D. Wohl (""Wohl”), Clayton Halunen wrote, ""we had [Doe] remove ... any documents which involved any in house or outside counsel. These documents were then immediately placed into an envelope.” Halunen Decl., Ex. E. However, Thome and Doe aver Thome reviewed the documents and placed those she believed may be privileged into the sealed envelope. Thome Decl. ¶ 17; Doe Aff. ¶ 15. 3 . At this time, the Halunen firm had not yet agreed to represent Gifford. 4 . The telephonic advisory opinion Halunen received from the Board is not binding on this Court. See In re Admonition Issued in Panel File No. 99-42, 621 N.W.2d 240, 244-45 (Minn.2001) (<HOLDING>). 5 . The Complaint and Amended Complaint",178206,28505,0,case_hold_mc,holding that advisory opinions of the minnesota lawyers professional responsibility board are not binding,holding that decisions by prior panels are binding,holding that stipulations involving questions of law are not binding on the court,holding that nontreating physicians opinions are entitled to little weight when contradictory to treating physicians opinions and will not constitute substantial evidence standing alone,holding that statements that employee was doing a good job are more akin to opinions than statements of fact and on this basis are not actionable in fraud and citing a state case as holding that neither opinions nor statement that are general and indefinite are representations of fact giving rise to a misrepresentation claim
212,"putting air into his tire at a gas station. The motorist pulled into the gas station and parked his truck in a manner that blocked the insured’s vehicle. The motorist then began yelling and threatening the insured, attempting to pick a fight. The motorist moved his truck so that it was no longer blocking the insured’s vehicle, and parked it parallel to the insured’s vehicle. The motorist then pointed a gun at the insured. An exchange of gunfire ensued culminating in the motorist shooting the insured while the insured was attempting to escape in his vehicle. Ulrich, 839 P.2d at 944-45. ¶51 In holding that the insured’s injuries did not arise out of the use of the motorist’s truck, the Wyoming Supreme Court applied the “natural consequences” test to U . 1995), 878 F.Supp. 862, 864-65 (<HOLDING>). ¶53 In advocating their respective tests,",179058,28651,0,case_hold_mc,holding that injuries must be connected to the use of the car as a car ie as a means of transportation rather than a situs for the commission of criminal acts,holding that the defendant failed to demonstrate legitimate expectation of privacy where he could not show that he had the owners permission to use the car or demonstrate prior use or control of the car,holding that there was probable cause for arrest where officers knew defendants had recently been with suspected drug dealer officers saw defendants car being maneuvered so as to indicate that surveillance had been detected and when officers approached car defendant attempted to place package under car and then pulled the package back inside the car and closed and locked the car door,holding that the driver of a car who had permission to use the car had standing to challenge its search,holding that an officer intentionally hitting the plaintiffs head into the top of the police car as the plaintiff was being placed in the police car could be excessive force
213,"Clause. ¶ 13. Respondent’s main interest in this case is his right to run for elected office. In general, the federal courts have declined to hold that the right to run for elective office is “fundamental,” a position that was applied in the seminal Clements decision. There, a plurality of the high court held that “[f]ar from recognizing candidacy as a fundamental right, we have held that the existence of barriers to a candidate’s access to the ballot does not of itself compel close scrutiny.” 457 U.S. at 963 405, 420 (W. Va. 2000) (concluding that constitutional provision forcing judges to vacate office before running for nonjudicial office was supported by “State’s compelling and permissible interest”); Wagner v. Milwaukee County Election Comm’n, 2003 WI 103, ¶ 78, 666 N.W.2d 816 (<HOLDING>). ¶ 16. Respondent’s constitutional arguments",179912,28795,2,case_hold_mc,recognizing the right to trial by jury is a constitutional right to be given the same protections as other constitutional rights,holding right to testify was federal constitutional right,holding that states legitimate interests in enacting constitutional provision prohibiting judges from holding other public office far outweigh the burdens put upon the petitioners right to be a candidate for office,holding that a school superintendent does not have a constitutional right to actually hold his position and execute the duties of the office,holding constitutional provision selfexecuting if it grants right that can be put into operation without further legislative action
214,"risk that the actor will intentionally use force in the furtherance of the offense.’ ” 493 F.3d at 307 (quoting Tran, 414 F.3d at 471). Likewise, Popal's discussion emphasizes that the focus of the § 16(b) analysis should be on whether the crime at issue ""involves ‘a substantial risk that the actor will intentionally use ... force.’ ” 416 F.3d at 255 (citing Tran, 414 F.3d at 472). 16 . Citing to various cases from our sister circuits, Aguilar argues that reckless crimes cannot be crimes of violence under § 16(b). Those cases are inapposite because they either do not involve § 16(b), or a similarly worded statute, or they do not create the same inherent substantial risk that force will be used, as § 3124.1 does. See Jimenez-Gonzalez v. Mukasey, 548 F.3d 557, 561 (7th Cir.2008) (<HOLDING>); United States v. Zuniga-Soto, 527 F.3d 1110,",180768,28932,2,case_hold_mc,holding that because the crime of rape involved a nonconsensual act there was a substantial risk that physical force may be used in committing the offense,holding that the mere fact that the fda does not require a warning on a product label does not necessarily create a conflict,holding that a felony of criminal recklessness was not a crime of violence under  16b because it does not require any purposeful conduct and does not necessarily create a risk that force may be used as a means to an end during the commission of the offense,holding that under iowa code  7098 the offense of lascivious acts with a child was a crime of violence because it involved a substantial risk that physical force would be used against the child victim in the course of committing the offense,holding that unlawful imprisonment of a minor or incompetent adult is not a crime of violence under  16b because the crime can be accomplished with the victims acquiescence
215,"to preserve evidence exists between a third party and another in the absence of a special relationship, such as one created by contract or statute. Id. Under that analysis, this court will need to consider the primary purpose of the third-party here, Giant Eagle. (2) “Duty” of a third-party employer to its employee Pennsylvania courts have not directly considered whether the existence of an employer/employee relationship creates a duty on the part of a third-party employer to preserve evidence of a work-related accident for a potential products liability suit by an employee. Courts in other jurisdictions have held that there is no such duty. See Wilson v. Beloit Corp., 725 F.Supp. 1056, 1058 (W.D.Ark.1989); Panich v. Iron Wood Prods. Corp., 179 Mich.App. 136, 445 N.W.2d 795, 797 (1989) (<HOLDING>); Koplin v. Rosel Well Perforators, Inc., 241",181620,29078,0,case_hold_mc,holding that neither common law nor workers disability compensation act imposed affirmative duty on employer to preserve evidence which might be used in employees thirdparty liability action,holding that a claim did not arise under a workers compensation law when it stated a right to relief in tort and sought common law damages distinct from statutory compensation scheme,holding that thirdparty tortfeasor has right to contribution from employer up to amount of employers workers compensation liability,holding that prohibition may not be used to raise affirmative defense of workers compensation immunity,holding that no independent commonlaw duty exists on the part of an employer to preserve evidence for an employees potential civil action against third parties
216,"opportunity to be heard on the issue ofrepayment of unemployment benefits. {32} The Minnesota Court of Appeals considered a due pr e Court of Appeals of Minnesota that distinguish Schulte where the Court ultimately held that there was no constitutional violation when the employee did participate in the hearing. See Comm ’r of Nat. Res. v. Nicollet Cty.Pub. Water/Wetlands Hearings Unit, 633 N.W.2d 25, 30 (Minn. Ct. App. 2001) (affirming an appellate denial of the appellant’s due process claim based on constitutionally valid notice of the hearing because the appellant knew the potential consequences of a reversal of the initial decision and participated in the appeal with counsel); see also Aubin v. Family Dollar, Inc., No. A14-0483, 2014 WL 6724937, at *4-5 (Minn. Ct. App. Dec. 1, 2014) (<HOLDING>); Koch v. Sheldahl, No. A03-1562, 2004 WL",182480,29215,3,case_hold_mc,holding that sentencing court did not violate defendants due process rights when it reasonably refused to recall a witness for crossexamination,holding that it is not,holding that doctrine does not violate due process,holding that online system of appeals did not violate due process rights because it was not affirmatively misleading and it adequately explained the potential consequences of failing to file a timely appeal citations omitted,holding that on summary judgment a court may not disregard evidence merely because it serves the interests of the party introducing it citations omitted
217,"appeal”). Because of that conclusion, we do not reach the issue whether the Right-to-Know Law requires the responsible official to provide summaries or statistical analyses of government documents. Similarly, because we remand this case to the trial court to conduct the comm 89). Accordingly, the general rule is that public agencies are not required to produce new information even if the documents available under the Right-to-Know Law and the common law are unresponsive to a citizen’s inquiry. Nevertheless, we note that rigid adherence to that general rule might not necessarily be appropriate in all cases, and observe that the Appellate Division has ruled to that effect in Board of Education v. New Jersey Department of the Treasury, 279 N.J.Super. 489, 500, 502, 653 A.2d 589 (App.Div.) (<HOLDING>), leave to appeal granted, 142 N.J. 440, 663",183336,29352,0,case_hold_mc,holding that claimsinformation data for specific municipality or state agency constituted public records under righttoknow law and common law even though such data was not grouped by municipality or agency but rather was compiled into two groups  state and local,holding that the state police is a state agency,holding that various data tapes were owned or obtained by the agency even though they were neither created by agency employees nor  currently located on agency property because the firm that created the tapes acted on behalf of the agency in creating the tapes,holding that the university of maryland law school was a state agency,holding that a state agency created under state law was a state actor
218,"remand, the Board violated due process by depriving him a full and fair opportunity to seek cancellation of removal. We have jurisdiction to review this constitutional claim. See 8 U.S.C. § 1252(a)(2)(D) (2006). It is well established in this circuit that an alien cannot predicate a due process claim on alleged infirmities in the adjudication of an application for discretionary relief. Dekoladenu v. Gonzales, 459 F.3d 500, 508 (4th Cir.2006) (“No property or liberty interest can exist when the relief sought is discretionary”), overruled on other grounds by Dada v. Mukasey, 554 U.S. 1, 128 S.Ct. 2307, 171 L.Ed.2d 178 (2008). The relief of cancellation of removal is entirely discretionary. 8 U.S.C. § 1229b(a); Sorda v. Holder, 643 F.3d 117, 124 (4th Cir.2011); see Obioha, 431 F.3d at 409 (<HOLDING>). We accordingly reject Cruzaldovinos’ due",184195,29488,2,case_hold_mc,holding that an alien raising a due process challenge to removal proceedings must show error and substantial prejudice,holding that a motion to reopen seeking only to apply for a form of relief which was unavailable to the movant at the time of the hearing  is subject to the regulatory requirements governing motions to reopen,recognizing that petitioners due process claim stemming from denial of motion to reopen to apply for cancellation of removal was flawed in part because an alien does not have a legal entitlement to discretionary relief,holding that an order denying a petitioners motion to reopen proceedings so that he could apply for adjustment of status was not a judgment regarding the granting of relief and was thus reviewable,holding that this court lacks jurisdiction to review the discretionary denial of cancellation of removal based on a lack of exceptional and extremely unusual hardship
219,"of the evidence, on defendant. N.Y. Penal Law § 125.25[3]. In People v. Diaz, 177 A.D.2d 500, 576 N.Y.S.2d 144 (1991), leave to appeal denied, 79 N.Y.2d 1048, 584 N.Y.S.2d 1015, 596 N.E.2d 413 (1992), defendant appealed his conviction for felony murder, arguing that the judge’s failure to charge the jury on the affirmative defense denied him a fair trial. The court sustained the ruling, noting that the defendant continued to participate in the robbery after his accomplice displayed the gun and while the fatal assault continued. Thus, the record does not contain a sufficient basis to establish- every element of the affirmative defense, and the trial court’s refusal to charge was proper. [Id. at 146 (citation omitted).] Cf. People v. Heyward, 111 A.D.2d 420, 488 N.Y.S.2d 486, 487 (1985) (<HOLDING>). Like the defendant in Diaz, this defendant",185052,29624,1,case_hold_mc,holding that defendant did not preserve his challenge to alleged prosecutorial misconduct where he did not timely object,holding that a defendant was not entitled to the affirmative defense where the evidence did not support his contention that he did not aid in the homicidal act,holding that the government did not waive an affirmative defense not pleaded in the answer because it raised the defense at a pragmatically sufficient time by listing the defense in the joint pretrial order,holding that the district court erred in requiring the defense to disclose a report which the defense did not intend to introduce into evidence and which was merely designed to aid in the crossexamination of a witness for the state,holding that defendant does not waive an affirmative defense if defendant raises it at a pragmatically sufficient time such as summary judgment and the defendants failure raise the affirmative defense in its answer did not cause the plaintiff prejudice
220,"that, because it was granting the motion for a downward departure, it was not required to sentence Johnson to 240 months. The court then sentenced Johnson to eighty-four months’ imprisonment. II A The first issue in the case is whether the district court chose the correct starting point for departing downward. Although the court initially determined that it would depart downward from the original Guideline range (135 to 168 months), the court subsequently corrected itself and stated on at least two occasions that its starting point for the departure was 240 months. The court’s approach— starting to depart downward from the statutory minimum sentence of 240 months— was consistent with the decisional law of our circuit. See United States v. Pillow, 191 F.3d 403, 406-07 (4th Cir.1999) (<HOLDING>). Accordingly, the district court did not err",185910,29763,2,case_hold_mc,holding that a court may depart downward from the applicable guideline range under section 4a13,holding that restitution is not a proper ground for departing downward from the guidelines range,holding that after granting the governments motion for downward departure pursuant to both  3553e and  5k11 the district court did not err when it determined that the starting point for departing downward was the higher statutorily required minimum sentence and not the lower otherwise applicable guideline range,holding that where a defendants guideline range is 121 to 151 months and his statutory minimum sentence is 240 months and the government moves for a downward departure pursuant to both  3553e and  5k11 the starting point for the departure is 240 months and the court is not limited to the low end of the guideline range in determining the extent of the departure,holding that a motion under  5k11 permitted a downward departure from the guideline range but that the departure could not extend below the statutory minimum sentence absent an additional motion by the government under  3553e
221,"evidence and reverse only if the evidence compels a contrary conclusion.” Singh v. Gonzales, 439 F.3d 1100, 1105 (9th Cir.2006). Under this pre-REAL ID Act standard of review, the Immigration Judge (“IJ”) or BIA “must identify specific, cogent reasons for an adverse credibility finding” and the reasons must “strike at the heart of the claim.” Id. (internal quotation marks and citation omitted). Substantial evidence supports the adverse credibility determination in Yao’s case. There were significant discrepancies in the evidence regarding the length of Yao’s detention, where he was detained at night, and the chain of events that occurred when he arrived at the police station. These discrepancies go to the heart of Yao’s claim. See Chebchoub v. INS, 257 F.3d 1038, 1043 (9th Cir.2001) (<HOLDING>). Yao’s declaration states that he was detained",186766,29899,1,case_hold_mc,holding that appellants complaint on appeal that the environment was coercive did not change the fact that he was not in custody when he voluntarily went to the police station was told several times he could leave and did leave after the interrogation,holding that discrepancies regarding the events leading up to petitioners departure and the number of times he was arrested went to the heart of his claim,holding that a driver was an independent contractor where he had unfettered discretion to determine the days and times he worked with no minimum or maximum number of hours or days imposed by the defendant,holding that when defendant was guilty of burglary but the only evidence that he was armed was from his own statement existence of the firearm went only to the degree of the offense and was not as an element of proof,holding that earlier events set the stage for what followed and that factual disputes regarding those events were material
222,"of Tucson, Inc. v. Marks, 17 Adz.App. 308, 310, 497 P.2d 534, 536 (1972). ¶38 We agree with the trial court that the Richardsons’ claim for declaratory relief regarding future liability to third parties for any failure to maintain the easement is non-justiciable. “ ‘A declaratory relief statute only justifies a declaration of rights upon an existing state of facts, not one upon a state of facts which may or may not arise in the future. Nor will future rights be determined in anticipation of an event that may never happen.’” Moore v. Bolin, 70 Ariz. 354, 357, 220 P.2d 850, 852 (1950) (quoting Annotation, Declaration of Rights or Declaratory Judgments, 87 A.L.R. 1205 (1933)); U.S. West Communications, Inc. v. Ariz. Corp. Comm’n, 198 Ariz. 208, 214-15, ¶ 15, 8 P.3d 396, 402-03 (App.2000) (<HOLDING>), vacated on other grounds, 201 Ariz. 242, 247,",187624,30032,0,case_hold_mc,holding court will not render judgment on situation that may never occur,holding that the court will not interpret the law in such a way as to render a jurisdictional statute a nullity,holding that because a claim was never raised in the district court this court would not consider it for the first time on appeal,holding that a statute must not be given the one of two reasonable interpretations which will render it unconstitutional,holding that district court had subjectmatter jurisdiction and yet that judgment void for lack of jurisdiction to render the particular judgment
223,"that “[e]ven if the release plate had not been designed at the time the contract was entered, the sonobuoys conformed to the description of the goods contained in the contract .... ” Def.’s Supp. Br. at 8. Defendant says the description of the sonobuoys in the contract was merely 335 sonobuoys with dual depth capability; the release plate was not significant to the overall sonobuoy design described in the ECP, and was only a passing reference. Def.’s Reply at 4; Def.’s Supp. Br. at 8. Sparton contests these points and argues that the patented inventions were never part of the offer for sale because the ’0465 Contract does not encompass each limitation of the claimed inventions or render them obvious. See e.g., Tec Air Inc. v. Denso Mfg. Mich. Inc., 192 F.3d 1353, 1358 (Fed.Cir.1999) (<HOLDING>). In so arguing, Plaintiff points specifically",188485,30176,0,case_hold_mc,holding that the one challenging the patent must in part show that the subject matter of the sale or offer to sell fully anticipated the claimed invention or would have rendered it obvious by its addition to the prior art,holding a determination that an invention was onsale within the meaning of the statute requires that a sale be operable the complete invention claimed be embodied in or obvious from the device offered for sale and the sale or offer be primarily for profit rather than for experimental purposes,holding that even credited testimony by an interested party absent corroborating documents is not sufficient to support a finding that a patent was anticipated by prior knowledge or use of the claimed invention,holding that the moving party must show prior art references which alone or combined with other references would have rendered the invention obvious to one of ordinary skill in the art at the time of the invention,holding that an assignment or sale of rights in the invention and potential patent rights is not a sale of the invention within the meaning of section 102b
224,"of petitioner’s TDCJ medical and mental health records, is wholly credible. Therefore, petitioner’s Ford/Panetti claim lacks any arguable merit. Petitioner is entitled to neither federal habeas corpus relief from this Court nor a continuation of his stay of execution. IV. Certificate of Appealability A. The Necessity for Obtaining a CoA The AEDPA converted the “certificate of probable cause” previously required as a prerequisite to an appeal from the denial of a petition for federal habeas corpus relief into a “Certificate of Appealability” (“CoA”). See Hill v. Johnson, 114 F.3d 78, 80 (5th Cir.l997)(recognizing the “substantial showing” requirement for a CoA under the AEDPA is merely a change in nomenclature from the CPC standard); Muniz v. Johnson, 114 F.3d 43, 45 (5th Cir.l997)(<HOLDING>). The CoA requirement supersedes the previous",189343,30319,2,case_hold_mc,holding that the standard of review for the sufficiency of the evidence is the same as the standard for denying a motion for a directed verdict,holding that even if the standard for waiver is clear the standard was not met,holding the standard for obtaining a coa is the same as for a cpc,holding that the standard for a motion for judgment on the pleadings is the same as the standard for a motion to dismiss,holding that the standard for supplementing an ea is the same as for an eis
225,"1179 n. 7 (8th Cir.1990) (“While [the McBroom factors cited in Baer] may have been relevant and sufficient in Baer to require the state to permit party designation, the same factors might not be relevant in a different context.... We too [having just cited this Court’s subsequent decision in Rainbow Coalition ] reject these factors as the exclusive or even necessarily the most reliable, indicators of the state registration procedure's constitutionality.”), with Atherton v. Ward, 22 F.Supp.2d 1265, 1267-68 (W.D.Okla.1998) (noting that it was ""bound by ... Baer"" and concluding that there was ""no difference in a constitutional sense between Oldahoma law and the Colorado law at issue in Baer""). See also Green Party of N.Y. v. N.Y. State Bd. of Elections, 389 F.3d 411, 422 (2d Cir.2004) (<HOLDING>). 6 . Our decision in Rainbow Coalition of",190197,30448,2,case_hold_mc,recognizing the states interest in preventing deception of consumers,holding that the governor did not have to obtain the consent of the senate for the appointment of a candidate when the first candidate had been rejected by the senate the senate was not in session at the time that the second candidate was appointed and because the legislature which created and therefore controlled the office did not require by statute that the governor seek the senates approval in those circumstances,recognizing that baer did not state a universal brightline rule for drawing the line with frivolous party registration but like baer holding that the ability to meet the requirements for placing a candidate on the statewide ballot is enough of an indication of support to overcome the states interest in preventing voter confusion,holding that the government interest in preventing crime is compelling,holding that an oklahoma law placing democratic party candidates in the highest ballot positions violated the equal protection clause
226,"F.3d 209, 213 (4th Cir.2004). The Fourth Circuit even characterized it “as a very close question” but concluded that a prima facie case had been made “because a reasonable trier of fact could conclude” there was causation. See id. (emphasis added). Additionally, the Fourth Circuit has held that establishing a prima facie case is, quite unremarkably, a “less onerous burden” than is conclusively establishing a causal connection. See Williams v. Cerberonics, Inc., 871 F.2d 452, 457 (4th Cir.1989); see also Karpel v. Inova Health Sys. Servs., 134 F.3d 1222, 1229 (4th Cir.1998) (“Although Karpel presents little or no direct evidence of a causal connection between her protected activity and Inova’s adverse action, little is required.”); McNaim v. Sullivan, 929 F.2d 974, 980 (4th Cir.1991) (<HOLDING>). But see, e.g., Kelley v. Goodyear Tire &",191050,30586,4,case_hold_mc,holding the plaintiff satisfies the burden of a prima facie case by a preponderance of the evidence,holding that where evidence showed plaintiffs supervisor considered transferring plaintiff the day before she was served with plaintiffs lawsuit there was no causal connection showing that the transfer was retaliatory,holding that the plaintiff failed to establish a prima facie case of retaliation because there was no evidence that the decisionmaker knew of the plaintiffs protected conduct,holding that because the plaintiff was not disabled for the purposes of the ada this court need not to address the other elements of the prima facie case,holding that the plaintiff made a prima facie case even though there was no evidence of causal connection other than the fact that the plaintiff was fired after bringing a lawsuit
227,"battery is to make “physical contact” without causing injury, and that physical contact does not have to be violent in nature. See, e.g., Illinois v. Peck, 260 Ill.App.3d 812, 198 Ill.Dec. 760, 633 N.E.2d 222, 223 (1994) (explaining that 720 ILCS 5/12-3 defines battery as making offensive contact with a victim “by any means,” which encompasses spitting at a peace officer). Moreover, a simple battery involving nonviolent physical contact can become “aggravated” by the addition of facts that have nothing to do with physical force. A battery can be aggravated because it causes “great bodily harm,” 720 ILCS 5/12-4(a), or because, as here, the victim is a “peace officer,” 720 ILCS 5/12— 4(b)(6) (2003); see Illinois v. Hale, 77 Ill.2d 114, 32 Ill.Dec. 548, 395 N.E.2d 929, 931-32 (1979) (<HOLDING>); Illinois v. McBrien, 144 Ill.App.3d 489, 98",191904,30720,1,case_hold_mc,holding that battery is an inherently included offense of aggravated battery,holding that aggravated battery of peace officer encompasses both insulting or provoking contact and battery resulting in bodily harm,holding that the evidence is sufficient to sustain a conviction for aggravated battery when the bodily member that is lost or rendered useless in the battery is a tooth,holding that aggravated battery is a lesser included offense of manslaughter,holding that under maryland common law an assault is an attempted battery an actual battery or a combination of the two
228,"courts. In Continental Ins. v. Page Engineering Co., 783 P.2d 641 (Wyo.1989), the Wyoming Court discussed the economic loss rule. The opinion provides in part: The recognized majority rule is that a claim for pure economic loss (the damage is only to the defective product) does not lie on a theory of negligence or strict liability. East River S.S. Corp. v. Transamerica Delaval, Inc., 476 U.S. 858, 106 S.Ct. 2295, 90 L.Ed.2d 865 (1986); Aloe Coal Company v. Clark Equipment Company, 816 F.2d 110 (3d Cir.1987), cert, denied 484 U.S. 853, 108 S.Ct. 156, 98 L.Ed.2d 111 (1987); Eart Engineering Company v. FMC Corporation, 593 F.Supp. 1471 (D.R.I.1984); Spring Motors Distributors, Inc. v. Ford Motor Company, 98 N.J. 555, 489 A.2d 660 (1985). See also Buckley v. Bell, 703 P.2d 1089 (Wyo.1985) (<HOLDING>). This rule is founded on solid policy",192758,30858,3,case_hold_mc,recognizing majority rule and collecting cases,recognizing rule,recognizing the tide of the majority of case law,recognizing the majority rule,recognizing distinction made by majority
229,"Inc., 412 F.3d at 385. SPI contends that ELIT is a coined term without any English meaning and that the ELIT Marks are thus fanciful and entitled to maximum protection under the Lanham Act. But a coined term is not a “fanciful” one merely because it cannot be found in Webster’s Third. To the contrary, “[a] slight misspelling of a word will not generally turn a descriptive word into a nondescriptive mark.” 2 J. Thomas McCarthy, McCarthy on Trademarks and Unfair Competition '§ 11:31 (4th ed.). “If the misspelling is so phonetically identical to the original descriptive term that buyers will recognize it as descriptive, then the misspelled mark is still ’descriptive.’ ” Id.; see also Standard Paint Co. v. Trinidad Asphalt Mfg. Co., 220 U.S. 446, 455, 31 S.Ct. 456, 55 L.Ed. 536 (1911) (<HOLDING>). Thus, “C-Thru” has been held descriptive in",193610,30999,3,case_hold_mc,holding that the continued use of licensed trademark after termination of franchise agreement constituted trademark infringement and breach of contract,holding that proof of unauthorized use of an original trademark by one whose license to use the trademark had been terminated is sufficient to establish the likelihood of confusion prong,holding that the defendants reference to the plaintiffs trademark in the metatags of the defendants web page was a violation of trademark law,holding that a trademark in ruberoid  a misspelling of rubberoid  was descriptive and did not become  arbitrary by being misspelled,holding that irreparable injury exists in a trademark case when the party seeking the injunction shows that it will lose control over the reputation of its trademark pending trial
230,"affirming the bankruptcy court’s denial of a motion to dismiss the Riffle’s bankruptcy petition, was a “final” decision of the district court within the meaning of 28 U.S.C. § 158(d) that conferred jurisdiction on this Court. Regardless of the finality of that decision, jurisdiction was proper by the time this Court heard the appeal. When Community Bank filed its notice of appeal of the district court’s judgment on September 9, 2008, the bankruptcy court had already confirmed the Riffles’ Chapter 13 bankruptcy plan, issuing its order on June 20, 2008. Such a confirmation order is a final order that may be appealed. See Maiorino v. Branford Sav. Bank, 691 F.2d 89, 91 (2d Cir.1982) (suggesting in dicta that such an order is final); cf. In re Layo, 460 F.3d 289, 293 (2d Cir.2006) (<HOLDING>); In re Am. Preferred Prescription, Inc., 255",194465,31143,4,case_hold_mc,holding that an unappealed contempt order by a bankruptcy court is a final judgment on the merits for res judicata purposes,holding that an order striking a standing trustees motion to convert a chapter 13 petition to a chapter 7 is interlocutory not final,holding that an unappealed order is a final judgment on the merits for res judicata purposes,holding that an order not denominated a judgment is not final for purposes of appeal,holding that chapter 13 order is a final judgment on the merits for preclu sion analysis purposes
231,"similarly not designed to apply to “a situation where the employee works an irregular number of hours according to a predetermined schedule.” Id. The section 207(k) exemption applies where the employer has adopted a qualifying “work period.” See Barefield v. Village of Winnetka, 81 F.3d 704, 710 (7th Cir.1996). The petitioners’ reliance upon language regarding employee consent and the preferability of reducing the agreement to writing in a section 207(f) employment situation is wholly unfounded. In fact, precedent addressing the section 207(k) scenario, as exists in the present ease, specifically holds that a municipality is not “required to obtain the consent of its [employees] before instituting a § 207(k) program.” Lamon, 972 F.2d at 1153 n. 10; see also Barefield, 81 F.3d at 710 (<HOLDING>); Birdwell v. City of Gadsden, 970 F.2d 802,",195316,31285,0,case_hold_mc,holding that employees approval is not required under section 207k system,holding that state law claims involving fdca section 510k medical devices which are subjected to a relatively cursory approval process were not preempted because the fda had taken the position that its regulations only preempted claims involving section 360ec devises which go through a rigorous premarket approval process,holding employees not entitled to dismissal pursuant to section 101106f where employees failed to present the trial court with a sufficient record to satisfy their burden,holding that probation department employees are not county employees,holding that employees could be required under mandatory securities registration form to arbitrate claims brought under adea
232,"This Court has reviewed these decisions and is in agreement with their reasoning and conclusions that the public policy exception does not give rise to a protected property interest in continued employment in this case. Likewise, the implied covenant is not the source of a protected property interest. The implied covenant of good faith and fair dealing applies to at-will employment and affords an employee the right to be dealt with fairly and in good faith. See Cantwell v. City of Boise, 146 Idaho 127, 191 P.3d 205, 213-14 (2008). Breach of the covenant may give rise to an action for wrongful termination but it does not convert at-will employment to term employment nor form the basis for a protected property interest. See Hollister v. Forsythe, 22 F.3d 950, 952-52 (9th Cir.1994) (<HOLDING>); Willnerd v. Sybase, Inc., No.",196172,31419,2,case_hold_mc,recognizing an implied covenant of good faith and fair dealing by all parties in the performance of a contract for the sale of real estate,recognizing cause of action for implied covenant of good faith and fair dealing in atwill employment contract,holding an implied covenant of good faith and fair dealing was insufficient to create a property interest in continued employment under montanas statutory scheme for at will employment,holding that the implied covenant of good faith and fair dealing is limited to performance under a contract,recognizing that evidence of breach of implied covenant of good faith and fair dealing may support punitive damages
233,"necessarily characterize it as an “accrued benefit” under the 2002 Regulation. Under this interpretation of the 2002 Regulation, Defendants’ rescission of the 1999 Benefits Increase for pre-February 1, 1999 retirees would clearly violate the anti-cutback rule. We reject Thornton’s interpretation of the 2002 Regulation because of the false dichotomy he draws between “ancillary” and “accrued” benefits. The Seventh Circuit recognized that a particular benefit, even if non-ancillary, would not be “accrued” for a retired participant if the benefit was “not included in the plan during the term of the participants’ employment.” See Williams, 497 F.3d at 713-14. Williams clarified the Seventh Circuit’s earlier position in Hickey v. Chicago Truck Drivers, 980 F.2d 465, 468-69 (7th Cir.1992) (<HOLDING>), upon which Thornton relied for the",197011,31558,0,case_hold_mc,holding pension conferred cola was an accrued benefit and not ancillary because it was intended to provide retirement income commenced only at retirement and was a benefit generally transferrable to succeeding employers,holding that retirement benefits are accrued benefits under erisa,holding that an extended earnings plan was not an employee pension benefit plan because the payment of benefits was not contingent upon retirement or the employee attaining a certain age,holding former wifes cause of action accrued at the time of former husbands failure to pay her the portion of his retirement benefits to which she was entitled which was no earlier than the date of his actual retirement,holding that  disposable retirement pay  from military pension was equal to gross retirement pay less federal income taxes
234,"the prescribed five working days after the registrant's birthday is not a defense. Barker, 34 Cal.4th at 350, 18 Cal.Rptr.3d 260, 96 P.3d 507 (""forgetting the mandatory registration requirement of section 290 is simply not a legitimate defense to the charge of willfully failing to register”). As a result, it is possible that Gonzalez violated § 290(a)(1)(D) through ordinary negligence by forgetting to register during the mandated five working day period. Because the record suggests that Gonzalez made a good faith effort to comply with the registration law, we find that little or no moral culpability attaches to his violation of § 290(a)(1)(D). 11 . Gonzalez’s sentence is also a high multiple of the plea offers he received. See Reyes v. Brown, 399 F.3d 964, 969 n. 9 (9th Cir.2005) (<HOLDING>). 12 . See, e.g., Rummel, 445 U.S. at 282, 100",197858,31682,0,case_hold_mc,holding that plea offers are relevant to determining whether a three strikes sentence is grossly disproportionate to the triggering offense,holding that penalty clauses are enforceable unless they are found to be grossly unreasonable,holding that in determining whether a crime is a continuing offense the court must focus on the nature of the substantive offense and not on the specific characteristics of the conduct in the case at issue,holding that sentencing court could consider whether the applicable guidelines were outdated and disproportionate but that imposing sentence based on the guidelines did not render sentence substantively unreasonable,holding that plea of guilty or nolo contendere is not rendered involuntary because it is a product of plea bargaining an accepted plea bargain must be recorded and court may accept a bargained plea to a lesser offense reasonably related to a charged offense
235,"in particular the potential complexity of the unbundled service that the client may have to handle on her own, the higher the burden on the lawyer to demonstrate that the client understood what she agreed to. For example, where adversary proceedings are unbundled, the lawyer must present sufficient evidence for the court to infer that the client understood the nature of an adversary proceeding, the likelihood of one arising in the client’s case, the client’s pro se responsibilities if one were to be filed, and the potential risks to the client’s interests depending on the probable outcomes. For matters as complex as bankruptcy, a signed retainer agreement that merely states that certain proceedings are excluded from the flat fee is unlikely to suffice. Cf. In re Cuddy, 322 B.R. at 15 (<HOLDING>). There must be a demonstrated link between the",198713,31824,3,case_hold_mc,holding that the filing of an adversary proceeding in the same court sis debtors petition but different bankruptcy case violated the automatic stay,holding pursuant to bankruptcy rule 7004b9 that because the creditor mailed the complaint and summons to the debtors attorney and to the address listed in the debtors bankruptcy petition service of process was sufficient even if the debtors were out of the country and did not actually receive notice of the complaint and summons,holding that bankruptcy court is without jurisdiction to control disposition of chapter 13 debtors property that is not property of the bankruptcy estate unless the property is related to the bankruptcy proceedings of the code,holding that a retainer agreements general payorwewill quit language was not specific enough to comply with a local rule that required bankruptcy attorneys to represent debtors in adversary proceedings unless the debtors expressly agreed otherwise,holding that a debtors  522d1 exemption was invalid when the debtor exempted proceeds from the prepetition sale of the debtors marital home which were paid to a judgment creditor with an attachment on the debtors interest in the home
236,"“is one that society is prepared to recognize as ‘reasonable’ ”. The constitutional legitimacy of an expectation of privacy is not dependent on the subjective intent of the individual asserting the right but on whether the expectation is reasonable in light of all the surrounding circumstances. Additionally, a determination of whether an expectation of privacy is legitimate or reasonable entails a balancing of interests. Id. 620 A.2d at 1118 (Citations omitted). Here, Mr. Cass obviously meant to keep the contents of his locker private from the public. Mr. Cass’ locker was locked, and this fact would indicate that he meant to keep the contents private. Simply because he did not own the locker does not preclude him from having an actual expectation of privacy. See, Bnmdidge supra (<HOLDING>); Commonwealth v. Gordon, 433 Pa.Super. 157,",199573,31965,1,case_hold_mc,holding that a dog sniff of the area outside the door of a hotel room is not a search under the fourth amendment or the texas constitution because the dogs sniff does not explore the details of the hotel room and the sniff reveals nothing about the room other than the presence of cocaine in which there is no legitimate privacy interest,holding that a hotel guest has a legitimate expectation of privacy in his room during the period of time for which the room is rented,holding that an overnight guest has a legitimate expectation of privacy in his hosts home,holding that defendant had reasonable expectation of privacy in a hotel room rented by relatives when he had a key to the room and permission to use the room at will,holding that a visitor to a hotel room for purposes of distributing drugs failed to establish a reasonable expectation of privacy in the room
237,"the common level ratio. The Board may hold a hearing to consider the objections, but it may also decide the objections have merit and adjust its calculations. If not satisfied with the outcome of the hearing, the taxpayer may “appeal de novo such ratio determination to the Commonwealth Court.” Id. It has long been established that “[wjhere a remedy is provided by an act of assembly, the directions of the legislation must be strictly pursued and such remedy is exclusive.” Lurie v. Republican Alliance, 412 Pa. 61, 63, 192 A.2d 367, 369 (1963). This Court has explained that “where a statutory remedy exists, it is exclusive unless the jurisdiction of the courts is preserved thereby.” Lashe v. Northern York County School District, 52 Pa.Cmwlth. 541, 417 A.2d 260, 264 (1980) (emphasis added) (<HOLDING>). Where the statutory remedy is an",200424,32100,1,case_hold_mc,holding that a district of columbia consumer protection statute that authorized representative actions and did not reference class action requirements or mandate class certification was a separate and distinct procedural vehicle from a class action and thus did not constitute a class action under cafa,holding that a litigant could not avoid the procedure prescribed by statute in favor of a class action in equity,holding that the right of all putative members of a proposed class in an action filed pursuant to kansass class action rule of civil procedure to file a separate action is preserved pending the determination of whether the initial case shall be maintained as a class action,recognizing cause of action by class member against class counsel for negligence in providing notice,holding that district court in making class certification decision should avoid focusing on merits of underlying class action
238,"various policymaking county officials who “combined to create an official County policy of illegal retaliation against plaintiffs based on racial motivations.” See Plaintiffs’ Opposing Memorandum, pg. 21. In plaintiffs view, evidence of this retaliatory policy is established primarily by initially awarding the GPP contract to another vendor (although plaintiffs were ultimately awarded the contract), ordering minuscule amounts of the product, and a derogatory statement made by Rodriguez, an individual who is not even a party to this case. These incidents, however, fail to constitute a custom or policy of retaliation “so permanent and well settled ... with the force of law.” See City of St. Louis v. Praprotnik, supra. See e.g., Hamilton v. Rodgers, 791 F.2d 439, 443 (5th Cir.1986) (<HOLDING>). Moreover, plaintiffs fail to present any",201273,32240,1,case_hold_mc,holding that two separate incidents of rape were perpetrated against the same victim where an appreciable period of time elapsed between the incidents and intervening events occurred during the interim,holding that a dozen racial incidents over a two and one half year period were too few to constitute a custom with the force of law,holding that five alleged incidents in four years were too few too separate in time and too mild  to create an abusive working environment,holding that two incidents of alleged excessive force are insufficient to show policy or custom,holding that only two overtly racial comments and one arguably racial remark over the course of the plaintiffs eight years of employment did not constitute pervasive conduct
239,"to sustain a conviction on each offense.” Thomas v. State, 277 Md. 257, 262, 353 A.2d 240, 244 (1976). For d stribute and possession are the same offense, we must next determine if retrial for the same offense is barred by double jeopardy. The double jeopardy prohibition against retrial for the same offense attaches in a jury trial when the jury is empaneled and sworn. See Illinois v. Somerville, 410 U.S. 458, 467, 93 S.Ct. 1066, 1072, 35 L.Ed.2d 425, 433 (1973); Blondes v. State, 273 Md. 435, 444, 330 A.2d 169, 173 (1975). Thus, after jeopardy attaches, retrial is barred if a mistrial is declared without the defendant’s consent unless there is a showing of “manifest necessity” to declare the mistrial. See United States v. Perez, 22 U.S. (9 Wheat.) 579, 580, 6 L.Ed. 165, 165 (1824) (<HOLDING>). Although there is no clear test to determine",202123,32368,4,case_hold_mc,holding that the trial court can and should grant a new trial if the manifest weight of the evidence is contrary to the verdict,holding that once the defendant is before the court the court will not inquire into the circumstances surrounding his presence there,holding that adverse credibility determinations under the real id act must take into consideration the individual circumstances of the applicant,holding that the trial court was not authorized to dismiss misdemeanor charges without the states consent on the basis that the state had refused to consent to fishers waiver of a jury trial,holding that a trial court may discharge a jury without the defendants consent whenever taking all the circumstances into consideration there is a manifest necessity for the act
240,"if they are to be successful in this appeal. It is important to note initially that the “Corrected Release” executed by the appellants is of no consequence to this appeal. By failing to assert the validity of the “corrected” releases in their point relied on or their argument, the appellants have abandoned any claim that the “Corrected Release” has legal force or effect in its own right which can be asserted against the respondent. See Black v. Cowan Const. Co., 738 S.W.2d 617, 619 (Mo.App.1987) (in applying Rule 84.04(d) which mandates that the point relied on contain the action or ruling of the court sought to be reviewed, the Court stated that violations of Rule 84.04(d) can cause abandonment of an argument on appeal); see also Cox v. Crider, 721 S.W.2d 220, 225 (Mo.App.1986), (<HOLDING>). Further, the original release executed by the",202980,32516,4,case_hold_mc,holding that an appellate court is not required to review an appellants point relied on which appears without citation of applicable or relevant authority,holding that the governments failure to argue harmless error results in a waiver of the argument,holding that the failure to identify or argue an issue in an opening brief constitutes waiver of that argument on appeal,holding that if an individual is possessed of state authority and purports to act under that authority his action is state action,holding that a failure to argue a point of error on appeal or produce supportive authority or state that there is no supporting authority acts as abandonment
241,"A.2d at 835 (“[I]t is elementary that mere presence is not, of itself, sufficient to establish that that person was either a principal or an accessory to the crime.”). Knowledge is an essential ingredient of the crime of possession of marijuana. Writing for the Court, Judge Eldridge discussed the knowledge requirement of § 287 in Dawkins v. State, 313 Md. 638, 649, 547 A.2d 1041, 1046 (1988): [A]n individual ordinarily would not be deemed to exercise ‘dominion or control’ over an object about which he is unaware. Knowledge of the presence of an object is normally a prerequisite to exercising dominion and control. The evidence in this case does not establish that Taylor had knowledge of the presence of the marijuana concealed in Myers’s, carrying bags. As clearly ind 711, 714 (1969) (<HOLDING>); Haley v. State, 7 Md.App. 18, 33, 253 A.2d",203836,32659,0,case_hold_mc,holding evidence insufficient for conviction of possession of marijuana amphetamines and barbiturates when those drugs were not found on the person of or in the same room as the defendant but were only found on other people on the premises,holding that the fortress theory applied where a firearm and marijuana were found on a night stand and cocaine was found in the same room as defendant had easy access to the firearm,holding evidence insufficient for conviction for possession of controlled dangerous substances when the drugs were not found on the person of or in the same room as the defendant but were only found on other persons on the premises,holding the district court did not clearly err in applying the enhancement where guns were found on the same premises from which the defendant trafficked drugs and were readily accessible to the defendant,holding evidence insufficient to establish defendant had physical or constructive possession of heroin when no drugs were found on his person and the only drugs discovered on the premises which he shared with the codefendant were secreted out of plain view
242,"made after a plenary hearing____ The Act contains rape-shield and confidentiality provisions, N.J.S.A. 2A:61B-1d to -1g, and in paragraph h, authorizes damages “in the amount of $10,000, plus reasonable attorney’s fees, or actual damages, whichever is greater.” Compensatory damages including but not limited to pain and suffering, medical expense, emotional trauma, diminished childhood and enjoyment of life, costs of counseling, and lost wages, as well as punitive damages, are recognized as recoverable. Ibid. The Act applies to the present matter by its terms, which provide that it “shall not apply to any action which is commenced before the effective date.” Historical and Statutory Note on N.J.S.A. 2A:61B-1 (1992). See also J.L. v. J.F., 317 N.J.Super. 418, 429, 722 A.2d 558 (App.Div.) (<HOLDING>), certif. denied, 158 N.J. 685, 731 A.2d 45",204691,32802,0,case_hold_mc,holding that the act applies prospectively to complaints filed after its effective date,holding that the aedpa applies to those habeas corpus petitions filed after its effective date of april 24 1996,holding that section 591610 applies to actions commenced before its effective date,holding that in general aedpas provisions apply to cases filed after its effective date,holding aedpa applicable to petition filed on or after aedpas effective date
243,"one district required an incumbent Democratic representative to run against an incumbent Republican representative. These pairings of incumbent congressman permitted the creation of an open congressional district in the southeastern part of the Commonwealth. In contrast to its treatment of Democratic incumbents, no Republican congressmen are forced to run against each other. Moreover, Act 1 splits eighty-four local governments, including twenty-five counties, fifty-nine cities, boroughs or townships, as well as forty-one wards. It also splits six voting precincts. II. Analysis A. Population Deviation The United States Constitution requires that each congressional district in a state contain equal population. See Wesberry v. Sanders, 376 U.S. 1, 18, 84 S.Ct. 526, 11 L.Ed.2d 481 (1964) (<HOLDING>). The Supreme Court has been exceedingly clear",205549,32933,4,case_hold_mc,holding that in criminal case a continuous chain of custody need not be proven as long as the evidence as a whole establishes that it is more probable than not that the object introduced is the same as that seized,recognizing that a stay is as much a refusal to exercise federal jurisdiction as a dismissal,holding as much,holding that the law in effect at the time a contract is made is as much a part of the contract as if incorporated therein,holding that art i  2 of the constitution requires that as nearly as is practicable one mans vote in a congressional election is to be worth as much as anothers
244,"they would have been inevitably discovered. Id. at 255-56. We noted that we have the authority to order such a remand pursuant to Minn. R.Crim. P. 28.05, subd. 2, and 29.04, subd. 11. Licari, 659 N.W.2d at 256. Giving Krause a full evidentiary hearing with appointed counsel remedies the district court’s violation of his due process rights. If, after the evidentiary hearing, the district court finds that Krause’s right to counsel was violated, the district court should then vacate the convictions and order a new trial. On the o 2, 53 (1999) (concluding “that the defendant forfeited his right to counsel by his persistent pattern of threatening, abusive, obstreperous, and uncoop erative behavior with successive assigned counsel”); State v. Carruthers, 35 S.W.3d 516, 550 (Tenn.2000) (<HOLDING>). Consistent with that case law, we conclude",206408,33055,0,case_hold_mc,holding that a defendant forfeited his right to counsel when he verbally abused and refused to communicate with a succession of attorneys,holding that defendant forfeited his right to counsel by verbally abusing and threatening to harm his attorney threatening to sue his attorney on four different occasions and attempting to persuade his attorney to engage in unethical conduct,holding that a habeas petitioner was not entitled to relief from a state courts determination that he had forfeited his right to counsel by physically assaulting his attorney and threatening to put a contract on his attorneys life,holding that a defendant was not constitutionally entitled to counsel at a probation revocation hearing when he admitted to violating the terms of his probation and refused the district courts offer to appoint counsel,holding that trial court need not appoint an interpreter where counsel indicated that he could communicate with defendant and that defendant could understand questions and answers
245,"child abuse coincides with the appropriate measures that child protective services employees acting pursuant to § 424 are supposed to undertake. Section 424 provides, in relevant part, that if “the child protective service ... determines that the best interest of the child require[s] family court or criminal court action, [it could] initiate the appropriate family court proceeding or make a referral to the appropriate district attorney, or both.” Under the SSL, conclusive proof of child abuse is not a requisite threshold to trigger reporting under § 424. See Isabelle V. v. City of New York, 150 A.D.2d 312, 541 N.Y.S.2d 809, 809 (App.Div.1st Dep’t 1989); see also Kempster v. Child Protective Services of the County of Suffolk, 130 A.D.2d 623, 515 N.Y.S.2d 807, 809 (App.Div.2d Dep’t 1987)(<HOLDING>). In Isabelle, hospital employees, pursuant to",207260,33189,1,case_hold_mc,holding that compliance with fda requirements though admissible to demonstrate lack of negligence is not conclusive on this issue just as violation of fda requirements is evidence but not conclusive evidence of negligence,holding that reporting requirements that are afforded immunity under  419 are not predicated on actual or conclusive evidence of abuse or maltreatment,holding that the substantive provisions and reporting requirements of an unclaimed property law are valid as applied to national banks,holding that defendants are not entitled to qualified immunity,holding that trial courts resolution of disputed facts are conclusive on appeal when supported by substantial evidence
246,"The allegations of retaliation found in the FAC are not “like or reasonably related” to the allegations contained in the charge. Nor are the new claims of retaliation consistent with Plaintiffs original theory of the case — sex discrimination and hostile work environment. Plaintiffs EEOC charge does not include an allegation of retaliation or facts that would support the claim of retaliation she now makes. Her charge to the EEOC was narrow in scope, focusing exclusively on sex discrimination. The Court therefore finds that Plaintiff did not exhaust her retaliation claim at the administrative level and will dismiss her retaliation claims under Title VII and ACRA for lack of subject matter jurisdiction. See Epps v. Phoenix Elementary Sch. Dist., 2009 WL 996308 (D.Ariz. April 14, 2009) (<HOLDING>). B. Negligent Misrepresentation (Third Claim",208120,33323,0,case_hold_mc,holding plaintiff did not exhaust his retaliation claim where his eeoc charge made no mention of retaliation,holding that a title vii retaliation claim was not properly before the court because although the plaintiff had not been fired when he filed his complaint the plaintiff never amended his complaint to include a claim of retaliation based on his termination,holding that if the alleged retaliatory action occurs before the initial eeoc charge is filed a plaintiff must exhaust his administrative remedies as to that claim by including factual information in the charge that discloses the factual basis for the retaliation claim,holding that a plaintiff need not exhaust his administrative remedies to bring a retaliation claim,holding court did not have jurisdiction to hear plaintiffs retaliation claim where plaintiff did not check the retaliation box or describe anything that indicates such a claim in the eeoc complaint
247,"[The landlord] is not subject to liability to invitees of the lessee who come upon the premises for a business purpose other than that for which they are open to the public, as in the case of a truck driver delivering provisions to a restaurant. The lessor is not liable to licensees of the , lessee who come for another purpose, as in the case of the friend of the restaurant keeper who comes to pay a social call. Restatement (Second) of Torts § 359 comment e (1965). ¶20 Courts in other jurisdictions have cited this comment in declining to impose liability on owner-landlords for injuries suffered on their leased premises by ■tradesmen who came onto the premises at the behest of the tenant for work-related activities. See Rollo v. Kansas City, 857 F.Supp. 1441, 1443-45 (D.Kan.1994) (<HOLDING>); Horstman v. Glatt, 436 S.W.2d 639, 641, 643",208977,33456,3,case_hold_mc,recognizing a landlords duty for injuries sustained on leased premises where the landlord is aware that the premises are leased with intent to admit the public,holding that abandonment requires that tenant vacate the leased premises,holding that signs placed on the inside of a leased space were not alone sufficient to provide notice of control of any part of the premises by anyone other than the debtor,holding under kansas law that a plumber who was injured while inspecting the leased premises in order to prepare an estimate for plumbing work had not entered the premises for the purpose for which they were leased and thus could not rely on the public use exception,holding that the public use exception was not applicable because the injury to the tenants employee occurred in an area of the leased premises that was not open to the public but was used only by employees
248,"Furthermore, we are confident that the City does not contemplate returning to its prior zoning ordinance, given our strict disapproval of this type of governmental “flip-flopping.” See Jews for Jesus v. Hillsborough County Aviation Auth., 162 F.3d 627, 630 (11th Cir.1998). In such an instance, the courthouse door would remain open for reinstatement of such a law suit. Id. We are convinced that since the City harbors no intentions of returning to the prior zoning ordinance this case does not fall within an exception that would require us to retain jurisdiction. REVERSED and REMANDED, with instructions to DISMISS for lack of subject matter jurisdiction. 1 . In addition to this case, National also filed a second suit against the Ci 02 S.Ct. 867, 869, 70 L.Ed.2d 855 (1982) (per curiam) (<HOLDING>); Kremens v. Bartley, 431 U.S. 119, 128-29, 97",209830,33603,3,case_hold_mc,holding that interpretation of regulation by va that conflicted with plain meaning of regulation not entitled to deference,holding that pma process is not specific regulation because the requirements are not contained in formal regulation,holding that where a regulation could not fairly be read to have spoken at all on an issue an agencys proposed interpretation of the regulation as it pertained to that issue was not a reasonable interpretation of the regulation,holding that the challenge to a university regulation was moot because the regulation had been substantially amended,holding that universitys amendment of regulation made moot a challenge to regulations
249,"without restrictions. This testimony from Doctor Wolfe, which was the only expert medical testimony offered, does not support Mrozg's assertion that Harrison's failure to cooperate with prescribed treatment, exaggeration of symptoms, and failure to complete physical therapy aggravated or increased his injuries. To the contrary, Doctor Wolfe testified that ninety percent of people with Harrison's soft tissue injuries ""get well within three (8) months, ninety (90) days"" and that Harrison recovered in approximately seven weeks. Tr. at 185. Accordingly, we cannot say that the trial court abused its discretion when it determined that the evidence did not support the giving of the mitigation of damages instruction. See, e.g., Kristoff v. (Glasson, 778 N.E.2d 465, 474 (Ind.Ct.App.2002) (<HOLDING>). For the foregoing reasons, we affirm the",210687,33743,2,case_hold_mc,holding that a plaintiff can seek statutory damages even in the absence of actual damages,holding that plaintiffs proof that she became depressed and was prescribed depression medication by her family physician was insufficient to support claim and stating evidence that randolph is very depressed and very upset is insufficient to sustain damages for mental anguish,holding that evidence that plaintiff did not regularly perform her prescribed exercises was insufficient to support a mitigation of damages claim in the absence of physician testimony that she failed to mitigate her damages,holding that the plaintiff failed to raise an issue of fact regarding her retaliation claim because she failed to offer any evidence of a causal relationship between her involvement in protected activity and the adverse employment action,holding in a landlordtenant dispute that even though defendant proved failure to mitigate damages because it did not also prove how much the plaintiffs damages increased by failure to mitigate the trial court did not err in refusing to reduce plaintiffs damages
250,"cannot conclude based on the information in the record that the CIA’s search fulfilled these requirements as to item 6. The Koch Declaration explains that the CIA’s Public Information Programs Division “manages the processing of FOIA requests, including any assessment of fees associated with FOIA requests,” so the administrative files of that division are “most reasonably likely to contain documents or information pertaining to the assessment of fees associated with Hall’s requests.” Koch Deck ¶ 32. But the Declaration does not state that other divisions, such as those that performed searches, are unlikely to have any records related to Hall’s requests or the Agency’s fee assessments. Such a statement is necessary to determine that a search was reasonable. See Oglesby, 920 F.2d at 68 (<HOLDING>). Therefore the Court denies summary judgment",211537,33868,4,case_hold_mc,holding that reasonably detailed affidavits or declarations must set  forth the search terms and the type of search performed and avert  that all files likely to contain responsive materials if such records exist were searched,holding that the agency did not have an obligation to search for and produce the documents the plaintiff claimed entitlement to because the plaintiffs foia request gave no indication that she sought those particular documents,holding that the sanction the agency imposed was not rationally arrived at on this record and was wholly disproportionate to the error petitioner committed where inter alia the agency did not explain why it had not taken the same position  in similar circumstances in the past,holding an agency need not demonstrate that all responsive documents were found and that no other relevant documents could possibly exist,holding that summary judg ment was not appropriate where the agency limited its search to one record system without making clear that the single system was the only possible place that responsive records are likely to be located and stating that at the very least the agency was required to explain in its affidavit that no other record system was likely to produce responsive documents
251,"for Timely Disposition” adopted by the Oregon Judicial Conference, “‘90% of all misdemeanors, infractions and other nonfelony cases should be adjudicated *** within 90 days from the date of arraignment, 98% within 180 days and 100% within one year, except for exceptional cases in which continuing review should occur.’” Brunoe, 204 Or App at 756 (quoting State v. Emery, 318 Or 460, 471 n 17, 869 P2d 859 (1994)). Simply put, we have not found an appellate decision in which the court upheld the denial of a motion to dismiss under ORS 135.747 in a misdemeanor case where, as here, the cumulative period of delay attributable to the state exceeded 15 months and where a significant part of the delay was determined to be unreasonable. See State v. Dobson, 240 Or App 315, 245 P3d 704 (2010) (<HOLDING>); Ton, 237 Or App at 453 (holding that",212395,34000,3,case_hold_mc,holding that dismissal of indictment was abuse of discretion when delay attributable to the government was twelve months,holding only two months of four year and eight month delay attributable to commonwealth where defendant fled and concealed his whereabouts for four years and six months,holding that petitioners unexplained hence unjustified delay of at least six months was not reasonable for purposes of california law,holding that dismissal was required where overall length of prosecution was 16 months state was responsible for 13 months of delay and six months of that delay was due to simple neglect,holding that a 15month delay of which four months were unexplained was reasonable in a felony prosecution
252,"interest of safety and security at the institution. Accordingly, the order of the district court denying Hyde’s petition for writ of habeas corpus is affirmed in part and reversed in part. Chief Judge LANSING and Judge PERRY concur. 1 . Roles was addressed in the context of FERPA. However, as we discuss below, there is no distinction between FERPA’s compelling govern mental interest standard and that embodied in RLUIPA. 2 .Some states along with the Federal Bureau of Prisons allow sweat lodges and other Native American religious practices at maximum security prisons. See Pounders v. Kempker, 79 Fed. Appx. 941, 943 n. 2 (8th Cir.2003) (noting that Missouri eventually built a sweat lodge at its maximum security Potosi Correctional Center); Allen v. Toombs, 827 F.2d 563 (9th Cir.1987) (<HOLDING>); Morrison v. Cook, 1999 WL 717218, *4 (D.Or.",213243,34147,4,case_hold_mc,holding that removal from house arrest and return to general prison population was a matter of inmate classification,holding that africanamerican plaintiffs claims that defendants should have known that placing him in a jail with a large population of white inmates put him at risk of being attacked were without merit because the plaintiff had not alleged any specific facts which would show that he was in danger of being assaulted by the other inmates,holding that prison conditions are those aspects of prison life affecting the entire prison population,recognizing general rule,recognizing that general population inmates at oregon maximum security prison were allowed to participate in weekly sweat lodge ceremonies
253,"593, 598 (4th Cir.), cert. denied, — U.S. -, 117 S.Ct. 1, 135 L.Ed.2d 1098 (1996), and of mixed questions of law and fact, see Miller v. Fenton, 474 U.S. 104, 106 S.Ct. 445, 88 L.Ed.2d 405 (1985). However, the state court’s factual findings underlying those determinations are presumed to be correct and binding, as long as they were made after a full, fair, and adequate hearing on the merits. See 28 U.S.C.A. § 2254(d) (West 1994) (pre-AED-PA); see also Sumner v. Mata, 449 U.S. 539, 546-47, 101 S.Ct. 764, 768-69, 66 L.Ed.2d 722 (1981). The habeas petitioner bears the burden of es ing that the findings of the trial court on discriminatory intent in Batson challenge are reviewed for clear error); Dayton Bd. of Educ. v. Brinkman, 443 U.S. 526, 534, 99 S.Ct. 2971, 2977, 61 L.Ed.2d 720 (1979) (<HOLDING>); Jones v. Plaster, 57 F.3d 417, 421 (4th",214099,34285,2,case_hold_mc,holding that the intent to discriminate under batson is a pure issue of fact subject to review under a deferential standard,holding that the question of causation in a prima facie case of retaliation brought under general statutes  46a60 is factual in nature and thereby subject to the clearly erroneous standard of review,holding that the finding of intent to discriminate is a factual determination subject to the clearly erroneous standard of review,holding that pretext is subject to the clearly erroneous standard,holding that a finding of accommodation is reviewed under the clearly erroneous standard of review instead of under a de novo standard
254,"and murdered Special Agent Watson. (Doc. 15.) Defendant—similar to the defendant in Mohammad-Omar—had ample reason to anticipate being into a court for allegedly committing a criminal offense. The extradition treaty between the United States and Colombia specifically permits the extradition of Colombian nationals to the United States for prosecution for kidnapping and murder. See Extradition Treaty with the Republic of Colombia, U.S.-Colom., Sept. 14, 1979, S. Treaty Doa No. 97-8 (1981). Both the Ninth Circuit and the D.C. Circuit have construed treaties as providing notice that “certain generally condemned acts are subject to prosecution by any party to the treaty.” United States v. Ali, 718 F.3d 929, 944 (D.C.Cir.2013) (citing United States v. Shi, 525 F.3d 709 (9th Cir.2008)) (<HOLDING>). The Court similarly construes this",214955,34435,2,case_hold_mc,holding that the fourteenth amendment which makes persons bom in the united states and subject to its jurisdiction citizens of the united states and requires that representatives be apportioned among the states based on population excluding indians not taxed did not make an indian a citizen of the united states,holding that the commandant of the united states disciplinary barracks and the united states are identical parties,holding that prosecution of defendant in the united states for hostage taking based on acts committed outside the united states did not violate due process,holding that despite plaintiffs allegations of a conspiracy they did not suggest that any of the acts committed by individual defendants occurred in the united states,recognizing federal constitutional claim against the united states
255,"that the “deliberate withholding of exculpatory information” is included within the “legitimate exercise of prosecutorial discretion”); Long v. Satz, 181 F.3d 1275, 1279 (11th Cir.1999) (per curiam) (quoting and affirming opinion of the district court to confirm the principle that, because “ ‘[t]he task of evaluating the credibility of the alleged exculpatory information, and of determining its bearing on the trial and the prosecutor’s decision whether to confess error and agree to have the verdict set aside, no doubt requires the exercise of prosecutorial discretion,’ ” a prosecutor is protected by absolute immunity for the failure to turn over exculpatory evidence that was discovered shortly after the defendant was sentenced); Carter v. Burch, 34 F.3d 257, 263 (4th Cir.1994) (<HOLDING>); Ybarra v. Reno Thunderbird Mobile Home",215799,34561,2,case_hold_mc,holding the prosecutor is required to present exculpatory evidence to the grand jury,holding absolute immunity protects prosecutor from liability for failing to give defense counsel materially exculpatory evidence,holding that a prosecutors decision whether or not to give defense counsel evidence alleged to be materially exculpatory which was either discovered after the  1983 plaintiffs arrest but before his conviction or while the prosecutor was still functioning as an advocate for the state in posttrial motions and preparations for appeal is clearly part of the presentation of the states case and therefore a prosecutor is absolutely immune from liability for failure to turn over evidence,holding that prosecutors were absolutely immune for withholding exculpatory evidence in violation of a court order because the order was issued in response to a defense motion for any exculpatory evi dence and thus required the prosecutors to make judgments,holding that prosecutors are absolutely immune from liability for their knowing or inadvertent failure to disclose materially exculpatory evidence
256,"criminal statutes. In addition, the disclosures do not subject the defendant to a real danger of self-incrimination since the source of the funds is not disclosed----Thus, the defendant has failed to show that the Bank Secrecy Act violated any individual right [that] ... Grosso seek to protect.”). Likewise, the provision at issue here, 31 C.F.R. § 1010.420, applies to hundreds of thousands of foreign bank accounts. “There is nothing inherently illegal about having or being a beneficiary of an offshore foreign banking account.” In re Grand Jury Investigation M.H., 648 F.3d at 1074. Because the record-keeping requirements of 31 C.F.R. § 1010.420 do not target inherently illegal activity, the provision is essentially regulatory in nature. See In re Grand Jury Subpoena, 696 F.3d at 435 (<HOLDING>); In re Special February 2011-1 Grand Jury",216645,34688,4,case_hold_mc,holding civil factual sufficiency preservation requirements do not apply in criminal context,holding that the federal register notice requirements do not apply to federal criminal statutes,holding that sornas registration requirements and criminal enforcement provision are proper under the commerce clause,holding that regulatory requirements are not jurisdictional in nature,holding that because the bsas recordkeeping requirements serve purposes unrelated to criminal law enforcement and because the provisions do not exclusively target people engaged in criminal activity we conclude that the requirements are essentially regulatory satisfying the required records exceptions first prong
257,"that it can be restored, as when a house suffers smoke and water damage in a fire, the tort-feasor is liable for the costs of restoring the property to its former condition, up to the total value of the property. Applying these rules to fire-damaged trees is problematic. Is it the loss of the tree that is permanent, or the loss to the real estate? A tree that has burned and is dead is permanently destroyed, but the land on which the tree was located can be restored, either immediately by bringing in a fully grown tree or by planting a sapling. The question of “permanent” versus “temporary” damage is ultimately less helpful than the question of how the trees were used and their intrinsic value to the property. See, e.g., Mosteller v. Naiman, 416 N.J. Super. 632, 638, 7 A.3d 803 (2010) (<HOLDING>). One legal encyclopedia explains the use-value",217498,34822,0,case_hold_mc,recognizing that quantifying damages for trees is a  complex subject  that depends upon the evidence in the particular case ,holding that suppression of secondary evidence depends on whether the police obtained the evidence through an exploitation of the prior illegality,recognizing that moving to the second stage of the saucier analysis is appropriate when the existence of a constitutional violation depends upon the resolution of uncertain state law,holding that the question whether section 3553b permits departure in some particular case is subject to plenary review,holding that the denial of due process in a particular case is subject to harmless error analysis
258,"case. We conclude, based upon Rambert and Nobles, that the evidence here supported three separate charges against defendant McDaniel. Consequently, the trial court did not err in entering three judgments against defendant McDaniel for discharging a weapon into occupied property. Defendant McDaniel also argues that he received ineffective assistance of counsel because his trial counsel failed to move, based on double jeopardy grounds, to arrest judgment on two counts of discharging a weapon into occupied property. Since we have concluded that defendant McDaniel could properly be convicted of and sentenced for all three counts, he cannot show that his attorney failed to provide effective assistance of counsel. See State v. Brewton, 173 N.C. App. 323, 333, 618 S.E.2d 850, 858 (2005) (<HOLDING>). We, therefore, conclude defendants received a",218358,34973,3,case_hold_mc,recognizing a constitutional claim for ineffective assistance of counsel,holding that defendant may raise claim of ineffective assistance of counsel on direct appeal only if ineffective assistance is conclusive from the record,holding that failure to object to admissible evidence was not ineffective assistance of counsel,holding where defendant challenged jury instruction and also claimed ineffective assistance of counsel based upon his counsels failure to object to instruction because we find no error in the instructions defendants claim for ineffective assistance of counsel must also be rejected,holding no ineffective assistance of appellate counsel claim for failure to raise as basis for appeal of conviction ineffective assistance of trial counsel where basis for the latter claim was inadequate
259,"of an ex parte injunction were the threatened loss of inventory/goods and the improper dissipation of Playcom’s assets. Such injuries fail to qualify as irreparable harm since they are capable of being quantified for the purpose of imposing an award of money damages. Haitian’s filings indicate that the instant controversy is basically a financial dispute between Haitian and his daughter concerning the dissolution of their Playcom business. Haitian’s pleadings do not set forth any allegation of an imminent harm such as a breach of an enforceable restrictive covenant or a misappropriation of trade secrets or customer lists. Therefore, the trial court’s ex parte injunction order must be stricken. See Jefferies & Co., Inc., v. Int’l Assets Holding Corp., 830 So.2d 256 (Fla. 5th DCA 2002)(<HOLDING>). The temporary injunction order is STRICKEN.",219214,35102,0,case_hold_mc,holding that trial court erred in granting ex parte temporary injunction prohibiting marketing activities of defendant company because there had been no showing that plaintiff company would likely suffer irreparable harm or lacked an adequate remedy at law,holding in part that the trial court abused its discretion in granting a temporary injunction in the absence of a showing that the plaintiff did not have an adequate remedy at law,holding that trial court did not abuse its discretion by granting such a temporary injunction,holding that temporaryinjunction orders simple recitation of conclusory statement that plaintiff will suffer an irreparable injury for which it has no other adequate legal remedy does not satisfy rule 683s requirement that a temporary injunction order specify reasons why plaintiff will suffer irreparable harm for which there is no adequate remedy at law,holding that a movant for a preliminary injunction must first demonstrate that it is likely to suffer irreparable harm in the absence of the requested relief
260,"her, the trial court could either strike the witness’s direct testimony or declare a mistrial. Best v. Tavenner, 189 Or 46, 54, 218 P2d 471 (1950). More recently, the court has recognized that, although not required to do so, a trial cotut may strike a criminal defendant’s testimony who refuses to submit to cross-examination. Mende, 304 Or at 21. The court has not had occasion until now to identify the principles that should guide a court’s discretion when a party refuses to answer only some cross-examination questions. We turn to that question. A criminal defendant has both a statutory and a constitutional right to testify in his or her own defense. See ORS 136.643 (statutory right); State v. Lotches, 331 Or 455, 483 n 10, 17 P3d 1045 (2000), cert den, 534 US 833 (2001) (<HOLDING>). As the court has recognized, however, a",220071,35234,3,case_hold_mc,recognizing that criminal defendants right to testify is subject to crossexamination,holding right to testify was federal constitutional right,recognizing cause of action against federal officials for violation of constitutional rights,recognizing defendants state and federal constitutional rights to testify,holding that state rights are equivalent to federal rights in this area
261,"that ease were being introduced to show wrongdoing on occasions other than those which were the subjects of the government’s indictment. (The government’s indictment in that case was based on invalid prescriptions issued to undercover officers.) Here, however, there-is no violation of Rule 404(b) because the evidence was not introduced to show that Leal had done something illegal in the past and thus must have been guilty of the current offense. Rather, Leal was indicted partly on the basis of the evidence in those medical records. Moreover, it was Leal, not Dr. Sripinyo, who was on trial, making Jones inapposite. This case is more like United States v. Lash, 937 F.2d 1077, 1087 (6th Cir.), cert. denied sub nom. Ross v. United States, 502 U.S. 949, 112 S.Ct. 397, 116 L.Ed.2d 347 (1991) (<HOLDING>). The medical records in-this case could have",220912,35378,0,case_hold_mc,holding there was no rule 404b violation where the evidence was admitted to show knowledge and knowledge was an element of the crime charged,holding that admission of rule 404b evidence was proper,holding that the knowledge requisite to knowing violation of a statute is factual knowledge as distinguished from knowledge of the law,holding that by including a knowledge element in two sections of a statute the legislature demonstrated that it knew how to express its intent to require a knowledge element rendering the absence of the element in another statute supportive of the inference that the legislature did not intend for there to be a knowledge element,holding admission of prior conviction under rule 404b appropriate where it was necessary to prove knowledge and a limiting instruction was given
262,"the payment of “prevailing rates” and “regular charges,” Payne could not maintain a cause of action alleging unreasonable, unconscionable and excessive charges. See id. at 1241. The trial court dismissed the complaint; however, on appeal, the First District reversed holding that Payne had alleged the necessary elements to state a cause of action, that he did not need to anticipate Humana’s affirmative defenses, and that Humana’s arguments were more properly raised in an answer rather than in a motion to dismiss. See id. The court held that since the contract between Humana and Payne did not expressly set the governing prices within its four corners, Humana was bound by a reasonableness requirement. See id. (citing F.L. Stitt & Co. v. Powell, 94 Fla. 550, 556, 114 So. 375, 378 (1927)(<HOLDING>); McGill v. Cockrell; 88 Fla. 54, 58, 101 So.",221772,35520,1,case_hold_mc,holding that aln attorney who is employed under a contingent fee contract and discharged pri or to the occurrence of the contingency is limited to quantum meruit recovery for the reasonable value of the services rendered to the client and may not recover the full amount of the agreed contingent fee,holding that where a contract for legal services fails to expressly provide for the amount of the fee a reasonable fee is implied,holding that petitioner had failed to exhaust alternative remedies for review of his fee agreement because the ssa notified petitioner he could obtain his fee by filing a fee petition,holding that in determining the reasonableness of attorneys fees under federal fee shifting statutes courts may not enhance the fee award above the lodestar amount to compensate attorneys for assuming the risk of receiving no payment for their services if the lawsuit failed,holding that the fee applicant bears the burden of showing that  an adjustment is necessary to the determination of a reasonable fee 
263,"instruction was “a powerful indictment of [Smith’s] case and arguments.” She claims that there was no way to cure the effect of this instruction. We disagree. The trial court could have made any error harmless by clarifying its instruction to allow the jury to consider the evidence that Smith claims should not have been excluded. Smith therefore had to object to preserve error on this ground, and she did not do so. Accordingly, we overrule her second issue. Having overruled both of Smith’s issues, we affirm the trial court’s judgment. WALKER, J. filed a dissenting opinion. 1 . See Tex.R. Civ. P. 286; Goode v. Ramey, 48 S.W.2d 719, 722 (Tex.Civ.App.-El Paso 1932, writ ref'd). 2 . See Pate v. Texline Feed Mills, Inc., 689 S.W.2d 238, 245 (Tex.App.-Amarillo 1985, writ ref’d n.r.e.) (<HOLDING>); see also Texaco, Inc. v. Pennzoil Co., 729",222628,35660,0,case_hold_mc,holding that by not objecting the appellants had waived any error in the trial courts correction of typographical errors in the charge,holding that the plain error review provided for in ocga  17858 is waived where the defendant requested the charge in question and made no objection to the charge at trial,holding appellant waived issue on appeal by not objecting to or protesting the motion to strike before trial court,holding that trial courts jury charge did not amount to reversible error given that plaintiff failed to show she was prejudiced by inapplicable portion of trial courts charge,holding that we ordinarily review jury instruction challenges for correction of errors at law
264,"provide: (a) Interference with rights (1) Exercise of rights It shall be unlawful for any employer to interfere with, restrain, or deny the exercise of-or the attempt to exercise, any right provided under this subchapter. (2) Discrimination It shall be unlawful for any employer to discharge or in any other manner discriminate against any individual for opposing any practice made unlawful by this sub-chapter. Id. § 2615. B. Whether Sievers was eligible for leave under the FMLA. In its motion for summary judgment, Iowa Mutual alleged Sievers failed to show a genuine issue of material fact regarding whether she was eligible for leave under the FMLA. Although the district court did not base its ruling on this ground, we can address it. See Bensley v. State, 468 N.W.2d 444, 445 (Iowa 1991) (<HOLDING>). One ground of Iowa Mutual’s eligibility",223480,35803,3,case_hold_mc,holding that appellate court in affirming trial courts decision may rely in part on a ground not presented to trial court,holding that an appellate court may affirm a grant of summary judgment on any ground appearing in the record even if the circuit court did not rely on it,holding that this court may affirm a grant of summary judgment on any ground appearing in the record regardless of whether the circuit court relied on it,holding that appellate court can uphold a trial courts ruling on any ground appearing in the record whether urged in the trial court or not,holding that appellate court reviewing trial courts habeas corpus ruling must review record evidence in light most favorable to ruling and uphold ruling absent abuse of discretion
265,"pierce the corporate veil so as to reach individual stockholders” (emphases added)); see also Port Chester Electric Const. Co. v. Atlas, 40 N.Y.2d 652, 656-57, 389 N.Y.S.2d 327, 357 N.E.2d 983 (N.Y.1976) (finding that the owner of a judgment-proof corporation had fraudulently conveyed its assets to other entities that the owner controlled, but declining to pierce the corporate veil on that basis). By the same token, evidence that a controlling party executed a constructively fraudulent transfer with a deceitful or unjust purpose can justify veil-piercing, even absent a successful claim under DCL § 276. See Atateks Foreign Trade Ltd. v. Private Label Sourcing, LLC, No. 07-CV-6665, 2009 WL 1803458, at *15-16, *18 (S.D.N.Y. June 23, 2009) (Baer, J.), aff'd, 402 Fed.Appx. 623 (2d Cir.2010) (<HOLDING>). E. Burdens of Proof The parties agree — and",224335,35943,0,case_hold_mc,holding that a corporations payment of commissions to one of its owners was constructively fraudulent under dcl  273 and justified piercing the corporate veil because the commissions were inappropriately transferred for the owners personal use without compensation to the corporation apparently as part of a kickback scheme devised by the owner,holding that the district court had personal jurisdiction over the defendant when the site of a copyright owners alleged injury is the location of the copyright owner,holding that individual owners lacked standing to assert the loss of a business opportunity that belonged to their firm and not to them individually noting that had the corporation declared bankruptcy it is certain that the owners would not be so quick to request that we disregard the corporate form,recognizing that the right of redemption is one of the most important rights provided by the states to owners of real property,holding that deference to the guidelines depends on the thoroughness of the commissions analysis and the validity of its reasoning
266,"as “[a] voluntary agreement between opposing parties concerning some relevant point.” Black’s Law Dictionary 1427 (7th ed. 1999). The agreed order entered into by the parties on September 9, 1997, also constituted a voluntary agreement between opposing parties concerning a relevant issue. Respondent also claims that Gibbs conflicts with another case from the Fourth District, In re Marriage of Fox, 191 Ill. App. 3d 514 (1989). We d 4, 618-19 (1993) (concluding that trial court’s authority to modify child support was limited to relief sought in petition); In re J.K., 229 Ill. App. 3d 569, 573-74 (1992) (noting that court is without authority to revoke minor’s probation without having before it a petition requesting such relief); Ottwell v. Ottwell, 167 Ill. App. 3d 901, 908-09 (1988) (<HOLDING>). Finally, we note that respondent’s reliance",225195,36078,1,case_hold_mc,holding that when a respondent fails to challenge factual allegations contained in a petition for the writ of mandamus the appellate court accepts as true the factual statements in the petition,holding that the trial court erred in unilaterally modifying pastdue and future childsupport payments where the only petition before the court was a petition for citation alleging that the respondent was in arrears in his child support,holding a petition unexhausted because the petition provides no citation of any case that might have alerted the court to the alleged federal nature of the claim and the petition does not contain a factual description supporting the claim citations omitted,holding that the trial court had not erred in including the cost of health insurance covering both the custodial parent and the parties child in determining the noncustodial parents childsupport obligation,holding that before denying petition trial court must conduct an evidentiary hearing and state specific reasons for denying the petition
267,"Before the District Court, Transfield alleged that Weaver was at all material times the corporate alter ego of ICI, and sought to attach Weaver’s property even though the underlying charter dispute involved only ICI. We note that because maritime attachments are granted “on the pleadings,” we assume all allegations in the complaint to be true. See Aqua Stoli Shipping Ltd. v. Gardner Smith Pty Ltd., 460 F.3d 434, 438 (2d Cir.2006). On November 19, 2008, garnishee BNP Paribas, acting pursuant to the Attach ment, restrained funds belonging to Weaver pursuant to the Attachment. On March 6, 2009, Weaver moved to vacate the Attachment on the grounds that (1) if Weaver is not the alter ego of ICI, Transfield would not have a valid prima facie maritime claim against Weaver, see id. at 445 (<HOLDING>); or (2) if Weaver is indeed the alter ego of",226051,36212,4,case_hold_mc,holding that a prima facie case is subject to independent review,holding to establish a prima facie case of racial discrimination a plaintiff must show he 1,holding the plaintiff satisfies the burden of a prima facie case by a preponderance of the evidence,holding plaintiff must make concrete showing of a prima facie claim of actionable harm denying motion to quash subpoena to undercover identity of doe defendants where inter alia plaintiff offered sufficient evidence to show it could establish prima facie claim,holding that for a rule b attachment to issue plaintiff must state a valid prima facie admiralty claim against the defendant
268,"I would, in sum, wholly affirm the judgment of the district court on the basis of its summary judgment decision, which I commend unreservedly. See Kolbe v. O’Malley, 42 F.Supp.3d 768 (D.Md.2014). I. A. Let’s be real: The assault weapons banned by Maryland’s FSA are exceptionally lethal weapons of war. In fact, the most popular of the prohibited semiautomatic rifles, the AR-15, functions almost identically to the military’s fully automatic M16. Significantly, the Supreme Court in its seminal Heller decision singled out “M-16 rifles and the like,” i.e., arms “that are most useful in military service,” as being “dangerous and unusual weapons” not even protected by the Second Amendment. See District of Columbia v. Heller, 554 U.S. 570, 624-25, 627, 128 S.Ct. 2788, 171 L.Ed.2d 637 (2008) (<HOLDING>). Similar to the district court — and unlike",226906,36357,2,case_hold_mc,holding that a search incident to a lawful arrest does not violate the fourth amendment,holding that the eleventh amendment protects a state from suit by its own citizens,recognizing that the second amendment does not protect those weapons not typically possessed by lawabiding citizens for lawful purposes such as shortbarreled shotguns and machineguns,holding first amendment does not protect nonexpressive conduct,holding that the first amendment does not protect true threats against the president
269,"question as it relates to court-awarded attorney fees. Thus, State Personnel Board is not controlling here. A division of this court has held that an award granting attorney fees, but not determining the amount, is not a final judgment. Axtell v. Park School District R-3, 962 P.2d 319 (Colo.App.1998). This holding is consistent with well-settled law that a judgment assessing liability without determining damages is not a final order. Har ding Glass Co. v. Jones, 640 P.2d 1123 (Colo.1982); Hyman & Co. v. Velsicol Corp., 119 Colo. 121, 201 P.2d 380 (1948); Ball Corp. v. Loran, 42 Colo.App. 501, 596 P.2d 412 (1979). Axtell is also supported by considerations of judicial economy, because its holding prevents piecemeal appeals See Feiger, Collison & Killmer v. Jones, 926 P2d 1244 (Colo.1996)(<HOLDING>). Both parties urge us to consider the order",227762,36494,2,case_hold_mc,recognizing that orders denying motions to reopen are treated as final orders of removal,holding that orders remanding an action to a federal agency are generally not considered final appealable orders,holding that orders denying summary judgment are not appealable based in part on the avoidance of piecemeal appeals,holding that remand orders are also appealable orders under 28 usc  1291,holding an order denying a motion for summary judgment is interlocutory and not appealable
270,"In my judgment, it is extremely doubtful that the obviously dispensable involvement of the judiciary in the intermediate stages of a procedure that begins and ends in the Executive Branch is a proper exercise of judicial power. See Gordon v. United States, 117 U. S. Appx. 697, 702-703 (1864) (opinion of Taney, C. J.); United States v. Ferreira, 13 How. 40, 48 (1852). It may well follow that the misguided opinion of today’s majority has nothing more than an advisory character. Whether or not that be so, the better rea soning in Justice Souter’s far wiser and far more scholarly opinion will surely be the law one day. For these reasons, as well as those set forth in Justice Souter’s opinion, I respectfully dissent. 1 See, e. g., Pennsylvania v. Union Gas Co., 491 U. S. 1 (1989) (<HOLDING>); In re Merchants Grain, Inc., 59 F. 3d 630",228621,36632,1,case_hold_mc,holding that an action by plaintiffs who had a legal obligation to conduct cleanup pursuant to a  106 order and then sought costs for cleanup from other prps was the quintessential action for contribution,holding that a federal court may order a state to pay cleanup costs pursuant to the comprehensive environmental response compensation and liability act of 1980,holding that response costs can be necessary even though the agency that required cleanup never approved the response actions taken,holding that bankruptcy court may enjoin state environmental reclamation order,holding that debtor was liable to the commonwealth for past and future cleanup costs
271,"SEC v. Dain Rauscher, Inc., 254 F.3d 852, 858 (9th Cir.2001). To the extent that the Underwriters knew or should have known of facts tending to undermine the Official Statements, they had a duty to disclose those facts. (e) Kutak & Stinson Plaintiffs have pled facts indicating that Kutak and Stinson may also be responsible for the alleged omissions — at least to the extent these law firms knowingly failed to disclose facts that tended to undermine the affirmative impressions created by the Official Statements. In preparing the Official Statements, Kutak, as bond counsel, represented the Issuer and Stinson represented the Underwriters. Thus, they had a fiduciary duty to the Authority and to Baird, Stern, and Jones, not to the Bondholders. See Cent. Bank, 511 U.S. at 174, 114 S.Ct. 1439 (<HOLDING>). The lack of a fiduciary duty to Plaintiffs,",229468,36781,2,case_hold_mc,holding that an action brought pursuant to  1983 cannot lie against federal officers,holding that a fraud claim premised on thirdparty reliance raises a cognizable claim under new york law,holding that a  10b claim premised on an omission cannot lie absent a duty to speak,holding that upon choosing to speak one has a duty to be both accurate and complete ,holding that silence can constitute misrepresentation when there is duty to speak
272,"subject-matter jurisdiction cannot be conferred by consent, waiver, or estoppel at any stage of a proceeding and may be recognized by an appellate court on its own motion or raised by a party for the first time on appeal). 26 . See Tex. Ass’n of Bus., 852 S.W.2d at 445-46; Trojacek, 2009 WL 909591, at *3; Somers, 295 S.W.3d at 8, 10, 13. 27 . See Tex. Bus. Orgs.Code Ann. § 21.562; Arkoma Basin Exploration Co. v. FMF Assoc. 1990-A, Ltd., 249 S.W.3d 380, 387 (Tex.2008); In re Helix Energy Solutions Group, Inc., 2013 WL 5470089, at *6; Connolly, 257 S.W.3d at 839; Pate v. Elloway, No. 01-03-00187-CV, 2003 WL 22682422, at *1-2 (Tex.App.-Houston [1st Dist.] Nov. 13, 2003, pet. denied) (mem. op.). 28 . See Tex. Bus. Orgs.Code Ann. § 21.562; Arkoma Basin Exploration Co., 249 S.W.3d at 387 (<HOLDING>); In re Helix Energy Solutions Group, Inc.,",230327,36922,3,case_hold_mc,holding that federal law governs remedies available under title ix,recognizing rule that state law governs the substance of claims in bankruptcy proceedings,holding texas law governs procedural matters,holding texas law governs the procedural matter of preservationoferror requirements even if another jurisdictions law governs substantive issues,holding state law governs disputed ownership of lands
273,"is no evidence that the immigration authorities have unreasonably prolonged [Young’s] removal proceedings and consequent detention.” Debel, 2014 WL 1689042, at *6; see also Demore, 538 U.S. at 532-33, 123 S.Ct. 1708 (Kennedy, J., concurring) (citing the lack of evidence of “an unreasonable delay by the [Government] in pursuing or completing deportation proceedings”); cf. Ly, 351 F.3d at 272 (noting that the petitioner’s detention was lengthened due to “the INS drag[ging] its heels indefinitely in making a decision”). Nor is there any “indication that [Young’s] continued detention ... will last indefinitely,” or — as discussed above — that his ultimate removal is unlikely. Orsino, 942 F.Supp.2d at 410; accord Debel, 2014 WL 1689042, at *6; cf. Zadvydas, 533 U.S. at 702, 121 S.Ct. 2491 (<HOLDING>); Monestime v. Reilly, 704 F.Supp.2d 453,",231181,37071,0,case_hold_mc,holding that an alien may be held in confinement until it has been determined that there is no significant likelihood of removal in the reasonably foreseeable future,holding if there has been no termination of employment there has been no layoff or reduction in force,holding that it is not known legally that an offense has been committed until there is a conviction,recognizing that at a bond hearing there is no limit to the discretionary factors that may be considered  in determining whether to detain an alien pending a decision on  removal,holding that the ins lacks authority under  1231a6 to detain a resident alien for more than a reasonable time beyond the removal period if there is no reasonable likelihood that the alien will be removed in the reasonably foreseeable future
274,"as C8 is currently on Plaintiffs land due to air emissions, such deposits cannot be remediated under RCRA’s ISE provision. Defendant argues, first, that air emissions of C8 do not constitute “solid waste” under RCRA’s definition. The portion of the definition of “solid waste” under RCRA that applies to Defendant’s air emissions of C8 is that it is a “discarded material, including solid, liquid, semisolid, or contained gaseous material resulting from industrial ... operations.” § 6908(27). Defendant argues that since C8 was released into the air via stacks, it is not included in the definition of solid waste because it was an “uncontained” gaseous material, not a “contained” gaseous material as required by RCRA. See United States v. Sims Bros. Const., 277 F.3d 734, 740 (5th Cir.2001) (<HOLDING>). The court in Sims Bros Const., however, dealt",232035,37203,0,case_hold_mc,holding that for gaseous material to be solid waste it must be contained,holding that a violation of the act founded upon a material omission must be deliberate,holding that prejudice cannot merely be alleged it must be affirmatively proved,holding that in order for claim to be within scope of coverage of title insurance policy it must be specifically provided for,holding that an issue must be presented to the lower court and the specific legal argument or ground to be argued on appeal must be part of that presentation if it is to be considered preserved
275,"Linda Giles, and Gina Arias. (Doc. No. 12, Ex. A, ¶ 13.) Plaintiff acknowledges that he received individualized training from these individuals, but claims it only lasted one to one- and-a-half weeks. (PI. Dep., Doc. No. 12, Ex. B, 142^43.) Throughout this later training period, Plaintiff admitted he remained disinterested in the DCD training because of his purported imminent transfer to Piping, and his primary concern was distribution—delivering mail. (PL Dep., Doc. No. 12, Ex. B, 123; Ex A., ¶9.) In deciding motions for summary judgment, a Court may not make credibility determinations. Plaintiff has admitted that he subsequently received individualized training, although its length is disputed. A jury, however, could still conclude that Plaintiffs initial lac 8 (5th Cir.1980) (<HOLDING>). Plaintiff identifies three employees who were",232894,37340,3,case_hold_mc,holding that plaintiff was not similarly situated to another employee who also engaged in protected activity for purposes of plaintiffs retaliation claim,holding that a similarly situated employee is one who is comparable to plaintiff in all material respects,holding that employee who violated a different policy of the store than plaintiff was not similarly situated,holding that where one employee involved in fight was more harshly disciplined than the other plaintiff was not similarly situated because he had been more aggressive than the other employee,holding that it was plain error for trial court to allow more than one conviction of grossly negligent operation of a vehicle where more than one person was injured
276,"parent’s right to visitation is the best interest of the child. Under Article 136, the parent seeking to restrict or deny access or visitation of the other parent to the child has the burden of proving that visitation would not be in best interest of the child. Since Ms. Mire was the party that sought to terminate visitation, she had the burden of proof on this issue. Absent conclusive evidence that visitation would seriously endanger the child’s physical, mental, moral, or emotional health, a noncustodial parent is entitled to reasonable visitation rights. Maxwell v. LeBlanc, 434 So.2d 375 (La.1983); see Smith v. Smith, 41,871 (La.App. 2 Cir. 1/24/07), 948 So.2d 386, writ not considered, 07-0621 (La.4/20/07), 954 So.2d 149, reconsideration denied, 07-0621 (La.6/22/07), 959 So.2d 485 (<HOLDING>); see also La. C.C. art. 137 (denying",233748,37468,3,case_hold_mc,holding that the presumption of legitimacy shifts the burden of persuasion to the putative father to establish that he did not father the child,holding that a child was not barred by a former statute of limitations applicable to actions to establish the existence of a father and child relationship when the current action was to establish the nonexistence of a father and child relationship and the presumed father no longer persisted in maintaining paternity,holding that plaintiff had cared for his father who suffered severe depression after murder of his daughter within meaning of fmla interim regulation because inter alia he discussed with his father grief associated with murder and provided reassuring physical presence to his father,holding that fiveyearold child was not required to visit in prison the father who was convicted of murder,holding that the trial court had erred in imposing an obligation to pay child support when clear and convincing evidence established that the husband was not the father of the child
277,"he omitted information that he had been imprisoned and mistreated. The asylum officer who conducted the English-language interview did not testify at the hearing, and the record does not contain a transcript of the interview or the asylum officer’s notes. Substantial evi- dence therefore does not support the BIA’s reliance on this omission to find Ghebremedhin incredible, because the record does not support the agency’s rejection of Ghebremedhin’s explanation for the omission. See Singh v. Gonzales, 403 F.3d 1081, 1087-91 (9th Cir.2005) (stating that without officer testimony or detailed notes from the asylum interview, an Assessment to Refer provides insufficient evidence to support an adverse credibility determination); see also Campos-Sanchez v. INS, 164 F.3d 448, 450 (9th Cir.1999) (<HOLDING>). Because the BIA relied on its credibility",234598,37603,0,case_hold_mc,holding the bia must address in a reasoned manner the explanations that a petitioner offers for perceived inconsistencies,holding an ij must to address a petitioners explanation for inconsistencies to rely upon them as the basis for an adverse credibility finding,holding that the agency need not credit an applicants explanations unless those explanations would compel a reasonable factfinder to do so,holding that the agency need not credit an applicants explanations for inconsistent testimony unless those explanations would compel a reasonable factfinder to do so,holding that an agency need not credit an applicants explanations for inconsistencies in the record unless those explanations would compel a reasonable factfinder to do so
278,"absence of ... (3) a “special relationship” existing between the parties ... recovery of purely economic loss is foreclosed.”).) He asserts he has such a special relationship with Maserati because Maserati had “reason to know or expect the particular purposes for which the vehicle was purchased by Plaintiffs [sic] (i.e., transportation of Plaintiff and his family).” (Dkt. 22 at 15.) Plaintiff misunderstands the special relationship exception to the economic loss doctrine. The underlying purpose of the special relationship exception is to define particular “circumstances in which a party has a duty of care to avoid imposing economic losses on third parties.” Mega RV Corp. v. HWH Corp., 225 Cal.App.4th 1318, 1340, 170 Cal.Rptr.3d 861 (2014), as modified on denial of reh’g (May 20, 2014) (<HOLDING>); see also J’Aire Corp. v. Gregory, 24 Cal.3d",235456,37730,4,case_hold_mc,holding owner of limited liability company may be personally liable to third party if owner acts as agent for company and fails to disclose existence and identity of principal,holding there is no continuing duty to repair or recall,holding owner of company qualified as an employer due to inter alia his authority to hire and fire employees and overall financial control of company,holding that a manufacturer is under a duty to instruct a distributor,holding that rv repair company which repaired rv for owner did not have a duty to manufacturer of hydraulic components
279,"”) (quoting Bell Atl. Corp. v. Twombly, 550 U.S. 544, 570, 127 S.Ct. 1955, 167 L.Ed.2d 929 (2007)). Applying this standard, the Court found that Nurriddin pled viable factual allegations of Title VII discrimination that should not be dismissed pre-discovery. Now, however, the parties have completed discovery and submitted motions for summary judgment, which are evaluated under an entirely different standard. See, e.g., Anderson, 477 U.S. at 252-55, 106 S.Ct. 2505. In conducting this evaluation, the Court finds it appropriate to use the expanded record in determining whether there are any genuine disputes of material fact, including whether Nurriddin meets his burden under the McDonnell Douglas framework. See Murphy v. PricewaterhouseCoopers, LLP, 580 F.Supp.2d 4, 9 n. 7 (D.D.C.2008) (<HOLDING>); Mazloum v. District of Columbia Metro. Police",236315,37864,2,case_hold_mc,holding that the court had an adequate record to grant the defendants motion for summary judgment because the relevant evidence would have been in plaintiffs possession,holding that arguments not raised in opposition to a motion for summary judgment are waived,holding that plaintiffs lawofthecase argument fails because the arguments presented in defendants motion for summary judgment were based at least in part on an expanded record,holding that a litigant who fails to raise an argument in opposition to a properly raised motion for summary judgment will not be permitted to raise that same argument later either in a motion for reconsideration or on appeal,holding that arguments not presented to the district court in response to a motion for summary judgment are waived
280,"employees to determine who has authority to accept service, service is proper when, objectively viewed, it is calculated to give notice to the corporation. See id. at 273, 428 N.Y.S.2d 890, 406 N.E.2d 747 (“[W]hen the corporation is regularly doing business in the State, it generally cannot be heard to complain that the summons was delivered to the wrong person when the process server has gone to its offices, made proper inquiry of the defendant’s own employees, and delivered the summons according to their directions.”). Thus, service may be sustained where the employee accepting service has apparent authority to do so. Courts within the Second Circuit have adopted this broadening approach. See, e.g., Melkaz Int’l Inc. v. Flavor Innovation Inc., 167 F.R.D. 634, 642-43 (E.D.N.Y.1996) (<HOLDING>); Leo v. Gen. Elec. Co., 111 F.R.D. 407, 414",237174,37992,1,case_hold_mc,holding injured employee who asked his employer for medical assistance and employer refused and employee then went to physician of his own choice employee could recover medical benefits,holding service on corporation proper where process server went to corporate defendants headquarters identified himself to an employee of corporate defendant and stated that he was there to serve legal papers and the employee then directed him to another employee who accepted service even though neither employee was authorized to accept service and neither represented that she was in fact so authorized because both were obviously corporate defendant employees and the employee redelivered the summons and complaint to an employee authorized to accept service on the same date,holding that service is not avoided by service on a partys attorney as service on an attorney is ineffective unless he has been authorized to accept such service,holding that res judicata properly barred claims based on an employers decision to terminate an employee because the termination was not a fresh act of discrimination rather it was the same decision not to allow the employee to return to work that the employee had challenged previously,holding that a clerical employee was not an agent authorized to accept service of process for the corporation
281,"acceptance of the lessee’s surrender of the premises. See, e.g., First Wisconsin Trust Co. v. L. Weimann Co., 93 Wis.2d 258, 286 N.W.M 360 (1980). However, in recent years, New Jersey and other jurisdictions have shown an increasing tendency to analogize landlord-tenant law to conventional doctrines of contract law. See, e.g., Berzito v. Gambino, 63 N.J. 460, 308 A.2d 17 (1973) (implied warranty of habitability and covenant to pay rent construed as mutually dependent); Marini v. Ireland, 56 N.J. 130, 265 A.2d 526 (1970) (landlord’s implied covenant to make repairs and tenant’s covenant to pay rent construed as mutually dependent; landlord’s breach of covenant entitles tenant to repair and offset cost against rent); Reste Realty Corp. v. Cooper, 53 N.J. 444, 251 A.2d 268 (1969) (<HOLDING>). In view of that tendency, we think it is more",238030,38128,2,case_hold_mc,holding that the rule of caveat emptor would no longer be applicable to the sale of a newly constructed house and recognizing an implied warranty of fitness and habitability with regard to such sales,holding the implied warranty is implied in all residential leases in california,recognizing implied warranty against latent defects and of fitness of premises for lease purposes,holding implied warranty of fitness for particular purpose cannot lie where goods were subject of gift rather than sale,holding that where claimant complained of a problem and showed defendant a rusty part the requirement of notice was satisfied for a claim of breach of the warranty of fitness
282,"we will address it here. The purpose of Rule 3.7 is to prevent an attorney from being in the awkward position of acting as both a witness and an advocate at trial, which could create some of the following problems: the possibility that, in addressing the jury, the lawyer will appear to vouch for his own credibility; . . . the unfair and difficult situation which arises when an opposing counsel has to cross-examine a lawyer-adversary and seek to impeach his credibility; and ... the appearance of impropriety created, i.e., the likely implication that the testifying lawyer may well be distorting the truth for the sake of his client. (Citations omitted.) Culebras Enterprises Corp. v. Rivera-Rios, 846 F2d 94, 99-100 (II) (1st Cir. 1988). Further, there is great po S. Dist. LEXIS 15672 (<HOLDING>); cf. World Youth Day v. Famous Artists",238883,38265,2,case_hold_mc,holding that a lawyers willful absence from his clients trial is contemptuous,holding that loss of contingency fees that lawyers might have earned from other clients was not foreseeable and directly traceable to clients failure to pay amounts due under contract,holding that lawyers who were necessary witnesses in the case under rule 37 were not prohibited from representing their clients in all pretrial matters including discovery,holding that the defendants discovery requests were untimely because they were not served in time for the responses to be due before the discovery deadline,holding that rule 37 does not prohibit a lawyer who will testify at trial from acting as counsel in pretrial discovery
283,"De La Garza, 690 S.W.2d 71, 74 (Tex.App.-Dallas 1985, writ ref'd n.r.e.). In this case, Burke testified to the financial hardship caused by his injury, but his testimony was limited to the hardship caused by his reduced earning capacity. The following exchange occurred at trial: [Plaintiffs Counsel:] Now, Ronnie, after all of this, how much do you make now working with Bennett? [Burke:] About twenty, about 20,000 and glad to have it. [Plaintiffs Counsel:] Ronnie, you haven’t filed your taxes, have you? [Burke:] No, we haven’t. [Plaintiffs Counsel:] We don’t have your taxes for last year yet. But my point ny that plaintiff did not receive paychecks was not inconsistent with receipt of insurance benefits and did not open the door to collateral source evidence); Mundy, 783 S.W.2d at 745 (<HOLDING>). The trial court therefore did not abuse its",239731,38407,1,case_hold_mc,holding juvenile court did not abuse its discretion in admitting expert testimony,holding that trial court did not abuse its discretion in allowing collateral source testimony when plaintiff testified generally about financial hardship caused by injury,holding that trial court did not abuse its discretion by allowing the state to introduce direct evidence of the controlling nature of defendants relationship with the victim,holding that trial court did not abuse its discretion by denying motion for continuance when not in proper affidavit form,holding trial court did not abuse its discretion by ruling based only on affidavits
284,"relevant inquiry is “fact specific,” Rodgers v. Horsley, 39 F.3d 308, 311 (11th Cir.1994), and the plaintiff must point to a controlling case, decided before the events at issue, that establishes a constitutional violation on “materially similar” facts. Lassiter v. Alabama A & M Univ. Bd. of Trustees, 28 F.3d 1146, 1150 (11th Cir.1994); see also Cofield v. Randolph County Comm’n, 90 F.3d 468, 470 (11th Cir.1996). As emphasized in Lassiter, “pre-existing law must dictate, that is, truly compel (not just suggest or allow or raise a question about), the conclusion for every like-situated, reasonable government agent that what de fendant is doing violated federal law in the circumstances.” Id.; see also Anderson v. Creighton, 483 U.S. 635, 640, 107 S.Ct. 3034, 3039, 97 L.Ed.2d 523 (1987)(<HOLDING>). The Eleventh Circuit has warned that",240589,38547,3,case_hold_mc,holding that for purposes of the second question the right must have been clearly established in a particularized sense such that a reasonable official would have understood that what he was doing violated that right,holding that the relevant dispositive inquiry  is whether it would be clear to a reasonable state official that his conduct was unlawful,holding that plaintiffs complaint stated a claim for a constitutional deprivation but that the contours of the right at issue were not clearly established and that official was therefore entitled to qualified immunity,holding that the contours of the right must be sufficiently clear that a reasonable official would understand that what he is doing violates that right,holding that clearly established means the contours of the right were so clear at the time the officials acted that a reasonable official would have understood that what he was doing violated that right
285,"188 (Bkrtcy.S.D.Ohio E.D.1981); In re Davis, 16 B.R. 473 (D.Kan.1981). Or after a judgment has been entered: In re Young, 22 B.R. 620 (Bkrtcy.N.D.Ill.E.D.1982); In re Breuer, 4 B.R. 499, 6 B.C.D. 136 (Bkrtcy.S.D.N.Y.1980). (5)Courts that hold that a debtor may cure a default where a foreclosure sale has been held provided that the debtor’s right of redemption under state law has not expired: In re Johnson, 29 B.R. 104 (Bkrtcy.S.D.Fla.1983); In re Chambers, 27 B.R. 687 (Bkrtcy.S.D.Fla.1983); In re Taylor, 21 B.R. 179 (Bkrtcy.W.D.Mo.1982); In re Thompson, 17 B.R. 748 (Bkrtcy.W.D.Mich.1982). 32 B.R. at 790. To the fourth group we add the following recent opinions by the Fifth and Seventh Circuits: Grubbs v. Houston First American Savings Association, 730 F.2d 236 (5th Cir.1984) (en banc) (<HOLDING>); Matter of Clark, 738 F.2d 869 (7th Cir.1984)",241439,38681,3,case_hold_mc,holding debtor could cure default partly because the bank held a recourse loan and therefore could recover against the original borrower personally,holding that the debtor had the right to cure the default because the foreclosure sale was not complete under state law until it was confirmed by a court,holding debtor could cure after the debtor had previously made payments to the bank,holding that a debtor may cure a default after acceleration but expressing no limit on the right,holding debtor could include property because the bank accepted payments directly from the debtor and had previously allowed the debtor to cure default
286,"] and corporation! ] organized exclusively for religious. . .purposes.” II. Quantum of Use N.J.S.A. 54:4-3.6 provides: The following property shall be exempt from taxation under this chapter ... all buildings actually and exclusively used for ... religious worship ... all buildings actually and exclusively used in the work of associations or corporations organized exclusively for religious ... purposes ... the land whereon any of the buildings hereinbefore mentioned are erected, and which may be necessary for the fair enjoyment thereof, and which is devoted to the purposes above mentioned and to no other purpose and does not exceed five acres in extent____The foregoing exemption shall apply only where the association, corporation Equalization, 226 Neb. 510, 412 N.W. 2d 459 (1987) (<HOLDING>); Welch Ave. Freewill Baptist Church v. Kinney,",242299,38817,1,case_hold_mc,holding that the eleventh amendment does not prohibit the united states from prosecuting a claim of contribution,holding that first amendment does not prohibit state require ment that religious organization comply with states reasonable procedures for obtaining property tax exemption,holding that tax exemption for church property does not violate establishment clause,holding that although exemption from use tax granted to religious publications violated first amendment exemption was severable from statute and thus taxpayer was still responsible for use tax on real estate advertising publication,holding that a charitable organizations religious purposes will not remove it from the purview of a property tax exemption
287,"district court create a non-statutory category of private-school students and thereby err in awarding temporary services? The following is the section of the opinion in which the district court allegedly created a new category for reimbursement: Therefore, a student, like Kelsey, who was enrolled in the Winston School for her senior year as a result of a settlement agreement and IEP, developed by a local school district, should at a minimum receive the rights provided to students who were unilaterally placed in private school by her parent. 34 C.F.R. § 300.132, 34 C.F.R. § 300.148(a). Under IDEA, Kelsey should be given greater rights than a parentally placed student in private school Sam K. [ex rel. Diane C. v. State of Hawaii Dep’t of Educ., 788 F.3d 1033, 1039-40 (9th Cir. 2015) ] (<HOLDING>). Therefore, at a minimum, DISD was obligated",243155,38947,2,case_hold_mc,holding that a school district was not liable for sexual molestation of plaintiffs daughter by a teacher even though the acts occurred on school property and during school hours,holding the tlo standard governs school searches when school resource officers  who although employed by the local police department are primarily responsible to the school district  are acting in conjunction with school officials,holding that a students private school tuition should be reimbursed where parent did not unilaterally place student in private school because the school district tacitly consented to the private school attendance before proposing a different placement,holding that a school district owed the highest degree of care to a student on a school bus such that the district could be liable for the sexual abuse of the student by the school bus driver,holding that a school district was not required to move a nurse to a students neighborhood school to comply with the idea
288,"albeit not the one urged by the State. The statute expressly states that the court may not grant a further reduction in excess of “one-half of the remaining mandatory minimum sentence.” Iowa Code § 901.10(2). If, as the State suggests, it is the prosecutor who decides the maximum level of the reduction, it seems more logical that any limitations on the extent of the reduction would be placed on the prosecutor, not the court. Moreover, the fact that the legislature expressly limited the court’s discretion indicates that it gave consideration to the breadth of the court’s power. The legislature could also have expressly limited any reduction by the court to an amount that did not exceed the prosecutor’s request, but it did not do so. See State v. Ayers, 590 N.W.2d 25, 31 (Iowa 1999) (<HOLDING>); Adams, 554 N.W.2d at 689 (“legislative intent",244012,39088,4,case_hold_mc,holding that the guidelines did not strip the sentencing court of its discretion to impose a concurrent sentence,recognizing that sentencing facts are based on the evidence and testimony presented at sentencing under a preponderance of the evidence standard,recognizing that sentencing judges have the discretion to reject any sentencing guideline but no judge is required to do so,holding it was reasonable trial strategy for counsel to have determined that sentencing by the court was preferable to sentencing by a jury,holding that sentencing court had discretion under sentencing statute noting that the legislature has demonstrated its ability to use restrictive language when it desires to do so
289,"very well continue indefinitely. 34 . If that were the question, no petitioner would ever be entitled to habeas relief. This court has no doubt that the state court judges in Oklahoma, Colorado, Kan OCCA's unanimous concerns about Miller's and Macy's misconduct were ""overwrought.” Dissenting Op. at 765. The irony of the dissent’s assessment speaks for itself. The dissent further asserts that our reading of the prosecutors' statements is ""selective.” Dissenting Op. at 759-60. It is the dissent, however, that in trying to rehabilitate the prosecutors' clearly improper comments on jury unanimity and nullification adopts a selective and stilted view of the record. Miller’s and Macy’s improper remarks about jury unanimity and nullification certainly do not stand alone. Hooks, 19 P.3d at 315 (<HOLDING>); id. (holding prosecutors erroneously argued",244869,39232,0,case_hold_mc,holding prosecutors misstated the law as applied to oklahomas heinous atrocious or cruel aggravating circumstances and additionally encouraged the jurors to decide the question on the basis or sympathy for the victims,holding that the impact upon the victims is relevant to circumstances of the crime,holding that the unconstitutionality of the especially heinous atrocious or cruel instruction was compelled by godfrey,holding that the trial court did not err in using the particularized factual circumstances of the case namely the victims age  as an aggravating factor,holding where reasonable difference of opinion as to whether the defendants act was the or a proximate cause of the injury the matter is for the jury to decide
290,"its holding in Engle III that “individualized issues such as legal causation” would be litigated, rather than presumed, in progeny trials. Engle III, 945 So.2d at 1268. Next, the Florida Supreme Court examined whether the defendants were given an opportunity to be heard. The Court answered that question with a resounding “yes”—with respect to conduct: As illustrated by hundreds of witnesses, thousands of documents and exhibits, and tens of thousands of pages of testimony, the Engle defendants had notice and the opportunity to defend against all theories of liability for each of the class’s claims in the year-long Phase I trial. And, as we held in Engle, the Phase I jury’s verdict fully settled all arguments regarding the Engle defendants’ conduct. See Waggoner, 835 F.Supp.2d at 1273-74 (<HOLDING>). Douglas III, 110 So.3d at 431. The Court also",245729,39362,2,case_hold_mc,holding that the trial court must examine the entire course of criminal conduct in determining possession,holding that putative class representatives had standing to represent the class even when they owned stock for only part of lengthy class period because they alleged a common course of conduct to defraud over that entire period including the period during which they owned stock,recognizing the phase i trial was conducted for the explicit purpose of determining issues related to the engle defendants conduct which were common to the entire class meaning they had every reason to litigate each potential theory of liability to the fullest extent possible,recognizing that in determining numerosity courts must consider the geographical dispersion of the class the ease with which class members may be identified the nature of the action and the size of each plaintiffs claim,holding that because the defendant has the right to litigate the issue of each class members consent the trial court did not improperly exercise its discretion in finding that these issues would predominate over common questions
291,"that the use of the mails will follow in the ordinary course of business, or where such use can reasonably be foreseen, even though not actually intended.’ ” Altman, 48 F.3d at 102-03 (quoting Per-eira v. United States, 347 U.S. 1, 8-9, 74 S.Ct. 358, 98 L.Ed. 435 (1954)) (alteration in original). We hold that this requirement was easily satisfied here given that the settlement checks issued by the insurance companies (i.e., the fruition of the scheme) were sent by mail. In addition, several of the bribes were invoiced and paid by mad. Finally, the appellants’ mandatory filings with the New York State Office of Court Administration, which were adulterated to help conceal the fraud, were sent by mail. See Schmuck v. United States, 489 U.S. 705, 712, 109 S.Ct. 1443, 103 L.Ed.2d 734 (1989) (<HOLDING>). Appellants argue that their prosecution under",246591,39500,2,case_hold_mc,recognizing that proof of a business system of preparing and mailing letters and compliance with such a custom in the particular instance is sufficient to establish proof of mailing,recognizing that a mailing must be sufficiently related to the fraudulent scheme to support a charge of mail fraud,holding that mailing of titleregistration forms satisfied mailing requirement because they contributed to success of the scheme,holding that rule 6e is inapplicable where the time for filing begins to run on the date of mailing,holding that the first element of mail fraud  knowing participation in a scheme to defraud  can extend beyond the specific mailing and that the loss calculation for a mail fraud conviction may include any loss from the fraudulent scheme that the mailing furthered
292,"the district judge reviewed the record, he did so with the understanding that “[n]o objections have been filed to this Recommendation.” Therefore, we need not consider Hall’s “objection-by-ratification” argument because it is inapplicable. Second, Hall asserts his case is particularly compelling because the Government has not identified any prejudice it would endure should we address his claims. This rationale is rooted in the notice the Government received when Hall made these arguments to the magistrate judge. But Hall ignores the other side of the coin: The arguments Hall made to the magistrate judge are conclusive proof of Hall’s actual prior knowledge of the claims he now raises on appeal, which sets the stage for waiver to apply. Cf. United States v. Johnson, 415 F.3d at 730-31 (<HOLDING>). Moreover, even if the government is not",247453,39643,4,case_hold_mc,holding that the appellant waived this argument,holding that ruling on motion to suppress is interlocutory and may be reconsidered,holding that argument was not preserved where defendant did not file a pretrial motion to suppress and did not object or make a motion to exclude the evidence until his motion to dismiss at the close of all of the evidence,holding that because appellant did not become a party by intervention before judgment was rendered appellant may not extend the time to appeal by filing a motion for new trial,holding that not filing a motion to suppress constitutes mere neglectful failure to pursue an argument  not intentional relinquishment which may be excused if appellant could show cause
293,"total amount of forged cheeks deposited by Wade and her codefendants. Wade argued that each codefendant engaged in separate transactions and that United S iew Wade’s ultimate sentence for reasonableness. Id. We reject Wade’s challenge to the district court’s use of the preponderance of the evidence standard. We have previously determined that “the remedial opinion in Booker held that such judicial fact-finding [by the preponderance of the evidence] for sentencing purposes does not violate the Sixth Amendment when made as part of an advisory Guidelines regime.” United States v. Vaughn, 410 F.3d 1002, 1004 (8th Cir.2005), cert, denied, — U.S. -, 126 S.Ct. 1103, — L.Ed.2d -, 2006 WL 37911 (2005). See also United States v. Patient Transfer Service, Inc., 413 F.3d 734, 745 (8th Cir.2005) (<HOLDING>). The district court properly applied the",248307,39778,1,case_hold_mc,recognizing the supreme courts holding in ferber,recognizing that the supreme court maintained the trial courts fact finding authority without setting a new standard in booker,holding that when court applies the clearly erroneous standard court may not reverse boards finding of fact if after court reviews the record in its entirety the finding is supported by a plausible basis,holding that the supreme courts proper scope of review of a trial courts decision in a trial de novo of an assessment matter is whether the decision of the trial court was clearly erroneous,holding that district court opinion which cites controlling authority that is pending review in florida supreme court allows supreme court to exercise jurisdiction
294,"VA C & P examination was, by his own report, from a previous cyst, and is thus distinct from his present skin condition. III. ANALYSIS A. Interpretation of Diagnostic Code 7806 Interpretation of a regulation’s meaning is a question of law that the Court reviews de novo. Lane v. Principi, 339 F.3d 1331, 1339 (Fed.Cir.2003). “Regulatory interpretation begins with the plain meaning of the words used.” Hudgens v. Gibson, 26 Vet.App. 558, 561 (2014) (citing Brown v. Gardner, 513 U.S. 115, 120, 115 S.Ct. 552, 130 L.Ed.2d 462 (1994)). The canons of statutory construction apply with similar force to agency regulations and require interpretation of words in their context with an eye to the law as a whole. See King v. St. Vincent’s Hosp., 502 U.S. 215, 221, 112 S.Ct. 570, 116 L.Ed.2d 578 (1991) (<HOLDING>); Imazio Nursery, Inc. v. Dania Greenhouses, 69",249160,39912,1,case_hold_mc,holding that a contract must be read as a whole in order to give a reasonable and harmonious meaning and effect to all of its provisions citation omitted,holding that when interpreting a statute or regulation courts must read the provisions of the law as a whole and in context,recognizing that a statute should be read as comprehensive whole,holding that courts must give effect to every word when interpreting a statute,holding courts must adhere to legislative intent when interpreting a statute
295,"with comparable experience on cases of comparable difficulty are $250/hour — partner; $175/hour — associate; and $75/hour— paralegal. The court determines that the attorneys’ affidavits are the best evidence of reasonable fees. The affidavits are well-supported and indicate that the reasonable value of Plaintiffs attorneys’ services was significantly more than Plaintiff and his attorneys agreed Plaintiff would pay. Factors such as the complexity of the case and the attorneys’ experience also weigh in favor of awarding fees at a higher rate. Moreover, both the Supreme Court and the Tenth Circuit have allowed recovery of attorney fees in excess of an agreed-upon amount in certain circumstances. See, e.g., Blanchard v. Bergeron, 489 U.S. 87, 96, 109 S.Ct. 939, 103 L.Ed.2d 67 (1989) (<HOLDING>); Cadle Company, II, Inc. v. Chasteen, No.",250021,40056,4,case_hold_mc,holding defendant may receive only the portion of his fees under 42 usc  1988 that he would not have paid but for the frivolous claim,recognizing absolute immunity to suits under 42 usc  1988,holding that the district court abused its discretion by telling the jury about the right of a prevailing plaintiff to attorney fees under 42 usc  1988,holding that an attorney may recover fees for time spent litigating the award of a 11 usc   1988 fee,holding that a contingentfee agreement should not act as a ceiling on the award of attorney fees under 42 usc  1988
296,"interstate market, not particular interstate firms, from prohibitive or burdensome regulations.”). In this case, the Referendum has prevented SDDS from operating Lonetree under the conditions and standards set forth when the legislature passed S.B. 169. However, nothing prevents SDDS from reapplying for another permit and proposing more stringent environmental safeguards. Furthermore, even if SDDS cannot operate Lonetree, the example of the Big Stone waste disposal plant demonstrates that the flow of interstate waste to South Dakota has not been prevented. The Court concludes that the incidental burden which the Referendum imposed on interstate commerce was not “clearly excessive” in comparison to the local benefits. See Clover Leaf Creamery Co., 449 U.S. at 473, 101 S.Ct. at 728-29 (<HOLDING>); Exxon, 437 U.S. at 128-29, 98 S.Ct. at 2215",250871,40186,2,case_hold_mc,holding that summary judgment was improperly granted in view of the need for careful interpretation of the original and reissue claims in light of the specification the prosecution history and the alleged industry practice,holding that in 1998 the law was clearly established that excessive duration of a police dog bite and improper encouragement of a continuation of the attack by officers could constitute excessive force,holding that even if outofstate plastic producers were burdened relatively more heavily than the minnesota pulpwood industry the burden was not clearly excessive in view of the ecological benefits which would accrue,holding that the fines imposed by the challenged city ordinances are not excessive even if the excessive fines clause is applicable,holding that the burden is on the plaintiff
297,"take place in federal court. The Government maintains that a facially valid certification is not subject to review by this Court and must be held sufficient. It further contends that even if the certification can be reviewed by this Court, the certification at issue here was correct. “Whether the government complied with [the juvenile delinquency certification requirements of] 18 U.S.C. § 5032 is an issue of statutory interpretation which this court reviews de novo.” United States v. Juvenile Male, 241 F.3d 684, 686 (9th Cir.2001). A certification filed in the district court by a United States Attorney is presumed to be accurate, absent circumstances calling into question its accuracy or validity. See Pasadena Research Labs., Inc. v. United States, 169 F.2d 375, 381-82 (9th Cir.1948) (<HOLDING>). A Section 5032 provides in relevant part: A",251728,40314,0,case_hold_mc,holding generally the law presumes that every man in his private and official character does his duty until the contrary is proved it will presume that all things are rightly done unless the circumstances of the case overturn this presumption,holding law court will not overturn conclusions supported by competent and substantial evidence,holding that where a public official takes discretionary action that the official knows will directly benefit a financial interest that the official has concealed in violation of a state criminal law that official has deprived the public of his honest services under  1346,recognizing a presumption of regularity that undergirds the official acts of public officers causing courts to presume that they have properly discharged their official duties,holding that the acts of a corporate officer done in his or her official capacity are acts of the corporation
298,"that I should wear my dust mask or respirator after I mixed [and sprayed] the product, [when] I could see little, if any, dust in the air.”). Mr. Headley’s declaration answers this question by stating that, were such information given, he would have worn the dust mask/respirator for the entire day, rather than the usual five hours per day he usually wore it. Dkt. No. 78 at 2, ¶ 3 (Headley Deck). At the very least, genuine factual disputes exist regarding whether Mr. Headley knew, or was ever made properly aware by Ferro, that breathing silica was possible even when the air appeared clear, as well as whether a warning indicating as much would have affected his safety decisions. See, e.g., Ayers v. Johnson & Johnson Baby Prods. Co., 117 Wash.2d 747, 755-756, 818 P.2d 1337, 1341 (1991) (<HOLDING>). 3. Summary Judgment Is Improper on the",252586,40449,1,case_hold_mc,holding that defendants had no standing where they conceded that they did not own the automobile searched and were simply passengers the owner of the car had been the driver of the vehicle at the time of the search,holding that plaintiffs contention that had they been warned of the dangers of aspirating baby oil the accident would have been avoided satisfied the requirements of rcw  7720301b,holding that where a witness had been convicted seventeen years earlier but had been given probation and had not been confined the date of the conviction controlled,holding admissible certain evidence which would not have been obtained but for violations of constitutional requirements,holding that even in separate trial other crimes evidence would not have been admissible and identification testimony would have been admissible
299,"simply, whether the officer intends that a detention lead to a prosecution has no bearing on whether an arrest has occurred. Id. at 513-14, 723 A.2d 423 (citations omitted). Terry constituted a limited departure from the requirement of probable cause to support a seizure. In that case, the Supreme Court held that a police officer may conduct a brief investigatory stop, without running afoul of the Fourth Amendment, if the officer has a reasonable, articulable suspicion that a person has committed or is about to commit a crime. Terry, 392 U.S. at 30, 88 S.Ct. 1868; see Illinois v. Wardlow, 528 U.S. 119, 120 S.Ct. 673, 675, 145 L.Ed.2d 570 (2000); Royer, 460 U.S. at 498, 103 S.Ct. 1319; see also United States v. Brignoni-Ponce, 422 U.S. 873, 881-82, 95 S.Ct. 2574, 45 L.Ed.2d 607 (1975) (<HOLDING>); Adams v. Williams, 407 U.S. 143, 146, 92",253438,40596,2,case_hold_mc,holding that although roving patrols in which officers stop and question motorists about their resident status may be conducted without probable cause such stops must at least show that the stopping officer is aware of specific articulable facts together with rational inferences from those facts that reasonably warrant suspicion that a vehicle contains illegal aliens who may be illegally in the country,holding that the stop of defendants vehicle was unlawful where officers stopped the vehicle to check the license and registration but had observed no suspicious activity,holding that when a border patrol officers observations lead him or her to reasonably suspect that a vehicle may contain illegal aliens the officer may stop the vehicle question its occupants as to citizenship and immigration status and ask them to explain suspicious circumstances but stating that any further detention or search must be based on consent or probable cause,holding that officers may detain the occupants of a vehicle while executing a search warrant,holding that a border patrol agents blocking the stopped vehicle approaching the vehicle with his gun drawn and interrogating the individual about his citizenship and immigration status did not convert the stop into a custodial arrest
300,"See Bell v. Hood, 327 U.S. 678, 682, 66 S.Ct. 773, 776, 90 L.Ed. 939 (1946); Growth Horizons, Inc. v. Delaware County, 983 F.2d 1277, 1280-81 (3d Cir.1993); Kehr Packages, Inc. v. Fidelcor, Inc., 926 F.2d 1406, 1408-10 (3d Cir.) (contrasting the standards governing 12(b)(1) and 12(b)(6) motions), cert. denied, 501 U.S. 1222, 111 S.Ct. 2839, 115 L.Ed.2d 1007 (1991); Davis v. Romney, 490 F.2d 1360, 1366 (3d Cir.1974). As the Third Circuit has instructed, “[a] district court has federal question jurisdiction in any case where a plaintiff with standing makes a non-frivolous allegation that he or she is entitled to relief because the defendant’s conduct violated a federal statute.” Growth Horizons, 983 F.2d at 1281; cf. Stibitz v. General Pub. Utils. Corp., 746 F.2d 993, 997 (3d Cir.1984) (<HOLDING>), cert. denied, 469 U.S. 1214, 105 S.Ct. 1187,",254293,40742,3,case_hold_mc,recognizing that a claim is an assertion of a right and if there is no assertion of a right there is no claim to deduct,holding that a claim is not moot where there is a viable damages claim,holding that a postconviction claim that is refuted by the record is without merit,holding that there is no federal question jurisdiction where a claim is so insubstantial as to be completely devoid of merit,holding that even where primary claim is a federal question pendent party jurisdiction is not a recognized basis of jurisdiction in the seventh circuit
301,"rights by initiating criminal proceedings against Mr. Pitt without probable cause. After trial, the district court granted judgment as a matter of law to the defendants on these claims. The court held that it is not “clearly established” that malicious prosecution is a violation of constitutional rights, and. thus the defendants are entitled to qualified immunity. We affirm. Section 1983 creates a cause of action to remedy certain deprivations of federal rights, but it is not a source of substantive rights. See Baker v. McCollan, 443 U.S. 137, 144 n. 3, 99 S.Ct. 2689, 61 L.Ed.2d 433 (1979) (noting that “[section 1983] is not itself a source of substantive rights, but a method for vindicating federal rights elsewhere conferred by those parts of the United State 16 (2d Cir.1995) (<HOLDING>); Gallo v. City of Philadelphia, 161 F.3d 217,",255152,40881,1,case_hold_mc,holding that there is no substantive due process right under the fourteenth amendment to be free from malicious prosecution,holding that the fourth amendment right implicated in a malicious prosecution action is the right to be free of unreasonable seizure of the person,holding sbm is not a violation of the defendants fourth amendment right to be free from unreasonable searches and seizures,holding that there is no fourteenth amendment substantive due process right to be free from malicious prosecution and suggesting that such a cause of action might lie under the fourth amendment,recognizing that an alleged deprivation of the right to be free from prosecution without probable cause might be judged under the fourth amendment
302,"employment-related connection to a vessel in navigation,” Ckandris, Inc. v. Latsis, 515 U.S. 347, 357, 115 5. Ct. 2172, 2184, 132 L.Ed.2d 314 (1995) (quotations omitted). The Stewart Court held that, although it was idle, with one scow at sea and the other without a working engine, the Super Scoop was a vessel in navigation because it “had not been taken out of service, permanently anch “repairs,” the “necessaries” for which maritime liens are authorized under the Federal Maritime Lien Act specifically include towage. See 46 U.S.C. § 31301(4). Although she could not self-propel, the BETTY LYN II could be towed upon 24 hours notice. Nor does the fact that the BETTY LYN II was drydocked for the repairs divest her of vessel status. See N. Pac. S.S. Co., 249 U.S. at 128, 39 S.Ct. at 224 (<HOLDING>); Jones v. One Fifty Foot Gulfstar Motor",256004,41020,3,case_hold_mc,holding that rule 4 displaced service provision in the admiralty act,holding that courts apply substantive admiralty law to claims that sound in admiralty regardless of whether the complaint invokes diversity or admiralty jurisdiction,holding that admiralty jurisdiction extends to maritime insurance contracts,holding that admiralty jurisdiction extended to an action for ship repairs performed in drydock because there is no difference in character as to repairs made upon the hull of a vessel dependent upon whether they are made while she is afloat while in dry dock or while hauled up by ways upon land the nature of the service is identical in the several cases and the admiralty jurisdiction extends to all,holding that a complaint that asserts both admiralty jurisdiction and diversity jurisdiction is not an adequate 9h designation to trigger admiralty procedures
303,"be ascertained from the creating instrument, the permissible uses of an easement acquired by prescription are necessarily defined by the use of the servient land during the prescriptive period.”). In French, plaintiffs acquired a prescriptive right of user over a roadway for certain discrete purposes based on their past use of the property. We concluded that plaintiffs were not entitled to make a different use of the roadway because it would increase the burden on the servient estate and it would extend the right acquired by plaintiffs’ prior use of the property. French, 135 Vt. at 80, 369 A.2d at 1388. Thus, French does not support plaintiffs’ assertion that the reasonable use of the right>of-way at issue here depends on its historical use. Cf. Nelson, 113 Vt. at 172, 32 A.2d at 146 (<HOLDING>). Moreover, as previously discussed, we agree",256856,41166,1,case_hold_mc,recognizing that an easement may entitle the easement owner to do acts which were not for the easement would constitute a nuisance,holding that one who possesses deeded easement need not use the easement to maintain his title and easement cannot be extinguished from nonuser alone,recognizing that where a grantee has an easement which he shares with others his duty to repair and maintain it must be apportioned with all other easement holders based upon the extent of the individuals use of the easement,holding that an easement agreement and an unrecorded easement plan created an easement,recognizing that one cannot have an easement in his own land
304,"17 . Both Fireman’s Fund and Lodi agree that the even if the district court did not err in abstaining, it erred in dismissing the Fireman’s Fund’s remaining federal and state constitutional claims; the district court instead should have stayed the action and retained jurisdiction over the remaining federal claims pending resolution of the relevant state law issues in state court. See International Bhd. of Elec. Workers, 614 F.2d at 213. 18 . We also note that although HSAA is not identical to CERCLA, it mirrors CERCLA in many respects. It therefore seems inconsistent to consider the Insurers' federal preemption claims, while at the same time abstaining from the related state law preemption claims. Cf. Wisconsin v. Constantineau, 400 U.S. 433, 439, 91 S.Ct. 507, 27 L.Ed.2d 515 (1971) (<HOLDING>). But see Fields v. Rockdale County, 785 F.2d",257714,41307,1,case_hold_mc,holding that a provision of the constitution is to be construed in the sense in which it was understood by the framers and the people at the time of its adoption but that if new products or circumstances that did not exist at the time the constitutional provision was enacted fall within the meaning of the provision the constitutional provision applies to them,holding that pullman abstention should not be invoked to avoid interpreting state law constitutional questions when the provision of the state constitution at issue mirrors a provision of the federal constitution,recognizing exception under state constitution,recognizing that oath taken to honor state constitution makes it the justices duty to apply the state constitution when it does not conflict with the federal constitution,recognizing that provisions of the colorado constitution should be construed in the context of the constitution as a whole
305,"center’s investigation and disciplinary decisions involved the type of legislative or executive policy decisions that we believe must be protected by discretionary immunity. The center’s decisions did not simply require the application of professional judgment to a given set of facts, but were necessarily entwined in a layer of policy-making that exceeded the mere application of rules to facts. Appellants argue that respondents are not immune from liability for the center’s failure to convey certain information to the Department of Human Services to assist in the department’s investigation of appellants’ allegations against Gary Grimm because this failure to convey information was a ministerial, rather than a discretionary, act. See S.L.D. v. Kranz, 498 N.W.2d 47, 55 (Minn.App.1993) (<HOLDING>). We conclude that the circumstances here,",258571,41446,3,case_hold_mc,holding the record does not show that the statement to the social worker was for medical treatment because the social worker testified that he questioned the child to determine whether he needed to notify child protective services of a case of suspected child abuse,holding trial court was proper in admitting a doctors testimony that a delay between the occurrence of an incident of child sexual abuse and the childs revelation of the incident was the usual pattern of conduct for victims of child sexual abuse,holding defendants prior conviction for assault related to sexual abuse of a minor even though it did not require an act of sexual abuse because it required intent to commit sexual abuse  and such a mens rea demonstrate the offense was one relating to sexual abuse,holding that county was not immune from liability for continued sexual abuse of child resulting from social workers failure to convey information to supervisor about report of child abuse stating that failure to communicate did not involve planning decisions or the balancing of policy objectives,holding a social worker treating the child was permitted to testify to statements the child made about the abuse including the victims identification of the perpetrator because the statements were necessary to the treatment of ensuring the continued safety of the child
306,"than liability for contributory infringement of a copyright. See Sony Corp. v. Universal City Studios, 464 U.S. 417, 439 n. 19, 104 S.Ct. 774, 78 L.Ed.2d 574 (1984); Perfect 10, 494 F.3d at 806; Fonovisa, 76 F.3d at 265 (noting that ""trademark infringement liability is more narrowly circumscribed than copyright infringement”). Under copyright law, generalized knowledge that copyright infringement may take place in an Internet venue is insufficient to impose contributory liability. See, e.g., A & M Records, Inc. v. Napster, Inc., 239 F.3d 1004, 1027 (9th Cir.2001) (""The mere existence of the Napster system, absent actual notice and Napster’s demonstrated failure to remove the offending material, is insufficient to impose contributory liability.”); Hendrickson, 165 F.Supp.2d at 1088-90 (<HOLDING>). 38 . Of course, a NOCI was not a notice of",259425,41571,0,case_hold_mc,holding that generalized notice of copyright infringements was insufficient to establish knowledge for the purpose of contributory liability,holding that notice of judgment was insufficient,holding that mere authorization and approval of copyright infringements taking place outside the united states is not a copyright violation and does not create jurisdiction over those extraterritorial acts,holding that while the computer program at issue was within the subject matter of copyright the right sought under state law pursuant to a license was not equivalent to the exclusive rights under copyright as such copyright preemption did not apply,holding manufacturers generalized knowledge of concerns insufficient to meet ucc notice requirement
307,"an interpretation of section 85.321 that would make any party who holds a mineral interest indefinitely liable to all subsequent interest holders for prior alleged damage to the land. The consequences of such an interpretation run contrary to the legislative intent to protect and encourage the development of Texas natural resources. See Tex. Const. art. XVI, § 59. We are mindful of the consequences of a particular construction. See Tex. Gov’t Code § 311.023(5); McIntyre, 109 S.W.3d at 745. Absent a legislative enactment clearly abrogating the common law, we conclude that Emerald does not have standing as a subsequent lessee to pursue a claim under section 85.321 for Exxon’s alleged wrongful actions as a prior lessee. See, e.g., Tooke v. City of Mexia, 197 S.W.3d 325, 342-43 (Tex.2006) (<HOLDING>). C. Negligence Per Se Because our holding that",260282,41702,1,case_hold_mc,holding that citys enforcement of the entire state penal code would not constitute a city policy because the city was required to follow state law,holding that tex loc govt code  51075 abrogated city of texarkana v city of new boston 141 sw3d 778 texapptexarkana 2004,holding that city attorneys promise in an oral settlement agreement for city to annex and rezone land was within the legal authority of the city of joliet to accomplish and were not absolutely void acts per se therefore city could be estopped from avoiding enforcement of contract,holding that the city of boston was acting as a market participant when it contracted for public works construction,holding that distribution of catalogs to city addresses constituted use within city subject to taxation under municipal code provision
308,"v. Pelzer, 240 F.3d 975 (11th Cir.2001). Accordingly, the question to ask is whether prison officials have been given fair warning that their actions or omissions are unconstitutional. Id. It has been clearly established in this Circuit for a long time that an inmate may not be held in prison beyond the end of his sentence. Whirl v. Kern, 407 F.2d 781 (5th Cir.1968), cert. denied 396 U.S. 901, 90 S.Ct. 210, 24 L.Ed.2d 177 (1969)(upholding liability under § 1983 against a jailer for continuing a prisoner’s incarceration for nine months); Cannon v. Macon County, 1 F.3d 1558, 1563 (11th Cir.1993) (denying qualified immunity defense and finding there was a clearly established right under the Fourteenth Amendment to not be falsely imprisoned); Douthit v. Jones, 619 F.2d 527 (5th Cir.1980) (<HOLDING>). These case clearly establish an inmate’s",261143,41840,0,case_hold_mc,holding thirty day detention beyond the expiration of a sentence constitutes a deprivation of due process,holding that civil commitment for any purpose constitutes significant deprivation of liberty that requires due process protection,holding thirtyeight day preappearance detention violated due process,holding that detention of approximately eight months violated due process,holding that deprivation of property must conform to due process principles
309,"rather than the probate division of the common pleas court, R.C. 2311.04, rather than 2101.31, would have governed the proceedings at trial and would have mandated that the factual issues be tried to a jury. We are not persuaded, however, that R.C. 2311.04 would have conferred upon appellants a right to a jury trial on the factual issues presented in the complaint and in their counterclaims. As we noted above, R.C. 2721.10 and 2311.04 mandate a jury trial of factual issues arising in a declaratory judgment action instituted in the general division of the common pleas court if the action is construed to be “for the recovery of money only, or specific real or personal property.” The right to a jury trial thereby (1983), 12 Ohio App.3d 113, 114, 12 OBR 420, 421, 467 N.E.2d 564, 566 (<HOLDING>). In its complaint, FNB sought declaratory",261998,41978,3,case_hold_mc,holding that a cross claim or counterclaim for affirmative relief must be filed before the statute of limitations expires because a claim is not stripped of its character as an independent action by acquiring the label counterclaim,holding that the due process clause confers a right to direct a childs education,holding that a jury trial was not required when the money demand although specific was incidental and ancillary to the equitable relief requested and would ripen only if equitable relief were granted,holding that rc 231104 confers a right to a jury trial on a legal counterclaim that if true would extinguish the original equitable claim but confers no right on a legal counterclaim that is incidental or ancillary to the original claim,holding that district court did not abuse its discretion in considering merits of state law counterclaim that formed part of the same case as federal counterclaim even though court had dismissed federal counterclaim quoting 28 usc  1367a
310,"was available” between the death on July 9 and the release of the records on October 14 because she did not look. Finally, in her affidavit filed May 17, 2005, Mac-Pherson stated that she failed to inform Dougherty because she assumed he would not be interested in it, as she was told that it had been a natural death. ¶38 None of these explanations meet MCSO’s burden of establishing that records furnished ninety-seven days (sixty-seven working days) after a request was made were furnished promptly. First, after an agency learns that it erroneously responded to a records request, the agency may not justify its failure to provide records by claiming that it no longer has any responsibility to provide them. Cf. Rogers v. Superior Court, 19 Cal.App.4th 469, 23 Cal.Rptr.2d 412, 419-20 (1993) (<HOLDING>). Second, an agency may not justify its failure",262848,42123,2,case_hold_mc,holding evidence insufficient for conviction for possession of controlled dangerous substances when the drugs were not found on the person of or in the same room as the defendant but were only found on other persons on the premises,holding that municipal court records were admissible under  official records or public documents  exception,holding for the purposes of the california public records act that a city disclosed all documents in a reasonably timely manner when records that had not been in the citys possession or could not be found were promptly disclosed when they were found or became available,recognizing that intent of public records act is to provide all citizens with access to the records of all public governmental bodies,holding that records relating to a student court were not education records
311,"the presence or absence of a dose-response relationship. Defendant memorandum (doc. 585), at 1, 20. Dr. Kramer is an epidemiologist, having received a Ph.D. in the same from the Johns Hopkins School of Public Health in 1979. Expert Report of Kramer, submitted as plaintiff ex. 016185, at 6. “Epidemiology, a field that concerns itself with finding the causal nexus between external factors and disease, is generally considered to be the best evidence of causation in toxic tort actions.” Rider v. Sandoz Pharmaceuticals Corp., 295 F.3d 1194, 1198 (11th Cir.2002). In Rider, the Eleventh Circuit added that “[t]his Court has long held that epidemiology is not required to prove causation in a toxic tort case.” Id., at 1199; citing Wells v. Ortho Pharm. Corp., 788 F.2d 741, 745 (11th Cir.1986) (<HOLDING>). Although she performed no independent studies",263710,42266,0,case_hold_mc,holding that a causeeffect relationship need not be clearly established by animal or epidemiological studies,holding that agreements established agency relationship,holding the right to record police activity on public property was not clearly established,holding that clearly established law is construed as supreme court or tenth circuit decisions on point or the clearly established weight of authority from other courts,holding coleman injunction is not clearly established law
312,"that an impartial jury cannot be obtained in such county.”); OCGA § 17-2-2 (a). 15 Jones, 272 Ga. at 901 (2); accord Muldrow v. St hat State failed to prove venue when only evidence presented was that murder victim’s neighbor that defendant abandoned majority of his ineffective assistance claims by making only conclusory arguments and failing to support such argument with citations to authority). 31 Tyner, 313 Ga. App. at 564 (6) (a) (punctuation omitted); see Perdue v. State, 298 Ga. 841, 845 (3) (785 SE2d 291) (2016) (noting that it is well established that the decision as to which defense witnesses to call is a matter of trial strategy and tactics). 32 Tyner, 313 Ga. App. at 564 (6) (a) (punctuation omitted). 33 See Mattox v. State, 305 Ga. App. 600, 606 (3) (699 SE2d 887) (2010) (<HOLDING>). 34 Davenport v. State, 308 Ga. App. 140, 154",264569,42403,3,case_hold_mc,holding that counsels failure to impeach a witness by showing bias was ineffective assistance,holding witnesss business address even though witnesss middle name omitted enough information because party could locate witness,holding that the defendants due process rights were violated when the trial judge singled out the only defense witness and indicated to that witness that he expected the witness to he and would personally ensure that the witness was prosecuted for perjury and thereby effectively drove that witness off the stand,holding that trial counsels inability to locate witness did not constitute ineffective assistance when defendant only knew witnesss first name and the apartment complex where he believed the witness lived,holding that defendant is under an obligation to give the government notice of an alibi witness even if defendant is unable to locate the witness
313,"other forex trader for themselves during this period resulted in net losses; (2) assured pool participants that no more than two percent of their funds would be at risk yet Defendants consistently used more than two percent of pool participants’ funds to trade forex; and (3) promised that pool participants could redeem their initial investments upon 30 days’ no element is established when an individual’s “conduct involves intentional omissions or misrepresentations that present a risk of misleading customers, either known to the defendant or sufficiently manifest that the defendant must have been aware of the risk.” King, 2007 WL 1321762, at *2 (citing R.J. Fitzgerald & Co., 310 F.3d at 1328) (internal quotation marks omitted); Wasnick v. Refco, Inc., 911 F.2d 345, 348 (9th Cir.1990) (<HOLDING>) (citation omitted); Lawrence v. CFTC, 759 F.2d",265427,42552,0,case_hold_mc,holding that scienter is established when an individuals acts are performed with knowledge of their nature and character,holding that it was proper for court to rely on affidavits of defendants representatives in negotiations because their personal knowledge and competence to testify are reasonably inferred from their positions and the nature of their participation in the matters to which they swore,holding that absolute immunity protects  judges  so long as their acts are judicial  in nature internal quotation omitted,holding that the knowledge requisite to knowing violation of a statute is factual knowledge as distinguished from knowledge of the law,holding that judges of courts of superior or general jurisdiction are not liable to civil actions for their judicial acts even when such acts are in excess of their jurisdiction and are alleged to have been done maliciously or corruptly
314,"show the hostile treatment was based on their protected status.”). Indeed, Plaintiff herself believed that much of the hostility she faced was because she had cooperated with the investigation of the onion incident and created a patient-care report for the medication that was used on Roberts, which report contradicted a supervisor’s explanation. Hostile treatment based on Plaintiffs cooperation in the investigation does not provide evidence that these incidents were motivated by Plaintiffs sex. Further, even if Plaintiff had presented evidence that this allegedly negative treatment was motivated by her sex, the treatment was not sufficiently “severe or pervasive” to support a hostile work environment claim. Compare Adams v. Austal, U.S.A, L.L.C., 754 F.3d 1240, 1254 (11th Cir. 2014) (<HOLDING>) and Gupta v. Florida Bd. of Regents, 212 F.3d",266287,42686,4,case_hold_mc,holding that conduct was not sufficiently severe or pervasive where over twoweek period a coworker stood behind the plaintiff to create physical contact surreptitiously looked at the plaintiffs genitals in the restroom and engaged in unwanted touching,holding that a plaintiff is not required to state the statutory or constitutional basis for his claim only the facts underlying it,holding that plaintiff did not establish a severe or pervasive hostile work environment where the complained of conduct was episodic but not so frequent as to become pervasive was never severe was never physically threatening though occasionally discomforting or mildly humiliating and significantly was never according to the record an impediment to the plaintiffs work performance,holding that harassing conduct not sufficiently severe and pervasive where conduct would not have affected the work environment of a reasonable person,holding that conduct was not sufficiently severe or pervasive where an africanamerican plaintiff saw his coworkers wear the confederate flag on a regular basis saw racist graffiti in the mens restroom that he used on a daily basis heard people say the slur nigger but only a few times  and heard about a noose being left in the breakroom though he did not see it himself
315,"that the defendant’s right to a fair trial is prejudiced. See Masaka, 4 So.3d at 1286; Wells, 967 So.2d at 419. In the instant case, there was no evidence offered that Appellant worked in conjunction with anyone else to commit the crimes. Such a theory was never argued before the jury, and the instruction on principals was neither requested by the State nor read in the original reading of the jury instructions. The instruction was only given after the jury presented the court with a question regarding its inability to determine whether Appellant was the actual shooter. Where there was no evidence offered that Appellant acted with anyone in committing the shootings, the trial court erred in reading the principals instruction. See Lovette v. State, 654 So.2d 604, 606 (Fla. 2d DCA 1995) (<HOLDING>). Further, the error was not harmless in that",267145,42815,2,case_hold_mc,holding that instructing the jury on a legal duty theory when appellant had no legal duty to prevent the commission of the offense was error,holding that trial court committed reversible error in not instructing jury to determine credibility of incriminating statements attributed to defendant by state trooper,holding that the trial court committed reversible error in instructing the jury on a principals theory because there was no evidence that the appellant acted in concert with anyone in committing the charged offenses,holding that there is no error in instructing the jury on alternative theories if there is sufficient evidence that the defendant committed firstdegree murder,holding that the trial court committed fundamental error in not instructing the jury on the knowledge element of the offense of resisting an officer without violence when that element was in dispute at trial
316,"of the [Marion County] small claims court shall be taken to the superior court of the county and tried de novo."" Retaining the identical language, the Legislature re-codified the statute in 2004 as Indiana Code section 33-34-3-15(a). 2 . Atlantic Coast sought interlocutory review of the trial court's order, which the Court of Appeals accepted. The Court of Appeals addressed this claim in the instant appeal. 3 . Atlantic Coast does not challenge the Court of Appeals' determination regarding the discovery order, and the Cooks do not challenge the determination that they waived appellate review of the trial court's grant of summary judgment in favor of Delta Airlines on the Cooks' negligence claim. 4 . Compare, for example, Abdullah v. Am. Airlines, Inc., 181 F.3d 363 (3rd Cir.1999) (<HOLDING>), and O'Carroll v. Am. Airlines, Inc., 863 F.2d",268003,42958,4,case_hold_mc,holding federal law preempts state regulation of voip provider but expressing no opinion on applicability of state laws generally governing such companies including laws concerning taxation,holding that general maritime law preempts state law,holding that the flsa preempts certain state law claims,holding that federal common law of erisa preempts state law in the interpretation of erisa benefit plans,holding that federal law establishes the applicable standards of care in the field of aviation safety generally and thus preempts the entire field from state regulation
317,"at 10 (citing Sanders v. City of Union Springs, 207 Fed.Appx. 960, 966 (11th Cir.2006); Byrd v. Clark, 783 F.2d 1002, 1007 (11th Cir.1986)). Plaintiffs have not, however, demonstrated that the law was “clearly established” that a law enforcement officer can be held liable under § 1983 for failing to prevent another officer’s unlawful search. “A Government official’s conduct violates clearly established law when, at the time of the challenged conduct, ‘[t]he contours of [a] right [are] sufficie e a duty to intervene in unlawful searches when they are in a position to do so, it cannot be said that the Canine Handlers and Alma Officers violated clearly established law by failing to intervene in these particular circumstance. See, e.g., Jones v. Cannon, 174 F.3d 1271, 1286 (11th Cir.1999) (<HOLDING>). The facts alleged in this case are distinct",268859,43096,2,case_hold_mc,holding that a police officer was not liable for use of excessive force since  951 requirements were satisfied,holding that an officer could be held liable for failing to intervene in preventing an unlawful strip search,holding that while case law generally indicates that an officer can be held liable for failing to intervene in another officers use of excessive force the absence of authority from the supreme court or the eleventh circuit dealing with similar circumstances supported granting qualified immunity to a defendant,holding that inquiry as to whether officers are entitled to qualified immunity for use of excessive force is distinct from inquiry on the merits of the excessive force claim,holding that a military police officer was entitled to qualified immunity from an excessive force suit when he objectively reasonably believed that he used reasonable force
318,"of due diligence prior to trial. Thus, as the evidence submitted clearly does not constitute newly discovered evidence, the trial court did not err in denying Mann’s motion for postconviction relief without granting him an evidentiary hearing. REPRESENTATION BY THE PUBLIC DEFENDER’S OFFICE IN NON-DEATH PENALTY POSTCONVICTION COLLATERAL PROCEEDINGS While the trial court accepted and ruled on the postconviction motion filed by the Public Defender’s Office, it concluded that the Public Defender’s Office did not, in fact, represent Mann because it had not been appointed to do so. We agree. A criminal defendant’s right to counsel is constitutionally mandated regarding representation at trial and on direct appeal. See Gideon v. Wainwright, 372 U.S. 335, 83 S.Ct. 792, 9 L.Ed.2d 799 (1963)(<HOLDING>); Douglas v. California, 372 U.S. 353, 83 S.Ct.",269718,43235,4,case_hold_mc,recognizing that the sixth amendment guarantees a defendant the right to counsel and the right to waive counsel,holding that the sixth amendment right to counsel embodies the right to effective assistance of counsel,holding that the fourteenth amendment incorporated the sixth amendment right to counsel,holding that under the sixth amendment a criminal defendant may waive his right to counsel if that waiver is knowing intelligent and voluntary,holding that a criminal defendant has a sixth amendment right to counsel at trial
319,"Impact Statements and forest plans were at least partially privileged. The Court reached this decision only after the forest service had already released redacted copies of the drafts and after the withheld Information had been reviewed in camera. Nat’l Wildlife Fed’n, 861 F.2d at 1115-6. In summarizing the D.C. Circuit’s approach to the deliberative process privilege, however, the Ninth Circuit quoted the D.C. Circuit’s broad statement that the deliberative process privilege “cover[s] all ‘recommendations, draft documents, proposals, suggestions and other subjective doc will not reveal the mental processes of the agency, however, the Ninth Circuit has explicitly rejected the argument that whatever is not the “final agency position” must be deliberative. See Carter, 307 F.3d at 1092 (<HOLDING>) (citing Petroleum Info. Corp., 976 F.2d at",270575,43365,2,case_hold_mc,holding that release discharges only persons named in or sufficiently described by terms of release,holding that where a foia plaintiff seeks sensitive foreignaffairs information the court should give substantial weight to a government affidavit that the information is exempt from foia but nevertheless consider contrary evidence presented by the plaintiff,holding that foia compelled the department of commerce to release census data that adjusted for systemic undercounts and stating any concerns with public confusion caused by release of erroneous information could be allayed by warning foia requesters that the information is unofficial and disclaiming responsibility for any errors or gaps,holding that when a plaintiff has no pending foia request with an agency and has not averred that he intends to make foia requests to the agency in the future any claim of future injury is simply too speculative and remote to give him standing,holding that foia exemptions are not mandatory bars to disclosure because the purpose of foia is to provide broad disclosure of government documents
320,"be corrected pursuant to Rule 60(a) is that the former consist of blunders in execution whereas the latter consists of instances where the court changes its mind, either because it made a legal or factual mistake in making its original determination, or because on second thought it has decided to exercise its discretion in a manner different from the way it was exercised in the original determination. Id. (internal quotation marks omitted). Thus, a proper Rule 60(a) order involves the purely ministerial act of correcting a clerical mistake; it does not alter the substantive rights of the parties or resolve any of the disputes in the case. Such an order should not be considered final. See Elliott v. Four Seasons Props. (In re Frontier Props., Inc.), 979 F.2d 1358, 1363 (9th Cir.1992) (<HOLDING>) resolves and seriously affects substantive",271430,43491,1,case_hold_mc,holding that a bankruptcy courts sale order is a final order for res judicata purposes,holding that a bankruptcy order is not final unless it 1,holding that a bankruptcy court order denying a trustees claim to immunity was final and appealable under the collateral order doctrine,holding that a district court judgment is not a final judgment appealable by the defendant unless it includes the final adjudication and the final sentence,holding that bankruptcy court order that a stay applied to a particular party was a final order and noting that bankruptcy court orders lifting or denying relief from an automatic stay are final for purposes of appeal
321,"lack of subject-matter jurisdiction. However, none of the parties to the district-court actions filed an appeal of the June 11, 2012, orders to the trial court to challenge the district court’s determination that it lacked jurisdiction to consider the drivers’ appeals. See § 12-12-71, Ala. Code 1975 (“[A]ll appeals from final judgments of the district court shall be to the circuit court for trial de novo.”). Rather, the drivers and the city proceeded in the trial court, apparently under the assumption that the district court could properly transfer the three actions to the trial court. In fact, a district court may transfer an action that it determines is not within its jurisdiction but, rather, is within the jurisdiction of the circuit court: “If a case filed in the circuit p. 2008) (<HOLDING>); cf. Ex parte Smith, 438 So.2d 766, 767-68",272285,43630,2,case_hold_mc,holding that a transfer order issued by a district court in another circuit is reviewable only in the circuit of the transferor district court,holding that when the district court improperly purported to transfer to the circuit court an action over which the circuit court lacked subjectmatter jurisdiction the circuit court was without jurisdiction to enter its judgment which was void and dismissing the appeal from that void judgment,holding that because the circuit court did not have subjectmatter jurisdiction over the unlawfuldetainer action the district courts unauthorized transfer of the action could not transfer jurisdiction over that action to the circuit court,holding that a subsequent action was not barred because the initial court did not have jurisdiction over the claim,holding that when the district court dismissed rather than transferred a case not within its jurisdiction and a party appealed that dismissal the circuit court could consider only the propriety of the dismissal on appeal and determining that the circuit court lacked jurisdiction on appeal to consider the merits of the action
322,"administrative complaint has expired, and an exhaustion requirement would preclude a civil suit. The primary goal of the exhaustion requirement is to prevent simultaneous proceedings regarding the same claim. The amended regulations resolve this problem, and the Government concedes exhaustion is not necessary. Consequently, the agency no longer supports the requirement. Thus, we hold that the amended regulations eliminate the exhaustion requirement for age discrimination claims and vacate the district court’s dismissal for lack of subject matter jurisdiction and remand. VACATED and REMANDED. No costs allowed. 1 . We emphasize that our holding is limited to age discrimination claims governed by EEOC regulations. See, e.g., EEOC v. Farmer Bros. Co., 31 F.3d 891, 899 (9th Cir.1994)",273141,43771,2,case_hold_mc,holding that an alien must exhaust administrative remedies before seeking habeas relief from detention,holding that a plaintiff need not exhaust his administrative remedies to bring a retaliation claim,holding claimant must exhaust administrative remedies before litigating discriminatory lay off claim,holding that the prisoner must exhaust his administrative remedies as to each defendant later sued,recognizing the general rule that parties must exhaust prescribed administrative remedies before seeking relief from federal courts 
323,"in the murder. See Garafola, 2006 WL 963878, at *3-5. While the petitioner alleges that he is innocent of the murder of Edward Garofalo, as he did in the motion to withdraw his guilty plea, this conclusory allegation is insufficient. See Blackledge v. Allison, 431 U.S. 63, 74, 97 S.Ct. 1621, 52 L.Ed.2d 136 (1977) (The petitioner’s “[s]olemn declarations in open court carry a strong presumption of verity [and] [t]he subsequent presentation of conclusory allegations unsupported by specifics is subject to summary dismissal.... ”). The facts in the record, including the ir.2009) (same); Ferguson v. Sec’y for the Dep’t of Corr., 580 F.3d 1183, 1218-20 (11th Cir. 2009) (same); Stanford v. Parker, 266 F.3d 442, 460-61 (6th Cir.2001) (same); Wedra v. Lefevre, 988 F.2d 334, 344 (2d Cir.1993) (<HOLDING>); Grey v. Hoke, 933 F.2d 117, 121 (2d Cir.1991)",273937,43888,3,case_hold_mc,holding judicial recusal claim barred because of procedural default,holding that the novelty of a petitioners claim can constitute cause for a procedural default,holding that prosecutorial misconduct was harmless in the face of overwhelming evidence of guilt,holding prosecutorial misconduct claim barred by procedural default,holding that an ineffective assistance of counsel claim alleged to be cause for the procedural default of other claims is itself an independent claim subject to the procedural requirements of exhaustion
324,"decisions or actions of any state administrative agency or officer, and ... the validity of any rule promulgated by such agency or officer.” R. 2:2-3(a)(2); see also Prado v. State, 186 N.J. 413, 422-23, 895 A.2d 1154 (2006). Our “jurisdiction extends not only to State agency action but also agency inaction.” Pressler and Verniero, Current N.J. Court Rules, comment 3.1 on R. 2:2-3(a)(2) (2011) (emphasis added); see also N.J. Civil Serv. Ass’n v. State, 88 N.J. 605, 612, 443 A.2d 1070 (1982). The traditional meaning of an administrative agency is “[a] governmental body with the authority to implement and administer particular legislation.” Black’s Law Dictionary 63 09); Hartz Mountain Indus., Inc. v. N.J. Sports & Exposition Auth, 369 N.J.Super. 175, 187-88, 848 A.2d 793 (App.Div.) (<HOLDING>), certif. denied, 182 N.J. 147, 862 A.2d 56",274796,44027,4,case_hold_mc,holding that a determination of a new jersey spill compensation fund arbitrator is reviewable by the appellate division,holding that the new jersey statute of limitations applicable to  1983 actions is njsa 2a142,holding that the attorney generals decision not to provide representation to an employee is reviewable by the appellate division not by the law division where the actions against the employee are pending,holding that decisions of the new jersey meadowlands commission established in but not of the department of community affairs njsa 13175a are appealable to the appellate division as of right,holding that the new jersey sports and exposition authority constituted as a body corporate and politic within the department of community affairs njsa 5104a is a state agency whose decisions are initially reviewable in the appellate division
325,"to the defense of Poole. 6 . Moreover, not only did Poole's unilateral decision to have the school’s interior remedi-ated violate the terms of the policy, (see ECF No. 1-2 at 19), and impair Nautilus’s ability to protect its interests, which included mounting a litigation strategy to determine fault, see W. Bend Co. v. Chiaphua Indus., Inc., 112 F.Supp.2d 816, 824 (E.D.Wis.2000) (explaining that prohibitions against voluntarily assuming obligations “exist to give the insurer — which is being asked to foot the bill — an opportunity to protect its interests”), but the late tender to Nautilus appears to have- deprived it of the opportunity to control the defense of Poole in the state action. See Wm. C. Vick Constr. Co. v. Pa. Nat’l Mut. Cas. Ins. Co., 52 F.Supp.2d 569, 596 (E.D.N.C.1999) (<HOLDING>). To hold, as Westfield urges, that Nautilus",275649,44162,4,case_hold_mc,holding that the insurers failure to pay even what it had considered to be a reasonable sum for defense costs despite having nominally accepted the tender of defense constitutes a breach of the duty to defend,holding despite a reservation of rights that when the insurer provides a defense to its insured the insured has no right to interfere with the insurers control of the defense and a stipulated judgment between the insured and the injured claimant without the consent of the insurer is ineffective to impose liability upon the insurer,holding that insurer must pay for defense after it declined to provide a defense and coverage was found to exist,holding that delayed notice relieves insurer of obligation to pay defense costs if it was actually prejudiced by delay,recognizing that an insurers obligation to pay for prenotification legal expenses is concomitant with its right to control the defense and that a contrary result would require the insurer to pay for those defense costs which it had no opportunity to control
326,"doubt about whether Swanson had perpetrated the robbery or whether intimidation was proved. Id. at 1071, 1074. There, we applied Cronic because counsel’s concession concerned the only factual issues in dispute on the only count that was charged. Id. at 1074. The government had also failed to identify any strategy that could justify counsel’s betrayal of his client. Id. at 1075. Unlike Swanson, Thomas was tried on multiple counts, and counsel decided to focus on the charges on which Thomas had a chance. As we recognized in Sioanson, “in some cases a trial attorney may find it advantageous to his client’s interests to concede certain elements of an offense or his guilt of one of several charges.” Id. at 1075-76; see also Anderson v. Calderon, 232 F.3d 1053, 1087-90 (9th Cir.2000) (<HOLDING>), overruled on other grounds by Osband v.",276507,44303,3,case_hold_mc,holding that conspiracy to commit murder is not lesserincluded offense of firstdegree murder,holding that where both firstdegree and felony murder were possible bases for a murder conviction a jury instruction that suggested the jury could rely on felony murder as the predicate offense for a conviction for conspiracy to commit murder was improper because under arizona law a conviction for conspiracy to commit firstdegree murder requires a specific intent to kill,holding that reversal of conviction for felony murder was required where jury failed to find the defendant guilty of the underlying felony as essential element of the felony murder offense,holding that swanson and cronics presumption of prejudice does not apply where trial counsel conceded that defendant murdered the victim but asked the jury to convict him of firstdegree murder rather than felony murder in order to avoid eligibility for the death penalty,holding that counsel was not deficient in seeking a conviction for first degree murder rather than felony murder in order to avoid exposing his client to the death penalty and concluding that counsel made a reasonable assessment that the jury would be very unlikely to let anderson off of the hook completely
327,"OPINION BLACKBURN, District Judge. Currently before the court is the motion of plaintiff Linda N. Lewis to remand. Upon consideration of the record, the submissions of the parties, the argument of counsel, and the relevant law, the court is of the opinion that plaintiffs motion to remand is due to be granted. This dispute arises out of defendants’ decision to terminate plaintiffs employment. On February 1, 1996, plaintiff filed suit in the Tenth Judicial Circuit, Jefferson County, Alabama, alleging that defendants violated Alabama Code § 25-5-11.1, which prohibits an employer from terminating an employee for claiming workers’ compensation benefits under Alabama law. Defendants removed the case to federal court on March 20, 1996, and 725 (7th Cir.) (<HOLDING>), cert. denied, 513 U.S. 955, 115 S.Ct. 377,",277355,44443,3,case_hold_mc,holding that  255111 claim does not arise under alabamas workers compensation laws,holding action did not arise under the patent laws,holding the retaliation claim did arise under states workers compensation laws,holding that illinois cause of action for retaliation does not arise under its workers compensation laws,holding that retaliation claim did not arise under states workers compensation laws
328,"guilty beyond a reasonable doubt.” United States v. Voss, 82 F.3d 1521, 1524-25 (10th Cir.1996) (internal quotation marks omitted). Mr. Amores claims that the government has insufficient evidence to satisfy the “carry” element of the statute. When a motor vehicle is used, the definition of “carry” “takes on a less restrictive meaning than carrying on the person,” and “the government is required to prove only that the defendant transported a firearm in a vehicle and that he had actual or constructive possession of the firearm while doing so.” United States v. Miller, 84 F.3d 1244, 1258-59 (10th Cir.1996), overruled on other grounds by United States v. Holland, 116 F.3d 1353 (10th Cir.1997); see Muscarello v. United States, 524 U.S. 125, 139, 118 S.Ct. 1911, 141 L.Ed.2d 111 (1998) (<HOLDING>). Taking the evidence in the light most",278175,44570,2,case_hold_mc,holding that carries a firearm includes one who knowingly possesses and conveys a firearm in a vehicle,holding that to apply the firearm enhancement the firearm need only reflect the context of the defendants possession and the defendants ability to use the firearm to promote the controlled substance offense,holding the word carry includes the carrying of a firearm in a vehicle,holding that carry includes carrying of weapons directly on the person,holding the word individuals is not the equivalent of the dictionary acts use of the word persons
329,"counsel is necessary to warrant the “drastic step of disqualification of counsel.” Id. at 602-03 (citations omitted) (quoting Shaffer v. Farm Fresh, Inc., 966 F.2d 142, 145-46 (4th Cir.1992), and citing Aetna Cas. & Surety Co. v. United States, 570 F.2d 1197, 1200-01 (4th Cir.1978), and Richmond Hilton Assocs. v. City of Richmond, 690 F.2d 1086, 1089-90 (4th Cir.1982)). The Court notes that “the lawyer’s duty of loyalty long has precluded the representation of conflicting interests.” Chauffeurs, Teamsters & Helpers, Local No. 391 v. Terry, 494 U.S. 558, 586, 110 S.Ct. 1339, 108 L.Ed.2d 519 (1990); see also Dyntel Corp. v. Ebner, 120 F.3d 488, 492 (4th Cir.1997) (“[UJnder Virginia law it is clear that a lawyer owes his or her client a fiduciary duty.”); Tessier, 731 F.Supp. at 733 (<HOLDING>). This duty of loyalty is reflected in Rules",279022,44707,3,case_hold_mc,holding that the substantial relationship test also concerns the duty of loyalty to a former client,holding that an attorney who breaches a fiduciary duty to a client forfeits his right to compensation without any requirement that the client prove actual harm,holding an attorney is an agent of the client and therefore cannot conspire with the client,recognizing that an attorney has a duty of loyalty to his client,holding that erisas duty of loyalty creates a duty to disclose certain information to beneficiaries
330,(9th Cir.2003) (<HOLDING>).' Amara’s remaining contentions are,279875,44847,0,case_hold_mc,holding that proper remedy for failure to exhaust is dismissal of the claim without prejudice,recognizing that dismissal may be proper where plaintiff concedes the failure to exhaust,holding that dismissal of a pro se complaint for failure to state a claim should generally be without prejudice but if the plaintiff has been given an opportunity amend his complaint and fails to do so the dismissal may be with prejudice,holding dismissal with prejudice is appropriate remedy for failure to timely file undertaking,holding that a review committee of the kansas board for discipline of attorneys had the authority to dismiss a complaint against an attorney with or without prejudice and when dismissal was ordered without specifying the nature of the dismissal the dismissal was without prejudice to the filing of later proceedings on the same matter
331,"United States v. Quintero, 937 F.2d 95, 96-97 (2d Cir.1991); United States v. Frierson, 945 F.2d 650, 654-55 (3d Cir.1991) (rejecting the defendant’s argument that he was deprived of the benefit of his bargain by the application of the relevant conduct guideline to a count dismissed pursuant to a plea bargain), cert. denied, — U.S.-, 112 S.Ct. 1515, 117 L.Ed.2d 651 (1992); United States v. Williams, 880 F.2d 804, 805-06 (4th Cir.1989) (rejecting the defendant’s assertion that he was denied the benefit of his bargain); United States v. Rodriguez-Nuez, 919 F.2d 461, 464 (7th Cir.1990) (rejecting the contention that it was ""fundamentally unfair"" to apply § 1B1.3(a)(2) to a count dismissed pursuant to a plea bargain); United States v. Scroggins, 880 F.2d 1204, 1213-14 (11th Cir.1989) (<HOLDING>), cert. denied, 494 U.S. 1083, 110 S.Ct. 1816,",279944,44855,2,case_hold_mc,holding that the district court had discretion where plaintiff sought to amend a count that had been dismissed with prejudice,holding that the notice of appeal filed after the district court entered judgment as to one defendant but before the court dismissed the claims against the other defendants would have become effective when those defendants were later dismissed,holding that application of  1b13a2 to a dismissed count was not inequitable because the plea bargain did not impliedly preclude the district court from considering evidence of the conduct charged in the dismissed count and the defendant could have predicted that the court would aggregate the conduct,holding that the trial court should have dismissed the employees breach of contract claim,holding where there was no indication in the procedural history that the court had held that the five prior appeals dismissed for failure to prosecute were frivolous that the dismissals did not count as strikes under  1915g
332,"Her affidavit explains her asset purchases, bank deposits, and credit card activity during the relevant time period. Her affidavit stated her tax records provide an accurate reflection of her income during the relevant times. Her affidavit thus sets forth specific facts disputing her exclusive control of the student activity account and controverting the claim that her personal finances show a $57,759.21 misappropriation. We must view the evidence in the light most favorable to the nonmoving party. C & J Vantage Leasing Co., 784 N.W.2d at 756. We find Van Haaften’s affidavit testimony creates a genuine issue of material fact as to the amount of the theft in excess of the $10,000 conclusively established by her Alford plea. See Wemimont v. Wernimont, 686 N.W.2d 186, 191 (Iowa 2004) (<HOLDING>). Accordingly, the district court erred in",280799,44991,4,case_hold_mc,holding that a speculative affidavit which contained mere conjecture was insufficient to create a genuine issue of material fact for trial,holding that nonmoving party need not produce evidence unless moving party first brings forth evidence either tending to prove lack of genuine issue of material fact or challenging existence of element of cause of action,holding that dispute regarding material fact is genuine if the evidence is such that a reasonable jury could return a verdict for the nonmoving party,holding that there was a genuine issue of material fact precluding summary judgment,holding nonmoving partys affidavit created genuine issue of material fact as to the existence of an employment relationship
333,"of drug trafficking may be predicated, in part, on a cash transaction for a one way ticket and on nervous conduct. Id. n. 7 (citing Florida v. Royer, 460 U.S. 491, 502, 103 S.Ct. 1319, 75 L.Ed.2d 229 (1983) (stating that ""appearance and conduct"" may be factors supporting reasonable suspicion)). Unusual travel plans and inconsistencies in information provided to the officer during a traffic stop may also give rise to reasonable suspicion of criminal activity. Wood, 106 F.3d at 946-47. Because reasonable suspicion is based on any rational inferences an officer may draw from the totality of the circumstances, a court must examine the combination of all the facts to determine whether an officer had reasonable suspicion of criminal activity. Morales, 935 P.2d at 941; Boylan, 854 P.2d at 812 (<HOLDING>). We have held that ""there are 'cireumstances",281651,45126,2,case_hold_mc,holding reasonable suspicion is based on totality of circumstances,holding that notwithstanding the officers testimony that he had no suspicion of criminality the officer was aware of facts that would give rise to reasonable suspicion in the mind of a reasonable officer,holding that while each separate item standing alone did not provide reasonable suspicion a combination of factors clearly satisfied the reasonable suspicion requirement,holding that an officer has reasonable suspicion to conduct traffic stop even when his suspicion that a law has been violated is based on a reasonable mistake of law,holding that the excluded evidence required a finding of reasonable suspicion
334,"do not believe that a federal probation officer acts on behalf of the prosecution.”) Investigating a probationer’s alleged noncompliance with the terms of his probation is certainly a regular duty of a probation officer. Therefore, absent evidence that Polk stepped outside his neutral role as a federal probation officer, we question the dissent's assumption that Polk acted as an agent of the police. Second, even assuming that Polk was acting on behalf of the police when he met with Howard, an argument rejected by both the federal magistrate judge, (J.A. at 213), and the district court, (J.A. at 301-02), the1 dissent offers no factual support for its conclusion that Polk ""interrogated” Howard. See Rhode Island v. Innis, 446 U.S. 291, 299, 100 S.Ct. 1682, 1688-89, 64 L.Ed.2d 297 (1980) (<HOLDING>). In fact, as discussed at n. 2 & n. 10, supra,",282511,45265,2,case_hold_mc,holding that under the fifth amendment once an accused person in custody has expressed his or her desire to deal with the police only through counsel that person is not subject to further interrogation by the authorities until counsel has been made available  unless the accused himself initiates further communication exchanges or conversations with the police,holding that voluntary statements to police initiated by witness are not interrogation and therefore are nontestimonial,recognizing that not all statements obtained by the police after a person has been taken into custody are to be considered the product of interrogation,recognizing that police and the courts will continue occasionally to have difficulty deciding exactly when a suspect has been taken into custody,holding that miranda does not apply to statements of the defendant which are voluntary and unsolicited and not the product of custodial interrogation
335,"literal reading of § 523(a)(2)(A) is inconsistent with our ease law. See In re Levy, 951 F.2d 196, 198 (9th Cir.1991) (section 523(a)(2)(A) “limits nondis-ehargeability to the amount of benefit to the debtor or loss to the creditor the act of fraud itself created”). An action for nondischarge-ability under § 523(a)(2)(A) requires only: (1) a representation; (2) falsity; (3) scienter; (4) reliance; and “(5) that the creditor sustained the alleged loss and damage as the proximate result of the representations having been made.” In re Britton, 950 F.2d at 604. Malpractice is a foreseeable result of any medical procedure, id. at 604-05, and the fifth element can be proved if the debtor fraudulently induced the creditor to undergo a procedure that was then negligently performed. Id. at 605 (<HOLDING>). Lee-Benner alleged damage from negligent",283371,45407,3,case_hold_mc,holding finding of reliability not clearly erroneous despite lack of prior description,holding that the district courts finding of no discrimination under title vii was not clearly erroneous because the finding was supported by the record,holding that the district courts finding of no discrimination was not clearly erroneous because the finding was supported by the record,holding bankruptcy courts finding of proximate causation not to be clearly erroneous,holding clearly erroneous bankruptcy courts conclusion that mobile home was property of the estate
336,"action under the Donnelly Act (General Business Law § 340) because the treble damages remedy provided for in subsection 5 constitutes a ‘penalty’ within the meaning of CPLR 901(b).” Cox v. Microsoft Corp., 290 A.D.2d 206, 737 N.Y.S.2d 1 (N.Y.App.Div.2002). See also Paltre v. Gen. Motors Corp., 26 A.D.3d 481, 483, 810 N.Y.S.2d 496 (N.Y.App.Div. 2006) (“The treble damages provision [in New York’s Donnelly Act] is a penalty within the meaning of § 901(b). The plaintiffs’ Donnelly Act class action may not be maintained because the Donnelly Act does not specifically authorize the recovery of this penalty in a class action[.]”) (citations omitted); Sperry v. Crompton Corp., 26 A.D.3d 488, 489, 810 N.Y.S.2d 498 (N.Y.App.Div.2006), aff'd, 8 N.Y.3d 204, 831 N.Y.S.2d 760, 863 N.E.2d 1012 (2007) (<HOLDING>). As was discussed in Erie Railroad Co. v.",284227,45542,3,case_hold_mc,holding that a district court properly dismissed as barred by res judicata an independent action for rescission of a prior judgment on the basis of fraud where the plaintiff failed to mount a viable direct attack on the earlier judgment,holding where plaintiffs stake in controversy disappears before there has been effort to certify class action the action must be dismissed,holding that because no class was certified at the time the individual claims were dismissed the class action was properly dismissed,holding that the court below had properly dismissed the plaintiffs donnelly act class action as barred by cplr  901b,holding that district court properly dismissed claims in  2241 petition that had been decided in previous habeas action
337,"court orders denying motions which Burton filed pursuant to rule 3.800(a) challenging his departure sentence. See Burton v. State, 923 So.2d 512 (Fla. 5th DCA 2006); Burton v. State, 889 So.2d 82 (Fla. 5th DCA 2004). In his direct appeal and in these prior postconviction proceedings Burton never argued that his conviction for attempted second degree murder with a firearm should not have been classified as a first degree felony. Instead, he simply challenged the trial court’s basis fo 2006) (“Blakely ... is not retroactive”). However, the trial judge granted Burton’s third 3.800(a) motion based upon his erroneous view that Burton was entitled to relief because his direct appeal was in the “pipe-fine” when Apprendi was decided in 2000. See Mitchell v. Moore, 786 So.2d 521, 530 (Fla.2001) (<HOLDING>). Because Burton did not object to the trial",285083,45678,2,case_hold_mc,holding newly announced rules of constitutional criminal procedure must apply retroactively to all cases state or federal pending on direct review or not yet final with no exception,holding that defendant must have clearly objected at trial to the matter he is raising on appeal,recognizing that the pipeline theory allows a defendant to seek application of a new rule of law if the case is pending on direct review or not yet final and the defendant timely objected at trial,holding that tillman applied to cases then pending on direct appeal ie in the pipeline,holding that a new rule for conducting criminal prosecutions should be applied to all cases pending on direct review or not yet final
338,"as an “animal”). We will not, however, reverse a sentence on the basis of improper prose-cutorial statements unless those statements are prejudicial enough to deprive a defendant of his constitutional rights to a fair penalty phase hearing. At the outset, we reject Allen’s contention that in a capital case there is greater protection under the Fifth Amendment’s Due Process Clause for a fair penalty phase hearing than there is for a fair trial. In determining whether Allen has received a fair penalty phase hearing, we therefore adopt the same standard set out by the Supreme Court and this court in determining whether a defendant has received a fair trial under the Constitution despite improper prosecutorial comments during trial. See, e.g., Darden, 477 U.S. at 181, 106 S.Ct. 2464 (<HOLDING>); Cannon, 88 F.3d at 1502 (outlining a",285942,45816,0,case_hold_mc,holding that the relevant question is whether the prosecutors comments so infected the trial with unfairness as to make the resulting conviction a denial of due process,holding that when reviewing the sufficiency of evidence to support a state criminal conviction the relevant question under the due process clause of the fourteenth amendment is whether after viewing the evidence in the light most favorable to the prosecution any rational trier of fact could have found the essential elements of the crime beyond a reasonable doubt,holding that the trial courts order violated due process because it was unclear whether or not the defendant was required to appear on the date in question,holding that plain error is the appropriate standard of review when a defendant objects to a prosecutors comments at trial does not move for a mistrial and then on appeal argues that the comments deprived him of a fair trial,holding that trial judges admonition of the jury to disregard prosecutors comments on the defendants failure to testify did not cure the error
339,"countries but noting that the right generally remains less expansive than the Fifth Amendment right in the United States). There is no reason to think the drafters of the Vienna Convention had these uniquely American rights in mind, especially given the fact that even the United States Supreme Court did not require Fifth and Sixth Amendment post-arrest warnings until it decided Miranda in 1966, three years after the treaty was drafted. Judge Thomas’s dissent discusses the longer history of the exclusionary rule for an involuntary confession, but that is not the issue we must decide. Although appellant contends that the exclusionary rule is the usual and, in this instance, only effective way to enforc (4th Cir.1995) (same); United States v. Thompson, 936 F.2d 1249, 1251 (11th Cir.1991) (<HOLDING>); United States v. Benevento, 836 F.2d 60, 69",286788,45953,1,case_hold_mc,holding that agents violation of irs regulations did not mandate exclusion of evidence obtained as a result of violation,holding a statutory violation insufficient to justify imposition of the exclusionary rule absent an underlying constitutional violation or right or evidence that congress intended exclusion as a remedy,holding that because code  19260 a procedural statute did not expressly provide a right of suppression of evidence a violation of that provision did not require application of the exclusionary rule in the absence of a constitutional violation,holding that exclusionary rule only requires exclusion of evidence obtained in violation of constitutional rights and that exclusion of evidence obtained in violation of statutory rights is not necessarily required,holding that violation of state law was not a per se constitutional violation
340,"does not violate the Equal Terms Provision if it is narrowly tailored to further a compelling government interest. Other circuits, by contrast, require that a comparator be “similarly situated” to the plaintiff religious assembly or institution with regard to the regulation at issue or to its purpose. For instance, the Third Circuit restricts comparison to “secular assemblies or institutions that are similarly situated [to the religious assembly] as to the regulatory purpose.” Lighthouse Inst. for Evangelism, Inc. v. City of Long Branch, 510 F.3d 253, 266 (3d Cir.2007). The Second Circuit compares the plaintiff religious assembly to a nonreligious assembly “similarly situated for all functional intents and purposes of the regulation.” Elijah Grp., Inc. v. C p. 581 (S.D.N.Y.1982) (<HOLDING>). Ill Do TOL Christian Schools and the",287647,46090,1,case_hold_mc,holding the standard of proof in summary judgment rulings is the same as it would be at trial,holding that where defendants assertion depends on proof to be offered at trial summary judgment is inappropriate,holding that an unsworn letter is not proper summary judgment proof,holding that trial court may not grant summary judgment by default  when the movants summary judgment proof is legally insufficient,holding summary judgment inappropriate to resolve an essentially procedural conflict
341,"decision) (concluding that evidence of intimidation from an Islamist Group without government response was harassment and did not rise to the level of persecution); see also Ujkic v. Ashcroft, 107 Fed.Appx. 560, 562 (6th Cir.2004) (unpublished decision). Furthermore, in most instances, neither hostility between competing ethnic groups nor race discrimination constitutes persecution. See Ouda, 324 F.3d at 450; Mikhailevitch, 146 F.3d at 390; see also Singh v. INS, 134 F.3d 962, 967 (9th Cir.1998) (requiring petitioner to show that “mistreatment she suffered was directed personally toward her, and that it was substantially more grievous in kind or degree than the general manifestation of hostility between competing ethnic and religious groups in Fiji”); Ghaly, 58 F.3d at 1431 (<HOLDING>); Bastanipour v. INS, 980 F.2d 1129, 1133 (7th",288493,46218,3,case_hold_mc,holding that designation is neither a sentence nor a punishment,holding that neither injunctive nor declaratory relief is available to private litigants under the fdcpa,holding that while widespread violence against a protected group by private individuals and public officials may constitute persecution widespread discrimination that may include persecution of some individuals does not compel such a finding,holding that where private discrimination is neither condoned by the state nor the prevailing social norm it does not constitute persecution,holding that personal disputes do not constitute persecution
342,"electronic, mechanical, or other device (as defined in [18 U.S.C. § 2510(5) ]) in violation of the Constitution or laws of the United States[.] 18 U.S.C. 3504. An aggrieved party’s claim must “appear to have a ‘colorable’ basis before it may function to trigger the government’s obligation to respond under § 3504.” United States v. Pacella, 622 F.2d 640, 643 (2d Cir.1980) (quoting United States v. Yanagita, 552 F.2d 940, 943 (2d Cir.1977)). A respondent can satisfy the requirements of § 3504 by producing affidavits asserting that no evidence to be used in the proceeding was obtained by unlawful surveillance, or by producing a court order showing that the surveillance was lawful. United States v. Kember, 648 F.2d 1354, 1369 (D.C.Cir.1980); In re Millow, 529 F.2d 770, 773 (2d Cir.1976) (<HOLDING>). Here, the defendants had no obligation to",289342,46345,4,case_hold_mc,holding merely that the evidence was sufficient to support the award of attorneys fees,holding black box labeled sel was sufficient structure because it was a well known electronic structure and performs a common electronic function,holding that the defendant lacked sufficient contacts with the forum state because there was no evidence the defendant knew where the product would be sold,holding that evidence was sufficient for jury to determine date employment was to begin,holding that the governments submission of a court order authorizing electronic surveillance was a sufficient response to a claim that evidence was a product of illegal wiretaps
343,"v. New York Stock Exchange, 373 U.S. 341, 357, 83 S.Ct. 1246, 1257, 10 L.Ed.2d 389 (1963). At the outset, we consider the effect of TAPAA’s introductory paragraph. Section 1653(c)(1) prescribes that, “Notwithstanding the provisions of any other law,” the owner of a vessel carrying trans-Alaska oil and the Fund “shall be strictly liable without regard to fault in accordance with the provisions of this subsection....” 43 U.S.C. § 1653(c)(1). Section 1653(c)(1) is the general statement of liability, and as such it introduces the subsequent subsections which contain TAPAA’s operational details. While some courts have found “notwithstanding” phrases to preempt explicitly the application of other laws, see, e.g., Complaint of Hokkaido Fisheries Co., Ltd., 506 F.Supp. 631, 634 (D.Alaska 1981) (<HOLDING>), we do not find the phrase dispositive in this",290197,46484,4,case_hold_mc,holding that denial of permit under section 404 of the clean water act was a taking,holding that district courts are without jurisdiction to review preenforcement orders issued under the clean water act,holding that adequate notice is a mandatory precondition of a clean water act citizen suit,holding that the limitation act does not apply to claims brought under the clean water act,holding that similar notwithstanding language in the clean water act preempted application of limitation act to limit owners liability for cleanup costs
344,"that her statement plays no part in this appeal. 2 . The district court also relied on the ""inevitable discovery” doctrine, under which unlawfully obtained evidence is admissible if it ""ultimately or inevitably would have been discovered by lawful means.” Nix v. Williams, 467 U.S. 431, 444, 104 S.Ct. 2501, 2509, 81 L.Ed.2d 377 (1984); see also United States v. Gale, 952 F.2d 1412 (D.C.Cir.1992). The government based its inevitability claim on the testimony of Officer Maradiaga and Sergeant Caldwell, each of whom testified that, but for Maradiaga's mistake about consent, he would have stopped the search and sought a warrant. We are dubious that such conjectural testimony is adequate to support applying the doctrine to this case. See Nix, 467 U.S. at 444 n. 5, 104 S.Ct. at 2509 n. 5 (<HOLDING>). Moreover, while the circuits disagree over",291059,46615,1,case_hold_mc,holding that no discovery is permissible in similar circumstances,holding that inevitable discovery involves no speculative elements but focuses on demonstrated historical facts capable of ready verification or impeachment,holding that dismissal for discovery violations was an extreme remedy but warranted under the facts of the case,holding that a discovery exception to a statute of limitation applies only to the discovery of facts not discovery of the law,recognizing inevitable discovery exception under fourth amendment
345,"of the collateral caused by market forces. Second, Onua argues that various mortgage payments made by him to the banks in furtherance of the scheme, as well as certain other “credits and offsets,” were not properly deducted from the overall amount of restitution. We hold that Onua forfeited this argument, by failing to object to either the District Court’s calculation of restitution at sentencing or to the Government’s proposed Final Order of Restitution, which adopted the District Court’s calculation. Because the District Court’s calculation of restitution did not constitute plain error, see United States v. Miller, 263 F.3d 1, 4 (2d Cir.2001), we affirm the District Court’s judgment as to the amount of restitution. See also United States v. Coriaty, 300 F.3d 244, 252 (2d Cir.2002) (<HOLDING>). Accordingly, we hold that Onua’s objections",291913,46755,0,case_hold_mc,holding that where defendant objected in the district court only to the loss calculation and not specifically to the calculation of restitution the issue of restitution was not properly presented  to the district court,holding that the district court properly considered the moisture content in the calculation of the weight of the marijuana for sentencing purposes,holding that where the government has not presented evidence at the hearing concerning the appropriate amount of restitution    the imposition of the restitution order constitutes plain error,holding that a calculation of the amount of loss is a factual finding,holding that equitable restitution is available but that legal restitution is not
346,"efforts as well as this court’s jurisdiction. Based on the foregoing, the court is not persuaded that Bank of America has satisfied the requirements for a stay pending appeal. SO ORDERED. 1 . The court herein incorporates by reference the findings and reasoning set forth in the Stay Order. See In re Brier Creek Corp. Ctr. Assocs. Ltd. P’ship, 2013 WL 144082, 2013 Bankr.LEXIS 143 (Bankr.E.D.N.C. Jan. 14, 2013). 2 . See also Piccinin, 788 F.2d at 1002-03 (“The court will have ample power [under Section 105] to enjoin actions excepted from the automatic stay which might interfere in the rehabilitative process whether in a liquidation or in a reorganization case.”); Apollo Molded Prods., Inc. v. Kleinman (In re Apollo Molded Prods., Inc.), 83 B.R. 189, 191 (Bankr.D.Mass.1988) (<HOLDING>) (citing Piccinin); Lahman Mfg. Co. v. First",292770,46889,3,case_hold_mc,holding that bankruptcy court may enjoin federal administrative proceedings when they threaten the debtors estate,holding a bankruptcy court is empowered to reopen a bankruptcy case on its own motion under 11 usc  105a,holding debtors are entitled to establish and recover their compensatory damages under 11 usc  105a for violations of the discharge injunction,holding bankruptcy court had jurisdiction to issue injunction of state court litigation against debtors principal stating this power under 11 usc  105a  includes the authority to enjoin litigants from pursuing actions in other courts that threaten the integrity of the debtors estate,holding that the definition of debtors principal residence in 11 usc  10113aa protects holder of secured claim in a mobile home that is debtors principal residence from modification under 11 usc  1322b
347,"26C et al, 226 Or 263, 278, 360 P2d 282 (1961). In that historical context, it is clear that a plaintiffs remedies against a public body created by the state to perform functions on behalf of the state would have been understood by the drafters to have been entirely dependent on the will of the legislature. That is, in 1857, a plaintiff would not have had any absolute rights against such a body; rather, the legislature would have had the ability, when creating a public body to operate as an instrumentality of the state, to determine the scope of the public body’s liability. See Hale, 308 Or at 518 (at the time of statehood, instrumentalities of the state government, performing state government functions, partook “fully of the state’s immunity from suit”) (citing Vendrell, 226 Or 263 (<HOLDING>), and Templeton v. Linn County, 22 Or 313, 29 P",293615,47026,2,case_hold_mc,holding that school districts do not share in the commonwealth of pennsylvanias eleventh amendment sovereign immunity because they are not alter egos of the commonwealth,recognizing the districts duty of care for the protection of school children in its schools,recognizing application of sovereign immunity to school districts,recognizing that school districts may not enter agreements which are inconsistent with state law,recognizing that municipal corporations can include under the missouri constitution in addition to cities and towns counties school districts townships under township organization special road districts and drainage districts
348,"the original form of the authorizing statute would nonetheless be saved under the general savings statute, 1 U.S.C. § 109, which provides: The repeal of any statute shall not have the effect to release or extinguish any penalty, forfeiture, or liability incurred under such statute, unless the repealing Act shall so expressly provide, and such statute shall be treated as still remaining in force for the purpose of sustaining any proper action or prosecution for the enforcement of such penalty, forfeiture, or liability. This provision reversed the common-law rule, under which the repeal of a criminal law “preclude[d] punishment for acts antedating the repeal.” Landgraf 511 U.S. at 271, 114 S.Ct. 1483; see also Yeaton v. United States, 9 U.S. (5 Cranch) 281, 283, 3 L.Ed. 101 (1809) (<HOLDING>). Accordingly, “unless [a] repealing statute",294474,47174,4,case_hold_mc,holding no violation of ex post facto clause because enhancement provision increases the punishment for being a felon in possession of a firearm that traveled in or affected interstate commerce and it does not affect the punishment previously meted out to the defendant for the  crimes he committed prior to the effective date of the statute,holding that a statute may be facially challenged only  by establishing that no set of circumstances exists under which the statute would be valid ie that the law is unconstitutional in all of its applications or at least that the statute lacks a plainly legitimate sweep ,holding that when a statute is patterned after a similar provision in another states statute it is proper to resort to judicial constructions placed on the statute by the courts of the state whose statute provided the model in determining the proper construction  ,holding that an executive order authorized by statute and intended to implement or supplement that statute has the force of law,holding that when a criminal statute expires or is repealed no penalty can be enforced nor punishment inflicted for violations of the law committed while it was in force unless some special provision be made for that purpose by statute
349,"is (1) its alter ego, (2) a mere department of it, or (3) its agent. See Brooks v. Bacardi Rum Corp., 943 F.Supp. 559, 562-63 (E.D.Pa.1996) (reciting the three tests under which a subsidiary’s contacts can be imputed to the parent); see also Arch, 984 F.Supp. at 837 (suggesting comprehensive approach whereby “all relevant factors” contained in the three tests are considered at once). Jurisdiction based on agency is proper where “the subsidiary is necessarily performing activities that the parent would otherwise have to perform in the absence of the subsidiaryf.]” In re Latex Gloves Prods. Liab. Litig., MDL No. 1148, 2001 WL 964105, at *3 n. 10 (E.D.Pa. Aug.22, 2001) (quoting Arch, 984 F.Supp. at 837). See also Gallagher v. Mazda Motor of Am., 781 F.Supp. 1079, 1084-86 (E.D.Pa.1992) (<HOLDING>). This is in contrast to a nonresident holding",295326,47309,4,case_hold_mc,holding that a parent corporations contacts may not be imputed to its subsidiary,holding that parent corporation could not be held liable for any acts of whollyowned subsidiary although boards of directors of the two corporations overlapped in all other respects corporation had not disregarded subsidiarys corporate separateness had not involved itself directly in management of subsidiary and had not otherwise dominated or controlled subsidiary,recognizing separate corporate identity of parent despite evidence that parent consolidated its profits and losses with that of its whollyowned subsidiary in presenting parents financial reports to shareholders that subsidiary was considered a division of parent and that subsidiary accounted for 60 of parents and subsidiarys combined operations,holding that a parent must exercise some control over the subsidiarys activities which does not require that the subsidiary be controlled to an ultimate degree by its parent  although something more than mere passive investment by the parent is required the parent must have and exercise control and direction  over the affairs of its subsidiary in order for venue to be proper,holding that a subsidiarys contacts can be imputed for purposes of service of process where a parent uses the subsidiary to do what it otherwise would have done itself 
350,"appropriate. Finally, even if we overlook Voltz’s failure to appeal his wage loss claim in his opening brief and his attempt to incorporate arguments by reference, his appeal would still fail because he references arguments that state grounds for affirming, rather then reversing the district court — as would be expected of arguments made by the defendant. Appellee Response Br. at 29-32. Therefore, in this appeal, we consider only the propriety of the district court’s grant of summary judgment for Coca-Cola on Voltz’s disparate treatment and disparate impact claims arising from his failure to be promoted in 1996 and 1998. 2 . The McDonnell Douglas burden shifting framework is applicable only in considering summary judgment. Fallis v. Kerr-McGee Corp., 944 F.2d 743, 744 (10th Cir.1991) (<HOLDING>). 3 . Coca-Cola submitted a letter under Fed.",296183,47449,1,case_hold_mc,holding that the plaintiff failed to raise an issue of fact regarding her retaliation claim because she failed to offer any evidence of a causal relationship between her involvement in protected activity and the adverse employment action,holding that once there has been a full trial on the merits the mcdonnell douglas frame work drops out and there remains only a single overarching issue of whether the adverse employment action was taken against the plaintiff because of his or her protected status,holding that because the carrier contested the compensability of the claim and took the position that there was no evidence that the accident arose out of and in the course and scope of hernandezs employment there was no conclusion on the merits,holding if there has been no termination of employment there has been no layoff or reduction in force,holding the third element of the test requires a plaintiff to show that his or her protected activity was a butfor cause of the alleged adverse action by the employer
351,"district court on remand from this court; (2) Wayt is was not entitled to relief under Rule 35(b) because, inter alia, the government has not moved for a sentence reduction; and (3) Wayt is not entitled to relief under Rule 35(c) both because the motion was not filed within seven days of the imposition of sentence and because the motion failed to identify any arithmetical or technical error in the sentence. In fact, it is clear that the proper vehicle for seeking the type of relief sought by Wayt is a motion to correct or vacate illegal sentence pursuant to 28 U.S.C. § 2255. Accordingly, this court exercises jurisdiction pursuant to 18 U.S.C. § 3742 and AFFIRMS the district court’s denial of Wayt’s Rule 35 motion. See United States v. McMillan, 106 F.3d 322, 324 n. 4 (10th Cir.1997) (<HOLDING>). * This order and judgment is not binding",297041,47584,1,case_hold_mc,holding that pursuant to the collateral order doctrine and 28 usc  1291 a state may appeal from a district court order denying it eleventh amendment immunity,holding that jurisdiction to hear appeal from resolution of a rule 35 motion arises under 18 usc  3742 rather than 28 usc  1291,holding that a nonparty may appeal an order of criminal contempt arising out of a pending action under 28 usc  1291,holding that order denying motion to dismiss a bankruptcy petition is final under 28 usc  1291,holding that the rule 21 severance rendered the district court verdict a final and appealable judgment under 28 usc  1291
352,"detention of the van, its driver, and its passenger exceeded the valid reason for the initial stop and violated the Fourth Amendment. The subsequent search of the vehicle was an unconstitutional search, and the drugs and drug paraphernaha discovered were fruit of the poisonous tree. The trial court’s denial of appellants’ motions to suppress should have been granted. In light of this holding, we need not address the third point, that omissions of facts in Ramsey’s affidavit for search warrant undermined the drug dog’s reliability and amounted to a Franks violation; or the fourth point, that the search warrant was objectively unreasonable and that there was no basis for a nighttime search. Reversed and remanded. Hart, Robbins, and Neal, JJ. te, 84 Md. App. 243, 578 A.2d 816 (1990) (<HOLDING>). In this case, after Ramsey determined that",297895,47733,3,case_hold_mc,holding that coming from the wrong neighborhood does not give rise to reasonable suspicion,holding innocent facts when considered together can give rise to reasonable suspicion,holding that the fact that defendant granted consent to police to search some items and then refused to give consent to additional searches cannot support a finding of reasonable suspicion,holding the drivers refusal to consent to search of automobile did not give rise to reasonable suspicion that vehicle contained narcotics,holding that refusal to consent to search cannot support a finding of reasonable suspicion
353,"acceptance of threat-based requests are appropriate for judicial resolution at this time. As a general proposition, it is true that a matter is not ripe for judicial review “[wjhere administrative proceedings are in process, and the agency has not adopted a final decision!.]” Special Commodity Group on Non-Rubber Footwear from Brazil v. Baldridge, 6 CIT 264, 269, 575 F.Supp. 1288, 1293 (1983). However, CITA’s final substantive decision is not, and indeed could not be, at issue in this case. This Court has held that CITA’s substantive decision to impose import restrictions pursuant to an appropriate exercise of validly delegated authority is nonjusticiable. See Am. Ass’n of Exps. & Imps.-Textile & Apparel Group v. United States, 7 CIT 79, 87, 583 F.Supp. 591, 599 (1984) (“AAEI-TAG I”) (<HOLDING>), aff'd, AAEI-TAG II, 751 F.2d 1239",298748,47871,2,case_hold_mc,holding that a quick look analysis was inappropriate for restrictions imposed by professional association of dentists on member advertising where the likelihood of noncompetitive effects of restrictions were not obvious and restrictions could plausibly be thought to have procompetitive effect on competition,holding that even in a public forum the government may impose reasonable restrictions on the time place or manner of protected speech provided the restrictions are justified without reference to the content of the regulated speech that they are narrowly tailored to serve a significant governmental interest and that they leave open ample alternative channels for communication of the information,holding that citas decision to impose restrictions on textile imports and request consultations with foreign governments concerning such restrictions was beyond judicial re view,recognizing prudential concerns underlying antitrust standing restrictions,recognizing that time place and manner restrictions must be content neutral
354,"lied, he was allowed to undergo the procedure. Young was an adult and was told not to drive. The warning not to drive, especially where it is reinforced by having the patient sign a paper affirming he or she will not drive, is proportionate to the danger. After the procedure, it was learned that Young intended to drive. Nurse Diane Brown repeatedly asked Young not to drive. She made phone calls to try and get him a ride. When no one showed up to drive him, Brown offered to wait with Young at the Center until the medication wore off. Still, Young went on and drove his car to another medical appointment. Brown went well beyond what could be reasonably required. Short of tackling and forcibly restraining Young, which would not be legally permissible, there was nothing m S.W.3d 489 (2002) (<HOLDING>). A review of our case law reveals that in the",299596,48005,3,case_hold_mc,holding expert testimony is ordinarily required in legal malpractice cases to establish the standard of care,holding that where a treating doctor is called to give an expert opinion on the standard of care that doctor is properly labeled an expert witness and must be disclosed to the other party along with other experts,holding expert testimony not required to defeat summary judgment in medical malpractice suit because defendant doctors admissions were sufficient to establish the standard of care,holding that where patients expert witness did not testify to what degree of skill and learning ordinarily possessed by doctors in good standing in little rock or similar locales was patient failed to establish applicable standard of care thereby warranting directed verdict in favor of appellant doctor,holding that evidence of prior similar acts was not proof of medical malpractice or whether the doctor lacked the proper degree of knowledge or skill
355,"the court explained: We note at the outset that § 724(b)(2) expressly limits the amount distributable to § 507(a) claimants to the “amount of such allowed tax claim that is secured by such tax lien.” In light of this qualification, it is clear that administrative and priority claimants are able to prime a tax lienholder under § 724(b)(2) only to the extent of the tax lien; if, as in this case, the sum of administrative and priority claims exceeds the amount of the tax lien, the excess amount is relegated to § 721(b)(6) status and paid in accordance with § 726. To hold otherwise would render meaningless the limiting language in § 724(b)(2). (Emphasis added.); see also King v. Bd. of Supervisors of Fairfax County (In re A.G. Van Metre, Jr., Inc.), 155 B.R. 118, 123 (Bankr.E.D.Va.1993) (<HOLDING>); Hargrave v. Township of Pemberton (In re",300456,48158,2,case_hold_mc,holding that it was not the taxpayers responsibility to pursue the different tax units to which the illegally levied county tax was proportioned as the taxpayer was entitled to recover the full amount of the tax from the county the collecting entity,holding that state property tax liens are not entitled to the states statutory interest rate as a matter of law rather the appropriate rate of interest is determined by the equities of each case,holding that priority unsecured claimants are entitled to payment only to the extent of the amount of the tax hens then if such claims happen to equal or exceed the amount of statutory tax liens the statutory tax hens are paid behind the claims of junior consensual henholders,holding that a tax refund claim must be dismissed if the principal tax deficiency has not been paid in full,holding that two federal tax liens had priority as a matter of law over the competing claims for fees and costs of a stakeholderbank
356,"to dismiss for lack of subject matter jurisdiction may challenge a plaintiffs complaint either on its face or on the factual truthfulness of its averments. Osborn v. United States, 918 F.2d 724, 729 n. 6 (8th Cir.1990) (citations omitted). When a defendant brings a facial challenge—a challenge that, even if truthful, the facts alleged in a claim are insufficient to establish jurisdiction—a court reviews the pleadings alone, and the non-moving party receives the same protections as it would defending against a motion brought pursuant to Rule 12(b)(6). Id. (citation omitted). In a factual challenge to jurisdiction, the court may consider matters outside the pleadings, and the non-moving party does not benefit from the safeguards of Rule 12(b)(6). Id. at 728-30 n. 4 (citations omitted) (<HOLDING>). B. Fed. R. Civ. P. 12(b)(6) In deciding a",301310,48304,3,case_hold_mc,holding that a court may consider materials outside the pleadings to determine its jurisdiction,holding that a rule 12b6 motion is only converted to a motion for summary judgment when a court accepts and considers matters outside of the pleadings,holding that by considering matters outside of the pleadings the trial court converted a rule 12b6 motion to dismiss into a summary judgment motion,holding that on a rule 12b1 motion challenging subjectmatter jurisdiction the court has authority to consider matters outside the pleadings,holding that in ruling on a rule 12b1 motion the court may consider exhibits outside the pleadings to resolve factual disputes regarding jurisdiction
357,"doctrine is extended to instances in which “the possessor knows that children too young to appreciate such dangers are likely to trespass on his land.” The dissent cites a number of cases from foreign jurisdictions to the effect that water is an obvious danger to all children. These cases are not consistent with our own precedent, which has rejected blanket rules. Further, other courts across the country have reached the opposite conclusion. See, e.g., King v. Lennen, 53 Cal.2d 340, 1 Cal.Rptr. 665, 348 P.2d 98, 99-100 (1959) (emphasizing that “the circumstance that a condition giving rise to injury is common in character does not necessarily exclude liability, that the ability to appreciate danger varies with the age and mental capacity of the c 2d 43, 914 P.2d 728, 729 (1996) (<HOLDING>). We decline to adopt a categorical rule that",302165,48439,1,case_hold_mc,holding that a store owner has a duty to protect invitees from foreseeable criminal acts,holding in a ease involving a child less than 3 years old that a landowner is not exempt from the duty to exercise reasonable care to protect invitees against potentially dangerous conditions on the land solely because the potential danger includes risks which are inherent in a natural body of water,holding that a residential landlord has no duty to protect invitees from foreseeable criminal acts,holding landowner had duty to provide security in parking lot to protect its invitees from criminal acts of third parties,holding a business owes a duty to protect invitees from reasonably foreseeable harm by third persons
358,"Appellant’s point regarding expert testimony is moot because we have disposed of the statutory claim. Because we are reversing the judgment for damages, we also reverse the attorney’s fees award. REVERSED AND REMANDED. LAWSON and EVANDER, JJ., concur. TORPY, J., concurs and concurs specially, with opinion. 1 . Appellees’ counsel commendably conceded at oral argument that these assaults did not occur within the scope of the agency. 2 . Because the judge charged the jury that a violation of the statute is negligence, it is impossible to tell whether the verdict for Ap-pellees on the negligence count was premised on a violation of the statute or a violation of the common law duty. 3 . See Hinckley v. Palm Beach County Bd. of County Comm'rs, 801 So.2d 193, 195 (Fla. 4th DCA 2001) (<HOLDING>). TORPY, J., concurring specially. I do not",303017,48580,4,case_hold_mc,recognizing the existence of the special relationship,holding that no special relationship existed between the school and student,recognizing that a caregiver and patient relationship may be confidential,holding that the special relationship exception does not apply to the relationship between a student and a school,holding special relationship existed between caregiver and developmentally disabled individual
359,"have expected that policyholders would assert claims and that some of the claims would be disputed. For some reason, EDS did not install a procedure for forwarding claims or notices served in its mail room. Nothing in the record excuses EDS’s misplacing of those claims and notices or its resulting failure to respond. See Restatement (Second) of Judgments § 67 comment b (1980) (“In the case of ... organizations that ought to expect to be sued from time to time, the question [in determining whether neglect is excusable] is whether their procedure for responding, particularly the procedure for putting the case in the hands of counsel, could be expected to function within the time al lowed.”); see also Secretary of State v. GPAK Corp., 95 N.J. Super. 82, 230 A.2d 146 (App.Div.1967) (<HOLDING>). EDS, therefore, is not entitled to relief",303865,48722,0,case_hold_mc,holding that corporations neglect in receiving notice of entry of judgment against it and not forwarding notice to corporations registered agent was inexcusable,holding that notice to supervisor is notice to city,holding premature notice of appeal was treated as entered on date of entry of final judgment,holding that notice of judgment was insufficient,holding that notice to the attorney of record constitutes notice to the petitioner
360,"Ins. Co., 616 A.2d 1192, 1195-96 (Del.1992)). 10 . Hallowell v. State Farm Mut. Auto. Ins. Co., 443 A.2d 925, 926 (Del.1982). 11 . Id. 12 . 18 Del. C. § 3902(b). 13 . Frank v. Horizon Assur. Co., 553 A.2d 1199, 1201-02 (Del.1989) (citing State Farm Mut. Auto. Ins. Co. v. Abramowicz, 386 A.2d 670, 673 (Del.1978)). 14 . Temple, 2000 WL 33113814, at *6. 15 . Temple, 782 A.2d 267, 2001 WL 760864, at *1. 16 . Adams-Baez, 2005 WL 2436220, at *3. 17 . Appellant’s Amended Opening Br. at 28. 18 . White v. Liberty Ins. Corp., 975 A.2d 786, 790-91 (Del.2009) (alteration in original) (omission in original) (quoting Account v. Hilton Hotels Corp., 780 A.2d 245, 248 (Del.2001)). 19 . White, 975 A.2d at 788. 20 . Id. at 789. 21 . See Eaquinta v. Allstate Ins. Co., 125 P.3d 901, 904 n. 5 (Utah 2005) (<HOLDING>). 22 . Gloe v. Iowa Mut. Ins. Co., 694 N.W.2d",304715,48863,2,case_hold_mc,holding that premature payment of estate taxes was not a recoverable loss in a wrongful death action because the test is a measurement of benefits of pecuniary value that the decedent might have been expected to contribute to the surviving spouse and children had the decedent lived,recognizing the majority rule,recognizing that a majority of courts hold that uim benefits for wrongful death are not available for a noninsured decedent,holding that plaintiffs failure to prove decedents death was caused by the wrongful acts of the defendant precludes any recovery of wrongful death damages under mississippis wrongful death statute,recognizing cause of action for wrongful death
361,"INS, 12 F.3d 1233, 1240 (3d Cir.1993). For relief under the CAT, an applicant must demonstrate that it is more likely than not that she would be tortured if removed to her country of origin. See 8 C.F.R. § 208.16(c)(2). Kupczyk bases her application for relief on three specific incidents which occurred in Poland, allegedly due to her status as a Jehovah’s Witness. First, she claims that on July 28, 1996, she was attacked by “a band of thugs” and suffered bruises and abrasions, as well as a broken nose, and had to spend three days in the hospital. She then began receiving phone calls late at n ed to offer any evidence that they are likely to be detained, let alone tortured, should they be removed to Poland or the Slovak Republic. See Lukwago v. Ashcroft, 329 F.3d 157, 183 (3d Cir.2003) (<HOLDING>). As we cannot conclude that the evidence",305573,49025,4,case_hold_mc,holding that to qualify for protection under the convention against torture an alien must show that he will more likely than not be tortured in his home country if removed,holding that the standard for withholding of removal is a showing that it is more likely than not that a petitioner will face persecution upon her return,holding that the court lacked jurisdiction to review whether alien established that he will more likely than not be tortured if  removed,holding that cat applicant must establish that it is more likely than not that he would be tortured if removed to his native country,holding that petitioner must demonstrate it is more likely than not that he will be tortured upon his return
362,"was “drowsy” and “in a lot of distress” on the day the statement was made. Furthermore, a nurse in the room heard her say “Donna” rather than “Daddy.” Because this was an out-of-court statement and Quattura was deemed incompetent to testify, cross-examination was impossible. Given the age and mental state of Quattura and the conflicting versions of what she said, we find unwarranted the state’s rebanee on this statement, and virtually this statement alone, to support the petitioner’s conviction. While such evidence could certainly be used to add to the prosecution’s case, a statement made under circumstances such as those in this case by an “incompetent” declarant simply does not constitute proof beyond a reasonable doubt. Cf. United States v. Orrico, 599 F.2d 113 (6th Cir.1979) (<HOLDING>). There was circumstantial evidence that",306428,49177,0,case_hold_mc,holding past recollection recorded and prior inconsistent statement insufficient standing alone to establish central element of alleged offense,holding that a police officers notes were relevant as prior and possibly inconsistent statements made and recorded by the witness,holding audiotape recordings were inadmissible as past recollection recorded where witnesses did not testify that the recordings accurately reflected their memories of events when made,holding that where witness was unable or unwilling to attest to the accuracy of the taped conversation the state could not introduce the same as a past recollection recorded,holding that threats standing alone generally do not constitute past persecution
363,"illness.... While the seizure may have been the cause of the crash, it was not the cause of Brad Kellogg’s death. The Plan does not contain an exclusion for losses due to accidents that were caused by physical illness, but rather excludes only losses caused by physical illness. Because there is no evidence that the seizure caused Brad Kellogg’s death, MetLife’s argument fails. The fact that the policy at issue here excludes losses that were caused or contributed to by physical illness does not change this analysis. A reasonable policyholder would understand this language to refer to causes contributing to the death, not to the accident. Id. at 832-33 (citations, footnote omitted); see also Fought v. UNUM Life Ins. Co. of Am., 379 F.3d 997, 998-1000, 1009-10 (10th Cir.2004) (per curiam) (<HOLDING>), abrogated on other grounds by Metro. Life",307276,49310,0,case_hold_mc,holding on rehearing that exclusion for disabilities caused by a preexisting medical condition would not support denial of benefits caused by staph infection resulting from surgery for a preexisting condition,holding that treatment for symptoms of undiagnosed multiple sclerosis activated the preexisting condition exclusion and stating that there is no requirement that a diagnosis definite or otherwise of the preexisting condition must be made during the preexisting condition period,recognizing that medical condition of cook who contracted staph infection that was so severe that she was treated by induced coma and not expected to survive sufficed for extraordinary circumstances test,holding that the preexisting duty exception does not apply where the preexisting duty is a limited one and the alleged negligence is the failure to provide a level of assistance beyond that required by the preexisting duty,holding that receiving advice or treatment during the exclusionary period for a condition which proves to be the same condition the claimant seeks benefits for qualifies as a preexisting condition regardless of whether there was an accurate diagnosis
364,"be employees to be “teachers” — and thus covered by the retirement system’s pension plan. But the STRS determined that Nese, Williams, and Miles were not “teachers,” because they were independent contractors rather than employees when they worked as VLA instructors for Jefferson County ESC. We thus turn to the legal tests for distinguishing an employee from an independent contractor. Common Law: Distinguishing Employees from Independent Contractors {¶ 33} “The chief test in determining whether one is an employee or an independent contractor is the right to control the manner or means of performing the work.” Bobik v. Indus. Comm., 146 Ohio St. 187, 64 N.E.2d 829 (1946), paragraph one of the syllabus. See also Foran v. Fisher Foods, Inc., 17 Ohio St.3d 193, 194, 478 N.E.2d 998 (1985) (<HOLDING>). “If such right is in the employer, the",308134,49450,2,case_hold_mc,holding an employee is an agent of his employer where the employer assumes the right to control time manner and method of work,holding that the tort of conversion accrues where a party exercises wrongful dominion and control over the property to the detriment of the rights of its actual owner,holding that one who exercises daytoday control over the employee will be considered as the employer,holding corporations president personally liable where he had ultimate control over businesss daytoday operations and was the corporate officer principally in charge of directing employment practices,holding that where daytoday operations were within sole control of the franchisee no agency relationship existed with franchisor
365,"that Officer Pritchard “knew the area of Chandler and Amanda Place to be a well known drug location with a high drug activity.” Thus, given the trial court’s finding that Officer Pritchard “knew the area of Chandler and Amanda Place to be a well known drug location with a high drag activity,” the first basis upon which the dissent attempts to distinguish Butler is not persuasive. Secondly, the dissent points out that, “as to the alleged transaction, Officer Pritchard did not see any exchange.” Although the dissent suggests that this factor, along with others, serves to “render Butler inapplicable to this appeal,” we do not agree. The existence of evidence tending to suggest, as the trial court found, that a hand-to-hand drag transaction had occurred in 5 S.E.2d 782, 785 (1992) (<HOLDING>). However, the trial court’s findings disclose",308986,49589,3,case_hold_mc,holding that reasonable suspicion justifies an investigatory detention,holding that an officers diligent pursuit of an investigation during the detention is a factor in determining the reasonableness of an investigatory stop,holding that the fact the defendant matched an anonymous tips description was seen in a high crime area and walked away when police approached was insufficient to provide reasonable suspicion,holding that the fact that defendant was standing in an open area between two apartment buildings and walked away upon the approach of law enforcement officers did not justify an investigatory detention,holding that information that a suspicious person wearing baggy clothes had been seen in a drugridden area and that he walked away upon the approach of law enforcement officers did not suffice to support an investigatory detention
366,"The conduct charged in Counts Eight and Ten would probably also be admissible on the other counts to show the scope of the scheme. Theriault’s conclusory assertion that a jury could “infer criminal conduct” from one group of counts to the other falls far short of showing the kind of pervasive prejudice needed to sever counts due to evidentiary spillover. To prevail on a motion to sever based on a need to testify (apparently Count Eight, the false loan application), a defendant must make “a convincing showing that he has both important testimony to give concerning one count and strong need to refrain from testifying on the other.” Richardson, 515 F.3d at 81 (quoting United States v. Alosa, 14 F.3d 693, 695 (1st Cir.1994)); see also United States v. Jordan, 112 F.3d 14, 16 (1st Cir.1997) (<HOLDING>) (quoting United States v. Gray, 958 F.2d 9, 14",309838,49728,1,case_hold_mc,holding that under the sliding scale approach a petitioner had made a sufficiently strong showing of likely success on the merits where he presented a case which raises serious legal questions or has a reasonable probability or fair prospect of success,holding that success on a motion to sever requires a strong showing of prejudice,recognizing that the burden of persuasion for a showing of prejudice was on the defendant,holding that an assertion of prejudice is not a showing of prejudice,holding that injunctive relief may be warranted where there is a particularly strong likelihood of success on the merits even if there is a relatively slight showing of irreparable injury
367,"statutes. A similar argument was made and rejected in Columbia Park. 2008 U.S. Dist. LEXIS 16370, at *9. Moreover, the Supreme Court’s statement in Wright v. Terrell is a clear indication that the rule announced in Wilson continues to be adhered to by our highest court. ¶12 The City also contends that had the Supreme Court disagreed with Harberd, it would not have denied the petition for review of that decision. A similar argument was also rejected in Columbia Park. 2008 U.S. Dist. LEXIS 16370, at *3. Indeed, the Supreme Court’s denial of review has never been taken as an expression of the court’s implicit acceptance of an appellate court’s decision. State v. Rudolph, 141 Wn. App. 59, 67, 168 P.3d 430 (2007); accord In re Estate of Borghi, 141 Wn. App. 294, 301, 169 P.3d 847 (2007) (<HOLDING>). ¶13 We are not free to ignore controlling",310700,49875,3,case_hold_mc,holding that the supreme court has final appellate review of agency decisions,holding that the court of appeals lacks the authority to overrule decisions of the supreme court of north carolina and has a responsibility to follow those decisions until otherwise ordered by the supreme court,holding that it is not our prerogative to overrule or ignore clearly written decisions of our supreme court,recognizing that our supreme court does not overrule binding precedent sub silentio and noting that because an appellate court opinion did not mention a contradicting supreme court decision the conflict between the two decisions was not called to the attention of the court which denied review of the appellate decision,holding that even though petition for allowance of appeal was pending before the pennsylvania supreme court decision remained binding precedent as long as the decision had not been overturned by our supreme court
368,"intermediate appellate court relied on the fact that the incident in Olive Branch, Mississippi, as well as that the incident at the Watkins residence/ occurred on July 20, 2010, rather than July . 21, 2010. Id. However, as indicated above, the victim’s testimony was unclear as to whether the incident at the Watkins residence occurred on July 20 or 21, 2010. Moreover, the testimony of the MPD officers does not exclude July 21, 2010, as the date of the Watki l Appeals do not use’ language as strong as “cure” or “effective substitute” and rather merely consider a prosecutor’s’ closing argument in determining whether the failure to- elect was harmless beyond a reasonable' doubt. See, e.g., State v. Osborne, No. M2005-00893-CCA-R3-CD, 2006 WL 2682773, at *5 (Tenn.Crim.App.-Sept. 7, 2006) (<HOLDING>); State v. Ramey, No. E2003-01840-CCA-R3-CD,",311554,50023,1,case_hold_mc,holding that any error was harmless when prosecutor stated in closing argument that the state was electing a specific incident the victim had testified to with particularity,holding that it was harmless error when the prosecutor focused on a single incident in closing argument,holding exclusion was harmless error,holding that plainerror exception did not apply where prosecutor asked jury to assume the role of the victim in closing argument,holding it was improper for prosecutor to inject personal opinion in statements to the jury in closing argument
369,"with the above, the Debt- or is not entitled to an exemption in the $61,646.00 in his Merrill Lynch IRA. An Order consistent with this Memorandum will be entered. 1 . Exemptions for the purpose of bankruptcy. — The personal property exemptions as provided for in this part, and the other exemptions as provided in other sections of the Tennessee Code Annotated for the citizens of Tennessee, are hereby declared adequate and the citizens of Tennessee, pursuant to section 522(b)(1), Public Law 95-598 known as the Bankruptcy Reform Act of 1978, Title 11 use, section 522(b)(1), are not authorized to claim as exempt the property described in the Bankruptcy Reform Act of 1978, 11 USC 522(d). Tenn.Code Ann. § 26-2-112 (2000); see also Rhodes v. Stewart, 705 F.2d 159, 161-62 (6th Cir. 1983) (<HOLDING>). 2 . The binding authority of an advisory",312410,50159,1,case_hold_mc,holding that a statute is unconstitutional if it clearly contravenes a constitutional provision,holding that tennessees optout statute is constitutional,holding that the uaa appeals statute is a limited exception to tennessees general appeals statute,holding that  106a is constitutional,holding that alleged violations of a state statute did not give rise to federal constitutional claims
370,"to maintenance and operation of the camp was improper because the record indicated that part of this amount included the replacement cost of equipment which the seller continued to own. The court then remanded the cause for a re-determination of the consequential damages. From these cases, we cannot agree with the Rogerses that consequential damages are improper in the context of a breach of a contract for the purchase of real estate. As noted above, the Hill case makes no mention of consequential damages. And the implication of the Showalter holding is that some consequential damages might have been proper. Therefore, we see no reason why the general rule for consequential damages resulting from breach of contract should not apply. Cf. Stoneburner v. Fletcher, 408 N.E.2d at 551 (<HOLDING>). The Rogerses further note that ""nowhere in",313261,50302,4,case_hold_mc,holding that the measure of damages of converted property is the market value at the time of conversion,holding failure to raise issue of improper measure of damages in trial court waived review of complaints that proper measure of damages was not submitted to jury and that plaintiff failed to present evidence on the proper measure,holding that the proper measure of damages to repair defects for a building contract that has not been substantially performed is the contractually agreed upon measure of damages,holding that if respondents suit is one for permanent damages to the land the measure of damages is the decreased value of the land,holding that where the customary measure of damages for a vendors failure or refusal to convey land was inapplicable the measure of damages must be flexible enough to vary with the necessities of the situation
371,"together, the Sixth Amendment and the due process clause of the Fourteenth Amendment to the United States Constitution “entitle a criminal defendant to a ‘jury determination that [he] is guilty of every element of the crime with which he is charged, beyond a reasonable doubt.’ ” Apprendi v. New Jersey, 530 U.S. 466, 477, 120 S. Ct. 2348, 147 L. Ed. 2d 435 (2000) (alteration in original) (quoting United States v. Gaudin, 515 federal constitutional rule: This court has repeatedly . . . held that Apprendi and its progeny do not require the State to submit a defendant’s prior convictions to a jury and prove them beyond a reasonable doubt. State v. Thiefault, 160 Wn.2d 409, 418, 158 P.3d 580 (2007) (citation omitted); see also State v. Roswell, 165 Wn.2d 186, 193 n.5, 196 P.3d 705 (2008) (<HOLDING>). Until such time as our Supreme Court",314113,50439,3,case_hold_mc,holding that apprendi carved out an exception for prior convictions that specifically preserved the holding of almendareztorres,holding that almendareztorres rejected the argument that the fact of a prior conviction must be found by a jury,recognizing exception carved out by almendareztorres,recognizing the prior conviction exception of almendareztorres,recognizing exception
372,"noted that “Plaintiff [Liddy] and similarly situated voters would be prejudiced if an ineligible candidate were to remain on the ballot because of a delay in finding out about the lack of eligibility.” Although the appellant prevailed on the dispositive motions, the Circuit Court ultimately ruled in favor of Gansler and his continued candidacy for the office of the Attorney General. The appellant, pursuant to § 12-203(a) of the Election Law Article, in response, noted an appeal to this Court and to the Court of Special Appeals , 468, 150 A.2d 433, 435 (1959) (noting that, although it is essential to raise the defense of laches in the pleadings, “equity may decline relief for a stale claim after the facts are fully developed”); Warburton v. Davis, 123 Md. 225, 231, 91 A. 163, 165 (1914) (<HOLDING>), citing Syester v. Brewer, 27 Md. 288, 319",314963,50585,0,case_hold_mc,recognizing that a court in a proper case and on its own motion may refuse to grant relief to a complainant who on the final hearing appears to have been guilty of laches although the defense was not interposed by the defendant,holding that the district court did not abuse its discretion in declining to apply laches where the only prejudice shown by the government was attributable to its own delay rather than to that of the movant,holding that the trial court may not grant summary judgment on a ground not raised in the motion,holding that a motion to continue a hearing on a postjudgment motion was ineffective to extend the period for the trial court to rule on the motion absent the express consent of the parties,holding the master shall consider the following factors in deciding whether to grant relief from an entry of default 1 the timing of the motion for relief 2 whether the defendant has a meritorious defense and 3 the degree of prejudice to the plaintiff if relief is granted
373,"the sentencing decision is properly channeled. McCleskey v. Kem.p, 481 U.S. 279, 307 n. 28, 313, 107 S.Ct. 1756, 1775 n. 28, 1778, 95 L.Ed.2d 262 (1987). As noted above, Pennsylvania’s death penalty statute appropriately limits the discretion involved in both seeking and imposing the death penalty, setting forth objective criteria in the form of aggravating circumstances that are completely unrelated to the socioeconomic status of the defendant. See 42 Pa.C.S. § 9711(d). Moreover, Crews does not demonstrate or, for that matter allege, how prosecutorial discretion was abused in the selection of cases in which the death penalty was sought. Hence, his claim in this regard lacks a necessary foundation and is, therefore, merit-less. See Hardcastle, 519 Pa. at 258, 546 A.2d at 1111 (<HOLDING>); Commonwealth v. DeHart, 512 Pa. 235, 261-62,",315821,50730,2,case_hold_mc,recognizing that although there were no limits placed on the defense counsels preparation it was surely reasonable for the defense to assume that there was no reason to present argument or evidence directed at whether the death penalty was either appropriate or permissible where the prosecution never argued for the application of the death penalty,holding that the equal protection clause also prohibits discrimination in jury selection on the basis of gender,holding that absent some showing that prosecutorial discretion was abused in the selection of cases in which the death penalty was sought there is no basis for either a claim under the eighth amendment or a claim under the equal protection clause,holding that lprs are entitled to the protection of the equal protection clause,holding that an equal protection claim was no more than a first amendment claim dressed in equal protection clothing and was thus subsumed by and coextensive with the first amendment claim
374,"§ 7553b(b) and claim the court was divested of authority to maintain the hold-without-bail order after two months. The delay in trial pending pretrial discovery would be attributable to defendant within the meaning of the statute. ¶ 11. At heart, § 7553b is a speedy trial rule. It is a fundamental characteristic of speedy trial assertions that a defendant must make his or her desires to get to trial known to the court. Indeed, this Court adopted this principle in response to U.S. Supreme Court precedent. This adoption — as well as the four factors used to determine whether violation of the constitutional right to a speedy trial has occurred — was described in State v. Unwin, 139 Vt. 186, 424 A.2d 251 (1980). There, this Court stated that “[i]n Barker, the Cou 971 A.2d 665 (mem.) (<HOLDING>). ¶ 13. Following this precedent, it is clear",316672,50863,4,case_hold_mc,holding that defendants assertion of his right to a speedy trial two months before his trial began did not satisfy this barker factor,holding the defendant did not demonstrate a denial of his sixth amendment right to a speedy trial where even though the delay was substantial and the defendant was detained pretrial for three years the fault for the delay was shared and the defendant continued to request continuances following his assertion for the right to a speedy trial,holding a trial court erred in determining that a motion to suppress was waived by a speedy trial demand,holding original proceeding appropriate vehicle for resolution of defendants pretrial claim that he has been denied a speedy trial,holding that aggressiveness with which defendant asserted his speedy trial right was lacking because he merely filed one demand for speedy trial and opposed his original counsels withdrawal
375,"cannot be resolved on summary judgment regarding the enforceability of the provisions in the Agreements barring consequential damages. Thus, summary judgment is only proper if Defendants have established that there is no genuine issue of material fact as to the availability of the damages sought by Plaintiffs under California law in the absence of enforceable provisions in the Agreements limiting liability. The Court concludes that Defendants have met this burden as to diminution in value damages but not as to lost rent. 1. The Limitati racts which “have for their object ... to exempt any one from responsibility for his own fraud ... are against the policy of the law.” Cal. Civ.Code § 1668; see also Blankenheim v. E.F. Hutton & Co., 217 Cal.App.3d 1463, 1471, 266 Cal.Rptr. 593 (1990) (<HOLDING>). Plaintiffs have presented evidence which, if",317525,51010,2,case_hold_mc,holding that rochez did not foreclose respondeat superior liability for brokerdealers for the fraudulent acts of their employees,holding that intentional acts exclusion applies to intentional act of child molestation,holding that under  1668 a party may not contract away liability for fraudulent or intentional acts,holding that intentional acts do not exclude coverage under the occurrence language unless the injury was expected or intended,holding that liability insurer had duty to defend insured against complaint that alleged intentional tort and negligence in the alternative even when policy excluded coverage for intentional torts
376,"traumatic. See Li, 356 F.3d at 1158 n. 4. She actually testified that she did not know how her examination would have been conducted. The evidence also does not compel a reasonable fact-finder to conclude that Lin has a well-founded fear of sterilization upon her return to China. Lin does not provide any evidence that women (to say nothing of women who are not and have never been pregnant) who simply fail to take required pregnancy tests, have actually been sterilized. She also does not present evidence that the family planning committee in her town fined her for failing to appear for her first appointment, that they have issued a warrant for her arrest, or that they actually would sterilize her if she returned home. See Zhang v. Attorney General, 128 Fed.Appx. 287, 289 (3d Cir.2005) (<HOLDING>). She also does not refer to any law or",318384,51148,3,case_hold_mc,recognizing that the governments inability to control the source of persecution may support a finding of a wellfounded fear,holding that general crime conditions are not a stated ground for a wellfounded fear of future persecution,holding that absent a pattern of persecution linked to the applicant persecution of family members is insufficient to demonstrate a wellfounded fear of persecution,holding that an alien had no wellfounded fear of persecution for resisting chinas coercive population control program in part because he was not charged with a crime and there was no warrant issued for his arrest,holding that absent past persecution an alien can demonstrate eligibility for asylum based on a wellfounded fear of future persecution by demonstrating that he or she subjectively fears persecution and that this fear is objectively reasonable
377,"upheld the 'blue-penciling' of contracts by trial courts”); McRand, Inc. v. Van Beelen, 138 Ill.App.3d 1045, 93 Ill.Dec. 471, 480, 486 N.E.2d 1306, 1315 (1985). 9 . To be sure, employers who provide professional services — such as lawyers and accountants— are more likely to have a near-permanent relationship with their clients, as opposed to employers who sell non-unique goods. See Springfield Rare Coin Galleries, Inc. v. Mileham, 250 Ill. App.3d 922, 189 Ill.Dec. 511, 512-13, 620 N.E.2d 479, 488-89 (1993). Nonetheless, simply because Loewen provides professional-like services does not necessarily demonstrate that it has a near-permanent relationship with its customers. See Williams & Montgomery, Ltd. v. Stellato, 195 Ill.App.3d 544, 142 Ill.Dec. 359, 366, 552 N.E.2d 1100, 1107 (1990)",319236,51295,0,case_hold_mc,holding that insurance defense law firm did not have nearpermanent relationship with its clients,holding that a suspended attorney should not be permitted to have contact with clients,holding that a law firm receiving funds for a client was not an initial transferee because the firms role with respect to the received money was to accept the funds in settlement of its clients case deposit the money in trust keep as fees only what the the clients agreed to and pay the rest to the bank on behalf of the clients in satisfaction of their loan,holding that a law firm could intervene in a former clients action to protect its interest in its contingency fee,holding that disbarment was proper where the attorney misappropriated payments from clients of his firm for his own use and took steps to conceal his conduct from his firm
378,"marks omitted)). Here, we cannot conclude as a matter of law that Gray’s actions in asking a group of fellow customers to quiet down was not a normal and foreseeable consequence of Denny’s failure to act on her request that an employee do so. Indeed, if Gray’s version of events is credited, then her conduct evokes the precise risk contemplated by the scope of Denny’s duty of care. See Derdiarian v. Felix Contracting Corp., 51 N.Y.2d 308, 315, 434 N.Y.S.2d 166, 169, 414 N.E.2d 666 (1980) (“An intervening act may not serve as a superseding cause, and relieve an actor of responsibility, where the risk of the intervening act occurring is the very same risk which renders the actor negligent.”); see also McKinnon v. Bell Sec., 268 A.D.2d 220, 221, 700 N.Y.S.2d 469, 471 (1st Dep’t 2000) (<HOLDING>). Thus, a fact question arises as to whether",320038,51416,2,case_hold_mc,holding that the defendant did not establish good faith as a matter of law,holding as a matter of law that natural condition present was open and obvious to all who would encounter it,holding it not unforeseeable as matter of law that plaintiff would approach suspect after security guard inexplicably released him,holding that it may be decided as a matter of law,holding that arkansas would not adopt the approach of reliance to resolve this case
379,"did not suffer any physical injury and that she did not recall being hit by Taylor. We do not sustain the ALJ’s legal conclusion that Taylor engaged in physical abuse of a patient as defined by Administrative Order 4:08-C.3. On this record, we are satisfied that Taylor’s conduct constituted “inappropriate physical contact” within the meaning of Administrative Order 4:08-C.5 and that removal would be an excessive sanction. Accord Harcum v. New Lisbon Dev. Ctr., 96 N.J.A.R.2d (CSV) 324, 1996 WL 433210 (1996) (reducing physical abuse charge to charge of inappropriate physical contact because employee did not act with malice and patient was not injured); Lyew v. Morris View Nursing Home, 93 N.J.A.R.2d (CSV) 673, 1993 WL 470770, aff'd, 94 N.J.A.R.2d (CSV) 718, 1994 WL 757555 (App.Div.1994) (<HOLDING>). IV We acknowledge the responsibility of DHS",320891,51563,0,case_hold_mc,holding that sanction of removal for nursing home attendant who was found to have hit patient suffering from dementia should be reduced to penalty of sixmonth suspension because act of hitting patient was isolated instance in which patient was aggressor,holding that a psychiatrist had no duty to detain a patient who killed himself and injured his wife because the patient was outside of the scope of the facilitys range of observation and control even when the psychiatrist agreed to treat the patient the patient had suicidal tendencies and the psychologist took the patient into custody but then later permitted him to leave,holding that no rehabilitation act violation occurred when nursing home discharged patient with behavioral problems because no reasonable accommodation existed,holding that defendant medical center which allowed a patient who would likely cause bodily harm to his wife if he had the opportunity to leave the center for a weekend could be liable for the patients actions of killing his wife and her paramour during that weekend because inter alia when the course of treatment of a mental patient involves an exercise of control over him by a physician who knows or should know that the patient is likely to cause bodily harm to others an independent duty arises from that relationship and falls upon the physician to exercise that control with such reasonable care as to prevent harm to others at the hands of the patient punctuation omitted emphasis supplied,holding issue of vicarious liability was for jury where patient did not have opportunity to choose physician who was provided by hospital
380,"is fixed by 18 U.S.C. § 4042, independent of an inconsistent state law.” 374 U.S. at 164-65, 83 S.Ct. 1850. Section 4042 requires that the BOP “provide for the safekeeping, care, and subsistence” of persons in its custody. § 4042(a)(2). Pappas argues that, under Muniz, the duty of care in § 4042 trumps any inconsistent Oklahoma duty of care. We need not address that question because the duty of care established by § 4042 does not appear inconsistent with Oklahoma law, which has noted the general rule that custodial personnel “must exercise reasonable care and diligence to protect those in [their] custody from known or reasonably perceivable dangers.” Seiler v. City of Bethany, 746 P.2d 699, 700 (Okla.Ct.App.1987) (c Am., 511 U.S. 375, 377, 114 S.Ct. 1673, 128 L.Ed.2d 391 (1994) (<HOLDING>). Pappas asserts that the district court",321750,51698,2,case_hold_mc,holding that the burden rests upon the party seeking benefits to prove the injury sustained was the result of an accident arising out of and in the course of employment and the rule of liberal construction is not a substitute for the claimants burden of establishing his claim by a preponderance of the evidence,holding that the burden of proof lies on the party asserting the protection of the work product doctrine,holding the law presumes that a cause lies outside the limited jurisdiction of the federal courts and the burden of establishing the contrary rests upon the party asserting jurisdiction,holding that the law presumes that the jury will follow the courts instructions,holding that the party asserting work product protection has the burden of establishing that the doctrine applies
381,"relates to Melissa’s financial condition and ability to support her children. See, e.g., In re Marriage of Gehl, 486 N.W.2d 284, 287 (Iowa 1992) (“[T]he new spouse’s income can be considered as it relates to the divorced custodial parent’s overall financial condition and ability to support the child.”); Page v. Page, 219 N.W.2d 556, 558 (Iowa 1974) (considering income of noncustodial parent’s spouse in deciding the appropriate amount of child support). Melissa and Jeff also have a child of their own, whom they must support on the couple’s income. This new dependent is a consideration in deciding whether there has been a substantial change in circumstances. See Iowa Code § 598.21C(l)(d). There was significant disagreement at the modification trial about Scott’s income. Scott p wa 1991) (<HOLDING>). In the 2008 temporary child support order,",322597,51837,3,case_hold_mc,holding plaintiff entitled to depreciation after repairs in determining the vehicles value at the time of the theft allowance must be made for depreciation then accrued,holding that depreciation could not be deducted from cost to repair building to its condition prior to fire under actual cash value policy,holding that depreciation in land value caused by a material change in a highway grade which made access to the property difficult is compensable,holding that the exspouse should be allowed a deduction for depreciation determined under the straight line method of depreciation rather than under the accelerated method,recognizing that determination of appropriate sentence to be imposed should ordinarily be determined by the trial court on remand rather than at the appellate level
382,"that it had not discriminated against Brummett, including the fact that Innovex had fired a substantially younger employee at the same time for violations of the same company policy. Finally, the district court dismissed as “stray remarks” several age-related comments Innovex employees allegedly made to Brummett, concluding that they were either too ambiguous to be probative or had been made by individuals without authority or influence over Innovex’s decision to terminate Brummett’s employment. See, e.g, Wyvill v. United Cos. Life Ins. Co., 212 F.3d 296, 304 (5th Cir.2000) (“In order for an age-based comment to be probative of an employer’s discriminatory intent, it must be direct and unambiguous____”); Krystek v. University of Southern Mississippi, 164 F.3d 251, 256 (5th Cir.1999) (<HOLDING>). Concluding that Brummett was thus unable to",323455,51972,2,case_hold_mc,recognizing that stray remarks are insufficient to raise an inference of discrimination and concluding that a comment by the decisionmaker that he selected a candidate for a promotion because the candidate was a bright intelligent knowledgeable young man was a stray remark that did not raise an inference of age discrimination,holding that stray remarks made almost two years prior to employment action was outdated and lacking in apparent probative value,holding that a comment made by a person who played no role in the employment decision was a stray remark that lacked any probative value as a matter of law,holding managers discriminatory remark indicative of age bias where buttressed by other evidence of discrimination and thus remark was not an isolated comment,holding hispanic supervisor will understand you better to be stray remark
383,"Eleventh Amendment purposes. The problem with relying now on the decision we made in Mumford is that we nowhere addressed the issue of who would pay for a damage judgment against the court of common pleas. The Supreme Court has now explicitly told us that this is the most important factor bearing on the Eleventh Amendment question. See Regents of the Univ. of Cal. v. Doe, 519 U.S. 425, 430, 117 S.Ct. 900, 137 L.Ed.2d 55 (1997) (stating “that the question whether a money judgment against a state instrumentality or official would be enforceable against the State is of considerable importance to any evaluation of the relationship between the State and the entity or individual being sued”); Hess v. Port Authority Trans-Hudson Corp., 513 U.S. 30, 48, 115 S.Ct. 394, 130 L.Ed.2d 245 (1994) (<HOLDING>). This court has followed suit; we now",324312,52101,0,case_hold_mc,recognizing the vulnerability of the states purse as the most salient factor in eleventh amendment determinations,recognizing that the third factor permanence is the most important,holding that state agencies are treated as states under the eleventh amendment,recognizing that the most important factor in determining whether a governmental entity is entitled to eleventh amendment immunity is whether a judgment against it would be paid from the state treasury,recognizing the eleventh amendment does not bar the united states from suing a state
384,"its concern with Plaintiffs’ lack of proof of causation and specific damages when the court entered summary judgment against them on their injurious falsehood/business disparagement and wrongful interference with business relations claims, and Plaintiffs’ testimony at trial failed to further illuminate their assertion that Petta’s statements caused them special damages. Plaintiffs’ testimony about special damages was unsupported by any documentary evidence, including any business operations analysis, tax returns or similar exhibits, or expert testimony, and Plaintiffs’ own con-clusory statements provided little quantifiable evidence of their claimed damages, leaving the jury to speculate regarding special damages. See Gilmore v. Cohen, 95 Ariz. 34, 36-37, 386 P.2d 81, 82-83 (1963) (<HOLDING>). ¶43 Furthermore, the evidence presented does",325162,52244,3,case_hold_mc,holding that the fifth and fourteenth amendments do not entitle a person to a federal remedy for every breach of contract by a state thus unless every breach of every public contract is to be actionable as a violation of constitutional rights it is necessary to distinguish between mere contract rights and constitutional property rights internal citations and quotation marks omitted,holding that the governments position must have a reasonable basis in both law and fact citations omitted,recognizing that the elements of a claim for breach of contract are 1 existence of a valid contract and 2 breach of the terms of that contract,recognizing in a breach of contract ease that the plaintiff in every case should supply some reasonable basis for computing the amount of damage and must do so with such precision as from the nature of his claim and the available evidence is possible citations omitted,holding that one method of computing damages for a breach of contract is the contract price less the reasonable cost of completion
385,"speech."" The categorical distinction is particularly difficult to apply to statutes that proscribe threats. Generally, threats involve words, or ""speech.” Moreover, in the R.A.V. case itself, the Court implicitly suggested that threats did not fall within its exception for statutes ""directed at conduct.” See R.A.V., — U.S. at --, 112 S.Ct. at 2546 (describing 18 U.S.C. § 871, which proscribes threats against the President, as fully subject to its general rule). Nonetheless, as I discuss below, at least one panel in this circuit has held that a civil rights statute selectively proscribing threats of force is “directed at conduct” and thus not subject to the R.A.V. general rule. Hayward, 6 F.3d at 1251 (42 U.S.C. § 3631, as applied to a cross-burning incident); cf. J.H.H., 22 F.3d at 826 (<HOLDING>); but cf. United States v. Lee, 6 F.3d 1297,",326018,52360,4,case_hold_mc,holding that interference with the right to service in a restaurant is chargeable under 18 usc  241,holding that a state is not a person under 42 usc  1983,holding that 18 usc  245 a statute passed on the same day as 42 usc  3631 and for similar purposes constituted a valid enactment under congress thirteenth amendment authority as applied to racially motivated interference with federallyprotected rights,holding that 18 usc  1919 did not implicitly repeal 18 usc  1001,holding that 18 usc  241 and 42 usc  3631 fall within a separate exception to rav
386,"that other items in the car, including the backpack, contained evidence of a methamphetamine lab. In fact, the evidence permits no other plausible inference. Therefore, the trial court properly determined that the search was supported by subjective probable cause. We turn to the issue of objective probable cause. Defendant argues: “From an objective standpoint, the backpack did not suggest that it contained crime evidence. Dahl testified that the backpack was closed and that he could not see inside the pack to determine its contents. Although defendant had previously been searched incident to his arrest, the only thing found on defendant’s person was a bindle that ‘didn’t appear to have much in it.’ * * * That evidence would not support probable cause to believ 68 P2d 1338 (1994) (<HOLDING>); State v. Cromwell, 109 Or App 654, 658, 820",326877,52500,1,case_hold_mc,holding warrantless search of defendants automobile four days after impoundment was permissible under requirements of fourth amendment and state constitution where officers had probable cause to search vehicle when it was impounded and that probable cause continued between the time of the impoundment and the search,holding that officers had probable cause to search the defendants van for drugs where among other facts the defendant had voluntarily retrieved half a gram of methamphetamine from the vehicle and had acted surreptitiously in doing so,holding among other things that the officers observations that the defendant was under the influence of a controlled substance without more did not establish probable cause to believe that the defendant had committed a crime,holding that where other evidence established probable cause to believe that the defendant possessed controlled substances investigating officers had probable cause to search the defendants purse for similar evidence,holding that the protective sweep of a van was lawful where officers stopped the van on reasonable suspicion that the driver had just committed an armed bank robbery and officers could not see inside the van to determine whether other occupants posed a danger to them
387,"v. al-Kidd, - U.S. -, 131 S.Ct. 2074, 2084, 179 L.Ed.2d 1149 (2011) (internal quotation marks omitted). Hence, the Second Circuit has from time to time cited case law from other circuits to show that courts generally were divided over the lawfulness of a particular behavior, as extra support for a finding that the behavior was not clearly unlawful. See Wilkinson, 182 F.3d at 107 n. 10 (citing case law from the Eighth Circuit to support conclusion that challenged behavior was not clearly unlawful at time); see also Doninger, 642 F.3d at 350 (""Finally, our conclusion that whatever right Doninger may have had was not clearly established is buttressed by the similarities between this case and the Sixth Circuit’s decision in Lowery v. Euverard, 497 F.3d 584 (6th Cir.2007), 10th Cir.2008) (<HOLDING>); Reasonover v. St. Louis Cnty., 447 F.3d 569,",327731,52639,3,case_hold_mc,holding with respect to a general motion for directed verdict that it raised the question as to the sufficiency of the evidence on venue an essential part of the governments case internal quotation marks and citation omitted,holding that a ruling from a prior decision of this court becomes the law of the case that cannot be challenged in a later proceeding quotation marks omitted,holding that in the asylum context the bia must provide an individualized analysis of how changed conditions will affect the specific petitioners situation citation and internal quotation marks omitted,holding that the challenged conduct or statement must be directed at the familial relationship with knowledge that the statements or conduct will adversely affect that relationship internal quotation marks omitted,holding that a statute must be construed so that no part of the statute is rendered surplusage or superfluous internal quotation marks and citation omitted
388,"1983). But the FTCA provides only damage actions. Thus there is a broad world to which the military-specific language of the Privacy Act can apply, while Feres leaves the FTCA’s similar language with little or no role. More generally, we have understood Feres to create the equivalent of a “clear statement” rule. In finding it applicable to claims under 42 U.S.C. § 1985(3), we said: ... Feres itself represents a refusal to read statutes with their ordinary sweep. The unique setting of the military led the Feres Court to resist bringing the armed services within the coverage of a remedial statute in the absence of an express Congressional command. Bois v. Marsh, 801 F.2d 462, 469 n. 13 (D.C.Cir.1986) (emphasis added); see also Coffman v. State of Michigan, 120 F.3d 57, 59 (6th Cir.1997) (<HOLDING>); Roper v. Department of Army, 832 F.2d 247,",328589,52780,0,case_hold_mc,holding that ada and rehabilitation act do not apply to the military absent a clear direction from congress emphasis added,holding the ada and the rehabilitation act applicable,holding that neither the ada nor the rehabilitation act applies to prison employment,holding that exemption under the ada does not preclude liability under the rehabilitation act,holding that the same standards apply to claims under the ada and under the rehabilitation act
389,"sa-blefish fisheries, but upon the work he performed during his marriage to Betty Jo. As the trial court noted, in order to fish during the qualifying years for the IFQs, Greg expended marital assets and effort, and Betty Jo is entitled to share in the benefits received from these efforts. Greg also contends that Ferguson should not control because the court in Ferguson did not consider the “economic impact [on the fisher] of a marital division” of IFQs. Greg contends that the IFQ program acts as a legal disability to fishers, and that quota shares are analogous to workers’ compensation benefits or early retirement benefits in that their transferability compensates a fisher for lost future earnings which are not marital property. See Miller v. Miller, 739 P.2d 163, 165-66 (Alaska 1987) (<HOLDING>); In re Frahm, 45 Cal.App.4th 536, 53",329447,52924,1,case_hold_mc,holding that health benefits earned during marriage are marital asset of insured spouse,holding that workers compensation disability benefits received by disabled spouse are marital property only to the extent that they compensate for loss of earnings during the marriage,holding that money invested in voluntary investment plan during marriage was marital property because it was property acquired during marriage,holding that retirement benefits are marital property because they would be a form of deferred compensation funded by money earned during the parties marriage,holding trial court had no authority to award portion of the marital property to wifes children from another marriage even though money they received by way of social security benefits were commingled with the marital estate and used in part for the aequisition of marital property
390,"of the property. See C.R.E. 602; C.R.E. 701. However, there is no evidence in the record which establishes that Pomeranz ever paid a bill relating to the maintenance of the property or that he was personally responsible for any aspect of the maintenance because McDonald’s had been responsible for the payments for the past fifteen years. Because no adequate evidentiary foundation was laid for Pomeranz’s estimation of maintenance expenses on the property, it is impossible, absent pure speculation, to ascertain from the record how Pomeranz obtained the $4,800 estimation. The trial court's factual findings relating to future maintenance expenses are not sustained by either competent or adequate evidence and are therefore clearly erroneous. See Anderson, 170 Colo. at 13, 458 P.2d at 758 (<HOLDING>). The evidence presented by the petitioners on",330299,53064,3,case_hold_mc,holding because defendant does not argue in his brief that these findings of fact are not supported by    evidence in the record this court is bound by the trial courts findings of fact,holding that a reviewing court will only presume that the trial court made implicit factual findings when such findings were necessary to its ultimate conclusion,holding that findings of fact are conclusive if supported by clear and convincing competent evidence even where the evidence might support contrary findings,holding that a reviewing court has the power to reject the findings and conclusions of the trial court where the findings are not supported by the evidence,holding that where the original drug quantity determination is not specific enough for the district court to determine whether it has the authority to reduce a defendants sentence under  3582c2 that court may make new findings of fact that are supported by the record and are not inconsistent with the findings made in the original sentencing proceedings
391,"goods in storage bay as instructed with person falsely identifying himself as representative of consignee despite observation of representative loading U-Haul truck discharged contractual obligation and was not negligent). Because Transus did this, and PolyGram has not shown that the goods were in diminished condition at the time of said delivery, the allocation of risk of loss shifted to PolyGram. Moreover, liability extinguished under both the Carmack Act and the Federal Bills of Lading Act. Even were summary judgment inappropriate on the issue of liability under these Acts, however, the court also finds that attorneys’ fees and costs pursuant to O.C.G.A. § 13-6-11 are not recoverable under the Carmack Amendment. See Rini v. United Van Lines, Inc., 104 F.3d 502, 506 (1st Cir.1997) (<HOLDING>), petition for cert. filed, — U.S. -, 118 S.Ct.",331156,53196,2,case_hold_mc,holding no liability under false claims act unless certification prerequisite to payment,holding the state law claims were not preempted,holding that carmark act preempted state law claims including those for liability for payment of claims,holding that the plaintiffs state law claims are preempted by federal law,holding state law fraud and deceit claims to be preempted
392,"asserted or argued that he did not know the marshal was a federal employee attempting to arrest him or that he acted out of a reasonable belief that he was being attacked by a private citizen. Thus, the district court did not plainly err in failing to issue such an instruction. See Sellers, 926 F.2d at 417. Our conclusion is further supported by the fact that the district court used the pattern jury instruction in the instant case. See Fifth Circuit Pattern Jury Instructions (Criminal) § 2.09. By giving an instruction that tracked the pattern instruction and that was a correct statement of the law, the district court did not plainly err. See United States v. Whitfield, 590 F.3d 325, 354 (5th Cir.2009); United States v. Feola, 420 U.S. 671, 686, 95 S.Ct. 1255, 43 L.Ed.2d 541 (1975) (<HOLDING>). Leach finally contends that the district",332015,53330,1,case_hold_mc,holding that convictions under  111 require at least some form of assault,holding that under  111 the defendants knowledge of the official status of the victim is generally irrelevant,holding that the color of law element may be satisfied by the fact that an official gains access to the victim in the course of official duty,holding that the race of the prosecutor is irrelevant,holding that a defendant who alleges selfdefense can show through the testimony of another witness that the alleged victim had a propensity for violence thereby inferring that the alleged victim was the aggressor a defendants prior knowledge of the victims reputation for violence is irrelevant because the evidence is offered to show the conduct of the victim rather than the defendants state of mind
393,"an indemnitee’s own negligence. The phrase must be read in the context of the entire contract. If the contract warrants it, though, the use of the phrase “any and all” may indicate, as COSCO contends, that the parties intended an indemnitee be indemnified, even for the indemnitee’s own negligence. See, e.g., Economy Mechanical Industries, Inc. v. T.J. Higgins Co., 294 Ill. App. 3d 150, 155 (1997) (interpreting contract language which provided that “[indemnitor] will at all times protect, indemnify and save and keep harmless the [indemnitee] against and from any and all loss, cost, damage or expense, arising out of or from any accident or other occurrence” to provide indemnification for an indemnitee’s own negligence (emphasis omitted)); Rios v. Field, 132 Ill. App. 2d 519, 522 (1971) (<HOLDING>); Haynes v. Montgomery Ward & Co., 47 Ill. App.",332867,53476,4,case_hold_mc,holding that the clause any dispute that shall arise between the parties  with reference to the interpretation of this agreement or their rights with respect to any transaction involved was broad,holding that the modifying phrase in any manner is sufficiently broad to include attempts to evade taxes by concealing assets to protect them from execution or attachment,holding that claims of breach of fiduciary duty negligence and fraud were subject to arbitration in light of broad arbitration clause which called for arbitration of any controversy  arising out of or relating to this agreement breach thereof or any aecounts  ,holding that the judicial admission exception did not apply to prove the existence of an oral agreement for the sale of stock where the defendant offered his deposition testimony acknowledging that the parties agreed to have a document transferring the stocks drafted by an attorney because the defendants references to the agreement were in terms of a tentative or incomplete agreement and because any admission of such a contract would necessarily have to include a statement of the price and quantity terms,holding that the use of the phrase any and all even if it is the sole descriptive reference to the cause of the injury claim or loss indemnified can render an agreement sufficiently broad to include indemnification for claims or injuries caused by indemnitees own negligence subject to any limitations in the agreement
394,"in plan, interior arrangement or building features not subject to public view.” St. 1955, c. 601, § 8 (c). The quoted provision made it clear that the Nantucket historic districts commission was to review only features visible to the public in its h reted the term “structure” as defined in local by-laws. In Galligon we found that a billboard was not a “structure” pursuant to language which expressly defined both “structure” and “sign.” The zoning by-law at issue in Williams provided no definition of “structure,” and we 05, 208 (1967) (finding that combination of platform that extended at ground level out over a steep slope, a retaining wall, and door to a storage space under the platform was a “structure” under a zoning by-law); Nash v. Commonwealth, 174 Mass. 335, 336 (1899) (<HOLDING>). Cf. Wilbur v. Newton, 307 Mass. 191, 193-194",333727,53614,0,case_hold_mc,holding that an aqueduct entirely underground in places was a structure for purposes of the mechanics lien statute,holding that this statute was the most analogous state statute for purposes of erisa action filed in utah,holding that the corresponding structure is a controller,holding a burglary must be of a building or structure in order to qualify as a violent felony for acca purposes,holding that a leakage of an underground petroleum tank was excluded from coverage by a similar definition of pollutants
395,"did not arise out of her employment, given that she was no longer employed at Riverside when she was injured. Respondents counter that, for purposes of the NIIA, the employment relationship continues for a reasonable amount of time after an employee quits or is fired, so that Fanders was still considered an employee when she was injured, and thus, the NILA applied and was Fanders’ sole remedy. The NIIA only covers injuries that arise out of and in the course of the injured claimant’s employment. NRS 616C. 150(1). An in jury occurs within the course of employment when there is a causal connection between the injury and the nature of the work or the workplace. Wood, 121 Nev. at 733, 121 P.3d at 1032; Rio Suite Hotel & Casino v. Gorsky, 113 Nev. 600, 604, 939 P.2d 1043, 1046 (1997) (<HOLDING>); see also MGM Mirage v. Cotton, 121 Nev. 396,",334578,53756,0,case_hold_mc,recognizing that an injury arises out of the employment relationship if it can be traced to the nature of employment or the workplace environment,holding employees under age discrimination in employment acts adea parallel retaliation provision includes former employees as long as the alleged discrimination is related to or arises out of the employment relationship,holding that it is the claimants burden to show that the injury was the result of an accident that not only arose in the course of the employment but that it also grew out of or resulted from the employment,holding that where the employment of the injured employees was the occasion of the injury the injuries arose out of employment,holding that language in employee handbook stating that it was not to be considered as creating terms and conditions of an employment contract and that the employment relationship was employment atwill  was sufficiently explicit to preclude the creation of implied contractual obligations as a matter of law
396,"United States v. Ross, 33 F.3d 1507 (11th Cir.1994); United States v. Crockett, 979 F.2d 1204 (7th Cir.1992); United States v. Scarfo, 850 F.2d 1015 (3d Cir.1988). We held that a district court may empanel an anonymous jury if it “conclud[es] that there is a strong reason to believe the jury needs protection [ ... and] tak[es] reasonable precautions to minimize any prejudicial effects on the defendant and to ensure that his fundamental rights are protected.” Edmond, 52 F.3d at 1090 (quoting United States v. Paccione, 949 F.2d 1183, 1192 (2d Cir.1991)). The Group I appellants assumed that a trial court’s decision to empanel and sequester an anonymous jury was reviewable only for abuse of discretion, an assumption implicitly followed by the Edmond court. See Edmond, 52 F.3d at 1091 (<HOLDING>) (quoting Paccione, 949 F.2d at 1192).",335432,53907,3,case_hold_mc,holding that courts of appeals should review all aspects of the district courts rule 11 determination for abuse of discretion and noting that the district court has broad discretion to impose rule 11 sanctions,holding that voir dire of jury may be delegated to magistrate judge where defendant consents to the delegation because the district court retains the ultimate decision on empaneling the jury,recognizing the district courts broad discretion to utilize civil procedures in a manner that is useful and equitable to the parties,holding that the empaneling of an anonymous jury is left to the district courts discretion subject to the broad constraints noted above,holding that district courts discretion is extremely broad
397,"that already presented, the Court would have to hold, out of fairness to both sides, counsel to the time allotted. And that means it’s been expended. These portions of the transcript not only demonstrate that the mother has failed to advise us of any prejudice resulting from the complained-of action by the trial court, but that she also failed to advise the trial court of any claimed prejudice. In that regard, the quoted portion of the record makes it clear that she did not make the required offer of proof at trial as to the evidence that she would have presented at trial if given more time, such that even if the mother’s point relied on were not wholly defective, she failed to preserve her claim for appellate review in any event. See Brady v. Brady, 39 S.W.3d 557, 560-61 (Mo.App.2001) (<HOLDING>). As a result of the substantial deficiencies",336279,54045,1,case_hold_mc,holding that in order to preserve an issue for review a party must make a timely and specific objection at trial,holding that to properly preserve an objection to the trial courts imposing a time limit for the presentation of evidence the objecting party must make a specific and definite offer of proof informing the trial court of the evidence that is being excluded by the limitation,holding that to preserve an alleged error in the admission of evidence a timely objection must be made to the introduction of the evidence specific grounds for the objection should be stated and a ruling on the objection must be made by the trial court,holding party must make timely and specific objection at trial to preserve issue for appellate review,holding that an adequate offer of proof is normally required to preserve error when a trial court excludes evidence
398,"expression is not limited to speech that could be construed as discrimination on the basis of union membership. Rather, it broadly protects “any views or opinions on the subject of employer-employee relations.” TenmCode Ann. § 49-5-606(a)(5). This language, particularly “any views” and “the subject of employer-employee relations,” comprehends a range of expression much broader than opinions on the desirability of unionism or union membership. And even though most cases dealing with employer expression, including those cited by the district court, involve comments on the merits of impending unionization in the employer’s company, case law upholding the employer’s right to expression is not limited to this circumstance. See Fla. Steel Corp. v. NLRB, 587 F.2d 735, 751-53 (5th Cir.1979) (<HOLDING>); NLRB v. Monroe Tube Co., 545 F.2d 1320,",337139,54195,3,case_hold_mc,holding judges letter to the editor advocating against gay rights constituted speech fully protected by the first amendment,holding that letter that was copied to the schools board of directors was written pursuant to her duties and was not protected speech,holding that  8e protected an employers speech undertaken to correct any misunderstandings informing employees that their signed union cards were not confidential and that the employer retained the right to discharge or discipline employees for cause,holding that company letter to employees advising them of their right to ask for an opportunity to obtain legal counsel before speaking with a nlrb agent following a failed union election was protected speech under the first amendment and  8c,holding that when public employees make statements pursuant to their official duties the employees are not speaking as citizens for first amendment purposes and the constitution does not insulate their communications from employer discipline
399,"131 (1992); Pugh v. State, 103 Md.App. 624, 650-51, 654 A.2d 888, cert. denied, 339 Md. 355, 663 A.2d 73 (1995); Maryland Rule 4-324(a). In the present case, appellant argued at trial that the State was required to produce the cocaine she distributed to Trooper Elzey in order to establish that she had committed the offenses charged. This was not a correct statement of law. The nature of the substance distributed to the trooper could have been proved by other, sufficient evidence. One 1979 Cadillac Seville v. State, 68 Md.App. 467, 471-2, 513 A.2d 927 (1986) (admission by owner of vehicle that substances found in the vehicle were marijuana and cocaine was sufficient evidence upon which to base forfeiture of the vehicle). See also Best v. State, 79 Md.App. 241, 255, 556 A.2d 701 (1989) (<HOLDING>). In her brief, appellant broadens her",337992,54323,1,case_hold_mc,holding that a reasonable jury could have concluded based on repeated references to the substance as cocaine and testimony from witnesses who had used the substances which they believed to be cocaine that substance was cocaine,recognizing that identity of a substance as cocaine may be proved by circumstantial evidence,holding that intent and knowledge can be proved by circumstantial evidence,holding intent to intimidate or threaten may be proved by circumstantial evidence such as ones conduct or statements,holding that circumstantial evidence alone is sufficient to support a cocaine conspiracy conviction
400,"Amended Complaint, however, the Seeligs were compelled, for personal reasons, to withdraw as class representatives and from the litigation, in general. 2 . In their Reply Memorandum, Plaintiffs make clear that the area of contamination is a single, commingled groundwater plume that allegedly was caused by Defendants' combined volatile organic compound (""VOC”) spills. Therefore, throughout the remainder of this Opinion & Order, the Court will refer to the area of contamination underlying the proposed subclass (a) members' properties as the ""commingled groundwater plume” or ""commingled plume."" 3 . The following facts are taken from Plaintiffs's Amended Complaint and are assumed true for purposes of deciding this Motion. Mayo v. Sears, Roebuck & Co., 148 F.R.D. 576, 579-80 (S.D.Ohio 1993) (<HOLDING>). 4 . According to the Ohio EPA, ""Urbana is",338843,54466,2,case_hold_mc,recognizing the courts obligation to assume all factual allegations to be true and to draw all reasonable inferences in plaintiffs favor,holding that courts must draw all justifiable inferences in the nonmoving partys favor and accept the nonmoving partys evidence as true,holding that for purposes of a class certification motion the court must accept as true all factual allegations in the complaint and may draw reasonable inferences therefrom,holding that the court need not accept as true  unwarranted factual inferences,holding court obligated to draw all reasonable inferences in plaintiffs favor
